timestamp,capacity_factor
2013-01-01 00:00:00,0.0000000000
2013-01-01 01:00:00,0.0000000000
2013-01-01 02:00:00,0.0000000000
2013-01-01 03:00:00,0.0000000000
2013-01-01 04:00:00,0.0000000000
2013-01-01 05:00:00,0.1018306598
2013-01-01 06:00:00,0.2944653551
2013-01-01 07:00:00,0.3132006828
2013-01-01 08:00:00,0.4065145642
2013-01-01 09:00:00,0.4665553332
2013-01-01 10:00:00,0.4121484081
2013-01-01 11:00:00,0.4111923438
2013-01-01 12:00:00,0.2073457064
2013-01-01 13:00:00,0.0614862138
2013-01-01 14:00:00,0.0000000000
2013-01-01 15:00:00,0.0000000000
2013-01-01 16:00:00,0.0000000000
2013-01-01 17:00:00,0.0000000000
2013-01-01 18:00:00,0.0000000000
2013-01-01 19:00:00,0.0000000000
2013-01-01 20:00:00,0.0000000000
2013-01-01 21:00:00,0.0000000000
2013-01-01 22:00:00,0.0000000000
2013-01-01 23:00:00,0.0000000000
2013-01-02 00:00:00,0.0000000000
2013-01-02 01:00:00,0.0000000000
2013-01-02 02:00:00,0.0000000000
2013-01-02 03:00:00,0.0000000000
2013-01-02 04:00:00,0.0000000000
2013-01-02 05:00:00,0.0594491524
2013-01-02 06:00:00,0.1319879395
2013-01-02 07:00:00,0.2251614729
2013-01-02 08:00:00,0.2022750161
2013-01-02 09:00:00,0.3030143838
2013-01-02 10:00:00,0.2013158813
2013-01-02 11:00:00,0.1696756676
2013-01-02 12:00:00,0.1001793426
2013-01-02 13:00:00,0.0446576477
2013-01-02 14:00:00,0.0000000000
2013-01-02 15:00:00,0.0000000000
2013-01-02 16:00:00,0.0000000000
2013-01-02 17:00:00,0.0000000000
2013-01-02 18:00:00,0.0000000000
2013-01-02 19:00:00,0.0000000000
2013-01-02 20:00:00,0.0000000000
2013-01-02 21:00:00,0.0000000000
2013-01-02 22:00:00,0.0000000000
2013-01-02 23:00:00,0.0000000000
2013-01-03 00:00:00,0.0000000000
2013-01-03 01:00:00,0.0000000000
2013-01-03 02:00:00,0.0000000000
2013-01-03 03:00:00,0.0000000000
2013-01-03 04:00:00,0.0000000000
2013-01-03 05:00:00,0.1207129349
2013-01-03 06:00:00,0.3275791885
2013-01-03 07:00:00,0.5376859170
2013-01-03 08:00:00,0.6120762334
2013-01-03 09:00:00,0.6588286892
2013-01-03 10:00:00,0.6212895645
2013-01-03 11:00:00,0.4963327873
2013-01-03 12:00:00,0.3263718252
2013-01-03 13:00:00,0.1046941960
2013-01-03 14:00:00,0.0000000000
2013-01-03 15:00:00,0.0000000000
2013-01-03 16:00:00,0.0000000000
2013-01-03 17:00:00,0.0000000000
2013-01-03 18:00:00,0.0000000000
2013-01-03 19:00:00,0.0000000000
2013-01-03 20:00:00,0.0000000000
2013-01-03 21:00:00,0.0000000000
2013-01-03 22:00:00,0.0000000000
2013-01-03 23:00:00,0.0000000000
2013-01-04 00:00:00,0.0000000000
2013-01-04 01:00:00,0.0000000000
2013-01-04 02:00:00,0.0000000000
2013-01-04 03:00:00,0.0000000000
2013-01-04 04:00:00,0.0000000000
2013-01-04 05:00:00,0.0105730172
2013-01-04 06:00:00,0.0495045935
2013-01-04 07:00:00,0.0667548812
2013-01-04 08:00:00,0.0724562091
2013-01-04 09:00:00,0.1024828676
2013-01-04 10:00:00,0.0583266924
2013-01-04 11:00:00,0.0535427125
2013-01-04 12:00:00,0.0230865557
2013-01-04 13:00:00,0.0000000000
2013-01-04 14:00:00,0.0000000000
2013-01-04 15:00:00,0.0000000000
2013-01-04 16:00:00,0.0000000000
2013-01-04 17:00:00,0.0000000000
2013-01-04 18:00:00,0.0000000000
2013-01-04 19:00:00,0.0000000000
2013-01-04 20:00:00,0.0000000000
2013-01-04 21:00:00,0.0000000000
2013-01-04 22:00:00,0.0000000000
2013-01-04 23:00:00,0.0000000000
2013-01-05 00:00:00,0.0000000000
2013-01-05 01:00:00,0.0000000000
2013-01-05 02:00:00,0.0000000000
2013-01-05 03:00:00,0.0000000000
2013-01-05 04:00:00,0.0000000000
2013-01-05 05:00:00,0.1177777304
2013-01-05 06:00:00,0.3456052188
2013-01-05 07:00:00,0.5372297964
2013-01-05 08:00:00,0.6158088587
2013-01-05 09:00:00,0.6358777685
2013-01-05 10:00:00,0.6143068169
2013-01-05 11:00:00,0.4999863203
2013-01-05 12:00:00,0.3207274877
2013-01-05 13:00:00,0.1083665281
2013-01-05 14:00:00,0.0000000000
2013-01-05 15:00:00,0.0000000000
2013-01-05 16:00:00,0.0000000000
2013-01-05 17:00:00,0.0000000000
2013-01-05 18:00:00,0.0000000000
2013-01-05 19:00:00,0.0000000000
2013-01-05 20:00:00,0.0000000000
2013-01-05 21:00:00,0.0000000000
2013-01-05 22:00:00,0.0000000000
2013-01-05 23:00:00,0.0000000000
2013-01-06 00:00:00,0.0000000000
2013-01-06 01:00:00,0.0000000000
2013-01-06 02:00:00,0.0000000000
2013-01-06 03:00:00,0.0000000000
2013-01-06 04:00:00,0.0000000000
2013-01-06 05:00:00,0.1387200619
2013-01-06 06:00:00,0.3227825583
2013-01-06 07:00:00,0.4675415729
2013-01-06 08:00:00,0.5481184181
2013-01-06 09:00:00,0.5261758215
2013-01-06 10:00:00,0.5494655013
2013-01-06 11:00:00,0.3806221006
2013-01-06 12:00:00,0.2400510932
2013-01-06 13:00:00,0.0854481855
2013-01-06 14:00:00,0.0000000000
2013-01-06 15:00:00,0.0000000000
2013-01-06 16:00:00,0.0000000000
2013-01-06 17:00:00,0.0000000000
2013-01-06 18:00:00,0.0000000000
2013-01-06 19:00:00,0.0000000000
2013-01-06 20:00:00,0.0000000000
2013-01-06 21:00:00,0.0000000000
2013-01-06 22:00:00,0.0000000000
2013-01-06 23:00:00,0.0000000000
2013-01-07 00:00:00,0.0000000000
2013-01-07 01:00:00,0.0000000000
2013-01-07 02:00:00,0.0000000000
2013-01-07 03:00:00,0.0000000000
2013-01-07 04:00:00,0.0000000000
2013-01-07 05:00:00,0.1158447569
2013-01-07 06:00:00,0.3450383691
2013-01-07 07:00:00,0.5207686543
2013-01-07 08:00:00,0.5851436072
2013-01-07 09:00:00,0.4823958417
2013-01-07 10:00:00,0.4152827618
2013-01-07 11:00:00,0.3427137949
2013-01-07 12:00:00,0.2704959136
2013-01-07 13:00:00,0.1156984186
2013-01-07 14:00:00,0.0000000000
2013-01-07 15:00:00,0.0000000000
2013-01-07 16:00:00,0.0000000000
2013-01-07 17:00:00,0.0000000000
2013-01-07 18:00:00,0.0000000000
2013-01-07 19:00:00,0.0000000000
2013-01-07 20:00:00,0.0000000000
2013-01-07 21:00:00,0.0000000000
2013-01-07 22:00:00,0.0000000000
2013-01-07 23:00:00,0.0000000000
2013-01-08 00:00:00,0.0000000000
2013-01-08 01:00:00,0.0000000000
2013-01-08 02:00:00,0.0000000000
2013-01-08 03:00:00,0.0000000000
2013-01-08 04:00:00,0.0000000000
2013-01-08 05:00:00,0.1307483143
2013-01-08 06:00:00,0.3507286180
2013-01-08 07:00:00,0.5193162830
2013-01-08 08:00:00,0.6147501927
2013-01-08 09:00:00,0.6345525430
2013-01-08 10:00:00,0.6039618793
2013-01-08 11:00:00,0.4795402142
2013-01-08 12:00:00,0.3311181797
2013-01-08 13:00:00,0.1235132293
2013-01-08 14:00:00,0.0000000000
2013-01-08 15:00:00,0.0000000000
2013-01-08 16:00:00,0.0000000000
2013-01-08 17:00:00,0.0000000000
2013-01-08 18:00:00,0.0000000000
2013-01-08 19:00:00,0.0000000000
2013-01-08 20:00:00,0.0000000000
2013-01-08 21:00:00,0.0000000000
2013-01-08 22:00:00,0.0000000000
2013-01-08 23:00:00,0.0000000000
2013-01-09 00:00:00,0.0000000000
2013-01-09 01:00:00,0.0000000000
2013-01-09 02:00:00,0.0000000000
2013-01-09 03:00:00,0.0000000000
2013-01-09 04:00:00,0.0000000000
2013-01-09 05:00:00,0.0629124343
2013-01-09 06:00:00,0.1613730604
2013-01-09 07:00:00,0.1580061002
2013-01-09 08:00:00,0.2162414719
2013-01-09 09:00:00,0.2842917974
2013-01-09 10:00:00,0.3348766795
2013-01-09 11:00:00,0.2511561037
2013-01-09 12:00:00,0.1568631849
2013-01-09 13:00:00,0.0578348826
2013-01-09 14:00:00,0.0000000000
2013-01-09 15:00:00,0.0000000000
2013-01-09 16:00:00,0.0000000000
2013-01-09 17:00:00,0.0000000000
2013-01-09 18:00:00,0.0000000000
2013-01-09 19:00:00,0.0000000000
2013-01-09 20:00:00,0.0000000000
2013-01-09 21:00:00,0.0000000000
2013-01-09 22:00:00,0.0000000000
2013-01-09 23:00:00,0.0000000000
2013-01-10 00:00:00,0.0000000000
2013-01-10 01:00:00,0.0000000000
2013-01-10 02:00:00,0.0000000000
2013-01-10 03:00:00,0.0000000000
2013-01-10 04:00:00,0.0000000000
2013-01-10 05:00:00,0.0997041241
2013-01-10 06:00:00,0.2572326688
2013-01-10 07:00:00,0.4679925366
2013-01-10 08:00:00,0.5647586763
2013-01-10 09:00:00,0.5403920829
2013-01-10 10:00:00,0.4291804059
2013-01-10 11:00:00,0.2460928129
2013-01-10 12:00:00,0.0833980299
2013-01-10 13:00:00,0.0168557601
2013-01-10 14:00:00,0.0000000000
2013-01-10 15:00:00,0.0000000000
2013-01-10 16:00:00,0.0000000000
2013-01-10 17:00:00,0.0000000000
2013-01-10 18:00:00,0.0000000000
2013-01-10 19:00:00,0.0000000000
2013-01-10 20:00:00,0.0000000000
2013-01-10 21:00:00,0.0000000000
2013-01-10 22:00:00,0.0000000000
2013-01-10 23:00:00,0.0000000000
2013-01-11 00:00:00,0.0000000000
2013-01-11 01:00:00,0.0000000000
2013-01-11 02:00:00,0.0000000000
2013-01-11 03:00:00,0.0000000000
2013-01-11 04:00:00,0.0000000000
2013-01-11 05:00:00,0.0456491465
2013-01-11 06:00:00,0.2594799053
2013-01-11 07:00:00,0.3376486921
2013-01-11 08:00:00,0.3436058026
2013-01-11 09:00:00,0.3028794170
2013-01-11 10:00:00,0.1986033586
2013-01-11 11:00:00,0.1512373511
2013-01-11 12:00:00,0.0838665792
2013-01-11 13:00:00,0.0293392463
2013-01-11 14:00:00,0.0000000000
2013-01-11 15:00:00,0.0000000000
2013-01-11 16:00:00,0.0000000000
2013-01-11 17:00:00,0.0000000000
2013-01-11 18:00:00,0.0000000000
2013-01-11 19:00:00,0.0000000000
2013-01-11 20:00:00,0.0000000000
2013-01-11 21:00:00,0.0000000000
2013-01-11 22:00:00,0.0000000000
2013-01-11 23:00:00,0.0000000000
2013-01-12 00:00:00,0.0000000000
2013-01-12 01:00:00,0.0000000000
2013-01-12 02:00:00,0.0000000000
2013-01-12 03:00:00,0.0000000000
2013-01-12 04:00:00,0.0000000000
2013-01-12 05:00:00,0.1193524487
2013-01-12 06:00:00,0.3154741301
2013-01-12 07:00:00,0.5041782743
2013-01-12 08:00:00,0.6218200769
2013-01-12 09:00:00,0.6961492470
2013-01-12 10:00:00,0.6604104978
2013-01-12 11:00:00,0.5565054179
2013-01-12 12:00:00,0.3619669145
2013-01-12 13:00:00,0.1438351648
2013-01-12 14:00:00,0.0000000000
2013-01-12 15:00:00,0.0000000000
2013-01-12 16:00:00,0.0000000000
2013-01-12 17:00:00,0.0000000000
2013-01-12 18:00:00,0.0000000000
2013-01-12 19:00:00,0.0000000000
2013-01-12 20:00:00,0.0000000000
2013-01-12 21:00:00,0.0000000000
2013-01-12 22:00:00,0.0000000000
2013-01-12 23:00:00,0.0000000000
2013-01-13 00:00:00,0.0000000000
2013-01-13 01:00:00,0.0000000000
2013-01-13 02:00:00,0.0000000000
2013-01-13 03:00:00,0.0000000000
2013-01-13 04:00:00,0.0000000000
2013-01-13 05:00:00,0.1012653733
2013-01-13 06:00:00,0.2396025404
2013-01-13 07:00:00,0.5263365496
2013-01-13 08:00:00,0.6138093819
2013-01-13 09:00:00,0.6617606072
2013-01-13 10:00:00,0.6301046904
2013-01-13 11:00:00,0.5283754707
2013-01-13 12:00:00,0.3550862883
2013-01-13 13:00:00,0.1464870772
2013-01-13 14:00:00,0.0000000000
2013-01-13 15:00:00,0.0000000000
2013-01-13 16:00:00,0.0000000000
2013-01-13 17:00:00,0.0000000000
2013-01-13 18:00:00,0.0000000000
2013-01-13 19:00:00,0.0000000000
2013-01-13 20:00:00,0.0000000000
2013-01-13 21:00:00,0.0000000000
2013-01-13 22:00:00,0.0000000000
2013-01-13 23:00:00,0.0000000000
2013-01-14 00:00:00,0.0000000000
2013-01-14 01:00:00,0.0000000000
2013-01-14 02:00:00,0.0000000000
2013-01-14 03:00:00,0.0000000000
2013-01-14 04:00:00,0.0000000000
2013-01-14 05:00:00,0.0401829620
2013-01-14 06:00:00,0.1433463184
2013-01-14 07:00:00,0.1738413904
2013-01-14 08:00:00,0.2169144551
2013-01-14 09:00:00,0.1324105434
2013-01-14 10:00:00,0.1017715081
2013-01-14 11:00:00,0.1019254614
2013-01-14 12:00:00,0.0701974522
2013-01-14 13:00:00,0.0191643558
2013-01-14 14:00:00,0.0000000000
2013-01-14 15:00:00,0.0000000000
2013-01-14 16:00:00,0.0000000000
2013-01-14 17:00:00,0.0000000000
2013-01-14 18:00:00,0.0000000000
2013-01-14 19:00:00,0.0000000000
2013-01-14 20:00:00,0.0000000000
2013-01-14 21:00:00,0.0000000000
2013-01-14 22:00:00,0.0000000000
2013-01-14 23:00:00,0.0000000000
2013-01-15 00:00:00,0.0000000000
2013-01-15 01:00:00,0.0000000000
2013-01-15 02:00:00,0.0000000000
2013-01-15 03:00:00,0.0000000000
2013-01-15 04:00:00,0.0000000000
2013-01-15 05:00:00,0.0425270145
2013-01-15 06:00:00,0.1087607522
2013-01-15 07:00:00,0.1919676938
2013-01-15 08:00:00,0.3060713293
2013-01-15 09:00:00,0.3773886805
2013-01-15 10:00:00,0.4092527695
2013-01-15 11:00:00,0.3253256418
2013-01-15 12:00:00,0.2006176328
2013-01-15 13:00:00,0.0631798653
2013-01-15 14:00:00,0.0000000000
2013-01-15 15:00:00,0.0000000000
2013-01-15 16:00:00,0.0000000000
2013-01-15 17:00:00,0.0000000000
2013-01-15 18:00:00,0.0000000000
2013-01-15 19:00:00,0.0000000000
2013-01-15 20:00:00,0.0000000000
2013-01-15 21:00:00,0.0000000000
2013-01-15 22:00:00,0.0000000000
2013-01-15 23:00:00,0.0000000000
2013-01-16 00:00:00,0.0000000000
2013-01-16 01:00:00,0.0000000000
2013-01-16 02:00:00,0.0000000000
2013-01-16 03:00:00,0.0000000000
2013-01-16 04:00:00,0.0000000000
2013-01-16 05:00:00,0.0705059636
2013-01-16 06:00:00,0.1711418958
2013-01-16 07:00:00,0.4003812720
2013-01-16 08:00:00,0.5210655047
2013-01-16 09:00:00,0.5599856657
2013-01-16 10:00:00,0.4672280285
2013-01-16 11:00:00,0.3562547443
2013-01-16 12:00:00,0.2808812375
2013-01-16 13:00:00,0.0558572534
2013-01-16 14:00:00,0.0000000000
2013-01-16 15:00:00,0.0000000000
2013-01-16 16:00:00,0.0000000000
2013-01-16 17:00:00,0.0000000000
2013-01-16 18:00:00,0.0000000000
2013-01-16 19:00:00,0.0000000000
2013-01-16 20:00:00,0.0000000000
2013-01-16 21:00:00,0.0000000000
2013-01-16 22:00:00,0.0000000000
2013-01-16 23:00:00,0.0000000000
2013-01-17 00:00:00,0.0000000000
2013-01-17 01:00:00,0.0000000000
2013-01-17 02:00:00,0.0000000000
2013-01-17 03:00:00,0.0000000000
2013-01-17 04:00:00,0.0000000000
2013-01-17 05:00:00,0.0495368823
2013-01-17 06:00:00,0.2445358671
2013-01-17 07:00:00,0.4428146084
2013-01-17 08:00:00,0.6034313155
2013-01-17 09:00:00,0.6583528093
2013-01-17 10:00:00,0.6467721521
2013-01-17 11:00:00,0.5588994866
2013-01-17 12:00:00,0.3891883320
2013-01-17 13:00:00,0.1661769315
2013-01-17 14:00:00,0.0000000000
2013-01-17 15:00:00,0.0000000000
2013-01-17 16:00:00,0.0000000000
2013-01-17 17:00:00,0.0000000000
2013-01-17 18:00:00,0.0000000000
2013-01-17 19:00:00,0.0000000000
2013-01-17 20:00:00,0.0000000000
2013-01-17 21:00:00,0.0000000000
2013-01-17 22:00:00,0.0000000000
2013-01-17 23:00:00,0.0000000000
2013-01-18 00:00:00,0.0000000000
2013-01-18 01:00:00,0.0000000000
2013-01-18 02:00:00,0.0000000000
2013-01-18 03:00:00,0.0000000000
2013-01-18 04:00:00,0.0000000000
2013-01-18 05:00:00,0.0486839550
2013-01-18 06:00:00,0.1962494680
2013-01-18 07:00:00,0.4938739822
2013-01-18 08:00:00,0.4381291409
2013-01-18 09:00:00,0.3659448147
2013-01-18 10:00:00,0.1627791338
2013-01-18 11:00:00,0.0921832982
2013-01-18 12:00:00,0.0448230441
2013-01-18 13:00:00,0.0213037979
2013-01-18 14:00:00,0.0000000000
2013-01-18 15:00:00,0.0000000000
2013-01-18 16:00:00,0.0000000000
2013-01-18 17:00:00,0.0000000000
2013-01-18 18:00:00,0.0000000000
2013-01-18 19:00:00,0.0000000000
2013-01-18 20:00:00,0.0000000000
2013-01-18 21:00:00,0.0000000000
2013-01-18 22:00:00,0.0000000000
2013-01-18 23:00:00,0.0000000000
2013-01-19 00:00:00,0.0000000000
2013-01-19 01:00:00,0.0000000000
2013-01-19 02:00:00,0.0000000000
2013-01-19 03:00:00,0.0000000000
2013-01-19 04:00:00,0.0000000000
2013-01-19 05:00:00,0.1692876690
2013-01-19 06:00:00,0.4032215226
2013-01-19 07:00:00,0.5737132393
2013-01-19 08:00:00,0.6709435077
2013-01-19 09:00:00,0.6978428843
2013-01-19 10:00:00,0.6583635009
2013-01-19 11:00:00,0.5463385776
2013-01-19 12:00:00,0.3204862813
2013-01-19 13:00:00,0.0918052701
2013-01-19 14:00:00,0.0000000000
2013-01-19 15:00:00,0.0000000000
2013-01-19 16:00:00,0.0000000000
2013-01-19 17:00:00,0.0000000000
2013-01-19 18:00:00,0.0000000000
2013-01-19 19:00:00,0.0000000000
2013-01-19 20:00:00,0.0000000000
2013-01-19 21:00:00,0.0000000000
2013-01-19 22:00:00,0.0000000000
2013-01-19 23:00:00,0.0000000000
2013-01-20 00:00:00,0.0000000000
2013-01-20 01:00:00,0.0000000000
2013-01-20 02:00:00,0.0000000000
2013-01-20 03:00:00,0.0000000000
2013-01-20 04:00:00,0.0000000000
2013-01-20 05:00:00,0.0680984287
2013-01-20 06:00:00,0.2350393027
2013-01-20 07:00:00,0.3698521435
2013-01-20 08:00:00,0.4827191380
2013-01-20 09:00:00,0.5397036653
2013-01-20 10:00:00,0.4874598783
2013-01-20 11:00:00,0.4458767607
2013-01-20 12:00:00,0.2455489718
2013-01-20 13:00:00,0.0788360929
2013-01-20 14:00:00,0.0000000000
2013-01-20 15:00:00,0.0000000000
2013-01-20 16:00:00,0.0000000000
2013-01-20 17:00:00,0.0000000000
2013-01-20 18:00:00,0.0000000000
2013-01-20 19:00:00,0.0000000000
2013-01-20 20:00:00,0.0000000000
2013-01-20 21:00:00,0.0000000000
2013-01-20 22:00:00,0.0000000000
2013-01-20 23:00:00,0.0000000000
2013-01-21 00:00:00,0.0000000000
2013-01-21 01:00:00,0.0000000000
2013-01-21 02:00:00,0.0000000000
2013-01-21 03:00:00,0.0000000000
2013-01-21 04:00:00,0.0000000000
2013-01-21 05:00:00,0.0275759009
2013-01-21 06:00:00,0.0776405407
2013-01-21 07:00:00,0.2558576054
2013-01-21 08:00:00,0.3044366150
2013-01-21 09:00:00,0.3581494748
2013-01-21 10:00:00,0.3074103519
2013-01-21 11:00:00,0.1914729924
2013-01-21 12:00:00,0.1268961634
2013-01-21 13:00:00,0.0228402034
2013-01-21 14:00:00,0.0000000000
2013-01-21 15:00:00,0.0000000000
2013-01-21 16:00:00,0.0000000000
2013-01-21 17:00:00,0.0000000000
2013-01-21 18:00:00,0.0000000000
2013-01-21 19:00:00,0.0000000000
2013-01-21 20:00:00,0.0000000000
2013-01-21 21:00:00,0.0000000000
2013-01-21 22:00:00,0.0000000000
2013-01-21 23:00:00,0.0000000000
2013-01-22 00:00:00,0.0000000000
2013-01-22 01:00:00,0.0000000000
2013-01-22 02:00:00,0.0000000000
2013-01-22 03:00:00,0.0000000000
2013-01-22 04:00:00,0.0000000000
2013-01-22 05:00:00,0.0173635029
2013-01-22 06:00:00,0.0989892662
2013-01-22 07:00:00,0.2065664162
2013-01-22 08:00:00,0.3875923299
2013-01-22 09:00:00,0.4853809613
2013-01-22 10:00:00,0.5315039323
2013-01-22 11:00:00,0.4625919220
2013-01-22 12:00:00,0.3497451400
2013-01-22 13:00:00,0.1508048015
2013-01-22 14:00:00,0.0000000000
2013-01-22 15:00:00,0.0000000000
2013-01-22 16:00:00,0.0000000000
2013-01-22 17:00:00,0.0000000000
2013-01-22 18:00:00,0.0000000000
2013-01-22 19:00:00,0.0000000000
2013-01-22 20:00:00,0.0000000000
2013-01-22 21:00:00,0.0000000000
2013-01-22 22:00:00,0.0000000000
2013-01-22 23:00:00,0.0000000000
2013-01-23 00:00:00,0.0000000000
2013-01-23 01:00:00,0.0000000000
2013-01-23 02:00:00,0.0000000000
2013-01-23 03:00:00,0.0000000000
2013-01-23 04:00:00,0.0000000000
2013-01-23 05:00:00,0.1360789962
2013-01-23 06:00:00,0.3513933283
2013-01-23 07:00:00,0.5227904279
2013-01-23 08:00:00,0.6029543619
2013-01-23 09:00:00,0.4911658206
2013-01-23 10:00:00,0.4925016372
2013-01-23 11:00:00,0.3411541594
2013-01-23 12:00:00,0.3001079185
2013-01-23 13:00:00,0.1501606331
2013-01-23 14:00:00,0.0000000000
2013-01-23 15:00:00,0.0000000000
2013-01-23 16:00:00,0.0000000000
2013-01-23 17:00:00,0.0000000000
2013-01-23 18:00:00,0.0000000000
2013-01-23 19:00:00,0.0000000000
2013-01-23 20:00:00,0.0000000000
2013-01-23 21:00:00,0.0000000000
2013-01-23 22:00:00,0.0000000000
2013-01-23 23:00:00,0.0000000000
2013-01-24 00:00:00,0.0000000000
2013-01-24 01:00:00,0.0000000000
2013-01-24 02:00:00,0.0000000000
2013-01-24 03:00:00,0.0000000000
2013-01-24 04:00:00,0.0000000000
2013-01-24 05:00:00,0.0153716540
2013-01-24 06:00:00,0.0599308414
2013-01-24 07:00:00,0.1122309724
2013-01-24 08:00:00,0.1946443964
2013-01-24 09:00:00,0.2963389892
2013-01-24 10:00:00,0.4898977638
2013-01-24 11:00:00,0.4887105034
2013-01-24 12:00:00,0.3427531918
2013-01-24 13:00:00,0.1541289257
2013-01-24 14:00:00,0.0000000000
2013-01-24 15:00:00,0.0000000000
2013-01-24 16:00:00,0.0000000000
2013-01-24 17:00:00,0.0000000000
2013-01-24 18:00:00,0.0000000000
2013-01-24 19:00:00,0.0000000000
2013-01-24 20:00:00,0.0000000000
2013-01-24 21:00:00,0.0000000000
2013-01-24 22:00:00,0.0000000000
2013-01-24 23:00:00,0.0000000000
2013-01-25 00:00:00,0.0000000000
2013-01-25 01:00:00,0.0000000000
2013-01-25 02:00:00,0.0000000000
2013-01-25 03:00:00,0.0000000000
2013-01-25 04:00:00,0.0000000000
2013-01-25 05:00:00,0.0636651655
2013-01-25 06:00:00,0.1764267992
2013-01-25 07:00:00,0.2541891210
2013-01-25 08:00:00,0.3836417399
2013-01-25 09:00:00,0.5739936635
2013-01-25 10:00:00,0.5291830001
2013-01-25 11:00:00,0.4462948397
2013-01-25 12:00:00,0.3511147638
2013-01-25 13:00:00,0.1447107329
2013-01-25 14:00:00,0.0000000000
2013-01-25 15:00:00,0.0000000000
2013-01-25 16:00:00,0.0000000000
2013-01-25 17:00:00,0.0000000000
2013-01-25 18:00:00,0.0000000000
2013-01-25 19:00:00,0.0000000000
2013-01-25 20:00:00,0.0000000000
2013-01-25 21:00:00,0.0000000000
2013-01-25 22:00:00,0.0000000000
2013-01-25 23:00:00,0.0000000000
2013-01-26 00:00:00,0.0000000000
2013-01-26 01:00:00,0.0000000000
2013-01-26 02:00:00,0.0000000000
2013-01-26 03:00:00,0.0000000000
2013-01-26 04:00:00,0.0000000000
2013-01-26 05:00:00,0.0466646416
2013-01-26 06:00:00,0.2562701308
2013-01-26 07:00:00,0.4020667427
2013-01-26 08:00:00,0.5660639292
2013-01-26 09:00:00,0.5592533097
2013-01-26 10:00:00,0.5989785535
2013-01-26 11:00:00,0.5255210390
2013-01-26 12:00:00,0.3745048690
2013-01-26 13:00:00,0.1741551324
2013-01-26 14:00:00,0.0000000000
2013-01-26 15:00:00,0.0000000000
2013-01-26 16:00:00,0.0000000000
2013-01-26 17:00:00,0.0000000000
2013-01-26 18:00:00,0.0000000000
2013-01-26 19:00:00,0.0000000000
2013-01-26 20:00:00,0.0000000000
2013-01-26 21:00:00,0.0000000000
2013-01-26 22:00:00,0.0000000000
2013-01-26 23:00:00,0.0000000000
2013-01-27 00:00:00,0.0000000000
2013-01-27 01:00:00,0.0000000000
2013-01-27 02:00:00,0.0000000000
2013-01-27 03:00:00,0.0000000000
2013-01-27 04:00:00,0.0000000000
2013-01-27 05:00:00,0.0242834447
2013-01-27 06:00:00,0.0721662177
2013-01-27 07:00:00,0.1251487589
2013-01-27 08:00:00,0.1547312043
2013-01-27 09:00:00,0.2044279207
2013-01-27 10:00:00,0.2555284194
2013-01-27 11:00:00,0.2174179661
2013-01-27 12:00:00,0.2201709983
2013-01-27 13:00:00,0.0805740191
2013-01-27 14:00:00,0.0000000000
2013-01-27 15:00:00,0.0000000000
2013-01-27 16:00:00,0.0000000000
2013-01-27 17:00:00,0.0000000000
2013-01-27 18:00:00,0.0000000000
2013-01-27 19:00:00,0.0000000000
2013-01-27 20:00:00,0.0000000000
2013-01-27 21:00:00,0.0000000000
2013-01-27 22:00:00,0.0000000000
2013-01-27 23:00:00,0.0000000000
2013-01-28 00:00:00,0.0000000000
2013-01-28 01:00:00,0.0000000000
2013-01-28 02:00:00,0.0000000000
2013-01-28 03:00:00,0.0000000000
2013-01-28 04:00:00,0.0000000000
2013-01-28 05:00:00,0.0101419194
2013-01-28 06:00:00,0.0371275681
2013-01-28 07:00:00,0.0743391448
2013-01-28 08:00:00,0.1011269623
2013-01-28 09:00:00,0.0902545267
2013-01-28 10:00:00,0.0344258957
2013-01-28 11:00:00,0.0640933510
2013-01-28 12:00:00,0.1369600321
2013-01-28 13:00:00,0.0836681888
2013-01-28 14:00:00,0.0000000000
2013-01-28 15:00:00,0.0000000000
2013-01-28 16:00:00,0.0000000000
2013-01-28 17:00:00,0.0000000000
2013-01-28 18:00:00,0.0000000000
2013-01-28 19:00:00,0.0000000000
2013-01-28 20:00:00,0.0000000000
2013-01-28 21:00:00,0.0000000000
2013-01-28 22:00:00,0.0000000000
2013-01-28 23:00:00,0.0000000000
2013-01-29 00:00:00,0.0000000000
2013-01-29 01:00:00,0.0000000000
2013-01-29 02:00:00,0.0000000000
2013-01-29 03:00:00,0.0000000000
2013-01-29 04:00:00,0.0000000000
2013-01-29 05:00:00,0.0472459304
2013-01-29 06:00:00,0.1786087996
2013-01-29 07:00:00,0.2055823568
2013-01-29 08:00:00,0.2923751868
2013-01-29 09:00:00,0.3462079109
2013-01-29 10:00:00,0.3487103291
2013-01-29 11:00:00,0.2473763545
2013-01-29 12:00:00,0.1781208774
2013-01-29 13:00:00,0.0662698652
2013-01-29 14:00:00,0.0000000000
2013-01-29 15:00:00,0.0000000000
2013-01-29 16:00:00,0.0000000000
2013-01-29 17:00:00,0.0000000000
2013-01-29 18:00:00,0.0000000000
2013-01-29 19:00:00,0.0000000000
2013-01-29 20:00:00,0.0000000000
2013-01-29 21:00:00,0.0000000000
2013-01-29 22:00:00,0.0000000000
2013-01-29 23:00:00,0.0000000000
2013-01-30 00:00:00,0.0000000000
2013-01-30 01:00:00,0.0000000000
2013-01-30 02:00:00,0.0000000000
2013-01-30 03:00:00,0.0000000000
2013-01-30 04:00:00,0.0000000000
2013-01-30 05:00:00,0.0000000000
2013-01-30 06:00:00,0.0159019611
2013-01-30 07:00:00,0.0451124085
2013-01-30 08:00:00,0.0540346770
2013-01-30 09:00:00,0.0425207848
2013-01-30 10:00:00,0.0461408063
2013-01-30 11:00:00,0.0256188993
2013-01-30 12:00:00,0.0124612849
2013-01-30 13:00:00,0.0000000000
2013-01-30 14:00:00,0.0000000000
2013-01-30 15:00:00,0.0000000000
2013-01-30 16:00:00,0.0000000000
2013-01-30 17:00:00,0.0000000000
2013-01-30 18:00:00,0.0000000000
2013-01-30 19:00:00,0.0000000000
2013-01-30 20:00:00,0.0000000000
2013-01-30 21:00:00,0.0000000000
2013-01-30 22:00:00,0.0000000000
2013-01-30 23:00:00,0.0000000000
2013-01-31 00:00:00,0.0000000000
2013-01-31 01:00:00,0.0000000000
2013-01-31 02:00:00,0.0000000000
2013-01-31 03:00:00,0.0000000000
2013-01-31 04:00:00,0.0000000000
2013-01-31 05:00:00,0.0351436216
2013-01-31 06:00:00,0.0860480103
2013-01-31 07:00:00,0.1190205680
2013-01-31 08:00:00,0.1739749314
2013-01-31 09:00:00,0.1605514388
2013-01-31 10:00:00,0.2035246090
2013-01-31 11:00:00,0.1415043378
2013-01-31 12:00:00,0.0923511377
2013-01-31 13:00:00,0.0621113411
2013-01-31 14:00:00,0.0000000000
2013-01-31 15:00:00,0.0000000000
2013-01-31 16:00:00,0.0000000000
2013-01-31 17:00:00,0.0000000000
2013-01-31 18:00:00,0.0000000000
2013-01-31 19:00:00,0.0000000000
2013-01-31 20:00:00,0.0000000000
2013-01-31 21:00:00,0.0000000000
2013-01-31 22:00:00,0.0000000000
2013-01-31 23:00:00,0.0000000000
2013-02-01 00:00:00,0.0000000000
2013-02-01 01:00:00,0.0000000000
2013-02-01 02:00:00,0.0000000000
2013-02-01 03:00:00,0.0000000000
2013-02-01 04:00:00,0.0000000000
2013-02-01 05:00:00,0.0690393412
2013-02-01 06:00:00,0.1507791444
2013-02-01 07:00:00,0.2405787293
2013-02-01 08:00:00,0.3529878442
2013-02-01 09:00:00,0.3984234632
2013-02-01 10:00:00,0.4336300166
2013-02-01 11:00:00,0.4844493976
2013-02-01 12:00:00,0.3586730671
2013-02-01 13:00:00,0.1842805458
2013-02-01 14:00:00,0.0000000000
2013-02-01 15:00:00,0.0000000000
2013-02-01 16:00:00,0.0000000000
2013-02-01 17:00:00,0.0000000000
2013-02-01 18:00:00,0.0000000000
2013-02-01 19:00:00,0.0000000000
2013-02-01 20:00:00,0.0000000000
2013-02-01 21:00:00,0.0000000000
2013-02-01 22:00:00,0.0000000000
2013-02-01 23:00:00,0.0000000000
2013-02-02 00:00:00,0.0000000000
2013-02-02 01:00:00,0.0000000000
2013-02-02 02:00:00,0.0000000000
2013-02-02 03:00:00,0.0000000000
2013-02-02 04:00:00,0.0000000000
2013-02-02 05:00:00,0.0175188573
2013-02-02 06:00:00,0.0564572624
2013-02-02 07:00:00,0.0436541607
2013-02-02 08:00:00,0.0583240693
2013-02-02 09:00:00,0.0506397933
2013-02-02 10:00:00,0.0474841324
2013-02-02 11:00:00,0.0435749825
2013-02-02 12:00:00,0.0415639774
2013-02-02 13:00:00,0.0189249454
2013-02-02 14:00:00,0.0000000000
2013-02-02 15:00:00,0.0000000000
2013-02-02 16:00:00,0.0000000000
2013-02-02 17:00:00,0.0000000000
2013-02-02 18:00:00,0.0000000000
2013-02-02 19:00:00,0.0000000000
2013-02-02 20:00:00,0.0000000000
2013-02-02 21:00:00,0.0000000000
2013-02-02 22:00:00,0.0000000000
2013-02-02 23:00:00,0.0000000000
2013-02-03 00:00:00,0.0000000000
2013-02-03 01:00:00,0.0000000000
2013-02-03 02:00:00,0.0000000000
2013-02-03 03:00:00,0.0000000000
2013-02-03 04:00:00,0.0000000000
2013-02-03 05:00:00,0.0464620326
2013-02-03 06:00:00,0.0582021897
2013-02-03 07:00:00,0.0551872981
2013-02-03 08:00:00,0.0827101796
2013-02-03 09:00:00,0.1133521192
2013-02-03 10:00:00,0.1821512128
2013-02-03 11:00:00,0.1490673871
2013-02-03 12:00:00,0.0903979985
2013-02-03 13:00:00,0.0604261811
2013-02-03 14:00:00,0.0000000000
2013-02-03 15:00:00,0.0000000000
2013-02-03 16:00:00,0.0000000000
2013-02-03 17:00:00,0.0000000000
2013-02-03 18:00:00,0.0000000000
2013-02-03 19:00:00,0.0000000000
2013-02-03 20:00:00,0.0000000000
2013-02-03 21:00:00,0.0000000000
2013-02-03 22:00:00,0.0000000000
2013-02-03 23:00:00,0.0000000000
2013-02-04 00:00:00,0.0000000000
2013-02-04 01:00:00,0.0000000000
2013-02-04 02:00:00,0.0000000000
2013-02-04 03:00:00,0.0000000000
2013-02-04 04:00:00,0.0000000000
2013-02-04 05:00:00,0.1438944364
2013-02-04 06:00:00,0.2744320795
2013-02-04 07:00:00,0.3638330826
2013-02-04 08:00:00,0.5351730371
2013-02-04 09:00:00,0.6819083320
2013-02-04 10:00:00,0.6543252034
2013-02-04 11:00:00,0.5742012407
2013-02-04 12:00:00,0.3483011666
2013-02-04 13:00:00,0.2134001204
2013-02-04 14:00:00,0.0000000000
2013-02-04 15:00:00,0.0000000000
2013-02-04 16:00:00,0.0000000000
2013-02-04 17:00:00,0.0000000000
2013-02-04 18:00:00,0.0000000000
2013-02-04 19:00:00,0.0000000000
2013-02-04 20:00:00,0.0000000000
2013-02-04 21:00:00,0.0000000000
2013-02-04 22:00:00,0.0000000000
2013-02-04 23:00:00,0.0000000000
2013-02-05 00:00:00,0.0000000000
2013-02-05 01:00:00,0.0000000000
2013-02-05 02:00:00,0.0000000000
2013-02-05 03:00:00,0.0000000000
2013-02-05 04:00:00,0.0000000000
2013-02-05 05:00:00,0.1760718234
2013-02-05 06:00:00,0.3975626416
2013-02-05 07:00:00,0.5701939004
2013-02-05 08:00:00,0.6622545341
2013-02-05 09:00:00,0.7101677254
2013-02-05 10:00:00,0.6628890180
2013-02-05 11:00:00,0.5325145708
2013-02-05 12:00:00,0.3845252905
2013-02-05 13:00:00,0.2062428391
2013-02-05 14:00:00,0.0000000000
2013-02-05 15:00:00,0.0000000000
2013-02-05 16:00:00,0.0000000000
2013-02-05 17:00:00,0.0000000000
2013-02-05 18:00:00,0.0000000000
2013-02-05 19:00:00,0.0000000000
2013-02-05 20:00:00,0.0000000000
2013-02-05 21:00:00,0.0000000000
2013-02-05 22:00:00,0.0000000000
2013-02-05 23:00:00,0.0000000000
2013-02-06 00:00:00,0.0000000000
2013-02-06 01:00:00,0.0000000000
2013-02-06 02:00:00,0.0000000000
2013-02-06 03:00:00,0.0000000000
2013-02-06 04:00:00,0.0000000000
2013-02-06 05:00:00,0.1952522981
2013-02-06 06:00:00,0.4189788796
2013-02-06 07:00:00,0.5864617811
2013-02-06 08:00:00,0.6741980318
2013-02-06 09:00:00,0.7092998288
2013-02-06 10:00:00,0.6788373332
2013-02-06 11:00:00,0.5892127470
2013-02-06 12:00:00,0.4364504957
2013-02-06 13:00:00,0.2267926074
2013-02-06 14:00:00,0.0672623271
2013-02-06 15:00:00,0.0000000000
2013-02-06 16:00:00,0.0000000000
2013-02-06 17:00:00,0.0000000000
2013-02-06 18:00:00,0.0000000000
2013-02-06 19:00:00,0.0000000000
2013-02-06 20:00:00,0.0000000000
2013-02-06 21:00:00,0.0000000000
2013-02-06 22:00:00,0.0000000000
2013-02-06 23:00:00,0.0000000000
2013-02-07 00:00:00,0.0000000000
2013-02-07 01:00:00,0.0000000000
2013-02-07 02:00:00,0.0000000000
2013-02-07 03:00:00,0.0000000000
2013-02-07 04:00:00,0.0000000000
2013-02-07 05:00:00,0.1918265380
2013-02-07 06:00:00,0.3784973028
2013-02-07 07:00:00,0.3448129000
2013-02-07 08:00:00,0.3278059503
2013-02-07 09:00:00,0.3014088955
2013-02-07 10:00:00,0.2887040029
2013-02-07 11:00:00,0.2255291606
2013-02-07 12:00:00,0.1088694307
2013-02-07 13:00:00,0.0443406898
2013-02-07 14:00:00,0.0000000000
2013-02-07 15:00:00,0.0000000000
2013-02-07 16:00:00,0.0000000000
2013-02-07 17:00:00,0.0000000000
2013-02-07 18:00:00,0.0000000000
2013-02-07 19:00:00,0.0000000000
2013-02-07 20:00:00,0.0000000000
2013-02-07 21:00:00,0.0000000000
2013-02-07 22:00:00,0.0000000000
2013-02-07 23:00:00,0.0000000000
2013-02-08 00:00:00,0.0000000000
2013-02-08 01:00:00,0.0000000000
2013-02-08 02:00:00,0.0000000000
2013-02-08 03:00:00,0.0000000000
2013-02-08 04:00:00,0.0000000000
2013-02-08 05:00:00,0.0400198076
2013-02-08 06:00:00,0.1267056500
2013-02-08 07:00:00,0.4387174857
2013-02-08 08:00:00,0.5100207264
2013-02-08 09:00:00,0.4523484287
2013-02-08 10:00:00,0.2988859956
2013-02-08 11:00:00,0.2082186234
2013-02-08 12:00:00,0.0896890705
2013-02-08 13:00:00,0.0291251913
2013-02-08 14:00:00,0.0000000000
2013-02-08 15:00:00,0.0000000000
2013-02-08 16:00:00,0.0000000000
2013-02-08 17:00:00,0.0000000000
2013-02-08 18:00:00,0.0000000000
2013-02-08 19:00:00,0.0000000000
2013-02-08 20:00:00,0.0000000000
2013-02-08 21:00:00,0.0000000000
2013-02-08 22:00:00,0.0000000000
2013-02-08 23:00:00,0.0000000000
2013-02-09 00:00:00,0.0000000000
2013-02-09 01:00:00,0.0000000000
2013-02-09 02:00:00,0.0000000000
2013-02-09 03:00:00,0.0000000000
2013-02-09 04:00:00,0.0000000000
2013-02-09 05:00:00,0.2047241926
2013-02-09 06:00:00,0.4357691553
2013-02-09 07:00:00,0.6068030917
2013-02-09 08:00:00,0.6960577517
2013-02-09 09:00:00,0.7343013389
2013-02-09 10:00:00,0.6995056666
2013-02-09 11:00:00,0.6100671211
2013-02-09 12:00:00,0.4564596136
2013-02-09 13:00:00,0.2440792204
2013-02-09 14:00:00,0.0604329740
2013-02-09 15:00:00,0.0000000000
2013-02-09 16:00:00,0.0000000000
2013-02-09 17:00:00,0.0000000000
2013-02-09 18:00:00,0.0000000000
2013-02-09 19:00:00,0.0000000000
2013-02-09 20:00:00,0.0000000000
2013-02-09 21:00:00,0.0000000000
2013-02-09 22:00:00,0.0000000000
2013-02-09 23:00:00,0.0000000000
2013-02-10 00:00:00,0.0000000000
2013-02-10 01:00:00,0.0000000000
2013-02-10 02:00:00,0.0000000000
2013-02-10 03:00:00,0.0000000000
2013-02-10 04:00:00,0.0000000000
2013-02-10 05:00:00,0.2310083906
2013-02-10 06:00:00,0.4654810362
2013-02-10 07:00:00,0.6401636440
2013-02-10 08:00:00,0.7316441201
2013-02-10 09:00:00,0.7679908087
2013-02-10 10:00:00,0.7360526106
2013-02-10 11:00:00,0.6450315719
2013-02-10 12:00:00,0.4880281514
2013-02-10 13:00:00,0.2686011700
2013-02-10 14:00:00,0.0686267896
2013-02-10 15:00:00,0.0000000000
2013-02-10 16:00:00,0.0000000000
2013-02-10 17:00:00,0.0000000000
2013-02-10 18:00:00,0.0000000000
2013-02-10 19:00:00,0.0000000000
2013-02-10 20:00:00,0.0000000000
2013-02-10 21:00:00,0.0000000000
2013-02-10 22:00:00,0.0000000000
2013-02-10 23:00:00,0.0000000000
2013-02-11 00:00:00,0.0000000000
2013-02-11 01:00:00,0.0000000000
2013-02-11 02:00:00,0.0000000000
2013-02-11 03:00:00,0.0000000000
2013-02-11 04:00:00,0.0000000000
2013-02-11 05:00:00,0.2462072295
2013-02-11 06:00:00,0.4835840927
2013-02-11 07:00:00,0.6575326765
2013-02-11 08:00:00,0.7476522945
2013-02-11 09:00:00,0.7839395172
2013-02-11 10:00:00,0.7481850280
2013-02-11 11:00:00,0.6565671575
2013-02-11 12:00:00,0.4982335687
2013-02-11 13:00:00,0.2763219717
2013-02-11 14:00:00,0.0695866718
2013-02-11 15:00:00,0.0000000000
2013-02-11 16:00:00,0.0000000000
2013-02-11 17:00:00,0.0000000000
2013-02-11 18:00:00,0.0000000000
2013-02-11 19:00:00,0.0000000000
2013-02-11 20:00:00,0.0000000000
2013-02-11 21:00:00,0.0000000000
2013-02-11 22:00:00,0.0000000000
2013-02-11 23:00:00,0.0000000000
2013-02-12 00:00:00,0.0000000000
2013-02-12 01:00:00,0.0000000000
2013-02-12 02:00:00,0.0000000000
2013-02-12 03:00:00,0.0000000000
2013-02-12 04:00:00,0.0000000000
2013-02-12 05:00:00,0.2444878814
2013-02-12 06:00:00,0.4787194882
2013-02-12 07:00:00,0.6514630528
2013-02-12 08:00:00,0.7400929756
2013-02-12 09:00:00,0.7771629107
2013-02-12 10:00:00,0.7434303098
2013-02-12 11:00:00,0.6519473081
2013-02-12 12:00:00,0.4902922196
2013-02-12 13:00:00,0.2711863897
2013-02-12 14:00:00,0.0612938316
2013-02-12 15:00:00,0.0000000000
2013-02-12 16:00:00,0.0000000000
2013-02-12 17:00:00,0.0000000000
2013-02-12 18:00:00,0.0000000000
2013-02-12 19:00:00,0.0000000000
2013-02-12 20:00:00,0.0000000000
2013-02-12 21:00:00,0.0000000000
2013-02-12 22:00:00,0.0000000000
2013-02-12 23:00:00,0.0000000000
2013-02-13 00:00:00,0.0000000000
2013-02-13 01:00:00,0.0000000000
2013-02-13 02:00:00,0.0000000000
2013-02-13 03:00:00,0.0000000000
2013-02-13 04:00:00,0.0000000000
2013-02-13 05:00:00,0.2168324657
2013-02-13 06:00:00,0.4412427912
2013-02-13 07:00:00,0.6170305959
2013-02-13 08:00:00,0.6943346995
2013-02-13 09:00:00,0.7271574962
2013-02-13 10:00:00,0.6981729915
2013-02-13 11:00:00,0.6023370677
2013-02-13 12:00:00,0.4511968522
2013-02-13 13:00:00,0.2307246265
2013-02-13 14:00:00,0.0497028058
2013-02-13 15:00:00,0.0000000000
2013-02-13 16:00:00,0.0000000000
2013-02-13 17:00:00,0.0000000000
2013-02-13 18:00:00,0.0000000000
2013-02-13 19:00:00,0.0000000000
2013-02-13 20:00:00,0.0000000000
2013-02-13 21:00:00,0.0000000000
2013-02-13 22:00:00,0.0000000000
2013-02-13 23:00:00,0.0000000000
2013-02-14 00:00:00,0.0000000000
2013-02-14 01:00:00,0.0000000000
2013-02-14 02:00:00,0.0000000000
2013-02-14 03:00:00,0.0000000000
2013-02-14 04:00:00,0.0589571212
2013-02-14 05:00:00,0.2384894182
2013-02-14 06:00:00,0.4680488851
2013-02-14 07:00:00,0.6278789575
2013-02-14 08:00:00,0.7207604249
2013-02-14 09:00:00,0.7526360594
2013-02-14 10:00:00,0.7219908612
2013-02-14 11:00:00,0.6391204397
2013-02-14 12:00:00,0.4848706378
2013-02-14 13:00:00,0.2715882040
2013-02-14 14:00:00,0.0662705512
2013-02-14 15:00:00,0.0000000000
2013-02-14 16:00:00,0.0000000000
2013-02-14 17:00:00,0.0000000000
2013-02-14 18:00:00,0.0000000000
2013-02-14 19:00:00,0.0000000000
2013-02-14 20:00:00,0.0000000000
2013-02-14 21:00:00,0.0000000000
2013-02-14 22:00:00,0.0000000000
2013-02-14 23:00:00,0.0000000000
2013-02-15 00:00:00,0.0000000000
2013-02-15 01:00:00,0.0000000000
2013-02-15 02:00:00,0.0000000000
2013-02-15 03:00:00,0.0000000000
2013-02-15 04:00:00,0.0608040399
2013-02-15 05:00:00,0.2502700362
2013-02-15 06:00:00,0.4798661316
2013-02-15 07:00:00,0.6485720503
2013-02-15 08:00:00,0.7360524424
2013-02-15 09:00:00,0.7698415600
2013-02-15 10:00:00,0.7347083172
2013-02-15 11:00:00,0.6450981323
2013-02-15 12:00:00,0.4748843992
2013-02-15 13:00:00,0.2324701184
2013-02-15 14:00:00,0.0280048752
2013-02-15 15:00:00,0.0000000000
2013-02-15 16:00:00,0.0000000000
2013-02-15 17:00:00,0.0000000000
2013-02-15 18:00:00,0.0000000000
2013-02-15 19:00:00,0.0000000000
2013-02-15 20:00:00,0.0000000000
2013-02-15 21:00:00,0.0000000000
2013-02-15 22:00:00,0.0000000000
2013-02-15 23:00:00,0.0000000000
2013-02-16 00:00:00,0.0000000000
2013-02-16 01:00:00,0.0000000000
2013-02-16 02:00:00,0.0000000000
2013-02-16 03:00:00,0.0000000000
2013-02-16 04:00:00,0.0553406361
2013-02-16 05:00:00,0.2282233483
2013-02-16 06:00:00,0.3521162060
2013-02-16 07:00:00,0.5671775030
2013-02-16 08:00:00,0.5380520913
2013-02-16 09:00:00,0.4311463857
2013-02-16 10:00:00,0.2971825186
2013-02-16 11:00:00,0.1625699913
2013-02-16 12:00:00,0.0922884514
2013-02-16 13:00:00,0.0430999501
2013-02-16 14:00:00,0.0153655356
2013-02-16 15:00:00,0.0000000000
2013-02-16 16:00:00,0.0000000000
2013-02-16 17:00:00,0.0000000000
2013-02-16 18:00:00,0.0000000000
2013-02-16 19:00:00,0.0000000000
2013-02-16 20:00:00,0.0000000000
2013-02-16 21:00:00,0.0000000000
2013-02-16 22:00:00,0.0000000000
2013-02-16 23:00:00,0.0000000000
2013-02-17 00:00:00,0.0000000000
2013-02-17 01:00:00,0.0000000000
2013-02-17 02:00:00,0.0000000000
2013-02-17 03:00:00,0.0000000000
2013-02-17 04:00:00,0.0233573871
2013-02-17 05:00:00,0.0925157830
2013-02-17 06:00:00,0.1502988383
2013-02-17 07:00:00,0.1252940658
2013-02-17 08:00:00,0.2361177423
2013-02-17 09:00:00,0.2416740356
2013-02-17 10:00:00,0.3341712914
2013-02-17 11:00:00,0.2383903485
2013-02-17 12:00:00,0.1338194898
2013-02-17 13:00:00,0.0803556868
2013-02-17 14:00:00,0.0000000000
2013-02-17 15:00:00,0.0000000000
2013-02-17 16:00:00,0.0000000000
2013-02-17 17:00:00,0.0000000000
2013-02-17 18:00:00,0.0000000000
2013-02-17 19:00:00,0.0000000000
2013-02-17 20:00:00,0.0000000000
2013-02-17 21:00:00,0.0000000000
2013-02-17 22:00:00,0.0000000000
2013-02-17 23:00:00,0.0000000000
2013-02-18 00:00:00,0.0000000000
2013-02-18 01:00:00,0.0000000000
2013-02-18 02:00:00,0.0000000000
2013-02-18 03:00:00,0.0000000000
2013-02-18 04:00:00,0.0000000000
2013-02-18 05:00:00,0.1293539309
2013-02-18 06:00:00,0.3364521335
2013-02-18 07:00:00,0.3869558748
2013-02-18 08:00:00,0.5045101207
2013-02-18 09:00:00,0.4997347842
2013-02-18 10:00:00,0.6326842447
2013-02-18 11:00:00,0.5439545857
2013-02-18 12:00:00,0.3518909727
2013-02-18 13:00:00,0.1539612893
2013-02-18 14:00:00,0.0406752567
2013-02-18 15:00:00,0.0000000000
2013-02-18 16:00:00,0.0000000000
2013-02-18 17:00:00,0.0000000000
2013-02-18 18:00:00,0.0000000000
2013-02-18 19:00:00,0.0000000000
2013-02-18 20:00:00,0.0000000000
2013-02-18 21:00:00,0.0000000000
2013-02-18 22:00:00,0.0000000000
2013-02-18 23:00:00,0.0000000000
2013-02-19 00:00:00,0.0000000000
2013-02-19 01:00:00,0.0000000000
2013-02-19 02:00:00,0.0000000000
2013-02-19 03:00:00,0.0000000000
2013-02-19 04:00:00,0.0408023811
2013-02-19 05:00:00,0.2012929297
2013-02-19 06:00:00,0.3987972651
2013-02-19 07:00:00,0.5469976449
2013-02-19 08:00:00,0.6445219513
2013-02-19 09:00:00,0.6140240130
2013-02-19 10:00:00,0.4895759535
2013-02-19 11:00:00,0.3869935486
2013-02-19 12:00:00,0.1896555656
2013-02-19 13:00:00,0.0976662277
2013-02-19 14:00:00,0.0143313738
2013-02-19 15:00:00,0.0000000000
2013-02-19 16:00:00,0.0000000000
2013-02-19 17:00:00,0.0000000000
2013-02-19 18:00:00,0.0000000000
2013-02-19 19:00:00,0.0000000000
2013-02-19 20:00:00,0.0000000000
2013-02-19 21:00:00,0.0000000000
2013-02-19 22:00:00,0.0000000000
2013-02-19 23:00:00,0.0000000000
2013-02-20 00:00:00,0.0000000000
2013-02-20 01:00:00,0.0000000000
2013-02-20 02:00:00,0.0000000000
2013-02-20 03:00:00,0.0000000000
2013-02-20 04:00:00,0.0000000000
2013-02-20 05:00:00,0.0585881227
2013-02-20 06:00:00,0.2142611395
2013-02-20 07:00:00,0.2983543132
2013-02-20 08:00:00,0.1718116655
2013-02-20 09:00:00,0.2059316335
2013-02-20 10:00:00,0.4037256463
2013-02-20 11:00:00,0.4218050726
2013-02-20 12:00:00,0.2127678164
2013-02-20 13:00:00,0.0842674065
2013-02-20 14:00:00,0.0234098404
2013-02-20 15:00:00,0.0000000000
2013-02-20 16:00:00,0.0000000000
2013-02-20 17:00:00,0.0000000000
2013-02-20 18:00:00,0.0000000000
2013-02-20 19:00:00,0.0000000000
2013-02-20 20:00:00,0.0000000000
2013-02-20 21:00:00,0.0000000000
2013-02-20 22:00:00,0.0000000000
2013-02-20 23:00:00,0.0000000000
2013-02-21 00:00:00,0.0000000000
2013-02-21 01:00:00,0.0000000000
2013-02-21 02:00:00,0.0000000000
2013-02-21 03:00:00,0.0000000000
2013-02-21 04:00:00,0.0379996630
2013-02-21 05:00:00,0.1505770305
2013-02-21 06:00:00,0.3446669415
2013-02-21 07:00:00,0.5591941191
2013-02-21 08:00:00,0.6694467103
2013-02-21 09:00:00,0.7607926711
2013-02-21 10:00:00,0.7247187402
2013-02-21 11:00:00,0.6074116956
2013-02-21 12:00:00,0.4097298575
2013-02-21 13:00:00,0.1792052781
2013-02-21 14:00:00,0.0390001511
2013-02-21 15:00:00,0.0000000000
2013-02-21 16:00:00,0.0000000000
2013-02-21 17:00:00,0.0000000000
2013-02-21 18:00:00,0.0000000000
2013-02-21 19:00:00,0.0000000000
2013-02-21 20:00:00,0.0000000000
2013-02-21 21:00:00,0.0000000000
2013-02-21 22:00:00,0.0000000000
2013-02-21 23:00:00,0.0000000000
2013-02-22 00:00:00,0.0000000000
2013-02-22 01:00:00,0.0000000000
2013-02-22 02:00:00,0.0000000000
2013-02-22 03:00:00,0.0000000000
2013-02-22 04:00:00,0.0000000000
2013-02-22 05:00:00,0.0690100317
2013-02-22 06:00:00,0.1838998754
2013-02-22 07:00:00,0.2714880516
2013-02-22 08:00:00,0.3521610993
2013-02-22 09:00:00,0.4370562348
2013-02-22 10:00:00,0.4442167353
2013-02-22 11:00:00,0.2506092022
2013-02-22 12:00:00,0.1091584059
2013-02-22 13:00:00,0.0601367401
2013-02-22 14:00:00,0.0294871037
2013-02-22 15:00:00,0.0000000000
2013-02-22 16:00:00,0.0000000000
2013-02-22 17:00:00,0.0000000000
2013-02-22 18:00:00,0.0000000000
2013-02-22 19:00:00,0.0000000000
2013-02-22 20:00:00,0.0000000000
2013-02-22 21:00:00,0.0000000000
2013-02-22 22:00:00,0.0000000000
2013-02-22 23:00:00,0.0000000000
2013-02-23 00:00:00,0.0000000000
2013-02-23 01:00:00,0.0000000000
2013-02-23 02:00:00,0.0000000000
2013-02-23 03:00:00,0.0000000000
2013-02-23 04:00:00,0.0121644254
2013-02-23 05:00:00,0.0932617282
2013-02-23 06:00:00,0.1881186693
2013-02-23 07:00:00,0.3186620436
2013-02-23 08:00:00,0.4116095390
2013-02-23 09:00:00,0.4185135681
2013-02-23 10:00:00,0.3455027078
2013-02-23 11:00:00,0.2340891800
2013-02-23 12:00:00,0.1127730681
2013-02-23 13:00:00,0.0560851538
2013-02-23 14:00:00,0.0105809051
2013-02-23 15:00:00,0.0000000000
2013-02-23 16:00:00,0.0000000000
2013-02-23 17:00:00,0.0000000000
2013-02-23 18:00:00,0.0000000000
2013-02-23 19:00:00,0.0000000000
2013-02-23 20:00:00,0.0000000000
2013-02-23 21:00:00,0.0000000000
2013-02-23 22:00:00,0.0000000000
2013-02-23 23:00:00,0.0000000000
2013-02-24 00:00:00,0.0000000000
2013-02-24 01:00:00,0.0000000000
2013-02-24 02:00:00,0.0000000000
2013-02-24 03:00:00,0.0000000000
2013-02-24 04:00:00,0.0483979035
2013-02-24 05:00:00,0.2118937932
2013-02-24 06:00:00,0.4231720802
2013-02-24 07:00:00,0.5755325187
2013-02-24 08:00:00,0.7274095214
2013-02-24 09:00:00,0.7389279779
2013-02-24 10:00:00,0.7398399201
2013-02-24 11:00:00,0.6576500868
2013-02-24 12:00:00,0.5000340772
2013-02-24 13:00:00,0.2911260912
2013-02-24 14:00:00,0.0663514182
2013-02-24 15:00:00,0.0000000000
2013-02-24 16:00:00,0.0000000000
2013-02-24 17:00:00,0.0000000000
2013-02-24 18:00:00,0.0000000000
2013-02-24 19:00:00,0.0000000000
2013-02-24 20:00:00,0.0000000000
2013-02-24 21:00:00,0.0000000000
2013-02-24 22:00:00,0.0000000000
2013-02-24 23:00:00,0.0000000000
2013-02-25 00:00:00,0.0000000000
2013-02-25 01:00:00,0.0000000000
2013-02-25 02:00:00,0.0000000000
2013-02-25 03:00:00,0.0000000000
2013-02-25 04:00:00,0.0559382791
2013-02-25 05:00:00,0.2621411789
2013-02-25 06:00:00,0.4693614989
2013-02-25 07:00:00,0.6386250870
2013-02-25 08:00:00,0.7439049563
2013-02-25 09:00:00,0.7921301611
2013-02-25 10:00:00,0.7626422985
2013-02-25 11:00:00,0.6641405427
2013-02-25 12:00:00,0.5201781493
2013-02-25 13:00:00,0.3056184898
2013-02-25 14:00:00,0.0821300280
2013-02-25 15:00:00,0.0000000000
2013-02-25 16:00:00,0.0000000000
2013-02-25 17:00:00,0.0000000000
2013-02-25 18:00:00,0.0000000000
2013-02-25 19:00:00,0.0000000000
2013-02-25 20:00:00,0.0000000000
2013-02-25 21:00:00,0.0000000000
2013-02-25 22:00:00,0.0000000000
2013-02-25 23:00:00,0.0000000000
2013-02-26 00:00:00,0.0000000000
2013-02-26 01:00:00,0.0000000000
2013-02-26 02:00:00,0.0000000000
2013-02-26 03:00:00,0.0000000000
2013-02-26 04:00:00,0.0643700089
2013-02-26 05:00:00,0.2937561071
2013-02-26 06:00:00,0.5171429419
2013-02-26 07:00:00,0.6789804108
2013-02-26 08:00:00,0.7616177867
2013-02-26 09:00:00,0.7926719666
2013-02-26 10:00:00,0.7632157414
2013-02-26 11:00:00,0.6774095071
2013-02-26 12:00:00,0.5242832164
2013-02-26 13:00:00,0.3196064826
2013-02-26 14:00:00,0.0946768864
2013-02-26 15:00:00,0.0000000000
2013-02-26 16:00:00,0.0000000000
2013-02-26 17:00:00,0.0000000000
2013-02-26 18:00:00,0.0000000000
2013-02-26 19:00:00,0.0000000000
2013-02-26 20:00:00,0.0000000000
2013-02-26 21:00:00,0.0000000000
2013-02-26 22:00:00,0.0000000000
2013-02-26 23:00:00,0.0000000000
2013-02-27 00:00:00,0.0000000000
2013-02-27 01:00:00,0.0000000000
2013-02-27 02:00:00,0.0000000000
2013-02-27 03:00:00,0.0000000000
2013-02-27 04:00:00,0.0844165651
2013-02-27 05:00:00,0.3107487007
2013-02-27 06:00:00,0.5312261508
2013-02-27 07:00:00,0.6816049398
2013-02-27 08:00:00,0.7607741523
2013-02-27 09:00:00,0.7807710587
2013-02-27 10:00:00,0.7434454281
2013-02-27 11:00:00,0.6572637093
2013-02-27 12:00:00,0.4098890363
2013-02-27 13:00:00,0.2542948051
2013-02-27 14:00:00,0.0859905247
2013-02-27 15:00:00,0.0000000000
2013-02-27 16:00:00,0.0000000000
2013-02-27 17:00:00,0.0000000000
2013-02-27 18:00:00,0.0000000000
2013-02-27 19:00:00,0.0000000000
2013-02-27 20:00:00,0.0000000000
2013-02-27 21:00:00,0.0000000000
2013-02-27 22:00:00,0.0000000000
2013-02-27 23:00:00,0.0000000000
2013-02-28 00:00:00,0.0000000000
2013-02-28 01:00:00,0.0000000000
2013-02-28 02:00:00,0.0000000000
2013-02-28 03:00:00,0.0000000000
2013-02-28 04:00:00,0.0377599336
2013-02-28 05:00:00,0.2394076825
2013-02-28 06:00:00,0.3995595381
2013-02-28 07:00:00,0.4370898938
2013-02-28 08:00:00,0.4617626799
2013-02-28 09:00:00,0.4262336517
2013-02-28 10:00:00,0.3782756814
2013-02-28 11:00:00,0.2679107174
2013-02-28 12:00:00,0.2128670396
2013-02-28 13:00:00,0.1142180271
2013-02-28 14:00:00,0.0306438096
2013-02-28 15:00:00,0.0000000000
2013-02-28 16:00:00,0.0000000000
2013-02-28 17:00:00,0.0000000000
2013-02-28 18:00:00,0.0000000000
2013-02-28 19:00:00,0.0000000000
2013-02-28 20:00:00,0.0000000000
2013-02-28 21:00:00,0.0000000000
2013-02-28 22:00:00,0.0000000000
2013-02-28 23:00:00,0.0000000000
2013-03-01 00:00:00,0.0000000000
2013-03-01 01:00:00,0.0000000000
2013-03-01 02:00:00,0.0000000000
2013-03-01 03:00:00,0.0000000000
2013-03-01 04:00:00,0.0516494600
2013-03-01 05:00:00,0.1715510273
2013-03-01 06:00:00,0.3608856219
2013-03-01 07:00:00,0.5248677190
2013-03-01 08:00:00,0.5995567296
2013-03-01 09:00:00,0.6691027477
2013-03-01 10:00:00,0.6257895757
2013-03-01 11:00:00,0.4796890345
2013-03-01 12:00:00,0.3624960069
2013-03-01 13:00:00,0.2385062694
2013-03-01 14:00:00,0.0568833514
2013-03-01 15:00:00,0.0000000000
2013-03-01 16:00:00,0.0000000000
2013-03-01 17:00:00,0.0000000000
2013-03-01 18:00:00,0.0000000000
2013-03-01 19:00:00,0.0000000000
2013-03-01 20:00:00,0.0000000000
2013-03-01 21:00:00,0.0000000000
2013-03-01 22:00:00,0.0000000000
2013-03-01 23:00:00,0.0000000000
2013-03-02 00:00:00,0.0000000000
2013-03-02 01:00:00,0.0000000000
2013-03-02 02:00:00,0.0000000000
2013-03-02 03:00:00,0.0000000000
2013-03-02 04:00:00,0.0646503129
2013-03-02 05:00:00,0.2564360311
2013-03-02 06:00:00,0.4600473540
2013-03-02 07:00:00,0.6218414406
2013-03-02 08:00:00,0.7006505420
2013-03-02 09:00:00,0.7500624607
2013-03-02 10:00:00,0.7229986679
2013-03-02 11:00:00,0.5996872184
2013-03-02 12:00:00,0.4265919203
2013-03-02 13:00:00,0.3090121161
2013-03-02 14:00:00,0.0927175654
2013-03-02 15:00:00,0.0000000000
2013-03-02 16:00:00,0.0000000000
2013-03-02 17:00:00,0.0000000000
2013-03-02 18:00:00,0.0000000000
2013-03-02 19:00:00,0.0000000000
2013-03-02 20:00:00,0.0000000000
2013-03-02 21:00:00,0.0000000000
2013-03-02 22:00:00,0.0000000000
2013-03-02 23:00:00,0.0000000000
2013-03-03 00:00:00,0.0000000000
2013-03-03 01:00:00,0.0000000000
2013-03-03 02:00:00,0.0000000000
2013-03-03 03:00:00,0.0000000000
2013-03-03 04:00:00,0.0416669906
2013-03-03 05:00:00,0.2096225785
2013-03-03 06:00:00,0.3133009998
2013-03-03 07:00:00,0.6186418275
2013-03-03 08:00:00,0.7292624019
2013-03-03 09:00:00,0.7469098453
2013-03-03 10:00:00,0.6839300605
2013-03-03 11:00:00,0.6056117167
2013-03-03 12:00:00,0.4146055940
2013-03-03 13:00:00,0.1786679625
2013-03-03 14:00:00,0.0673371352
2013-03-03 15:00:00,0.0000000000
2013-03-03 16:00:00,0.0000000000
2013-03-03 17:00:00,0.0000000000
2013-03-03 18:00:00,0.0000000000
2013-03-03 19:00:00,0.0000000000
2013-03-03 20:00:00,0.0000000000
2013-03-03 21:00:00,0.0000000000
2013-03-03 22:00:00,0.0000000000
2013-03-03 23:00:00,0.0000000000
2013-03-04 00:00:00,0.0000000000
2013-03-04 01:00:00,0.0000000000
2013-03-04 02:00:00,0.0000000000
2013-03-04 03:00:00,0.0000000000
2013-03-04 04:00:00,0.0325749815
2013-03-04 05:00:00,0.1405578367
2013-03-04 06:00:00,0.3895718231
2013-03-04 07:00:00,0.5547027111
2013-03-04 08:00:00,0.7289238038
2013-03-04 09:00:00,0.7594259784
2013-03-04 10:00:00,0.7286358912
2013-03-04 11:00:00,0.6288983555
2013-03-04 12:00:00,0.3579219655
2013-03-04 13:00:00,0.1259853732
2013-03-04 14:00:00,0.0299953367
2013-03-04 15:00:00,0.0000000000
2013-03-04 16:00:00,0.0000000000
2013-03-04 17:00:00,0.0000000000
2013-03-04 18:00:00,0.0000000000
2013-03-04 19:00:00,0.0000000000
2013-03-04 20:00:00,0.0000000000
2013-03-04 21:00:00,0.0000000000
2013-03-04 22:00:00,0.0000000000
2013-03-04 23:00:00,0.0000000000
2013-03-05 00:00:00,0.0000000000
2013-03-05 01:00:00,0.0000000000
2013-03-05 02:00:00,0.0000000000
2013-03-05 03:00:00,0.0000000000
2013-03-05 04:00:00,0.0255787309
2013-03-05 05:00:00,0.1454733122
2013-03-05 06:00:00,0.3535453170
2013-03-05 07:00:00,0.5714996770
2013-03-05 08:00:00,0.6770838731
2013-03-05 09:00:00,0.6984441244
2013-03-05 10:00:00,0.7059177256
2013-03-05 11:00:00,0.4533676299
2013-03-05 12:00:00,0.3580361205
2013-03-05 13:00:00,0.2383129675
2013-03-05 14:00:00,0.0587015565
2013-03-05 15:00:00,0.0000000000
2013-03-05 16:00:00,0.0000000000
2013-03-05 17:00:00,0.0000000000
2013-03-05 18:00:00,0.0000000000
2013-03-05 19:00:00,0.0000000000
2013-03-05 20:00:00,0.0000000000
2013-03-05 21:00:00,0.0000000000
2013-03-05 22:00:00,0.0000000000
2013-03-05 23:00:00,0.0000000000
2013-03-06 00:00:00,0.0000000000
2013-03-06 01:00:00,0.0000000000
2013-03-06 02:00:00,0.0000000000
2013-03-06 03:00:00,0.0000000000
2013-03-06 04:00:00,0.0373538840
2013-03-06 05:00:00,0.1354002590
2013-03-06 06:00:00,0.2613693602
2013-03-06 07:00:00,0.4541261089
2013-03-06 08:00:00,0.6053108831
2013-03-06 09:00:00,0.7138407274
2013-03-06 10:00:00,0.6879563972
2013-03-06 11:00:00,0.5796790676
2013-03-06 12:00:00,0.5194994836
2013-03-06 13:00:00,0.3140746638
2013-03-06 14:00:00,0.1050905923
2013-03-06 15:00:00,0.0000000000
2013-03-06 16:00:00,0.0000000000
2013-03-06 17:00:00,0.0000000000
2013-03-06 18:00:00,0.0000000000
2013-03-06 19:00:00,0.0000000000
2013-03-06 20:00:00,0.0000000000
2013-03-06 21:00:00,0.0000000000
2013-03-06 22:00:00,0.0000000000
2013-03-06 23:00:00,0.0000000000
2013-03-07 00:00:00,0.0000000000
2013-03-07 01:00:00,0.0000000000
2013-03-07 02:00:00,0.0000000000
2013-03-07 03:00:00,0.0000000000
2013-03-07 04:00:00,0.1196718717
2013-03-07 05:00:00,0.3681730325
2013-03-07 06:00:00,0.5934524632
2013-03-07 07:00:00,0.7534864237
2013-03-07 08:00:00,0.8356081216
2013-03-07 09:00:00,0.8666418685
2013-03-07 10:00:00,0.8318540273
2013-03-07 11:00:00,0.7396756206
2013-03-07 12:00:00,0.5853383531
2013-03-07 13:00:00,0.3703139197
2013-03-07 14:00:00,0.1276764870
2013-03-07 15:00:00,0.0000000000
2013-03-07 16:00:00,0.0000000000
2013-03-07 17:00:00,0.0000000000
2013-03-07 18:00:00,0.0000000000
2013-03-07 19:00:00,0.0000000000
2013-03-07 20:00:00,0.0000000000
2013-03-07 21:00:00,0.0000000000
2013-03-07 22:00:00,0.0000000000
2013-03-07 23:00:00,0.0000000000
2013-03-08 00:00:00,0.0000000000
2013-03-08 01:00:00,0.0000000000
2013-03-08 02:00:00,0.0000000000
2013-03-08 03:00:00,0.0000000000
2013-03-08 04:00:00,0.1224033123
2013-03-08 05:00:00,0.3642263748
2013-03-08 06:00:00,0.5830473161
2013-03-08 07:00:00,0.7433585168
2013-03-08 08:00:00,0.8229157983
2013-03-08 09:00:00,0.8525164819
2013-03-08 10:00:00,0.8153130662
2013-03-08 11:00:00,0.7257810384
2013-03-08 12:00:00,0.5740429708
2013-03-08 13:00:00,0.3637866327
2013-03-08 14:00:00,0.1275030194
2013-03-08 15:00:00,0.0000000000
2013-03-08 16:00:00,0.0000000000
2013-03-08 17:00:00,0.0000000000
2013-03-08 18:00:00,0.0000000000
2013-03-08 19:00:00,0.0000000000
2013-03-08 20:00:00,0.0000000000
2013-03-08 21:00:00,0.0000000000
2013-03-08 22:00:00,0.0000000000
2013-03-08 23:00:00,0.0000000000
2013-03-09 00:00:00,0.0000000000
2013-03-09 01:00:00,0.0000000000
2013-03-09 02:00:00,0.0000000000
2013-03-09 03:00:00,0.0000000000
2013-03-09 04:00:00,0.1214342976
2013-03-09 05:00:00,0.3569313911
2013-03-09 06:00:00,0.5692662996
2013-03-09 07:00:00,0.7185790445
2013-03-09 08:00:00,0.7506398379
2013-03-09 09:00:00,0.7201393253
2013-03-09 10:00:00,0.6970690857
2013-03-09 11:00:00,0.5856595251
2013-03-09 12:00:00,0.3434280265
2013-03-09 13:00:00,0.2337255595
2013-03-09 14:00:00,0.0651634869
2013-03-09 15:00:00,0.0000000000
2013-03-09 16:00:00,0.0000000000
2013-03-09 17:00:00,0.0000000000
2013-03-09 18:00:00,0.0000000000
2013-03-09 19:00:00,0.0000000000
2013-03-09 20:00:00,0.0000000000
2013-03-09 21:00:00,0.0000000000
2013-03-09 22:00:00,0.0000000000
2013-03-09 23:00:00,0.0000000000
2013-03-10 00:00:00,0.0000000000
2013-03-10 01:00:00,0.0000000000
2013-03-10 02:00:00,0.0000000000
2013-03-10 03:00:00,0.0000000000
2013-03-10 04:00:00,0.1063337229
2013-03-10 05:00:00,0.3412809621
2013-03-10 06:00:00,0.5485523556
2013-03-10 07:00:00,0.6856153552
2013-03-10 08:00:00,0.7541323410
2013-03-10 09:00:00,0.7812684489
2013-03-10 10:00:00,0.7442579029
2013-03-10 11:00:00,0.6637932103
2013-03-10 12:00:00,0.5255621842
2013-03-10 13:00:00,0.3319978387
2013-03-10 14:00:00,0.1162722099
2013-03-10 15:00:00,0.0000000000
2013-03-10 16:00:00,0.0000000000
2013-03-10 17:00:00,0.0000000000
2013-03-10 18:00:00,0.0000000000
2013-03-10 19:00:00,0.0000000000
2013-03-10 20:00:00,0.0000000000
2013-03-10 21:00:00,0.0000000000
2013-03-10 22:00:00,0.0000000000
2013-03-10 23:00:00,0.0000000000
2013-03-11 00:00:00,0.0000000000
2013-03-11 01:00:00,0.0000000000
2013-03-11 02:00:00,0.0000000000
2013-03-11 03:00:00,0.0000000000
2013-03-11 04:00:00,0.1194346873
2013-03-11 05:00:00,0.3454717770
2013-03-11 06:00:00,0.5463580919
2013-03-11 07:00:00,0.6889479567
2013-03-11 08:00:00,0.7587140055
2013-03-11 09:00:00,0.7873928805
2013-03-11 10:00:00,0.7533798307
2013-03-11 11:00:00,0.6707203445
2013-03-11 12:00:00,0.5304894432
2013-03-11 13:00:00,0.3364219360
2013-03-11 14:00:00,0.1195782520
2013-03-11 15:00:00,0.0000000000
2013-03-11 16:00:00,0.0000000000
2013-03-11 17:00:00,0.0000000000
2013-03-11 18:00:00,0.0000000000
2013-03-11 19:00:00,0.0000000000
2013-03-11 20:00:00,0.0000000000
2013-03-11 21:00:00,0.0000000000
2013-03-11 22:00:00,0.0000000000
2013-03-11 23:00:00,0.0000000000
2013-03-12 00:00:00,0.0000000000
2013-03-12 01:00:00,0.0000000000
2013-03-12 02:00:00,0.0000000000
2013-03-12 03:00:00,0.0000000000
2013-03-12 04:00:00,0.1216556617
2013-03-12 05:00:00,0.3358410246
2013-03-12 06:00:00,0.5293499834
2013-03-12 07:00:00,0.6679662227
2013-03-12 08:00:00,0.7297599153
2013-03-12 09:00:00,0.7550830431
2013-03-12 10:00:00,0.7245656814
2013-03-12 11:00:00,0.6432648218
2013-03-12 12:00:00,0.5071853013
2013-03-12 13:00:00,0.3166437316
2013-03-12 14:00:00,0.1098490104
2013-03-12 15:00:00,0.0000000000
2013-03-12 16:00:00,0.0000000000
2013-03-12 17:00:00,0.0000000000
2013-03-12 18:00:00,0.0000000000
2013-03-12 19:00:00,0.0000000000
2013-03-12 20:00:00,0.0000000000
2013-03-12 21:00:00,0.0000000000
2013-03-12 22:00:00,0.0000000000
2013-03-12 23:00:00,0.0000000000
2013-03-13 00:00:00,0.0000000000
2013-03-13 01:00:00,0.0000000000
2013-03-13 02:00:00,0.0000000000
2013-03-13 03:00:00,0.0000000000
2013-03-13 04:00:00,0.1184713988
2013-03-13 05:00:00,0.3153200651
2013-03-13 06:00:00,0.3956453638
2013-03-13 07:00:00,0.5127123786
2013-03-13 08:00:00,0.4632493943
2013-03-13 09:00:00,0.5960897362
2013-03-13 10:00:00,0.6890732694
2013-03-13 11:00:00,0.6240704602
2013-03-13 12:00:00,0.4943373289
2013-03-13 13:00:00,0.3136739346
2013-03-13 14:00:00,0.1134706761
2013-03-13 15:00:00,0.0000000000
2013-03-13 16:00:00,0.0000000000
2013-03-13 17:00:00,0.0000000000
2013-03-13 18:00:00,0.0000000000
2013-03-13 19:00:00,0.0000000000
2013-03-13 20:00:00,0.0000000000
2013-03-13 21:00:00,0.0000000000
2013-03-13 22:00:00,0.0000000000
2013-03-13 23:00:00,0.0000000000
2013-03-14 00:00:00,0.0000000000
2013-03-14 01:00:00,0.0000000000
2013-03-14 02:00:00,0.0000000000
2013-03-14 03:00:00,0.0000000000
2013-03-14 04:00:00,0.0521750116
2013-03-14 05:00:00,0.2278094418
2013-03-14 06:00:00,0.4609557188
2013-03-14 07:00:00,0.5964027742
2013-03-14 08:00:00,0.5684874354
2013-03-14 09:00:00,0.6768490055
2013-03-14 10:00:00,0.7336683603
2013-03-14 11:00:00,0.6499104186
2013-03-14 12:00:00,0.4805475516
2013-03-14 13:00:00,0.3070933591
2013-03-14 14:00:00,0.1098664950
2013-03-14 15:00:00,0.0000000000
2013-03-14 16:00:00,0.0000000000
2013-03-14 17:00:00,0.0000000000
2013-03-14 18:00:00,0.0000000000
2013-03-14 19:00:00,0.0000000000
2013-03-14 20:00:00,0.0000000000
2013-03-14 21:00:00,0.0000000000
2013-03-14 22:00:00,0.0000000000
2013-03-14 23:00:00,0.0000000000
2013-03-15 00:00:00,0.0000000000
2013-03-15 01:00:00,0.0000000000
2013-03-15 02:00:00,0.0000000000
2013-03-15 03:00:00,0.0000000000
2013-03-15 04:00:00,0.1276844472
2013-03-15 05:00:00,0.3468215025
2013-03-15 06:00:00,0.5719959092
2013-03-15 07:00:00,0.7193584133
2013-03-15 08:00:00,0.7937116477
2013-03-15 09:00:00,0.8264354626
2013-03-15 10:00:00,0.7860665053
2013-03-15 11:00:00,0.7037426393
2013-03-15 12:00:00,0.5607337231
2013-03-15 13:00:00,0.3623166346
2013-03-15 14:00:00,0.1356673759
2013-03-15 15:00:00,0.0000000000
2013-03-15 16:00:00,0.0000000000
2013-03-15 17:00:00,0.0000000000
2013-03-15 18:00:00,0.0000000000
2013-03-15 19:00:00,0.0000000000
2013-03-15 20:00:00,0.0000000000
2013-03-15 21:00:00,0.0000000000
2013-03-15 22:00:00,0.0000000000
2013-03-15 23:00:00,0.0000000000
2013-03-16 00:00:00,0.0000000000
2013-03-16 01:00:00,0.0000000000
2013-03-16 02:00:00,0.0000000000
2013-03-16 03:00:00,0.0000000000
2013-03-16 04:00:00,0.1474265146
2013-03-16 05:00:00,0.3786787259
2013-03-16 06:00:00,0.5824984000
2013-03-16 07:00:00,0.7254143115
2013-03-16 08:00:00,0.7869759353
2013-03-16 09:00:00,0.7949187148
2013-03-16 10:00:00,0.7512834632
2013-03-16 11:00:00,0.6422806993
2013-03-16 12:00:00,0.5012003119
2013-03-16 13:00:00,0.3341762316
2013-03-16 14:00:00,0.1343421080
2013-03-16 15:00:00,0.0000000000
2013-03-16 16:00:00,0.0000000000
2013-03-16 17:00:00,0.0000000000
2013-03-16 18:00:00,0.0000000000
2013-03-16 19:00:00,0.0000000000
2013-03-16 20:00:00,0.0000000000
2013-03-16 21:00:00,0.0000000000
2013-03-16 22:00:00,0.0000000000
2013-03-16 23:00:00,0.0000000000
2013-03-17 00:00:00,0.0000000000
2013-03-17 01:00:00,0.0000000000
2013-03-17 02:00:00,0.0000000000
2013-03-17 03:00:00,0.0000000000
2013-03-17 04:00:00,0.1380225888
2013-03-17 05:00:00,0.3472490921
2013-03-17 06:00:00,0.5294344096
2013-03-17 07:00:00,0.6586463445
2013-03-17 08:00:00,0.5477503470
2013-03-17 09:00:00,0.5087007232
2013-03-17 10:00:00,0.5893512569
2013-03-17 11:00:00,0.5564000347
2013-03-17 12:00:00,0.4205368019
2013-03-17 13:00:00,0.2704213010
2013-03-17 14:00:00,0.0695734462
2013-03-17 15:00:00,0.0000000000
2013-03-17 16:00:00,0.0000000000
2013-03-17 17:00:00,0.0000000000
2013-03-17 18:00:00,0.0000000000
2013-03-17 19:00:00,0.0000000000
2013-03-17 20:00:00,0.0000000000
2013-03-17 21:00:00,0.0000000000
2013-03-17 22:00:00,0.0000000000
2013-03-17 23:00:00,0.0000000000
2013-03-18 00:00:00,0.0000000000
2013-03-18 01:00:00,0.0000000000
2013-03-18 02:00:00,0.0000000000
2013-03-18 03:00:00,0.0000000000
2013-03-18 04:00:00,0.0288219329
2013-03-18 05:00:00,0.0569592991
2013-03-18 06:00:00,0.1664313526
2013-03-18 07:00:00,0.3399512273
2013-03-18 08:00:00,0.6628482347
2013-03-18 09:00:00,0.7354594310
2013-03-18 10:00:00,0.7072817109
2013-03-18 11:00:00,0.6080850137
2013-03-18 12:00:00,0.4714720831
2013-03-18 13:00:00,0.2693910623
2013-03-18 14:00:00,0.0989237272
2013-03-18 15:00:00,0.0000000000
2013-03-18 16:00:00,0.0000000000
2013-03-18 17:00:00,0.0000000000
2013-03-18 18:00:00,0.0000000000
2013-03-18 19:00:00,0.0000000000
2013-03-18 20:00:00,0.0000000000
2013-03-18 21:00:00,0.0000000000
2013-03-18 22:00:00,0.0000000000
2013-03-18 23:00:00,0.0000000000
2013-03-19 00:00:00,0.0000000000
2013-03-19 01:00:00,0.0000000000
2013-03-19 02:00:00,0.0000000000
2013-03-19 03:00:00,0.0000000000
2013-03-19 04:00:00,0.0299046005
2013-03-19 05:00:00,0.1189901621
2013-03-19 06:00:00,0.2080519723
2013-03-19 07:00:00,0.3729686797
2013-03-19 08:00:00,0.5057574248
2013-03-19 09:00:00,0.5826402781
2013-03-19 10:00:00,0.6598954507
2013-03-19 11:00:00,0.6871423209
2013-03-19 12:00:00,0.5295430807
2013-03-19 13:00:00,0.2961233538
2013-03-19 14:00:00,0.1015005327
2013-03-19 15:00:00,0.0000000000
2013-03-19 16:00:00,0.0000000000
2013-03-19 17:00:00,0.0000000000
2013-03-19 18:00:00,0.0000000000
2013-03-19 19:00:00,0.0000000000
2013-03-19 20:00:00,0.0000000000
2013-03-19 21:00:00,0.0000000000
2013-03-19 22:00:00,0.0000000000
2013-03-19 23:00:00,0.0000000000
2013-03-20 00:00:00,0.0000000000
2013-03-20 01:00:00,0.0000000000
2013-03-20 02:00:00,0.0000000000
2013-03-20 03:00:00,0.0000000000
2013-03-20 04:00:00,0.1590878512
2013-03-20 05:00:00,0.3875522373
2013-03-20 06:00:00,0.5715994444
2013-03-20 07:00:00,0.7197198169
2013-03-20 08:00:00,0.8001118649
2013-03-20 09:00:00,0.8226162025
2013-03-20 10:00:00,0.7859941678
2013-03-20 11:00:00,0.7011810873
2013-03-20 12:00:00,0.5588596711
2013-03-20 13:00:00,0.3619762886
2013-03-20 14:00:00,0.1396467588
2013-03-20 15:00:00,0.0000000000
2013-03-20 16:00:00,0.0000000000
2013-03-20 17:00:00,0.0000000000
2013-03-20 18:00:00,0.0000000000
2013-03-20 19:00:00,0.0000000000
2013-03-20 20:00:00,0.0000000000
2013-03-20 21:00:00,0.0000000000
2013-03-20 22:00:00,0.0000000000
2013-03-20 23:00:00,0.0000000000
2013-03-21 00:00:00,0.0000000000
2013-03-21 01:00:00,0.0000000000
2013-03-21 02:00:00,0.0000000000
2013-03-21 03:00:00,0.0000000000
2013-03-21 04:00:00,0.1360208567
2013-03-21 05:00:00,0.3080930588
2013-03-21 06:00:00,0.4663926035
2013-03-21 07:00:00,0.5161052762
2013-03-21 08:00:00,0.6000192322
2013-03-21 09:00:00,0.6006185963
2013-03-21 10:00:00,0.5693854816
2013-03-21 11:00:00,0.5704709646
2013-03-21 12:00:00,0.4964406666
2013-03-21 13:00:00,0.3244537304
2013-03-21 14:00:00,0.1318777312
2013-03-21 15:00:00,0.0000000000
2013-03-21 16:00:00,0.0000000000
2013-03-21 17:00:00,0.0000000000
2013-03-21 18:00:00,0.0000000000
2013-03-21 19:00:00,0.0000000000
2013-03-21 20:00:00,0.0000000000
2013-03-21 21:00:00,0.0000000000
2013-03-21 22:00:00,0.0000000000
2013-03-21 23:00:00,0.0000000000
2013-03-22 00:00:00,0.0000000000
2013-03-22 01:00:00,0.0000000000
2013-03-22 02:00:00,0.0000000000
2013-03-22 03:00:00,0.0000000000
2013-03-22 04:00:00,0.1578202678
2013-03-22 05:00:00,0.3707398315
2013-03-22 06:00:00,0.5599875345
2013-03-22 07:00:00,0.6957042631
2013-03-22 08:00:00,0.7632443607
2013-03-22 09:00:00,0.7875895714
2013-03-22 10:00:00,0.7533065946
2013-03-22 11:00:00,0.6696844658
2013-03-22 12:00:00,0.5312094164
2013-03-22 13:00:00,0.3422193816
2013-03-22 14:00:00,0.1325453007
2013-03-22 15:00:00,0.0000000000
2013-03-22 16:00:00,0.0000000000
2013-03-22 17:00:00,0.0000000000
2013-03-22 18:00:00,0.0000000000
2013-03-22 19:00:00,0.0000000000
2013-03-22 20:00:00,0.0000000000
2013-03-22 21:00:00,0.0000000000
2013-03-22 22:00:00,0.0000000000
2013-03-22 23:00:00,0.0000000000
2013-03-23 00:00:00,0.0000000000
2013-03-23 01:00:00,0.0000000000
2013-03-23 02:00:00,0.0000000000
2013-03-23 03:00:00,0.0000000000
2013-03-23 04:00:00,0.1598939347
2013-03-23 05:00:00,0.3697483689
2013-03-23 06:00:00,0.5567233463
2013-03-23 07:00:00,0.6918955858
2013-03-23 08:00:00,0.7557463708
2013-03-23 09:00:00,0.7790688580
2013-03-23 10:00:00,0.7450351982
2013-03-23 11:00:00,0.6634177552
2013-03-23 12:00:00,0.5280310182
2013-03-23 13:00:00,0.3433289213
2013-03-23 14:00:00,0.1354532037
2013-03-23 15:00:00,0.0000000000
2013-03-23 16:00:00,0.0000000000
2013-03-23 17:00:00,0.0000000000
2013-03-23 18:00:00,0.0000000000
2013-03-23 19:00:00,0.0000000000
2013-03-23 20:00:00,0.0000000000
2013-03-23 21:00:00,0.0000000000
2013-03-23 22:00:00,0.0000000000
2013-03-23 23:00:00,0.0000000000
2013-03-24 00:00:00,0.0000000000
2013-03-24 01:00:00,0.0000000000
2013-03-24 02:00:00,0.0000000000
2013-03-24 03:00:00,0.0000000000
2013-03-24 04:00:00,0.1598386090
2013-03-24 05:00:00,0.3689777641
2013-03-24 06:00:00,0.5547925526
2013-03-24 07:00:00,0.6842975159
2013-03-24 08:00:00,0.7458682989
2013-03-24 09:00:00,0.7650644417
2013-03-24 10:00:00,0.7240820833
2013-03-24 11:00:00,0.6392484194
2013-03-24 12:00:00,0.4698352283
2013-03-24 13:00:00,0.2986852219
2013-03-24 14:00:00,0.1231800610
2013-03-24 15:00:00,0.0000000000
2013-03-24 16:00:00,0.0000000000
2013-03-24 17:00:00,0.0000000000
2013-03-24 18:00:00,0.0000000000
2013-03-24 19:00:00,0.0000000000
2013-03-24 20:00:00,0.0000000000
2013-03-24 21:00:00,0.0000000000
2013-03-24 22:00:00,0.0000000000
2013-03-24 23:00:00,0.0000000000
2013-03-25 00:00:00,0.0000000000
2013-03-25 01:00:00,0.0000000000
2013-03-25 02:00:00,0.0000000000
2013-03-25 03:00:00,0.0000000000
2013-03-25 04:00:00,0.0321749530
2013-03-25 05:00:00,0.0700027011
2013-03-25 06:00:00,0.0940870310
2013-03-25 07:00:00,0.4643337956
2013-03-25 08:00:00,0.7527495207
2013-03-25 09:00:00,0.8096346099
2013-03-25 10:00:00,0.7859351904
2013-03-25 11:00:00,0.7015111781
2013-03-25 12:00:00,0.5595464984
2013-03-25 13:00:00,0.3646913015
2013-03-25 14:00:00,0.1443052129
2013-03-25 15:00:00,0.0000000000
2013-03-25 16:00:00,0.0000000000
2013-03-25 17:00:00,0.0000000000
2013-03-25 18:00:00,0.0000000000
2013-03-25 19:00:00,0.0000000000
2013-03-25 20:00:00,0.0000000000
2013-03-25 21:00:00,0.0000000000
2013-03-25 22:00:00,0.0000000000
2013-03-25 23:00:00,0.0000000000
2013-03-26 00:00:00,0.0000000000
2013-03-26 01:00:00,0.0000000000
2013-03-26 02:00:00,0.0000000000
2013-03-26 03:00:00,0.0000000000
2013-03-26 04:00:00,0.1618114412
2013-03-26 05:00:00,0.3423006966
2013-03-26 06:00:00,0.5645391193
2013-03-26 07:00:00,0.6959567623
2013-03-26 08:00:00,0.7529882345
2013-03-26 09:00:00,0.7718281941
2013-03-26 10:00:00,0.7239134449
2013-03-26 11:00:00,0.6262377983
2013-03-26 12:00:00,0.5337659746
2013-03-26 13:00:00,0.3459924061
2013-03-26 14:00:00,0.1370878269
2013-03-26 15:00:00,0.0000000000
2013-03-26 16:00:00,0.0000000000
2013-03-26 17:00:00,0.0000000000
2013-03-26 18:00:00,0.0000000000
2013-03-26 19:00:00,0.0000000000
2013-03-26 20:00:00,0.0000000000
2013-03-26 21:00:00,0.0000000000
2013-03-26 22:00:00,0.0000000000
2013-03-26 23:00:00,0.0000000000
2013-03-27 00:00:00,0.0000000000
2013-03-27 01:00:00,0.0000000000
2013-03-27 02:00:00,0.0000000000
2013-03-27 03:00:00,0.0104006667
2013-03-27 04:00:00,0.1700611727
2013-03-27 05:00:00,0.3792965929
2013-03-27 06:00:00,0.5607689998
2013-03-27 07:00:00,0.6897598934
2013-03-27 08:00:00,0.7436934195
2013-03-27 09:00:00,0.7637801006
2013-03-27 10:00:00,0.7276430303
2013-03-27 11:00:00,0.6526873822
2013-03-27 12:00:00,0.5218281237
2013-03-27 13:00:00,0.3315811075
2013-03-27 14:00:00,0.1280945678
2013-03-27 15:00:00,0.0000000000
2013-03-27 16:00:00,0.0000000000
2013-03-27 17:00:00,0.0000000000
2013-03-27 18:00:00,0.0000000000
2013-03-27 19:00:00,0.0000000000
2013-03-27 20:00:00,0.0000000000
2013-03-27 21:00:00,0.0000000000
2013-03-27 22:00:00,0.0000000000
2013-03-27 23:00:00,0.0000000000
2013-03-28 00:00:00,0.0000000000
2013-03-28 01:00:00,0.0000000000
2013-03-28 02:00:00,0.0000000000
2013-03-28 03:00:00,0.0000000000
2013-03-28 04:00:00,0.1115131913
2013-03-28 05:00:00,0.2467777141
2013-03-28 06:00:00,0.4109823417
2013-03-28 07:00:00,0.5804885957
2013-03-28 08:00:00,0.6626635877
2013-03-28 09:00:00,0.7087208592
2013-03-28 10:00:00,0.7177019275
2013-03-28 11:00:00,0.6469513884
2013-03-28 12:00:00,0.5242031722
2013-03-28 13:00:00,0.3395299956
2013-03-28 14:00:00,0.1355976092
2013-03-28 15:00:00,0.0000000000
2013-03-28 16:00:00,0.0000000000
2013-03-28 17:00:00,0.0000000000
2013-03-28 18:00:00,0.0000000000
2013-03-28 19:00:00,0.0000000000
2013-03-28 20:00:00,0.0000000000
2013-03-28 21:00:00,0.0000000000
2013-03-28 22:00:00,0.0000000000
2013-03-28 23:00:00,0.0000000000
2013-03-29 00:00:00,0.0000000000
2013-03-29 01:00:00,0.0000000000
2013-03-29 02:00:00,0.0000000000
2013-03-29 03:00:00,0.0134318207
2013-03-29 04:00:00,0.1517016781
2013-03-29 05:00:00,0.3384411916
2013-03-29 06:00:00,0.5062532476
2013-03-29 07:00:00,0.6374909354
2013-03-29 08:00:00,0.6608584373
2013-03-29 09:00:00,0.6399437814
2013-03-29 10:00:00,0.5897046782
2013-03-29 11:00:00,0.4540503316
2013-03-29 12:00:00,0.3240082926
2013-03-29 13:00:00,0.1483126908
2013-03-29 14:00:00,0.0528091106
2013-03-29 15:00:00,0.0000000000
2013-03-29 16:00:00,0.0000000000
2013-03-29 17:00:00,0.0000000000
2013-03-29 18:00:00,0.0000000000
2013-03-29 19:00:00,0.0000000000
2013-03-29 20:00:00,0.0000000000
2013-03-29 21:00:00,0.0000000000
2013-03-29 22:00:00,0.0000000000
2013-03-29 23:00:00,0.0000000000
2013-03-30 00:00:00,0.0000000000
2013-03-30 01:00:00,0.0000000000
2013-03-30 02:00:00,0.0000000000
2013-03-30 03:00:00,0.0000000000
2013-03-30 04:00:00,0.0719863788
2013-03-30 05:00:00,0.2218452454
2013-03-30 06:00:00,0.4424912985
2013-03-30 07:00:00,0.3095793046
2013-03-30 08:00:00,0.4498037970
2013-03-30 09:00:00,0.5773606940
2013-03-30 10:00:00,0.6363894191
2013-03-30 11:00:00,0.6674345343
2013-03-30 12:00:00,0.5403423680
2013-03-30 13:00:00,0.3549236129
2013-03-30 14:00:00,0.1448017280
2013-03-30 15:00:00,0.0000000000
2013-03-30 16:00:00,0.0000000000
2013-03-30 17:00:00,0.0000000000
2013-03-30 18:00:00,0.0000000000
2013-03-30 19:00:00,0.0000000000
2013-03-30 20:00:00,0.0000000000
2013-03-30 21:00:00,0.0000000000
2013-03-30 22:00:00,0.0000000000
2013-03-30 23:00:00,0.0000000000
2013-03-31 00:00:00,0.0000000000
2013-03-31 01:00:00,0.0000000000
2013-03-31 02:00:00,0.0000000000
2013-03-31 03:00:00,0.0185129778
2013-03-31 04:00:00,0.2056976032
2013-03-31 05:00:00,0.4326448232
2013-03-31 06:00:00,0.6290999944
2013-03-31 07:00:00,0.7675148222
2013-03-31 08:00:00,0.8341401704
2013-03-31 09:00:00,0.8546352675
2013-03-31 10:00:00,0.8126806046
2013-03-31 11:00:00,0.7223044053
2013-03-31 12:00:00,0.5760859594
2013-03-31 13:00:00,0.3784976699
2013-03-31 14:00:00,0.1567864255
2013-03-31 15:00:00,0.0000000000
2013-03-31 16:00:00,0.0000000000
2013-03-31 17:00:00,0.0000000000
2013-03-31 18:00:00,0.0000000000
2013-03-31 19:00:00,0.0000000000
2013-03-31 20:00:00,0.0000000000
2013-03-31 21:00:00,0.0000000000
2013-03-31 22:00:00,0.0000000000
2013-03-31 23:00:00,0.0000000000
2013-04-01 00:00:00,0.0000000000
2013-04-01 01:00:00,0.0000000000
2013-04-01 02:00:00,0.0000000000
2013-04-01 03:00:00,0.0196505028
2013-04-01 04:00:00,0.2043349660
2013-04-01 05:00:00,0.4223103210
2013-04-01 06:00:00,0.6090521922
2013-04-01 07:00:00,0.7087459778
2013-04-01 08:00:00,0.7851425270
2013-04-01 09:00:00,0.8176675367
2013-04-01 10:00:00,0.7772546516
2013-04-01 11:00:00,0.6983542991
2013-04-01 12:00:00,0.5603608533
2013-04-01 13:00:00,0.3699295010
2013-04-01 14:00:00,0.1546523190
2013-04-01 15:00:00,0.0000000000
2013-04-01 16:00:00,0.0000000000
2013-04-01 17:00:00,0.0000000000
2013-04-01 18:00:00,0.0000000000
2013-04-01 19:00:00,0.0000000000
2013-04-01 20:00:00,0.0000000000
2013-04-01 21:00:00,0.0000000000
2013-04-01 22:00:00,0.0000000000
2013-04-01 23:00:00,0.0000000000
2013-04-02 00:00:00,0.0000000000
2013-04-02 01:00:00,0.0000000000
2013-04-02 02:00:00,0.0000000000
2013-04-02 03:00:00,0.0214772556
2013-04-02 04:00:00,0.2073008586
2013-04-02 05:00:00,0.4216413211
2013-04-02 06:00:00,0.6081806742
2013-04-02 07:00:00,0.7392661536
2013-04-02 08:00:00,0.8020672021
2013-04-02 09:00:00,0.8198449939
2013-04-02 10:00:00,0.7803617701
2013-04-02 11:00:00,0.6946930081
2013-04-02 12:00:00,0.5547306658
2013-04-02 13:00:00,0.3649477283
2013-04-02 14:00:00,0.1534851634
2013-04-02 15:00:00,0.0000000000
2013-04-02 16:00:00,0.0000000000
2013-04-02 17:00:00,0.0000000000
2013-04-02 18:00:00,0.0000000000
2013-04-02 19:00:00,0.0000000000
2013-04-02 20:00:00,0.0000000000
2013-04-02 21:00:00,0.0000000000
2013-04-02 22:00:00,0.0000000000
2013-04-02 23:00:00,0.0000000000
2013-04-03 00:00:00,0.0000000000
2013-04-03 01:00:00,0.0000000000
2013-04-03 02:00:00,0.0000000000
2013-04-03 03:00:00,0.0227373701
2013-04-03 04:00:00,0.2053866626
2013-04-03 05:00:00,0.4143121676
2013-04-03 06:00:00,0.5964913034
2013-04-03 07:00:00,0.7237229050
2013-04-03 08:00:00,0.7816690618
2013-04-03 09:00:00,0.8007785642
2013-04-03 10:00:00,0.7626969133
2013-04-03 11:00:00,0.6771681880
2013-04-03 12:00:00,0.5389543336
2013-04-03 13:00:00,0.3533968435
2013-04-03 14:00:00,0.1483733242
2013-04-03 15:00:00,0.0000000000
2013-04-03 16:00:00,0.0000000000
2013-04-03 17:00:00,0.0000000000
2013-04-03 18:00:00,0.0000000000
2013-04-03 19:00:00,0.0000000000
2013-04-03 20:00:00,0.0000000000
2013-04-03 21:00:00,0.0000000000
2013-04-03 22:00:00,0.0000000000
2013-04-03 23:00:00,0.0000000000
2013-04-04 00:00:00,0.0000000000
2013-04-04 01:00:00,0.0000000000
2013-04-04 02:00:00,0.0000000000
2013-04-04 03:00:00,0.0245073630
2013-04-04 04:00:00,0.2079272333
2013-04-04 05:00:00,0.4105435541
2013-04-04 06:00:00,0.5883067992
2013-04-04 07:00:00,0.7142227682
2013-04-04 08:00:00,0.7730744278
2013-04-04 09:00:00,0.7926188129
2013-04-04 10:00:00,0.7554478848
2013-04-04 11:00:00,0.6727277807
2013-04-04 12:00:00,0.5378499361
2013-04-04 13:00:00,0.3550747879
2013-04-04 14:00:00,0.1509785747
2013-04-04 15:00:00,0.0000000000
2013-04-04 16:00:00,0.0000000000
2013-04-04 17:00:00,0.0000000000
2013-04-04 18:00:00,0.0000000000
2013-04-04 19:00:00,0.0000000000
2013-04-04 20:00:00,0.0000000000
2013-04-04 21:00:00,0.0000000000
2013-04-04 22:00:00,0.0000000000
2013-04-04 23:00:00,0.0000000000
2013-04-05 00:00:00,0.0000000000
2013-04-05 01:00:00,0.0000000000
2013-04-05 02:00:00,0.0000000000
2013-04-05 03:00:00,0.0256506850
2013-04-05 04:00:00,0.2009686374
2013-04-05 05:00:00,0.4004082601
2013-04-05 06:00:00,0.5743025460
2013-04-05 07:00:00,0.6982176496
2013-04-05 08:00:00,0.7559326745
2013-04-05 09:00:00,0.7753278207
2013-04-05 10:00:00,0.7396772198
2013-04-05 11:00:00,0.6579784138
2013-04-05 12:00:00,0.5254226193
2013-04-05 13:00:00,0.3465590966
2013-04-05 14:00:00,0.1477830868
2013-04-05 15:00:00,0.0000000000
2013-04-05 16:00:00,0.0000000000
2013-04-05 17:00:00,0.0000000000
2013-04-05 18:00:00,0.0000000000
2013-04-05 19:00:00,0.0000000000
2013-04-05 20:00:00,0.0000000000
2013-04-05 21:00:00,0.0000000000
2013-04-05 22:00:00,0.0000000000
2013-04-05 23:00:00,0.0000000000
2013-04-06 00:00:00,0.0000000000
2013-04-06 01:00:00,0.0000000000
2013-04-06 02:00:00,0.0000000000
2013-04-06 03:00:00,0.0277077685
2013-04-06 04:00:00,0.2066128819
2013-04-06 05:00:00,0.4056373349
2013-04-06 06:00:00,0.5789833664
2013-04-06 07:00:00,0.7008322481
2013-04-06 08:00:00,0.7543409754
2013-04-06 09:00:00,0.7724602518
2013-04-06 10:00:00,0.7343303028
2013-04-06 11:00:00,0.6525836217
2013-04-06 12:00:00,0.5201832236
2013-04-06 13:00:00,0.3424731771
2013-04-06 14:00:00,0.1469995373
2013-04-06 15:00:00,0.0000000000
2013-04-06 16:00:00,0.0000000000
2013-04-06 17:00:00,0.0000000000
2013-04-06 18:00:00,0.0000000000
2013-04-06 19:00:00,0.0000000000
2013-04-06 20:00:00,0.0000000000
2013-04-06 21:00:00,0.0000000000
2013-04-06 22:00:00,0.0000000000
2013-04-06 23:00:00,0.0000000000
2013-04-07 00:00:00,0.0000000000
2013-04-07 01:00:00,0.0000000000
2013-04-07 02:00:00,0.0000000000
2013-04-07 03:00:00,0.0291496487
2013-04-07 04:00:00,0.2023298638
2013-04-07 05:00:00,0.3781767266
2013-04-07 06:00:00,0.5269767241
2013-04-07 07:00:00,0.6066389119
2013-04-07 08:00:00,0.6831835645
2013-04-07 09:00:00,0.7037119464
2013-04-07 10:00:00,0.6403537578
2013-04-07 11:00:00,0.5408312256
2013-04-07 12:00:00,0.3383280819
2013-04-07 13:00:00,0.2244906179
2013-04-07 14:00:00,0.1000032896
2013-04-07 15:00:00,0.0000000000
2013-04-07 16:00:00,0.0000000000
2013-04-07 17:00:00,0.0000000000
2013-04-07 18:00:00,0.0000000000
2013-04-07 19:00:00,0.0000000000
2013-04-07 20:00:00,0.0000000000
2013-04-07 21:00:00,0.0000000000
2013-04-07 22:00:00,0.0000000000
2013-04-07 23:00:00,0.0000000000
2013-04-08 00:00:00,0.0000000000
2013-04-08 01:00:00,0.0000000000
2013-04-08 02:00:00,0.0000000000
2013-04-08 03:00:00,0.0303652948
2013-04-08 04:00:00,0.1983197901
2013-04-08 05:00:00,0.3797908427
2013-04-08 06:00:00,0.5617214784
2013-04-08 07:00:00,0.6801729072
2013-04-08 08:00:00,0.7302248501
2013-04-08 09:00:00,0.7492234479
2013-04-08 10:00:00,0.7140894063
2013-04-08 11:00:00,0.6335603746
2013-04-08 12:00:00,0.5082310184
2013-04-08 13:00:00,0.3355079212
2013-04-08 14:00:00,0.1447258562
2013-04-08 15:00:00,0.0000000000
2013-04-08 16:00:00,0.0000000000
2013-04-08 17:00:00,0.0000000000
2013-04-08 18:00:00,0.0000000000
2013-04-08 19:00:00,0.0000000000
2013-04-08 20:00:00,0.0000000000
2013-04-08 21:00:00,0.0000000000
2013-04-08 22:00:00,0.0000000000
2013-04-08 23:00:00,0.0000000000
2013-04-09 00:00:00,0.0000000000
2013-04-09 01:00:00,0.0000000000
2013-04-09 02:00:00,0.0000000000
2013-04-09 03:00:00,0.0322910863
2013-04-09 04:00:00,0.2066671486
2013-04-09 05:00:00,0.3966007123
2013-04-09 06:00:00,0.5629346116
2013-04-09 07:00:00,0.6793016595
2013-04-09 08:00:00,0.7361778166
2013-04-09 09:00:00,0.7534042956
2013-04-09 10:00:00,0.7190815300
2013-04-09 11:00:00,0.6392392942
2013-04-09 12:00:00,0.5101856151
2013-04-09 13:00:00,0.3370016255
2013-04-09 14:00:00,0.1457441762
2013-04-09 15:00:00,0.0000000000
2013-04-09 16:00:00,0.0000000000
2013-04-09 17:00:00,0.0000000000
2013-04-09 18:00:00,0.0000000000
2013-04-09 19:00:00,0.0000000000
2013-04-09 20:00:00,0.0000000000
2013-04-09 21:00:00,0.0000000000
2013-04-09 22:00:00,0.0000000000
2013-04-09 23:00:00,0.0000000000
2013-04-10 00:00:00,0.0000000000
2013-04-10 01:00:00,0.0000000000
2013-04-10 02:00:00,0.0000000000
2013-04-10 03:00:00,0.0342339305
2013-04-10 04:00:00,0.1961463500
2013-04-10 05:00:00,0.3869025293
2013-04-10 06:00:00,0.5394800629
2013-04-10 07:00:00,0.6632670574
2013-04-10 08:00:00,0.7065039528
2013-04-10 09:00:00,0.6746935100
2013-04-10 10:00:00,0.6195285449
2013-04-10 11:00:00,0.4948053958
2013-04-10 12:00:00,0.3104237902
2013-04-10 13:00:00,0.1408553940
2013-04-10 14:00:00,0.0614822034
2013-04-10 15:00:00,0.0000000000
2013-04-10 16:00:00,0.0000000000
2013-04-10 17:00:00,0.0000000000
2013-04-10 18:00:00,0.0000000000
2013-04-10 19:00:00,0.0000000000
2013-04-10 20:00:00,0.0000000000
2013-04-10 21:00:00,0.0000000000
2013-04-10 22:00:00,0.0000000000
2013-04-10 23:00:00,0.0000000000
2013-04-11 00:00:00,0.0000000000
2013-04-11 01:00:00,0.0000000000
2013-04-11 02:00:00,0.0000000000
2013-04-11 03:00:00,0.0350141870
2013-04-11 04:00:00,0.1698383624
2013-04-11 05:00:00,0.2530537765
2013-04-11 06:00:00,0.3937055733
2013-04-11 07:00:00,0.6303156111
2013-04-11 08:00:00,0.6684981609
2013-04-11 09:00:00,0.6087602373
2013-04-11 10:00:00,0.5648484354
2013-04-11 11:00:00,0.3845811606
2013-04-11 12:00:00,0.2391416209
2013-04-11 13:00:00,0.1945871668
2013-04-11 14:00:00,0.0681221334
2013-04-11 15:00:00,0.0000000000
2013-04-11 16:00:00,0.0000000000
2013-04-11 17:00:00,0.0000000000
2013-04-11 18:00:00,0.0000000000
2013-04-11 19:00:00,0.0000000000
2013-04-11 20:00:00,0.0000000000
2013-04-11 21:00:00,0.0000000000
2013-04-11 22:00:00,0.0000000000
2013-04-11 23:00:00,0.0000000000
2013-04-12 00:00:00,0.0000000000
2013-04-12 01:00:00,0.0000000000
2013-04-12 02:00:00,0.0000000000
2013-04-12 03:00:00,0.0214309250
2013-04-12 04:00:00,0.1236372786
2013-04-12 05:00:00,0.2771649844
2013-04-12 06:00:00,0.4553451591
2013-04-12 07:00:00,0.5585591512
2013-04-12 08:00:00,0.6863492559
2013-04-12 09:00:00,0.6763041632
2013-04-12 10:00:00,0.6423129083
2013-04-12 11:00:00,0.4804342122
2013-04-12 12:00:00,0.3409543641
2013-04-12 13:00:00,0.2524316201
2013-04-12 14:00:00,0.1124967271
2013-04-12 15:00:00,0.0000000000
2013-04-12 16:00:00,0.0000000000
2013-04-12 17:00:00,0.0000000000
2013-04-12 18:00:00,0.0000000000
2013-04-12 19:00:00,0.0000000000
2013-04-12 20:00:00,0.0000000000
2013-04-12 21:00:00,0.0000000000
2013-04-12 22:00:00,0.0000000000
2013-04-12 23:00:00,0.0000000000
2013-04-13 00:00:00,0.0000000000
2013-04-13 01:00:00,0.0000000000
2013-04-13 02:00:00,0.0000000000
2013-04-13 03:00:00,0.0301575287
2013-04-13 04:00:00,0.1663818971
2013-04-13 05:00:00,0.3177254008
2013-04-13 06:00:00,0.4550359760
2013-04-13 07:00:00,0.6673990245
2013-04-13 08:00:00,0.7251819328
2013-04-13 09:00:00,0.7164974198
2013-04-13 10:00:00,0.6564532166
2013-04-13 11:00:00,0.5990122465
2013-04-13 12:00:00,0.4265391687
2013-04-13 13:00:00,0.2571140585
2013-04-13 14:00:00,0.0796554568
2013-04-13 15:00:00,0.0128034338
2013-04-13 16:00:00,0.0000000000
2013-04-13 17:00:00,0.0000000000
2013-04-13 18:00:00,0.0000000000
2013-04-13 19:00:00,0.0000000000
2013-04-13 20:00:00,0.0000000000
2013-04-13 21:00:00,0.0000000000
2013-04-13 22:00:00,0.0000000000
2013-04-13 23:00:00,0.0000000000
2013-04-14 00:00:00,0.0000000000
2013-04-14 01:00:00,0.0000000000
2013-04-14 02:00:00,0.0000000000
2013-04-14 03:00:00,0.0401093508
2013-04-14 04:00:00,0.2053553080
2013-04-14 05:00:00,0.4037385077
2013-04-14 06:00:00,0.5757840697
2013-04-14 07:00:00,0.7076489071
2013-04-14 08:00:00,0.7750613960
2013-04-14 09:00:00,0.7894361997
2013-04-14 10:00:00,0.7555603795
2013-04-14 11:00:00,0.6730798824
2013-04-14 12:00:00,0.5365742381
2013-04-14 13:00:00,0.3541978969
2013-04-14 14:00:00,0.1550532325
2013-04-14 15:00:00,0.0121878949
2013-04-14 16:00:00,0.0000000000
2013-04-14 17:00:00,0.0000000000
2013-04-14 18:00:00,0.0000000000
2013-04-14 19:00:00,0.0000000000
2013-04-14 20:00:00,0.0000000000
2013-04-14 21:00:00,0.0000000000
2013-04-14 22:00:00,0.0000000000
2013-04-14 23:00:00,0.0000000000
2013-04-15 00:00:00,0.0000000000
2013-04-15 01:00:00,0.0000000000
2013-04-15 02:00:00,0.0000000000
2013-04-15 03:00:00,0.0450495663
2013-04-15 04:00:00,0.2068320310
2013-04-15 05:00:00,0.4048296746
2013-04-15 06:00:00,0.5647850613
2013-04-15 07:00:00,0.6792169866
2013-04-15 08:00:00,0.7024574689
2013-04-15 09:00:00,0.6848114702
2013-04-15 10:00:00,0.6715271624
2013-04-15 11:00:00,0.5868549595
2013-04-15 12:00:00,0.4618208933
2013-04-15 13:00:00,0.1959590633
2013-04-15 14:00:00,0.1263310335
2013-04-15 15:00:00,0.0000000000
2013-04-15 16:00:00,0.0000000000
2013-04-15 17:00:00,0.0000000000
2013-04-15 18:00:00,0.0000000000
2013-04-15 19:00:00,0.0000000000
2013-04-15 20:00:00,0.0000000000
2013-04-15 21:00:00,0.0000000000
2013-04-15 22:00:00,0.0000000000
2013-04-15 23:00:00,0.0000000000
2013-04-16 00:00:00,0.0000000000
2013-04-16 01:00:00,0.0000000000
2013-04-16 02:00:00,0.0000000000
2013-04-16 03:00:00,0.0436441606
2013-04-16 04:00:00,0.2186022660
2013-04-16 05:00:00,0.4187393305
2013-04-16 06:00:00,0.6086527754
2013-04-16 07:00:00,0.7324913228
2013-04-16 08:00:00,0.7981365331
2013-04-16 09:00:00,0.8050229781
2013-04-16 10:00:00,0.7666505016
2013-04-16 11:00:00,0.6713425031
2013-04-16 12:00:00,0.5371225710
2013-04-16 13:00:00,0.3569704463
2013-04-16 14:00:00,0.1614776317
2013-04-16 15:00:00,0.0143784049
2013-04-16 16:00:00,0.0000000000
2013-04-16 17:00:00,0.0000000000
2013-04-16 18:00:00,0.0000000000
2013-04-16 19:00:00,0.0000000000
2013-04-16 20:00:00,0.0000000000
2013-04-16 21:00:00,0.0000000000
2013-04-16 22:00:00,0.0000000000
2013-04-16 23:00:00,0.0000000000
2013-04-17 00:00:00,0.0000000000
2013-04-17 01:00:00,0.0000000000
2013-04-17 02:00:00,0.0000000000
2013-04-17 03:00:00,0.0484240222
2013-04-17 04:00:00,0.1589353173
2013-04-17 05:00:00,0.2362673811
2013-04-17 06:00:00,0.3614298215
2013-04-17 07:00:00,0.3604865348
2013-04-17 08:00:00,0.4310576636
2013-04-17 09:00:00,0.6319380373
2013-04-17 10:00:00,0.7296823237
2013-04-17 11:00:00,0.6645973160
2013-04-17 12:00:00,0.5079147014
2013-04-17 13:00:00,0.3453067163
2013-04-17 14:00:00,0.1540211698
2013-04-17 15:00:00,0.0147397091
2013-04-17 16:00:00,0.0000000000
2013-04-17 17:00:00,0.0000000000
2013-04-17 18:00:00,0.0000000000
2013-04-17 19:00:00,0.0000000000
2013-04-17 20:00:00,0.0000000000
2013-04-17 21:00:00,0.0000000000
2013-04-17 22:00:00,0.0000000000
2013-04-17 23:00:00,0.0000000000
2013-04-18 00:00:00,0.0000000000
2013-04-18 01:00:00,0.0000000000
2013-04-18 02:00:00,0.0000000000
2013-04-18 03:00:00,0.0469247017
2013-04-18 04:00:00,0.2155587207
2013-04-18 05:00:00,0.3872757750
2013-04-18 06:00:00,0.5392025440
2013-04-18 07:00:00,0.6600808724
2013-04-18 08:00:00,0.6584666168
2013-04-18 09:00:00,0.6534588443
2013-04-18 10:00:00,0.6455083268
2013-04-18 11:00:00,0.5738334935
2013-04-18 12:00:00,0.3789697518
2013-04-18 13:00:00,0.2011682661
2013-04-18 14:00:00,0.0659111696
2013-04-18 15:00:00,0.0000000000
2013-04-18 16:00:00,0.0000000000
2013-04-18 17:00:00,0.0000000000
2013-04-18 18:00:00,0.0000000000
2013-04-18 19:00:00,0.0000000000
2013-04-18 20:00:00,0.0000000000
2013-04-18 21:00:00,0.0000000000
2013-04-18 22:00:00,0.0000000000
2013-04-18 23:00:00,0.0000000000
2013-04-19 00:00:00,0.0000000000
2013-04-19 01:00:00,0.0000000000
2013-04-19 02:00:00,0.0000000000
2013-04-19 03:00:00,0.0101550813
2013-04-19 04:00:00,0.0438525763
2013-04-19 05:00:00,0.0863820996
2013-04-19 06:00:00,0.1399416761
2013-04-19 07:00:00,0.1939187429
2013-04-19 08:00:00,0.2270970571
2013-04-19 09:00:00,0.2063724338
2013-04-19 10:00:00,0.1694004171
2013-04-19 11:00:00,0.1487908165
2013-04-19 12:00:00,0.1044636050
2013-04-19 13:00:00,0.0784944422
2013-04-19 14:00:00,0.0261661199
2013-04-19 15:00:00,0.0000000000
2013-04-19 16:00:00,0.0000000000
2013-04-19 17:00:00,0.0000000000
2013-04-19 18:00:00,0.0000000000
2013-04-19 19:00:00,0.0000000000
2013-04-19 20:00:00,0.0000000000
2013-04-19 21:00:00,0.0000000000
2013-04-19 22:00:00,0.0000000000
2013-04-19 23:00:00,0.0000000000
2013-04-20 00:00:00,0.0000000000
2013-04-20 01:00:00,0.0000000000
2013-04-20 02:00:00,0.0000000000
2013-04-20 03:00:00,0.0365705364
2013-04-20 04:00:00,0.1575006571
2013-04-20 05:00:00,0.2554353711
2013-04-20 06:00:00,0.4654423489
2013-04-20 07:00:00,0.6456121983
2013-04-20 08:00:00,0.7099645777
2013-04-20 09:00:00,0.7227484254
2013-04-20 10:00:00,0.6382133645
2013-04-20 11:00:00,0.6376728709
2013-04-20 12:00:00,0.5029441675
2013-04-20 13:00:00,0.3305180834
2013-04-20 14:00:00,0.1468127518
2013-04-20 15:00:00,0.0191992780
2013-04-20 16:00:00,0.0000000000
2013-04-20 17:00:00,0.0000000000
2013-04-20 18:00:00,0.0000000000
2013-04-20 19:00:00,0.0000000000
2013-04-20 20:00:00,0.0000000000
2013-04-20 21:00:00,0.0000000000
2013-04-20 22:00:00,0.0000000000
2013-04-20 23:00:00,0.0000000000
2013-04-21 00:00:00,0.0000000000
2013-04-21 01:00:00,0.0000000000
2013-04-21 02:00:00,0.0000000000
2013-04-21 03:00:00,0.0470432175
2013-04-21 04:00:00,0.2040916948
2013-04-21 05:00:00,0.3688831637
2013-04-21 06:00:00,0.5205165388
2013-04-21 07:00:00,0.6576386953
2013-04-21 08:00:00,0.7299510064
2013-04-21 09:00:00,0.7150760138
2013-04-21 10:00:00,0.6784800765
2013-04-21 11:00:00,0.6046918300
2013-04-21 12:00:00,0.4969012844
2013-04-21 13:00:00,0.3258974540
2013-04-21 14:00:00,0.1470404235
2013-04-21 15:00:00,0.0177505825
2013-04-21 16:00:00,0.0000000000
2013-04-21 17:00:00,0.0000000000
2013-04-21 18:00:00,0.0000000000
2013-04-21 19:00:00,0.0000000000
2013-04-21 20:00:00,0.0000000000
2013-04-21 21:00:00,0.0000000000
2013-04-21 22:00:00,0.0000000000
2013-04-21 23:00:00,0.0000000000
2013-04-22 00:00:00,0.0000000000
2013-04-22 01:00:00,0.0000000000
2013-04-22 02:00:00,0.0000000000
2013-04-22 03:00:00,0.0133825956
2013-04-22 04:00:00,0.0730690975
2013-04-22 05:00:00,0.1429480914
2013-04-22 06:00:00,0.2919166769
2013-04-22 07:00:00,0.3963147412
2013-04-22 08:00:00,0.5204361909
2013-04-22 09:00:00,0.6045581785
2013-04-22 10:00:00,0.5519447063
2013-04-22 11:00:00,0.2222081824
2013-04-22 12:00:00,0.0703956060
2013-04-22 13:00:00,0.0687841226
2013-04-22 14:00:00,0.0491890261
2013-04-22 15:00:00,0.0000000000
2013-04-22 16:00:00,0.0000000000
2013-04-22 17:00:00,0.0000000000
2013-04-22 18:00:00,0.0000000000
2013-04-22 19:00:00,0.0000000000
2013-04-22 20:00:00,0.0000000000
2013-04-22 21:00:00,0.0000000000
2013-04-22 22:00:00,0.0000000000
2013-04-22 23:00:00,0.0000000000
2013-04-23 00:00:00,0.0000000000
2013-04-23 01:00:00,0.0000000000
2013-04-23 02:00:00,0.0000000000
2013-04-23 03:00:00,0.0295875435
2013-04-23 04:00:00,0.1439180628
2013-04-23 05:00:00,0.1931757721
2013-04-23 06:00:00,0.2693292829
2013-04-23 07:00:00,0.3200930880
2013-04-23 08:00:00,0.3426568785
2013-04-23 09:00:00,0.3497860485
2013-04-23 10:00:00,0.3020547073
2013-04-23 11:00:00,0.3148474384
2013-04-23 12:00:00,0.1870570871
2013-04-23 13:00:00,0.2026508824
2013-04-23 14:00:00,0.0911335742
2013-04-23 15:00:00,0.0148878879
2013-04-23 16:00:00,0.0000000000
2013-04-23 17:00:00,0.0000000000
2013-04-23 18:00:00,0.0000000000
2013-04-23 19:00:00,0.0000000000
2013-04-23 20:00:00,0.0000000000
2013-04-23 21:00:00,0.0000000000
2013-04-23 22:00:00,0.0000000000
2013-04-23 23:00:00,0.0000000000
2013-04-24 00:00:00,0.0000000000
2013-04-24 01:00:00,0.0000000000
2013-04-24 02:00:00,0.0000000000
2013-04-24 03:00:00,0.0593806496
2013-04-24 04:00:00,0.2168907402
2013-04-24 05:00:00,0.4164791290
2013-04-24 06:00:00,0.5824083448
2013-04-24 07:00:00,0.6801340170
2013-04-24 08:00:00,0.7277836557
2013-04-24 09:00:00,0.7678136094
2013-04-24 10:00:00,0.7027658064
2013-04-24 11:00:00,0.4884531367
2013-04-24 12:00:00,0.2560146309
2013-04-24 13:00:00,0.1065064520
2013-04-24 14:00:00,0.1038464180
2013-04-24 15:00:00,0.0155422894
2013-04-24 16:00:00,0.0000000000
2013-04-24 17:00:00,0.0000000000
2013-04-24 18:00:00,0.0000000000
2013-04-24 19:00:00,0.0000000000
2013-04-24 20:00:00,0.0000000000
2013-04-24 21:00:00,0.0000000000
2013-04-24 22:00:00,0.0000000000
2013-04-24 23:00:00,0.0000000000
2013-04-25 00:00:00,0.0000000000
2013-04-25 01:00:00,0.0000000000
2013-04-25 02:00:00,0.0000000000
2013-04-25 03:00:00,0.0567751570
2013-04-25 04:00:00,0.2237645679
2013-04-25 05:00:00,0.4275075156
2013-04-25 06:00:00,0.5837804968
2013-04-25 07:00:00,0.6933868930
2013-04-25 08:00:00,0.7011637373
2013-04-25 09:00:00,0.6811614966
2013-04-25 10:00:00,0.4996588208
2013-04-25 11:00:00,0.2019266731
2013-04-25 12:00:00,0.1975129080
2013-04-25 13:00:00,0.2381858306
2013-04-25 14:00:00,0.1229147710
2013-04-25 15:00:00,0.0138033369
2013-04-25 16:00:00,0.0000000000
2013-04-25 17:00:00,0.0000000000
2013-04-25 18:00:00,0.0000000000
2013-04-25 19:00:00,0.0000000000
2013-04-25 20:00:00,0.0000000000
2013-04-25 21:00:00,0.0000000000
2013-04-25 22:00:00,0.0000000000
2013-04-25 23:00:00,0.0000000000
2013-04-26 00:00:00,0.0000000000
2013-04-26 01:00:00,0.0000000000
2013-04-26 02:00:00,0.0000000000
2013-04-26 03:00:00,0.0629266403
2013-04-26 04:00:00,0.2016940421
2013-04-26 05:00:00,0.4019775042
2013-04-26 06:00:00,0.4911324032
2013-04-26 07:00:00,0.3591571180
2013-04-26 08:00:00,0.4737007199
2013-04-26 09:00:00,0.2092162098
2013-04-26 10:00:00,0.2029472807
2013-04-26 11:00:00,0.2898633520
2013-04-26 12:00:00,0.4090181999
2013-04-26 13:00:00,0.2525174464
2013-04-26 14:00:00,0.1381654884
2013-04-26 15:00:00,0.0254322087
2013-04-26 16:00:00,0.0000000000
2013-04-26 17:00:00,0.0000000000
2013-04-26 18:00:00,0.0000000000
2013-04-26 19:00:00,0.0000000000
2013-04-26 20:00:00,0.0000000000
2013-04-26 21:00:00,0.0000000000
2013-04-26 22:00:00,0.0000000000
2013-04-26 23:00:00,0.0000000000
2013-04-27 00:00:00,0.0000000000
2013-04-27 01:00:00,0.0000000000
2013-04-27 02:00:00,0.0000000000
2013-04-27 03:00:00,0.0655496134
2013-04-27 04:00:00,0.2408590794
2013-04-27 05:00:00,0.4303207012
2013-04-27 06:00:00,0.5884107805
2013-04-27 07:00:00,0.5929688438
2013-04-27 08:00:00,0.5979010793
2013-04-27 09:00:00,0.6572974659
2013-04-27 10:00:00,0.6921773383
2013-04-27 11:00:00,0.5835876165
2013-04-27 12:00:00,0.4713565283
2013-04-27 13:00:00,0.2897734030
2013-04-27 14:00:00,0.1385191995
2013-04-27 15:00:00,0.0222428618
2013-04-27 16:00:00,0.0000000000
2013-04-27 17:00:00,0.0000000000
2013-04-27 18:00:00,0.0000000000
2013-04-27 19:00:00,0.0000000000
2013-04-27 20:00:00,0.0000000000
2013-04-27 21:00:00,0.0000000000
2013-04-27 22:00:00,0.0000000000
2013-04-27 23:00:00,0.0000000000
2013-04-28 00:00:00,0.0000000000
2013-04-28 01:00:00,0.0000000000
2013-04-28 02:00:00,0.0000000000
2013-04-28 03:00:00,0.0701891209
2013-04-28 04:00:00,0.2294447066
2013-04-28 05:00:00,0.4082296780
2013-04-28 06:00:00,0.5490420483
2013-04-28 07:00:00,0.6407159756
2013-04-28 08:00:00,0.6626016907
2013-04-28 09:00:00,0.7284978891
2013-04-28 10:00:00,0.7186274938
2013-04-28 11:00:00,0.6344061756
2013-04-28 12:00:00,0.5030404413
2013-04-28 13:00:00,0.3337231166
2013-04-28 14:00:00,0.1537908937
2013-04-28 15:00:00,0.0259639193
2013-04-28 16:00:00,0.0000000000
2013-04-28 17:00:00,0.0000000000
2013-04-28 18:00:00,0.0000000000
2013-04-28 19:00:00,0.0000000000
2013-04-28 20:00:00,0.0000000000
2013-04-28 21:00:00,0.0000000000
2013-04-28 22:00:00,0.0000000000
2013-04-28 23:00:00,0.0000000000
2013-04-29 00:00:00,0.0000000000
2013-04-29 01:00:00,0.0000000000
2013-04-29 02:00:00,0.0000000000
2013-04-29 03:00:00,0.0692765545
2013-04-29 04:00:00,0.2386218710
2013-04-29 05:00:00,0.4123772054
2013-04-29 06:00:00,0.5671771882
2013-04-29 07:00:00,0.6800199477
2013-04-29 08:00:00,0.7317928691
2013-04-29 09:00:00,0.7455746139
2013-04-29 10:00:00,0.7054272089
2013-04-29 11:00:00,0.6233687029
2013-04-29 12:00:00,0.4953266284
2013-04-29 13:00:00,0.3298738538
2013-04-29 14:00:00,0.1537379925
2013-04-29 15:00:00,0.0247249404
2013-04-29 16:00:00,0.0000000000
2013-04-29 17:00:00,0.0000000000
2013-04-29 18:00:00,0.0000000000
2013-04-29 19:00:00,0.0000000000
2013-04-29 20:00:00,0.0000000000
2013-04-29 21:00:00,0.0000000000
2013-04-29 22:00:00,0.0000000000
2013-04-29 23:00:00,0.0000000000
2013-04-30 00:00:00,0.0000000000
2013-04-30 01:00:00,0.0000000000
2013-04-30 02:00:00,0.0000000000
2013-04-30 03:00:00,0.0712849157
2013-04-30 04:00:00,0.2402020913
2013-04-30 05:00:00,0.4103867679
2013-04-30 06:00:00,0.5619385074
2013-04-30 07:00:00,0.6707084474
2013-04-30 08:00:00,0.7193326876
2013-04-30 09:00:00,0.7322536498
2013-04-30 10:00:00,0.6943353780
2013-04-30 11:00:00,0.6120301883
2013-04-30 12:00:00,0.4867941492
2013-04-30 13:00:00,0.3259145521
2013-04-30 14:00:00,0.1524935830
2013-04-30 15:00:00,0.0251202325
2013-04-30 16:00:00,0.0000000000
2013-04-30 17:00:00,0.0000000000
2013-04-30 18:00:00,0.0000000000
2013-04-30 19:00:00,0.0000000000
2013-04-30 20:00:00,0.0000000000
2013-04-30 21:00:00,0.0000000000
2013-04-30 22:00:00,0.0000000000
2013-04-30 23:00:00,0.0000000000
2013-05-01 00:00:00,0.0000000000
2013-05-01 01:00:00,0.0000000000
2013-05-01 02:00:00,0.0000000000
2013-05-01 03:00:00,0.0709781390
2013-05-01 04:00:00,0.2352990149
2013-05-01 05:00:00,0.4042421066
2013-05-01 06:00:00,0.5469508504
2013-05-01 07:00:00,0.6540535505
2013-05-01 08:00:00,0.7047575744
2013-05-01 09:00:00,0.7188913368
2013-05-01 10:00:00,0.6852373929
2013-05-01 11:00:00,0.6066666385
2013-05-01 12:00:00,0.4806564163
2013-05-01 13:00:00,0.3221146354
2013-05-01 14:00:00,0.1508784362
2013-05-01 15:00:00,0.0256066549
2013-05-01 16:00:00,0.0000000000
2013-05-01 17:00:00,0.0000000000
2013-05-01 18:00:00,0.0000000000
2013-05-01 19:00:00,0.0000000000
2013-05-01 20:00:00,0.0000000000
2013-05-01 21:00:00,0.0000000000
2013-05-01 22:00:00,0.0000000000
2013-05-01 23:00:00,0.0000000000
2013-05-02 00:00:00,0.0000000000
2013-05-02 01:00:00,0.0000000000
2013-05-02 02:00:00,0.0000000000
2013-05-02 03:00:00,0.0720634596
2013-05-02 04:00:00,0.2360348907
2013-05-02 05:00:00,0.4016649305
2013-05-02 06:00:00,0.5483190480
2013-05-02 07:00:00,0.6538320513
2013-05-02 08:00:00,0.7027373095
2013-05-02 09:00:00,0.7157903746
2013-05-02 10:00:00,0.6792374204
2013-05-02 11:00:00,0.5993893947
2013-05-02 12:00:00,0.4811439554
2013-05-02 13:00:00,0.3204271714
2013-05-02 14:00:00,0.1512616633
2013-05-02 15:00:00,0.0264411307
2013-05-02 16:00:00,0.0000000000
2013-05-02 17:00:00,0.0000000000
2013-05-02 18:00:00,0.0000000000
2013-05-02 19:00:00,0.0000000000
2013-05-02 20:00:00,0.0000000000
2013-05-02 21:00:00,0.0000000000
2013-05-02 22:00:00,0.0000000000
2013-05-02 23:00:00,0.0000000000
2013-05-03 00:00:00,0.0000000000
2013-05-03 01:00:00,0.0000000000
2013-05-03 02:00:00,0.0000000000
2013-05-03 03:00:00,0.0724725902
2013-05-03 04:00:00,0.2331074510
2013-05-03 05:00:00,0.3964455733
2013-05-03 06:00:00,0.5426225267
2013-05-03 07:00:00,0.6429827556
2013-05-03 08:00:00,0.6957470986
2013-05-03 09:00:00,0.7103268250
2013-05-03 10:00:00,0.6439111761
2013-05-03 11:00:00,0.4761277462
2013-05-03 12:00:00,0.3694433752
2013-05-03 13:00:00,0.2335676832
2013-05-03 14:00:00,0.1005636188
2013-05-03 15:00:00,0.0227188467
2013-05-03 16:00:00,0.0000000000
2013-05-03 17:00:00,0.0000000000
2013-05-03 18:00:00,0.0000000000
2013-05-03 19:00:00,0.0000000000
2013-05-03 20:00:00,0.0000000000
2013-05-03 21:00:00,0.0000000000
2013-05-03 22:00:00,0.0000000000
2013-05-03 23:00:00,0.0000000000
2013-05-04 00:00:00,0.0000000000
2013-05-04 01:00:00,0.0000000000
2013-05-04 02:00:00,0.0000000000
2013-05-04 03:00:00,0.0695918607
2013-05-04 04:00:00,0.2274195078
2013-05-04 05:00:00,0.3968988678
2013-05-04 06:00:00,0.5391572553
2013-05-04 07:00:00,0.6412051737
2013-05-04 08:00:00,0.6943814778
2013-05-04 09:00:00,0.6662874319
2013-05-04 10:00:00,0.6556394976
2013-05-04 11:00:00,0.5895729478
2013-05-04 12:00:00,0.4711615225
2013-05-04 13:00:00,0.3089155606
2013-05-04 14:00:00,0.1508086338
2013-05-04 15:00:00,0.0280534608
2013-05-04 16:00:00,0.0000000000
2013-05-04 17:00:00,0.0000000000
2013-05-04 18:00:00,0.0000000000
2013-05-04 19:00:00,0.0000000000
2013-05-04 20:00:00,0.0000000000
2013-05-04 21:00:00,0.0000000000
2013-05-04 22:00:00,0.0000000000
2013-05-04 23:00:00,0.0000000000
2013-05-05 00:00:00,0.0000000000
2013-05-05 01:00:00,0.0000000000
2013-05-05 02:00:00,0.0000000000
2013-05-05 03:00:00,0.0778285541
2013-05-05 04:00:00,0.2441363359
2013-05-05 05:00:00,0.4147998265
2013-05-05 06:00:00,0.5666303793
2013-05-05 07:00:00,0.6721612664
2013-05-05 08:00:00,0.7230835222
2013-05-05 09:00:00,0.7370525555
2013-05-05 10:00:00,0.7025680566
2013-05-05 11:00:00,0.6233027838
2013-05-05 12:00:00,0.4984884993
2013-05-05 13:00:00,0.3360407345
2013-05-05 14:00:00,0.1625094503
2013-05-05 15:00:00,0.0310288572
2013-05-05 16:00:00,0.0000000000
2013-05-05 17:00:00,0.0000000000
2013-05-05 18:00:00,0.0000000000
2013-05-05 19:00:00,0.0000000000
2013-05-05 20:00:00,0.0000000000
2013-05-05 21:00:00,0.0000000000
2013-05-05 22:00:00,0.0000000000
2013-05-05 23:00:00,0.0000000000
2013-05-06 00:00:00,0.0000000000
2013-05-06 01:00:00,0.0000000000
2013-05-06 02:00:00,0.0000000000
2013-05-06 03:00:00,0.0827549729
2013-05-06 04:00:00,0.2528645736
2013-05-06 05:00:00,0.4253060225
2013-05-06 06:00:00,0.5705558908
2013-05-06 07:00:00,0.6755557876
2013-05-06 08:00:00,0.7244534937
2013-05-06 09:00:00,0.7357390700
2013-05-06 10:00:00,0.6980110290
2013-05-06 11:00:00,0.6183450319
2013-05-06 12:00:00,0.4942667467
2013-05-06 13:00:00,0.3333368691
2013-05-06 14:00:00,0.1617071243
2013-05-06 15:00:00,0.0316941861
2013-05-06 16:00:00,0.0000000000
2013-05-06 17:00:00,0.0000000000
2013-05-06 18:00:00,0.0000000000
2013-05-06 19:00:00,0.0000000000
2013-05-06 20:00:00,0.0000000000
2013-05-06 21:00:00,0.0000000000
2013-05-06 22:00:00,0.0000000000
2013-05-06 23:00:00,0.0000000000
2013-05-07 00:00:00,0.0000000000
2013-05-07 01:00:00,0.0000000000
2013-05-07 02:00:00,0.0000000000
2013-05-07 03:00:00,0.0812056092
2013-05-07 04:00:00,0.2459786822
2013-05-07 05:00:00,0.4096382862
2013-05-07 06:00:00,0.5559958780
2013-05-07 07:00:00,0.6592760185
2013-05-07 08:00:00,0.7062367123
2013-05-07 09:00:00,0.7175785162
2013-05-07 10:00:00,0.6819338855
2013-05-07 11:00:00,0.6043498312
2013-05-07 12:00:00,0.4828592565
2013-05-07 13:00:00,0.3254238771
2013-05-07 14:00:00,0.1582378075
2013-05-07 15:00:00,0.0314855506
2013-05-07 16:00:00,0.0000000000
2013-05-07 17:00:00,0.0000000000
2013-05-07 18:00:00,0.0000000000
2013-05-07 19:00:00,0.0000000000
2013-05-07 20:00:00,0.0000000000
2013-05-07 21:00:00,0.0000000000
2013-05-07 22:00:00,0.0000000000
2013-05-07 23:00:00,0.0000000000
2013-05-08 00:00:00,0.0000000000
2013-05-08 01:00:00,0.0000000000
2013-05-08 02:00:00,0.0000000000
2013-05-08 03:00:00,0.0749133903
2013-05-08 04:00:00,0.2010850136
2013-05-08 05:00:00,0.2894932430
2013-05-08 06:00:00,0.4109612715
2013-05-08 07:00:00,0.6526781278
2013-05-08 08:00:00,0.6661827892
2013-05-08 09:00:00,0.6043507612
2013-05-08 10:00:00,0.5213288231
2013-05-08 11:00:00,0.4347011193
2013-05-08 12:00:00,0.3890726065
2013-05-08 13:00:00,0.2769985354
2013-05-08 14:00:00,0.1387758281
2013-05-08 15:00:00,0.0347508789
2013-05-08 16:00:00,0.0000000000
2013-05-08 17:00:00,0.0000000000
2013-05-08 18:00:00,0.0000000000
2013-05-08 19:00:00,0.0000000000
2013-05-08 20:00:00,0.0000000000
2013-05-08 21:00:00,0.0000000000
2013-05-08 22:00:00,0.0000000000
2013-05-08 23:00:00,0.0000000000
2013-05-09 00:00:00,0.0000000000
2013-05-09 01:00:00,0.0000000000
2013-05-09 02:00:00,0.0000000000
2013-05-09 03:00:00,0.0414729356
2013-05-09 04:00:00,0.0953166909
2013-05-09 05:00:00,0.1473664232
2013-05-09 06:00:00,0.2926726067
2013-05-09 07:00:00,0.3379696857
2013-05-09 08:00:00,0.4627146781
2013-05-09 09:00:00,0.4741790019
2013-05-09 10:00:00,0.3157756358
2013-05-09 11:00:00,0.2467583022
2013-05-09 12:00:00,0.1386243539
2013-05-09 13:00:00,0.0791976308
2013-05-09 14:00:00,0.0396273721
2013-05-09 15:00:00,0.0000000000
2013-05-09 16:00:00,0.0000000000
2013-05-09 17:00:00,0.0000000000
2013-05-09 18:00:00,0.0000000000
2013-05-09 19:00:00,0.0000000000
2013-05-09 20:00:00,0.0000000000
2013-05-09 21:00:00,0.0000000000
2013-05-09 22:00:00,0.0000000000
2013-05-09 23:00:00,0.0000000000
2013-05-10 00:00:00,0.0000000000
2013-05-10 01:00:00,0.0000000000
2013-05-10 02:00:00,0.0000000000
2013-05-10 03:00:00,0.0289691825
2013-05-10 04:00:00,0.0622806902
2013-05-10 05:00:00,0.1302987157
2013-05-10 06:00:00,0.1355628597
2013-05-10 07:00:00,0.1907420075
2013-05-10 08:00:00,0.1617998044
2013-05-10 09:00:00,0.1390544722
2013-05-10 10:00:00,0.2230362691
2013-05-10 11:00:00,0.2866981628
2013-05-10 12:00:00,0.3726790242
2013-05-10 13:00:00,0.2607418016
2013-05-10 14:00:00,0.1190661907
2013-05-10 15:00:00,0.0277990252
2013-05-10 16:00:00,0.0000000000
2013-05-10 17:00:00,0.0000000000
2013-05-10 18:00:00,0.0000000000
2013-05-10 19:00:00,0.0000000000
2013-05-10 20:00:00,0.0000000000
2013-05-10 21:00:00,0.0000000000
2013-05-10 22:00:00,0.0000000000
2013-05-10 23:00:00,0.0000000000
2013-05-11 00:00:00,0.0000000000
2013-05-11 01:00:00,0.0000000000
2013-05-11 02:00:00,0.0000000000
2013-05-11 03:00:00,0.0773272554
2013-05-11 04:00:00,0.2180727425
2013-05-11 05:00:00,0.3560786525
2013-05-11 06:00:00,0.4421039570
2013-05-11 07:00:00,0.5377952450
2013-05-11 08:00:00,0.6175470513
2013-05-11 09:00:00,0.5986017128
2013-05-11 10:00:00,0.6297451825
2013-05-11 11:00:00,0.5536327952
2013-05-11 12:00:00,0.4500631797
2013-05-11 13:00:00,0.2961798630
2013-05-11 14:00:00,0.1398646520
2013-05-11 15:00:00,0.0307334456
2013-05-11 16:00:00,0.0000000000
2013-05-11 17:00:00,0.0000000000
2013-05-11 18:00:00,0.0000000000
2013-05-11 19:00:00,0.0000000000
2013-05-11 20:00:00,0.0000000000
2013-05-11 21:00:00,0.0000000000
2013-05-11 22:00:00,0.0000000000
2013-05-11 23:00:00,0.0000000000
2013-05-12 00:00:00,0.0000000000
2013-05-12 01:00:00,0.0000000000
2013-05-12 02:00:00,0.0101963733
2013-05-12 03:00:00,0.0830440351
2013-05-12 04:00:00,0.2383798178
2013-05-12 05:00:00,0.3982412579
2013-05-12 06:00:00,0.5438269270
2013-05-12 07:00:00,0.6487132536
2013-05-12 08:00:00,0.6946104638
2013-05-12 09:00:00,0.7054458368
2013-05-12 10:00:00,0.6718445687
2013-05-12 11:00:00,0.5911045543
2013-05-12 12:00:00,0.4670559436
2013-05-12 13:00:00,0.3159258749
2013-05-12 14:00:00,0.1545612289
2013-05-12 15:00:00,0.0384252353
2013-05-12 16:00:00,0.0000000000
2013-05-12 17:00:00,0.0000000000
2013-05-12 18:00:00,0.0000000000
2013-05-12 19:00:00,0.0000000000
2013-05-12 20:00:00,0.0000000000
2013-05-12 21:00:00,0.0000000000
2013-05-12 22:00:00,0.0000000000
2013-05-12 23:00:00,0.0000000000
2013-05-13 00:00:00,0.0000000000
2013-05-13 01:00:00,0.0000000000
2013-05-13 02:00:00,0.0106882599
2013-05-13 03:00:00,0.0830003618
2013-05-13 04:00:00,0.2228612258
2013-05-13 05:00:00,0.3645023757
2013-05-13 06:00:00,0.5161311808
2013-05-13 07:00:00,0.6262238621
2013-05-13 08:00:00,0.6810136901
2013-05-13 09:00:00,0.6938232716
2013-05-13 10:00:00,0.6607451427
2013-05-13 11:00:00,0.5857467143
2013-05-13 12:00:00,0.4684929600
2013-05-13 13:00:00,0.3146694158
2013-05-13 14:00:00,0.1539822166
2013-05-13 15:00:00,0.0363802098
2013-05-13 16:00:00,0.0000000000
2013-05-13 17:00:00,0.0000000000
2013-05-13 18:00:00,0.0000000000
2013-05-13 19:00:00,0.0000000000
2013-05-13 20:00:00,0.0000000000
2013-05-13 21:00:00,0.0000000000
2013-05-13 22:00:00,0.0000000000
2013-05-13 23:00:00,0.0000000000
2013-05-14 00:00:00,0.0000000000
2013-05-14 01:00:00,0.0000000000
2013-05-14 02:00:00,0.0000000000
2013-05-14 03:00:00,0.0581922783
2013-05-14 04:00:00,0.1963389277
2013-05-14 05:00:00,0.3317674608
2013-05-14 06:00:00,0.4852570473
2013-05-14 07:00:00,0.5845863830
2013-05-14 08:00:00,0.5866325555
2013-05-14 09:00:00,0.5438664477
2013-05-14 10:00:00,0.5075515327
2013-05-14 11:00:00,0.4202668379
2013-05-14 12:00:00,0.3037702410
2013-05-14 13:00:00,0.2037998427
2013-05-14 14:00:00,0.0875374823
2013-05-14 15:00:00,0.0264480302
2013-05-14 16:00:00,0.0000000000
2013-05-14 17:00:00,0.0000000000
2013-05-14 18:00:00,0.0000000000
2013-05-14 19:00:00,0.0000000000
2013-05-14 20:00:00,0.0000000000
2013-05-14 21:00:00,0.0000000000
2013-05-14 22:00:00,0.0000000000
2013-05-14 23:00:00,0.0000000000
2013-05-15 00:00:00,0.0000000000
2013-05-15 01:00:00,0.0000000000
2013-05-15 02:00:00,0.0000000000
2013-05-15 03:00:00,0.0708018147
2013-05-15 04:00:00,0.1999637024
2013-05-15 05:00:00,0.3644687950
2013-05-15 06:00:00,0.4944289434
2013-05-15 07:00:00,0.4358587376
2013-05-15 08:00:00,0.5203512995
2013-05-15 09:00:00,0.5062396387
2013-05-15 10:00:00,0.4166637290
2013-05-15 11:00:00,0.3141876333
2013-05-15 12:00:00,0.2813556912
2013-05-15 13:00:00,0.1271783837
2013-05-15 14:00:00,0.0950615051
2013-05-15 15:00:00,0.0252547480
2013-05-15 16:00:00,0.0000000000
2013-05-15 17:00:00,0.0000000000
2013-05-15 18:00:00,0.0000000000
2013-05-15 19:00:00,0.0000000000
2013-05-15 20:00:00,0.0000000000
2013-05-15 21:00:00,0.0000000000
2013-05-15 22:00:00,0.0000000000
2013-05-15 23:00:00,0.0000000000
2013-05-16 00:00:00,0.0000000000
2013-05-16 01:00:00,0.0000000000
2013-05-16 02:00:00,0.0100985372
2013-05-16 03:00:00,0.0728464919
2013-05-16 04:00:00,0.2227443652
2013-05-16 05:00:00,0.3770432535
2013-05-16 06:00:00,0.5135595848
2013-05-16 07:00:00,0.6092707353
2013-05-16 08:00:00,0.6550787880
2013-05-16 09:00:00,0.6617677091
2013-05-16 10:00:00,0.6289244572
2013-05-16 11:00:00,0.5071373613
2013-05-16 12:00:00,0.4039238070
2013-05-16 13:00:00,0.2405899992
2013-05-16 14:00:00,0.1184469627
2013-05-16 15:00:00,0.0329142254
2013-05-16 16:00:00,0.0000000000
2013-05-16 17:00:00,0.0000000000
2013-05-16 18:00:00,0.0000000000
2013-05-16 19:00:00,0.0000000000
2013-05-16 20:00:00,0.0000000000
2013-05-16 21:00:00,0.0000000000
2013-05-16 22:00:00,0.0000000000
2013-05-16 23:00:00,0.0000000000
2013-05-17 00:00:00,0.0000000000
2013-05-17 01:00:00,0.0000000000
2013-05-17 02:00:00,0.0000000000
2013-05-17 03:00:00,0.0107694898
2013-05-17 04:00:00,0.0588196503
2013-05-17 05:00:00,0.1016654616
2013-05-17 06:00:00,0.1877804037
2013-05-17 07:00:00,0.2024631573
2013-05-17 08:00:00,0.3605634538
2013-05-17 09:00:00,0.4151980465
2013-05-17 10:00:00,0.3851504950
2013-05-17 11:00:00,0.2498027680
2013-05-17 12:00:00,0.3070552372
2013-05-17 13:00:00,0.2299117254
2013-05-17 14:00:00,0.1121004611
2013-05-17 15:00:00,0.0331687335
2013-05-17 16:00:00,0.0000000000
2013-05-17 17:00:00,0.0000000000
2013-05-17 18:00:00,0.0000000000
2013-05-17 19:00:00,0.0000000000
2013-05-17 20:00:00,0.0000000000
2013-05-17 21:00:00,0.0000000000
2013-05-17 22:00:00,0.0000000000
2013-05-17 23:00:00,0.0000000000
2013-05-18 00:00:00,0.0000000000
2013-05-18 01:00:00,0.0000000000
2013-05-18 02:00:00,0.0127249532
2013-05-18 03:00:00,0.0808628211
2013-05-18 04:00:00,0.2307041905
2013-05-18 05:00:00,0.3907098792
2013-05-18 06:00:00,0.5291612149
2013-05-18 07:00:00,0.6271776476
2013-05-18 08:00:00,0.6776416865
2013-05-18 09:00:00,0.6855430627
2013-05-18 10:00:00,0.6585012079
2013-05-18 11:00:00,0.5773785495
2013-05-18 12:00:00,0.4185394482
2013-05-18 13:00:00,0.2694550961
2013-05-18 14:00:00,0.1126920148
2013-05-18 15:00:00,0.0174864636
2013-05-18 16:00:00,0.0000000000
2013-05-18 17:00:00,0.0000000000
2013-05-18 18:00:00,0.0000000000
2013-05-18 19:00:00,0.0000000000
2013-05-18 20:00:00,0.0000000000
2013-05-18 21:00:00,0.0000000000
2013-05-18 22:00:00,0.0000000000
2013-05-18 23:00:00,0.0000000000
2013-05-19 00:00:00,0.0000000000
2013-05-19 01:00:00,0.0000000000
2013-05-19 02:00:00,0.0112060787
2013-05-19 03:00:00,0.0761663832
2013-05-19 04:00:00,0.1801459202
2013-05-19 05:00:00,0.3102223435
2013-05-19 06:00:00,0.5164412424
2013-05-19 07:00:00,0.5904923995
2013-05-19 08:00:00,0.6447877025
2013-05-19 09:00:00,0.6629993801
2013-05-19 10:00:00,0.5505763206
2013-05-19 11:00:00,0.3976214449
2013-05-19 12:00:00,0.2936482913
2013-05-19 13:00:00,0.2287093971
2013-05-19 14:00:00,0.1434151007
2013-05-19 15:00:00,0.0384625799
2013-05-19 16:00:00,0.0000000000
2013-05-19 17:00:00,0.0000000000
2013-05-19 18:00:00,0.0000000000
2013-05-19 19:00:00,0.0000000000
2013-05-19 20:00:00,0.0000000000
2013-05-19 21:00:00,0.0000000000
2013-05-19 22:00:00,0.0000000000
2013-05-19 23:00:00,0.0000000000
2013-05-20 00:00:00,0.0000000000
2013-05-20 01:00:00,0.0000000000
2013-05-20 02:00:00,0.0141059779
2013-05-20 03:00:00,0.0925706266
2013-05-20 04:00:00,0.2556911591
2013-05-20 05:00:00,0.4345440390
2013-05-20 06:00:00,0.5831438609
2013-05-20 07:00:00,0.6894953837
2013-05-20 08:00:00,0.7425168586
2013-05-20 09:00:00,0.7540047246
2013-05-20 10:00:00,0.7155476447
2013-05-20 11:00:00,0.6340550668
2013-05-20 12:00:00,0.5082364411
2013-05-20 13:00:00,0.3473844138
2013-05-20 14:00:00,0.1764378114
2013-05-20 15:00:00,0.0452987511
2013-05-20 16:00:00,0.0000000000
2013-05-20 17:00:00,0.0000000000
2013-05-20 18:00:00,0.0000000000
2013-05-20 19:00:00,0.0000000000
2013-05-20 20:00:00,0.0000000000
2013-05-20 21:00:00,0.0000000000
2013-05-20 22:00:00,0.0000000000
2013-05-20 23:00:00,0.0000000000
2013-05-21 00:00:00,0.0000000000
2013-05-21 01:00:00,0.0000000000
2013-05-21 02:00:00,0.0167464326
2013-05-21 03:00:00,0.0972953113
2013-05-21 04:00:00,0.2598116013
2013-05-21 05:00:00,0.4219552191
2013-05-21 06:00:00,0.5681963227
2013-05-21 07:00:00,0.6734049058
2013-05-21 08:00:00,0.7247566150
2013-05-21 09:00:00,0.7368773634
2013-05-21 10:00:00,0.6996103262
2013-05-21 11:00:00,0.6202195113
2013-05-21 12:00:00,0.4975182267
2013-05-21 13:00:00,0.3401922291
2013-05-21 14:00:00,0.1733061914
2013-05-21 15:00:00,0.0443384225
2013-05-21 16:00:00,0.0000000000
2013-05-21 17:00:00,0.0000000000
2013-05-21 18:00:00,0.0000000000
2013-05-21 19:00:00,0.0000000000
2013-05-21 20:00:00,0.0000000000
2013-05-21 21:00:00,0.0000000000
2013-05-21 22:00:00,0.0000000000
2013-05-21 23:00:00,0.0000000000
2013-05-22 00:00:00,0.0000000000
2013-05-22 01:00:00,0.0000000000
2013-05-22 02:00:00,0.0175370893
2013-05-22 03:00:00,0.0978435197
2013-05-22 04:00:00,0.2353700126
2013-05-22 05:00:00,0.3607503069
2013-05-22 06:00:00,0.4593352907
2013-05-22 07:00:00,0.6069659274
2013-05-22 08:00:00,0.5703789881
2013-05-22 09:00:00,0.5108608037
2013-05-22 10:00:00,0.4597938507
2013-05-22 11:00:00,0.4108630334
2013-05-22 12:00:00,0.2697820802
2013-05-22 13:00:00,0.2017673943
2013-05-22 14:00:00,0.1298130463
2013-05-22 15:00:00,0.0428187986
2013-05-22 16:00:00,0.0000000000
2013-05-22 17:00:00,0.0000000000
2013-05-22 18:00:00,0.0000000000
2013-05-22 19:00:00,0.0000000000
2013-05-22 20:00:00,0.0000000000
2013-05-22 21:00:00,0.0000000000
2013-05-22 22:00:00,0.0000000000
2013-05-22 23:00:00,0.0000000000
2013-05-23 00:00:00,0.0000000000
2013-05-23 01:00:00,0.0000000000
2013-05-23 02:00:00,0.0167587997
2013-05-23 03:00:00,0.0926226677
2013-05-23 04:00:00,0.2480599161
2013-05-23 05:00:00,0.4041388820
2013-05-23 06:00:00,0.5408514040
2013-05-23 07:00:00,0.6312418303
2013-05-23 08:00:00,0.6651168504
2013-05-23 09:00:00,0.6871309466
2013-05-23 10:00:00,0.6575746336
2013-05-23 11:00:00,0.5863606109
2013-05-23 12:00:00,0.4602169163
2013-05-23 13:00:00,0.3189727801
2013-05-23 14:00:00,0.1544634735
2013-05-23 15:00:00,0.0414819744
2013-05-23 16:00:00,0.0000000000
2013-05-23 17:00:00,0.0000000000
2013-05-23 18:00:00,0.0000000000
2013-05-23 19:00:00,0.0000000000
2013-05-23 20:00:00,0.0000000000
2013-05-23 21:00:00,0.0000000000
2013-05-23 22:00:00,0.0000000000
2013-05-23 23:00:00,0.0000000000
2013-05-24 00:00:00,0.0000000000
2013-05-24 01:00:00,0.0000000000
2013-05-24 02:00:00,0.0164385524
2013-05-24 03:00:00,0.0911143964
2013-05-24 04:00:00,0.2421805873
2013-05-24 05:00:00,0.3947046759
2013-05-24 06:00:00,0.5325641717
2013-05-24 07:00:00,0.6346756203
2013-05-24 08:00:00,0.6820600354
2013-05-24 09:00:00,0.6947214931
2013-05-24 10:00:00,0.6618940058
2013-05-24 11:00:00,0.5878442327
2013-05-24 12:00:00,0.4725287818
2013-05-24 13:00:00,0.3243568007
2013-05-24 14:00:00,0.1670109991
2013-05-24 15:00:00,0.0436518280
2013-05-24 16:00:00,0.0000000000
2013-05-24 17:00:00,0.0000000000
2013-05-24 18:00:00,0.0000000000
2013-05-24 19:00:00,0.0000000000
2013-05-24 20:00:00,0.0000000000
2013-05-24 21:00:00,0.0000000000
2013-05-24 22:00:00,0.0000000000
2013-05-24 23:00:00,0.0000000000
2013-05-25 00:00:00,0.0000000000
2013-05-25 01:00:00,0.0000000000
2013-05-25 02:00:00,0.0169020078
2013-05-25 03:00:00,0.0908631705
2013-05-25 04:00:00,0.2412470551
2013-05-25 05:00:00,0.3941914941
2013-05-25 06:00:00,0.5316740050
2013-05-25 07:00:00,0.6305764961
2013-05-25 08:00:00,0.6736422068
2013-05-25 09:00:00,0.6852156540
2013-05-25 10:00:00,0.6520577823
2013-05-25 11:00:00,0.5784372770
2013-05-25 12:00:00,0.4643503968
2013-05-25 13:00:00,0.3179882187
2013-05-25 14:00:00,0.1635616760
2013-05-25 15:00:00,0.0432332237
2013-05-25 16:00:00,0.0000000000
2013-05-25 17:00:00,0.0000000000
2013-05-25 18:00:00,0.0000000000
2013-05-25 19:00:00,0.0000000000
2013-05-25 20:00:00,0.0000000000
2013-05-25 21:00:00,0.0000000000
2013-05-25 22:00:00,0.0000000000
2013-05-25 23:00:00,0.0000000000
2013-05-26 00:00:00,0.0000000000
2013-05-26 01:00:00,0.0000000000
2013-05-26 02:00:00,0.0179257153
2013-05-26 03:00:00,0.0945278830
2013-05-26 04:00:00,0.2504860756
2013-05-26 05:00:00,0.4086805460
2013-05-26 06:00:00,0.5469545260
2013-05-26 07:00:00,0.6451459363
2013-05-26 08:00:00,0.6955930845
2013-05-26 09:00:00,0.7074024915
2013-05-26 10:00:00,0.6715487069
2013-05-26 11:00:00,0.5976894621
2013-05-26 12:00:00,0.4824297919
2013-05-26 13:00:00,0.3333636737
2013-05-26 14:00:00,0.1739763866
2013-05-26 15:00:00,0.0466040476
2013-05-26 16:00:00,0.0000000000
2013-05-26 17:00:00,0.0000000000
2013-05-26 18:00:00,0.0000000000
2013-05-26 19:00:00,0.0000000000
2013-05-26 20:00:00,0.0000000000
2013-05-26 21:00:00,0.0000000000
2013-05-26 22:00:00,0.0000000000
2013-05-26 23:00:00,0.0000000000
2013-05-27 00:00:00,0.0000000000
2013-05-27 01:00:00,0.0000000000
2013-05-27 02:00:00,0.0194579924
2013-05-27 03:00:00,0.0929404258
2013-05-27 04:00:00,0.2453130485
2013-05-27 05:00:00,0.4035111469
2013-05-27 06:00:00,0.5396002440
2013-05-27 07:00:00,0.6382338902
2013-05-27 08:00:00,0.6851236110
2013-05-27 09:00:00,0.6963877401
2013-05-27 10:00:00,0.6566673658
2013-05-27 11:00:00,0.5787583678
2013-05-27 12:00:00,0.4557365051
2013-05-27 13:00:00,0.3197765104
2013-05-27 14:00:00,0.1680771008
2013-05-27 15:00:00,0.0465477638
2013-05-27 16:00:00,0.0000000000
2013-05-27 17:00:00,0.0000000000
2013-05-27 18:00:00,0.0000000000
2013-05-27 19:00:00,0.0000000000
2013-05-27 20:00:00,0.0000000000
2013-05-27 21:00:00,0.0000000000
2013-05-27 22:00:00,0.0000000000
2013-05-27 23:00:00,0.0000000000
2013-05-28 00:00:00,0.0000000000
2013-05-28 01:00:00,0.0000000000
2013-05-28 02:00:00,0.0201512742
2013-05-28 03:00:00,0.0800591925
2013-05-28 04:00:00,0.1794178639
2013-05-28 05:00:00,0.3361883300
2013-05-28 06:00:00,0.5223814597
2013-05-28 07:00:00,0.5636578639
2013-05-28 08:00:00,0.6093081037
2013-05-28 09:00:00,0.5903264629
2013-05-28 10:00:00,0.5764228995
2013-05-28 11:00:00,0.4728948057
2013-05-28 12:00:00,0.3686832891
2013-05-28 13:00:00,0.2565361573
2013-05-28 14:00:00,0.1561200684
2013-05-28 15:00:00,0.0482773119
2013-05-28 16:00:00,0.0000000000
2013-05-28 17:00:00,0.0000000000
2013-05-28 18:00:00,0.0000000000
2013-05-28 19:00:00,0.0000000000
2013-05-28 20:00:00,0.0000000000
2013-05-28 21:00:00,0.0000000000
2013-05-28 22:00:00,0.0000000000
2013-05-28 23:00:00,0.0000000000
2013-05-29 00:00:00,0.0000000000
2013-05-29 01:00:00,0.0000000000
2013-05-29 02:00:00,0.0000000000
2013-05-29 03:00:00,0.0392040039
2013-05-29 04:00:00,0.1523478740
2013-05-29 05:00:00,0.2504030423
2013-05-29 06:00:00,0.4235453380
2013-05-29 07:00:00,0.5536257737
2013-05-29 08:00:00,0.5622804271
2013-05-29 09:00:00,0.6567811618
2013-05-29 10:00:00,0.6192553673
2013-05-29 11:00:00,0.5555028319
2013-05-29 12:00:00,0.4331558858
2013-05-29 13:00:00,0.2697243140
2013-05-29 14:00:00,0.1260728350
2013-05-29 15:00:00,0.0301800644
2013-05-29 16:00:00,0.0000000000
2013-05-29 17:00:00,0.0000000000
2013-05-29 18:00:00,0.0000000000
2013-05-29 19:00:00,0.0000000000
2013-05-29 20:00:00,0.0000000000
2013-05-29 21:00:00,0.0000000000
2013-05-29 22:00:00,0.0000000000
2013-05-29 23:00:00,0.0000000000
2013-05-30 00:00:00,0.0000000000
2013-05-30 01:00:00,0.0000000000
2013-05-30 02:00:00,0.0101330082
2013-05-30 03:00:00,0.0467453958
2013-05-30 04:00:00,0.1628362252
2013-05-30 05:00:00,0.2654173974
2013-05-30 06:00:00,0.2980000768
2013-05-30 07:00:00,0.3822945450
2013-05-30 08:00:00,0.4366715775
2013-05-30 09:00:00,0.5070499194
2013-05-30 10:00:00,0.4914858976
2013-05-30 11:00:00,0.3499196916
2013-05-30 12:00:00,0.3666131209
2013-05-30 13:00:00,0.2941023651
2013-05-30 14:00:00,0.1653211014
2013-05-30 15:00:00,0.0463560190
2013-05-30 16:00:00,0.0000000000
2013-05-30 17:00:00,0.0000000000
2013-05-30 18:00:00,0.0000000000
2013-05-30 19:00:00,0.0000000000
2013-05-30 20:00:00,0.0000000000
2013-05-30 21:00:00,0.0000000000
2013-05-30 22:00:00,0.0000000000
2013-05-30 23:00:00,0.0000000000
2013-05-31 00:00:00,0.0000000000
2013-05-31 01:00:00,0.0000000000
2013-05-31 02:00:00,0.0182994432
2013-05-31 03:00:00,0.0902815270
2013-05-31 04:00:00,0.2335959944
2013-05-31 05:00:00,0.3836068127
2013-05-31 06:00:00,0.5250191860
2013-05-31 07:00:00,0.6248983942
2013-05-31 08:00:00,0.6723347203
2013-05-31 09:00:00,0.6839818730
2013-05-31 10:00:00,0.6455669999
2013-05-31 11:00:00,0.5735450614
2013-05-31 12:00:00,0.4383633429
2013-05-31 13:00:00,0.3099233951
2013-05-31 14:00:00,0.1660318027
2013-05-31 15:00:00,0.0456318725
2013-05-31 16:00:00,0.0000000000
2013-05-31 17:00:00,0.0000000000
2013-05-31 18:00:00,0.0000000000
2013-05-31 19:00:00,0.0000000000
2013-05-31 20:00:00,0.0000000000
2013-05-31 21:00:00,0.0000000000
2013-05-31 22:00:00,0.0000000000
2013-05-31 23:00:00,0.0000000000
2013-06-01 00:00:00,0.0000000000
2013-06-01 01:00:00,0.0000000000
2013-06-01 02:00:00,0.0188974644
2013-06-01 03:00:00,0.0916601913
2013-06-01 04:00:00,0.2398049257
2013-06-01 05:00:00,0.3905049060
2013-06-01 06:00:00,0.5233788793
2013-06-01 07:00:00,0.6238896826
2013-06-01 08:00:00,0.6698279039
2013-06-01 09:00:00,0.6842341384
2013-06-01 10:00:00,0.6531395924
2013-06-01 11:00:00,0.5813474767
2013-06-01 12:00:00,0.4688232590
2013-06-01 13:00:00,0.3221556080
2013-06-01 14:00:00,0.1699046822
2013-06-01 15:00:00,0.0474859683
2013-06-01 16:00:00,0.0000000000
2013-06-01 17:00:00,0.0000000000
2013-06-01 18:00:00,0.0000000000
2013-06-01 19:00:00,0.0000000000
2013-06-01 20:00:00,0.0000000000
2013-06-01 21:00:00,0.0000000000
2013-06-01 22:00:00,0.0000000000
2013-06-01 23:00:00,0.0000000000
2013-06-02 00:00:00,0.0000000000
2013-06-02 01:00:00,0.0000000000
2013-06-02 02:00:00,0.0192724799
2013-06-02 03:00:00,0.0920764818
2013-06-02 04:00:00,0.2401674537
2013-06-02 05:00:00,0.3925687064
2013-06-02 06:00:00,0.5246102343
2013-06-02 07:00:00,0.6235436709
2013-06-02 08:00:00,0.6734608911
2013-06-02 09:00:00,0.6850892302
2013-06-02 10:00:00,0.6514481457
2013-06-02 11:00:00,0.5766927420
2013-06-02 12:00:00,0.4602259606
2013-06-02 13:00:00,0.3235994950
2013-06-02 14:00:00,0.1696942872
2013-06-02 15:00:00,0.0479158151
2013-06-02 16:00:00,0.0000000000
2013-06-02 17:00:00,0.0000000000
2013-06-02 18:00:00,0.0000000000
2013-06-02 19:00:00,0.0000000000
2013-06-02 20:00:00,0.0000000000
2013-06-02 21:00:00,0.0000000000
2013-06-02 22:00:00,0.0000000000
2013-06-02 23:00:00,0.0000000000
2013-06-03 00:00:00,0.0000000000
2013-06-03 01:00:00,0.0000000000
2013-06-03 02:00:00,0.0191859179
2013-06-03 03:00:00,0.0893711938
2013-06-03 04:00:00,0.2365256029
2013-06-03 05:00:00,0.3870540406
2013-06-03 06:00:00,0.5179115522
2013-06-03 07:00:00,0.6170597257
2013-06-03 08:00:00,0.6702517357
2013-06-03 09:00:00,0.6773122882
2013-06-03 10:00:00,0.6451534878
2013-06-03 11:00:00,0.5748259289
2013-06-03 12:00:00,0.4635986435
2013-06-03 13:00:00,0.3201468283
2013-06-03 14:00:00,0.1697394215
2013-06-03 15:00:00,0.0478499785
2013-06-03 16:00:00,0.0000000000
2013-06-03 17:00:00,0.0000000000
2013-06-03 18:00:00,0.0000000000
2013-06-03 19:00:00,0.0000000000
2013-06-03 20:00:00,0.0000000000
2013-06-03 21:00:00,0.0000000000
2013-06-03 22:00:00,0.0000000000
2013-06-03 23:00:00,0.0000000000
2013-06-04 00:00:00,0.0000000000
2013-06-04 01:00:00,0.0000000000
2013-06-04 02:00:00,0.0198595720
2013-06-04 03:00:00,0.0914267477
2013-06-04 04:00:00,0.2262309300
2013-06-04 05:00:00,0.3773074502
2013-06-04 06:00:00,0.4728360620
2013-06-04 07:00:00,0.4693784805
2013-06-04 08:00:00,0.5411928754
2013-06-04 09:00:00,0.5486822628
2013-06-04 10:00:00,0.5382514767
2013-06-04 11:00:00,0.5524437964
2013-06-04 12:00:00,0.4676835439
2013-06-04 13:00:00,0.3258656318
2013-06-04 14:00:00,0.1734669555
2013-06-04 15:00:00,0.0450885732
2013-06-04 16:00:00,0.0000000000
2013-06-04 17:00:00,0.0000000000
2013-06-04 18:00:00,0.0000000000
2013-06-04 19:00:00,0.0000000000
2013-06-04 20:00:00,0.0000000000
2013-06-04 21:00:00,0.0000000000
2013-06-04 22:00:00,0.0000000000
2013-06-04 23:00:00,0.0000000000
2013-06-05 00:00:00,0.0000000000
2013-06-05 01:00:00,0.0000000000
2013-06-05 02:00:00,0.0197546569
2013-06-05 03:00:00,0.0915437838
2013-06-05 04:00:00,0.2377488923
2013-06-05 05:00:00,0.3876273284
2013-06-05 06:00:00,0.5226913335
2013-06-05 07:00:00,0.6220382594
2013-06-05 08:00:00,0.6529596130
2013-06-05 09:00:00,0.6751238322
2013-06-05 10:00:00,0.6440833527
2013-06-05 11:00:00,0.5777077737
2013-06-05 12:00:00,0.4654869616
2013-06-05 13:00:00,0.3215375162
2013-06-05 14:00:00,0.1723618353
2013-06-05 15:00:00,0.0497284320
2013-06-05 16:00:00,0.0000000000
2013-06-05 17:00:00,0.0000000000
2013-06-05 18:00:00,0.0000000000
2013-06-05 19:00:00,0.0000000000
2013-06-05 20:00:00,0.0000000000
2013-06-05 21:00:00,0.0000000000
2013-06-05 22:00:00,0.0000000000
2013-06-05 23:00:00,0.0000000000
2013-06-06 00:00:00,0.0000000000
2013-06-06 01:00:00,0.0000000000
2013-06-06 02:00:00,0.0198331954
2013-06-06 03:00:00,0.0917992734
2013-06-06 04:00:00,0.2383631924
2013-06-06 05:00:00,0.3855549009
2013-06-06 06:00:00,0.5189973532
2013-06-06 07:00:00,0.6166632951
2013-06-06 08:00:00,0.6599758272
2013-06-06 09:00:00,0.6714169687
2013-06-06 10:00:00,0.6390827847
2013-06-06 11:00:00,0.5674409775
2013-06-06 12:00:00,0.4577161846
2013-06-06 13:00:00,0.3125993361
2013-06-06 14:00:00,0.1444742204
2013-06-06 15:00:00,0.0454363504
2013-06-06 16:00:00,0.0000000000
2013-06-06 17:00:00,0.0000000000
2013-06-06 18:00:00,0.0000000000
2013-06-06 19:00:00,0.0000000000
2013-06-06 20:00:00,0.0000000000
2013-06-06 21:00:00,0.0000000000
2013-06-06 22:00:00,0.0000000000
2013-06-06 23:00:00,0.0000000000
2013-06-07 00:00:00,0.0000000000
2013-06-07 01:00:00,0.0000000000
2013-06-07 02:00:00,0.0177396024
2013-06-07 03:00:00,0.0651690624
2013-06-07 04:00:00,0.2027744860
2013-06-07 05:00:00,0.3724974884
2013-06-07 06:00:00,0.5109071441
2013-06-07 07:00:00,0.6063696861
2013-06-07 08:00:00,0.6490451019
2013-06-07 09:00:00,0.6591668771
2013-06-07 10:00:00,0.6333841630
2013-06-07 11:00:00,0.5568688246
2013-06-07 12:00:00,0.4570558011
2013-06-07 13:00:00,0.3056969651
2013-06-07 14:00:00,0.1335615193
2013-06-07 15:00:00,0.0470840399
2013-06-07 16:00:00,0.0000000000
2013-06-07 17:00:00,0.0000000000
2013-06-07 18:00:00,0.0000000000
2013-06-07 19:00:00,0.0000000000
2013-06-07 20:00:00,0.0000000000
2013-06-07 21:00:00,0.0000000000
2013-06-07 22:00:00,0.0000000000
2013-06-07 23:00:00,0.0000000000
2013-06-08 00:00:00,0.0000000000
2013-06-08 01:00:00,0.0000000000
2013-06-08 02:00:00,0.0178753638
2013-06-08 03:00:00,0.0854589479
2013-06-08 04:00:00,0.2139976799
2013-06-08 05:00:00,0.3808920542
2013-06-08 06:00:00,0.5160401064
2013-06-08 07:00:00,0.6185000272
2013-06-08 08:00:00,0.6634762434
2013-06-08 09:00:00,0.6735665619
2013-06-08 10:00:00,0.6456509702
2013-06-08 11:00:00,0.5716994254
2013-06-08 12:00:00,0.4223790383
2013-06-08 13:00:00,0.3029917638
2013-06-08 14:00:00,0.1693252294
2013-06-08 15:00:00,0.0510766247
2013-06-08 16:00:00,0.0000000000
2013-06-08 17:00:00,0.0000000000
2013-06-08 18:00:00,0.0000000000
2013-06-08 19:00:00,0.0000000000
2013-06-08 20:00:00,0.0000000000
2013-06-08 21:00:00,0.0000000000
2013-06-08 22:00:00,0.0000000000
2013-06-08 23:00:00,0.0000000000
2013-06-09 00:00:00,0.0000000000
2013-06-09 01:00:00,0.0000000000
2013-06-09 02:00:00,0.0200755183
2013-06-09 03:00:00,0.0912890874
2013-06-09 04:00:00,0.2380395664
2013-06-09 05:00:00,0.3904111327
2013-06-09 06:00:00,0.5273768810
2013-06-09 07:00:00,0.6232818177
2013-06-09 08:00:00,0.6726875124
2013-06-09 09:00:00,0.6870453755
2013-06-09 10:00:00,0.6580554127
2013-06-09 11:00:00,0.5863686730
2013-06-09 12:00:00,0.4743773049
2013-06-09 13:00:00,0.3332096295
2013-06-09 14:00:00,0.1785123007
2013-06-09 15:00:00,0.0521845687
2013-06-09 16:00:00,0.0000000000
2013-06-09 17:00:00,0.0000000000
2013-06-09 18:00:00,0.0000000000
2013-06-09 19:00:00,0.0000000000
2013-06-09 20:00:00,0.0000000000
2013-06-09 21:00:00,0.0000000000
2013-06-09 22:00:00,0.0000000000
2013-06-09 23:00:00,0.0000000000
2013-06-10 00:00:00,0.0000000000
2013-06-10 01:00:00,0.0000000000
2013-06-10 02:00:00,0.0208803543
2013-06-10 03:00:00,0.0944788378
2013-06-10 04:00:00,0.2450048065
2013-06-10 05:00:00,0.3980142242
2013-06-10 06:00:00,0.5361413647
2013-06-10 07:00:00,0.6338948202
2013-06-10 08:00:00,0.6820692534
2013-06-10 09:00:00,0.6950469392
2013-06-10 10:00:00,0.6631568286
2013-06-10 11:00:00,0.5916911674
2013-06-10 12:00:00,0.4818295564
2013-06-10 13:00:00,0.3378285195
2013-06-10 14:00:00,0.1809987324
2013-06-10 15:00:00,0.0529578279
2013-06-10 16:00:00,0.0000000000
2013-06-10 17:00:00,0.0000000000
2013-06-10 18:00:00,0.0000000000
2013-06-10 19:00:00,0.0000000000
2013-06-10 20:00:00,0.0000000000
2013-06-10 21:00:00,0.0000000000
2013-06-10 22:00:00,0.0000000000
2013-06-10 23:00:00,0.0000000000
2013-06-11 00:00:00,0.0000000000
2013-06-11 01:00:00,0.0000000000
2013-06-11 02:00:00,0.0206417657
2013-06-11 03:00:00,0.0933013934
2013-06-11 04:00:00,0.2414853698
2013-06-11 05:00:00,0.3917238450
2013-06-11 06:00:00,0.5252837133
2013-06-11 07:00:00,0.6188928003
2013-06-11 08:00:00,0.6703022919
2013-06-11 09:00:00,0.6816099193
2013-06-11 10:00:00,0.6506573161
2013-06-11 11:00:00,0.5664275214
2013-06-11 12:00:00,0.4267101438
2013-06-11 13:00:00,0.2714031101
2013-06-11 14:00:00,0.1304410883
2013-06-11 15:00:00,0.0531952514
2013-06-11 16:00:00,0.0000000000
2013-06-11 17:00:00,0.0000000000
2013-06-11 18:00:00,0.0000000000
2013-06-11 19:00:00,0.0000000000
2013-06-11 20:00:00,0.0000000000
2013-06-11 21:00:00,0.0000000000
2013-06-11 22:00:00,0.0000000000
2013-06-11 23:00:00,0.0000000000
2013-06-12 00:00:00,0.0000000000
2013-06-12 01:00:00,0.0000000000
2013-06-12 02:00:00,0.0210809341
2013-06-12 03:00:00,0.0849813719
2013-06-12 04:00:00,0.2070734055
2013-06-12 05:00:00,0.3380186014
2013-06-12 06:00:00,0.3927328666
2013-06-12 07:00:00,0.5118866504
2013-06-12 08:00:00,0.5870243219
2013-06-12 09:00:00,0.6756076574
2013-06-12 10:00:00,0.6474675374
2013-06-12 11:00:00,0.5602122372
2013-06-12 12:00:00,0.3687262718
2013-06-12 13:00:00,0.1948926485
2013-06-12 14:00:00,0.1074581044
2013-06-12 15:00:00,0.0514185399
2013-06-12 16:00:00,0.0000000000
2013-06-12 17:00:00,0.0000000000
2013-06-12 18:00:00,0.0000000000
2013-06-12 19:00:00,0.0000000000
2013-06-12 20:00:00,0.0000000000
2013-06-12 21:00:00,0.0000000000
2013-06-12 22:00:00,0.0000000000
2013-06-12 23:00:00,0.0000000000
2013-06-13 00:00:00,0.0000000000
2013-06-13 01:00:00,0.0000000000
2013-06-13 02:00:00,0.0113626698
2013-06-13 03:00:00,0.0438800466
2013-06-13 04:00:00,0.1380443527
2013-06-13 05:00:00,0.3069984596
2013-06-13 06:00:00,0.4725220133
2013-06-13 07:00:00,0.6031881915
2013-06-13 08:00:00,0.6248265088
2013-06-13 09:00:00,0.6755231228
2013-06-13 10:00:00,0.6482748609
2013-06-13 11:00:00,0.5805424238
2013-06-13 12:00:00,0.4731972837
2013-06-13 13:00:00,0.3330739058
2013-06-13 14:00:00,0.1807868986
2013-06-13 15:00:00,0.0533645634
2013-06-13 16:00:00,0.0000000000
2013-06-13 17:00:00,0.0000000000
2013-06-13 18:00:00,0.0000000000
2013-06-13 19:00:00,0.0000000000
2013-06-13 20:00:00,0.0000000000
2013-06-13 21:00:00,0.0000000000
2013-06-13 22:00:00,0.0000000000
2013-06-13 23:00:00,0.0000000000
2013-06-14 00:00:00,0.0000000000
2013-06-14 01:00:00,0.0000000000
2013-06-14 02:00:00,0.0206052176
2013-06-14 03:00:00,0.0925271515
2013-06-14 04:00:00,0.2428431180
2013-06-14 05:00:00,0.3942508693
2013-06-14 06:00:00,0.5301527193
2013-06-14 07:00:00,0.6267129986
2013-06-14 08:00:00,0.6773290787
2013-06-14 09:00:00,0.6909412835
2013-06-14 10:00:00,0.6592389862
2013-06-14 11:00:00,0.5893986514
2013-06-14 12:00:00,0.4798715170
2013-06-14 13:00:00,0.3380908736
2013-06-14 14:00:00,0.1837788303
2013-06-14 15:00:00,0.0545680735
2013-06-14 16:00:00,0.0000000000
2013-06-14 17:00:00,0.0000000000
2013-06-14 18:00:00,0.0000000000
2013-06-14 19:00:00,0.0000000000
2013-06-14 20:00:00,0.0000000000
2013-06-14 21:00:00,0.0000000000
2013-06-14 22:00:00,0.0000000000
2013-06-14 23:00:00,0.0000000000
2013-06-15 00:00:00,0.0000000000
2013-06-15 01:00:00,0.0000000000
2013-06-15 02:00:00,0.0211282899
2013-06-15 03:00:00,0.0940329946
2013-06-15 04:00:00,0.2451245374
2013-06-15 05:00:00,0.3923365038
2013-06-15 06:00:00,0.5263206214
2013-06-15 07:00:00,0.6221213041
2013-06-15 08:00:00,0.6687426480
2013-06-15 09:00:00,0.6823899172
2013-06-15 10:00:00,0.6529390616
2013-06-15 11:00:00,0.5847352676
2013-06-15 12:00:00,0.4768423088
2013-06-15 13:00:00,0.3365207519
2013-06-15 14:00:00,0.1830796668
2013-06-15 15:00:00,0.0542706623
2013-06-15 16:00:00,0.0000000000
2013-06-15 17:00:00,0.0000000000
2013-06-15 18:00:00,0.0000000000
2013-06-15 19:00:00,0.0000000000
2013-06-15 20:00:00,0.0000000000
2013-06-15 21:00:00,0.0000000000
2013-06-15 22:00:00,0.0000000000
2013-06-15 23:00:00,0.0000000000
2013-06-16 00:00:00,0.0000000000
2013-06-16 01:00:00,0.0000000000
2013-06-16 02:00:00,0.0209314891
2013-06-16 03:00:00,0.0925481604
2013-06-16 04:00:00,0.2418048429
2013-06-16 05:00:00,0.3897639793
2013-06-16 06:00:00,0.5226960906
2013-06-16 07:00:00,0.6194556077
2013-06-16 08:00:00,0.6653951349
2013-06-16 09:00:00,0.6775932774
2013-06-16 10:00:00,0.6476020640
2013-06-16 11:00:00,0.5801368078
2013-06-16 12:00:00,0.4737513411
2013-06-16 13:00:00,0.3351208591
2013-06-16 14:00:00,0.1840038495
2013-06-16 15:00:00,0.0552881064
2013-06-16 16:00:00,0.0000000000
2013-06-16 17:00:00,0.0000000000
2013-06-16 18:00:00,0.0000000000
2013-06-16 19:00:00,0.0000000000
2013-06-16 20:00:00,0.0000000000
2013-06-16 21:00:00,0.0000000000
2013-06-16 22:00:00,0.0000000000
2013-06-16 23:00:00,0.0000000000
2013-06-17 00:00:00,0.0000000000
2013-06-17 01:00:00,0.0000000000
2013-06-17 02:00:00,0.0221060833
2013-06-17 03:00:00,0.0972722051
2013-06-17 04:00:00,0.2546225353
2013-06-17 05:00:00,0.4134485747
2013-06-17 06:00:00,0.5533985800
2013-06-17 07:00:00,0.6552822194
2013-06-17 08:00:00,0.7037343961
2013-06-17 09:00:00,0.7177464549
2013-06-17 10:00:00,0.6849690024
2013-06-17 11:00:00,0.6151411501
2013-06-17 12:00:00,0.5045385674
2013-06-17 13:00:00,0.3587221452
2013-06-17 14:00:00,0.1974369818
2013-06-17 15:00:00,0.0593181106
2013-06-17 16:00:00,0.0000000000
2013-06-17 17:00:00,0.0000000000
2013-06-17 18:00:00,0.0000000000
2013-06-17 19:00:00,0.0000000000
2013-06-17 20:00:00,0.0000000000
2013-06-17 21:00:00,0.0000000000
2013-06-17 22:00:00,0.0000000000
2013-06-17 23:00:00,0.0000000000
2013-06-18 00:00:00,0.0000000000
2013-06-18 01:00:00,0.0000000000
2013-06-18 02:00:00,0.0226077573
2013-06-18 03:00:00,0.0957454605
2013-06-18 04:00:00,0.2490794357
2013-06-18 05:00:00,0.4079799276
2013-06-18 06:00:00,0.5447735203
2013-06-18 07:00:00,0.6413988015
2013-06-18 08:00:00,0.6812684112
2013-06-18 09:00:00,0.6889302337
2013-06-18 10:00:00,0.6100525714
2013-06-18 11:00:00,0.5463654914
2013-06-18 12:00:00,0.4214492400
2013-06-18 13:00:00,0.2681099064
2013-06-18 14:00:00,0.1640279760
2013-06-18 15:00:00,0.0627633590
2013-06-18 16:00:00,0.0000000000
2013-06-18 17:00:00,0.0000000000
2013-06-18 18:00:00,0.0000000000
2013-06-18 19:00:00,0.0000000000
2013-06-18 20:00:00,0.0000000000
2013-06-18 21:00:00,0.0000000000
2013-06-18 22:00:00,0.0000000000
2013-06-18 23:00:00,0.0000000000
2013-06-19 00:00:00,0.0000000000
2013-06-19 01:00:00,0.0000000000
2013-06-19 02:00:00,0.0197348281
2013-06-19 03:00:00,0.0881784099
2013-06-19 04:00:00,0.2268466764
2013-06-19 05:00:00,0.3796745629
2013-06-19 06:00:00,0.5019044800
2013-06-19 07:00:00,0.6179710207
2013-06-19 08:00:00,0.6642617374
2013-06-19 09:00:00,0.6863712021
2013-06-19 10:00:00,0.6542719329
2013-06-19 11:00:00,0.5884670934
2013-06-19 12:00:00,0.4813859173
2013-06-19 13:00:00,0.3411815396
2013-06-19 14:00:00,0.1871542704
2013-06-19 15:00:00,0.0557920484
2013-06-19 16:00:00,0.0000000000
2013-06-19 17:00:00,0.0000000000
2013-06-19 18:00:00,0.0000000000
2013-06-19 19:00:00,0.0000000000
2013-06-19 20:00:00,0.0000000000
2013-06-19 21:00:00,0.0000000000
2013-06-19 22:00:00,0.0000000000
2013-06-19 23:00:00,0.0000000000
2013-06-20 00:00:00,0.0000000000
2013-06-20 01:00:00,0.0000000000
2013-06-20 02:00:00,0.0201604462
2013-06-20 03:00:00,0.0920048745
2013-06-20 04:00:00,0.2371405105
2013-06-20 05:00:00,0.3853612834
2013-06-20 06:00:00,0.5046763466
2013-06-20 07:00:00,0.5899721304
2013-06-20 08:00:00,0.5132850776
2013-06-20 09:00:00,0.5476342629
2013-06-20 10:00:00,0.5841153917
2013-06-20 11:00:00,0.5319819140
2013-06-20 12:00:00,0.3731436139
2013-06-20 13:00:00,0.2236188592
2013-06-20 14:00:00,0.1268098621
2013-06-20 15:00:00,0.0466897285
2013-06-20 16:00:00,0.0000000000
2013-06-20 17:00:00,0.0000000000
2013-06-20 18:00:00,0.0000000000
2013-06-20 19:00:00,0.0000000000
2013-06-20 20:00:00,0.0000000000
2013-06-20 21:00:00,0.0000000000
2013-06-20 22:00:00,0.0000000000
2013-06-20 23:00:00,0.0000000000
2013-06-21 00:00:00,0.0000000000
2013-06-21 01:00:00,0.0000000000
2013-06-21 02:00:00,0.0186768842
2013-06-21 03:00:00,0.0867624660
2013-06-21 04:00:00,0.1984007112
2013-06-21 05:00:00,0.3286201859
2013-06-21 06:00:00,0.4682851393
2013-06-21 07:00:00,0.4557416466
2013-06-21 08:00:00,0.4680013358
2013-06-21 09:00:00,0.4347650694
2013-06-21 10:00:00,0.4700044652
2013-06-21 11:00:00,0.4069658822
2013-06-21 12:00:00,0.3783996379
2013-06-21 13:00:00,0.2020607762
2013-06-21 14:00:00,0.1571577723
2013-06-21 15:00:00,0.0513165944
2013-06-21 16:00:00,0.0000000000
2013-06-21 17:00:00,0.0000000000
2013-06-21 18:00:00,0.0000000000
2013-06-21 19:00:00,0.0000000000
2013-06-21 20:00:00,0.0000000000
2013-06-21 21:00:00,0.0000000000
2013-06-21 22:00:00,0.0000000000
2013-06-21 23:00:00,0.0000000000
2013-06-22 00:00:00,0.0000000000
2013-06-22 01:00:00,0.0000000000
2013-06-22 02:00:00,0.0216157426
2013-06-22 03:00:00,0.0895129553
2013-06-22 04:00:00,0.1791226527
2013-06-22 05:00:00,0.2984753329
2013-06-22 06:00:00,0.3938020362
2013-06-22 07:00:00,0.6130030181
2013-06-22 08:00:00,0.6851169815
2013-06-22 09:00:00,0.6950352349
2013-06-22 10:00:00,0.6430244099
2013-06-22 11:00:00,0.5179493726
2013-06-22 12:00:00,0.3281297313
2013-06-22 13:00:00,0.3148681089
2013-06-22 14:00:00,0.1852836911
2013-06-22 15:00:00,0.0588731605
2013-06-22 16:00:00,0.0000000000
2013-06-22 17:00:00,0.0000000000
2013-06-22 18:00:00,0.0000000000
2013-06-22 19:00:00,0.0000000000
2013-06-22 20:00:00,0.0000000000
2013-06-22 21:00:00,0.0000000000
2013-06-22 22:00:00,0.0000000000
2013-06-22 23:00:00,0.0000000000
2013-06-23 00:00:00,0.0000000000
2013-06-23 01:00:00,0.0000000000
2013-06-23 02:00:00,0.0200865989
2013-06-23 03:00:00,0.0910621087
2013-06-23 04:00:00,0.2438900617
2013-06-23 05:00:00,0.3994479187
2013-06-23 06:00:00,0.5386605243
2013-06-23 07:00:00,0.6417367435
2013-06-23 08:00:00,0.6904708639
2013-06-23 09:00:00,0.7056522373
2013-06-23 10:00:00,0.6748681174
2013-06-23 11:00:00,0.6058655712
2013-06-23 12:00:00,0.4961342493
2013-06-23 13:00:00,0.3514540320
2013-06-23 14:00:00,0.1930947767
2013-06-23 15:00:00,0.0577960343
2013-06-23 16:00:00,0.0000000000
2013-06-23 17:00:00,0.0000000000
2013-06-23 18:00:00,0.0000000000
2013-06-23 19:00:00,0.0000000000
2013-06-23 20:00:00,0.0000000000
2013-06-23 21:00:00,0.0000000000
2013-06-23 22:00:00,0.0000000000
2013-06-23 23:00:00,0.0000000000
2013-06-24 00:00:00,0.0000000000
2013-06-24 01:00:00,0.0000000000
2013-06-24 02:00:00,0.0191555950
2013-06-24 03:00:00,0.0884566350
2013-06-24 04:00:00,0.2391877727
2013-06-24 05:00:00,0.3865110749
2013-06-24 06:00:00,0.5295780495
2013-06-24 07:00:00,0.6304042048
2013-06-24 08:00:00,0.6792740669
2013-06-24 09:00:00,0.6948071088
2013-06-24 10:00:00,0.6651460297
2013-06-24 11:00:00,0.5968090419
2013-06-24 12:00:00,0.4888750413
2013-06-24 13:00:00,0.3478380259
2013-06-24 14:00:00,0.1915082065
2013-06-24 15:00:00,0.0574089505
2013-06-24 16:00:00,0.0000000000
2013-06-24 17:00:00,0.0000000000
2013-06-24 18:00:00,0.0000000000
2013-06-24 19:00:00,0.0000000000
2013-06-24 20:00:00,0.0000000000
2013-06-24 21:00:00,0.0000000000
2013-06-24 22:00:00,0.0000000000
2013-06-24 23:00:00,0.0000000000
2013-06-25 00:00:00,0.0000000000
2013-06-25 01:00:00,0.0000000000
2013-06-25 02:00:00,0.0166072381
2013-06-25 03:00:00,0.0750698293
2013-06-25 04:00:00,0.2175373958
2013-06-25 05:00:00,0.3691630604
2013-06-25 06:00:00,0.4897032371
2013-06-25 07:00:00,0.6190732979
2013-06-25 08:00:00,0.6710096108
2013-06-25 09:00:00,0.6820570364
2013-06-25 10:00:00,0.6520385844
2013-06-25 11:00:00,0.5839559733
2013-06-25 12:00:00,0.4798584724
2013-06-25 13:00:00,0.3272580237
2013-06-25 14:00:00,0.1589941739
2013-06-25 15:00:00,0.0512319757
2013-06-25 16:00:00,0.0000000000
2013-06-25 17:00:00,0.0000000000
2013-06-25 18:00:00,0.0000000000
2013-06-25 19:00:00,0.0000000000
2013-06-25 20:00:00,0.0000000000
2013-06-25 21:00:00,0.0000000000
2013-06-25 22:00:00,0.0000000000
2013-06-25 23:00:00,0.0000000000
2013-06-26 00:00:00,0.0000000000
2013-06-26 01:00:00,0.0000000000
2013-06-26 02:00:00,0.0159439548
2013-06-26 03:00:00,0.0757127619
2013-06-26 04:00:00,0.2183312037
2013-06-26 05:00:00,0.2905276578
2013-06-26 06:00:00,0.4764716895
2013-06-26 07:00:00,0.6016613383
2013-06-26 08:00:00,0.6649057953
2013-06-26 09:00:00,0.6836525239
2013-06-26 10:00:00,0.6556632369
2013-06-26 11:00:00,0.5792783754
2013-06-26 12:00:00,0.4637175977
2013-06-26 13:00:00,0.2960016076
2013-06-26 14:00:00,0.1694380150
2013-06-26 15:00:00,0.0533787875
2013-06-26 16:00:00,0.0000000000
2013-06-26 17:00:00,0.0000000000
2013-06-26 18:00:00,0.0000000000
2013-06-26 19:00:00,0.0000000000
2013-06-26 20:00:00,0.0000000000
2013-06-26 21:00:00,0.0000000000
2013-06-26 22:00:00,0.0000000000
2013-06-26 23:00:00,0.0000000000
2013-06-27 00:00:00,0.0000000000
2013-06-27 01:00:00,0.0000000000
2013-06-27 02:00:00,0.0165771665
2013-06-27 03:00:00,0.0790503719
2013-06-27 04:00:00,0.1815698579
2013-06-27 05:00:00,0.2997528262
2013-06-27 06:00:00,0.4524428739
2013-06-27 07:00:00,0.5229156372
2013-06-27 08:00:00,0.5825594342
2013-06-27 09:00:00,0.5817126053
2013-06-27 10:00:00,0.5509416961
2013-06-27 11:00:00,0.4416137724
2013-06-27 12:00:00,0.3831730190
2013-06-27 13:00:00,0.3006751423
2013-06-27 14:00:00,0.1814556256
2013-06-27 15:00:00,0.0505681008
2013-06-27 16:00:00,0.0000000000
2013-06-27 17:00:00,0.0000000000
2013-06-27 18:00:00,0.0000000000
2013-06-27 19:00:00,0.0000000000
2013-06-27 20:00:00,0.0000000000
2013-06-27 21:00:00,0.0000000000
2013-06-27 22:00:00,0.0000000000
2013-06-27 23:00:00,0.0000000000
2013-06-28 00:00:00,0.0000000000
2013-06-28 01:00:00,0.0000000000
2013-06-28 02:00:00,0.0168184715
2013-06-28 03:00:00,0.0840221965
2013-06-28 04:00:00,0.2254873591
2013-06-28 05:00:00,0.3768772657
2013-06-28 06:00:00,0.4916050786
2013-06-28 07:00:00,0.5946713853
2013-06-28 08:00:00,0.3724392351
2013-06-28 09:00:00,0.5326664426
2013-06-28 10:00:00,0.5416600813
2013-06-28 11:00:00,0.4967666412
2013-06-28 12:00:00,0.3469253970
2013-06-28 13:00:00,0.2255923143
2013-06-28 14:00:00,0.1393576560
2013-06-28 15:00:00,0.0306027538
2013-06-28 16:00:00,0.0000000000
2013-06-28 17:00:00,0.0000000000
2013-06-28 18:00:00,0.0000000000
2013-06-28 19:00:00,0.0000000000
2013-06-28 20:00:00,0.0000000000
2013-06-28 21:00:00,0.0000000000
2013-06-28 22:00:00,0.0000000000
2013-06-28 23:00:00,0.0000000000
2013-06-29 00:00:00,0.0000000000
2013-06-29 01:00:00,0.0000000000
2013-06-29 02:00:00,0.0164813035
2013-06-29 03:00:00,0.0741280242
2013-06-29 04:00:00,0.1677120571
2013-06-29 05:00:00,0.3165917077
2013-06-29 06:00:00,0.4384056814
2013-06-29 07:00:00,0.5833348187
2013-06-29 08:00:00,0.5343523995
2013-06-29 09:00:00,0.4388736232
2013-06-29 10:00:00,0.4362359456
2013-06-29 11:00:00,0.2899848682
2013-06-29 12:00:00,0.1961141334
2013-06-29 13:00:00,0.2156714790
2013-06-29 14:00:00,0.1269946474
2013-06-29 15:00:00,0.0499156294
2013-06-29 16:00:00,0.0000000000
2013-06-29 17:00:00,0.0000000000
2013-06-29 18:00:00,0.0000000000
2013-06-29 19:00:00,0.0000000000
2013-06-29 20:00:00,0.0000000000
2013-06-29 21:00:00,0.0000000000
2013-06-29 22:00:00,0.0000000000
2013-06-29 23:00:00,0.0000000000
2013-06-30 00:00:00,0.0000000000
2013-06-30 01:00:00,0.0000000000
2013-06-30 02:00:00,0.0172046888
2013-06-30 03:00:00,0.0837033905
2013-06-30 04:00:00,0.2375753770
2013-06-30 05:00:00,0.3885902575
2013-06-30 06:00:00,0.5183338332
2013-06-30 07:00:00,0.6155696356
2013-06-30 08:00:00,0.6690570218
2013-06-30 09:00:00,0.6779013033
2013-06-30 10:00:00,0.6480631236
2013-06-30 11:00:00,0.5148332192
2013-06-30 12:00:00,0.4685601638
2013-06-30 13:00:00,0.3072628531
2013-06-30 14:00:00,0.1560772452
2013-06-30 15:00:00,0.0526175465
2013-06-30 16:00:00,0.0000000000
2013-06-30 17:00:00,0.0000000000
2013-06-30 18:00:00,0.0000000000
2013-06-30 19:00:00,0.0000000000
2013-06-30 20:00:00,0.0000000000
2013-06-30 21:00:00,0.0000000000
2013-06-30 22:00:00,0.0000000000
2013-06-30 23:00:00,0.0000000000
2013-07-01 00:00:00,0.0000000000
2013-07-01 01:00:00,0.0000000000
2013-07-01 02:00:00,0.0160932488
2013-07-01 03:00:00,0.0811973618
2013-07-01 04:00:00,0.2292067827
2013-07-01 05:00:00,0.3865558326
2013-07-01 06:00:00,0.5214590375
2013-07-01 07:00:00,0.6191574104
2013-07-01 08:00:00,0.6646990428
2013-07-01 09:00:00,0.6398108527
2013-07-01 10:00:00,0.6514159877
2013-07-01 11:00:00,0.5897434126
2013-07-01 12:00:00,0.4836793533
2013-07-01 13:00:00,0.3400075194
2013-07-01 14:00:00,0.1881604000
2013-07-01 15:00:00,0.0538275124
2013-07-01 16:00:00,0.0000000000
2013-07-01 17:00:00,0.0000000000
2013-07-01 18:00:00,0.0000000000
2013-07-01 19:00:00,0.0000000000
2013-07-01 20:00:00,0.0000000000
2013-07-01 21:00:00,0.0000000000
2013-07-01 22:00:00,0.0000000000
2013-07-01 23:00:00,0.0000000000
2013-07-02 00:00:00,0.0000000000
2013-07-02 01:00:00,0.0000000000
2013-07-02 02:00:00,0.0164514051
2013-07-02 03:00:00,0.0830108229
2013-07-02 04:00:00,0.2351704918
2013-07-02 05:00:00,0.3902505967
2013-07-02 06:00:00,0.5198465086
2013-07-02 07:00:00,0.6186463472
2013-07-02 08:00:00,0.6681248164
2013-07-02 09:00:00,0.6843246087
2013-07-02 10:00:00,0.6551139528
2013-07-02 11:00:00,0.5734769651
2013-07-02 12:00:00,0.4452350068
2013-07-02 13:00:00,0.3259245307
2013-07-02 14:00:00,0.1671596641
2013-07-02 15:00:00,0.0578522002
2013-07-02 16:00:00,0.0000000000
2013-07-02 17:00:00,0.0000000000
2013-07-02 18:00:00,0.0000000000
2013-07-02 19:00:00,0.0000000000
2013-07-02 20:00:00,0.0000000000
2013-07-02 21:00:00,0.0000000000
2013-07-02 22:00:00,0.0000000000
2013-07-02 23:00:00,0.0000000000
2013-07-03 00:00:00,0.0000000000
2013-07-03 01:00:00,0.0000000000
2013-07-03 02:00:00,0.0163100073
2013-07-03 03:00:00,0.0779046681
2013-07-03 04:00:00,0.2011138069
2013-07-03 05:00:00,0.2864603658
2013-07-03 06:00:00,0.3852161445
2013-07-03 07:00:00,0.5356998127
2013-07-03 08:00:00,0.5681019603
2013-07-03 09:00:00,0.6009409066
2013-07-03 10:00:00,0.5127555177
2013-07-03 11:00:00,0.4177622179
2013-07-03 12:00:00,0.3748208039
2013-07-03 13:00:00,0.2856171989
2013-07-03 14:00:00,0.1442210092
2013-07-03 15:00:00,0.0543097748
2013-07-03 16:00:00,0.0000000000
2013-07-03 17:00:00,0.0000000000
2013-07-03 18:00:00,0.0000000000
2013-07-03 19:00:00,0.0000000000
2013-07-03 20:00:00,0.0000000000
2013-07-03 21:00:00,0.0000000000
2013-07-03 22:00:00,0.0000000000
2013-07-03 23:00:00,0.0000000000
2013-07-04 00:00:00,0.0000000000
2013-07-04 01:00:00,0.0000000000
2013-07-04 02:00:00,0.0158812334
2013-07-04 03:00:00,0.0826160084
2013-07-04 04:00:00,0.2380442291
2013-07-04 05:00:00,0.3932999476
2013-07-04 06:00:00,0.5322161238
2013-07-04 07:00:00,0.6341686880
2013-07-04 08:00:00,0.6836906070
2013-07-04 09:00:00,0.5947971087
2013-07-04 10:00:00,0.6258494505
2013-07-04 11:00:00,0.5879239169
2013-07-04 12:00:00,0.5000045595
2013-07-04 13:00:00,0.3607713848
2013-07-04 14:00:00,0.1876946545
2013-07-04 15:00:00,0.0548138604
2013-07-04 16:00:00,0.0000000000
2013-07-04 17:00:00,0.0000000000
2013-07-04 18:00:00,0.0000000000
2013-07-04 19:00:00,0.0000000000
2013-07-04 20:00:00,0.0000000000
2013-07-04 21:00:00,0.0000000000
2013-07-04 22:00:00,0.0000000000
2013-07-04 23:00:00,0.0000000000
2013-07-05 00:00:00,0.0000000000
2013-07-05 01:00:00,0.0000000000
2013-07-05 02:00:00,0.0110802948
2013-07-05 03:00:00,0.0594243876
2013-07-05 04:00:00,0.1832710226
2013-07-05 05:00:00,0.3509741853
2013-07-05 06:00:00,0.4594031523
2013-07-05 07:00:00,0.6130847254
2013-07-05 08:00:00,0.6479331939
2013-07-05 09:00:00,0.6508882831
2013-07-05 10:00:00,0.5244495044
2013-07-05 11:00:00,0.3862056778
2013-07-05 12:00:00,0.2196608437
2013-07-05 13:00:00,0.0951384743
2013-07-05 14:00:00,0.0580216055
2013-07-05 15:00:00,0.0237542759
2013-07-05 16:00:00,0.0000000000
2013-07-05 17:00:00,0.0000000000
2013-07-05 18:00:00,0.0000000000
2013-07-05 19:00:00,0.0000000000
2013-07-05 20:00:00,0.0000000000
2013-07-05 21:00:00,0.0000000000
2013-07-05 22:00:00,0.0000000000
2013-07-05 23:00:00,0.0000000000
2013-07-06 00:00:00,0.0000000000
2013-07-06 01:00:00,0.0000000000
2013-07-06 02:00:00,0.0000000000
2013-07-06 03:00:00,0.0331614418
2013-07-06 04:00:00,0.1384617204
2013-07-06 05:00:00,0.2948736216
2013-07-06 06:00:00,0.4169646986
2013-07-06 07:00:00,0.4878181824
2013-07-06 08:00:00,0.6554300837
2013-07-06 09:00:00,0.5139592162
2013-07-06 10:00:00,0.5346972071
2013-07-06 11:00:00,0.5701622339
2013-07-06 12:00:00,0.4856790292
2013-07-06 13:00:00,0.3525224957
2013-07-06 14:00:00,0.1977309447
2013-07-06 15:00:00,0.0577512309
2013-07-06 16:00:00,0.0000000000
2013-07-06 17:00:00,0.0000000000
2013-07-06 18:00:00,0.0000000000
2013-07-06 19:00:00,0.0000000000
2013-07-06 20:00:00,0.0000000000
2013-07-06 21:00:00,0.0000000000
2013-07-06 22:00:00,0.0000000000
2013-07-06 23:00:00,0.0000000000
2013-07-07 00:00:00,0.0000000000
2013-07-07 01:00:00,0.0000000000
2013-07-07 02:00:00,0.0140344603
2013-07-07 03:00:00,0.0791688693
2013-07-07 04:00:00,0.2329444778
2013-07-07 05:00:00,0.3867869956
2013-07-07 06:00:00,0.5242866207
2013-07-07 07:00:00,0.6206276021
2013-07-07 08:00:00,0.6761668937
2013-07-07 09:00:00,0.6933798619
2013-07-07 10:00:00,0.6678068169
2013-07-07 11:00:00,0.6019274802
2013-07-07 12:00:00,0.4973363660
2013-07-07 13:00:00,0.3550571697
2013-07-07 14:00:00,0.1898058758
2013-07-07 15:00:00,0.0540513869
2013-07-07 16:00:00,0.0000000000
2013-07-07 17:00:00,0.0000000000
2013-07-07 18:00:00,0.0000000000
2013-07-07 19:00:00,0.0000000000
2013-07-07 20:00:00,0.0000000000
2013-07-07 21:00:00,0.0000000000
2013-07-07 22:00:00,0.0000000000
2013-07-07 23:00:00,0.0000000000
2013-07-08 00:00:00,0.0000000000
2013-07-08 01:00:00,0.0000000000
2013-07-08 02:00:00,0.0128610923
2013-07-08 03:00:00,0.0628494620
2013-07-08 04:00:00,0.1914761217
2013-07-08 05:00:00,0.3067327834
2013-07-08 06:00:00,0.4309955832
2013-07-08 07:00:00,0.5643068669
2013-07-08 08:00:00,0.5878476795
2013-07-08 09:00:00,0.6383125977
2013-07-08 10:00:00,0.6083080771
2013-07-08 11:00:00,0.4386368150
2013-07-08 12:00:00,0.4445992007
2013-07-08 13:00:00,0.2548702196
2013-07-08 14:00:00,0.1685929711
2013-07-08 15:00:00,0.0474404192
2013-07-08 16:00:00,0.0000000000
2013-07-08 17:00:00,0.0000000000
2013-07-08 18:00:00,0.0000000000
2013-07-08 19:00:00,0.0000000000
2013-07-08 20:00:00,0.0000000000
2013-07-08 21:00:00,0.0000000000
2013-07-08 22:00:00,0.0000000000
2013-07-08 23:00:00,0.0000000000
2013-07-09 00:00:00,0.0000000000
2013-07-09 01:00:00,0.0000000000
2013-07-09 02:00:00,0.0113390097
2013-07-09 03:00:00,0.0728060808
2013-07-09 04:00:00,0.1806063907
2013-07-09 05:00:00,0.3312729917
2013-07-09 06:00:00,0.4853149298
2013-07-09 07:00:00,0.6123271927
2013-07-09 08:00:00,0.6186886865
2013-07-09 09:00:00,0.6460166731
2013-07-09 10:00:00,0.6107995270
2013-07-09 11:00:00,0.5010794626
2013-07-09 12:00:00,0.3918786903
2013-07-09 13:00:00,0.2807897718
2013-07-09 14:00:00,0.1653133694
2013-07-09 15:00:00,0.0544768378
2013-07-09 16:00:00,0.0000000000
2013-07-09 17:00:00,0.0000000000
2013-07-09 18:00:00,0.0000000000
2013-07-09 19:00:00,0.0000000000
2013-07-09 20:00:00,0.0000000000
2013-07-09 21:00:00,0.0000000000
2013-07-09 22:00:00,0.0000000000
2013-07-09 23:00:00,0.0000000000
2013-07-10 00:00:00,0.0000000000
2013-07-10 01:00:00,0.0000000000
2013-07-10 02:00:00,0.0117520244
2013-07-10 03:00:00,0.0756170248
2013-07-10 04:00:00,0.2276401017
2013-07-10 05:00:00,0.3817784762
2013-07-10 06:00:00,0.5198067553
2013-07-10 07:00:00,0.6192772252
2013-07-10 08:00:00,0.5372645148
2013-07-10 09:00:00,0.6238563137
2013-07-10 10:00:00,0.6163631439
2013-07-10 11:00:00,0.5751935850
2013-07-10 12:00:00,0.4171482935
2013-07-10 13:00:00,0.3011580309
2013-07-10 14:00:00,0.1823167307
2013-07-10 15:00:00,0.0536927722
2013-07-10 16:00:00,0.0000000000
2013-07-10 17:00:00,0.0000000000
2013-07-10 18:00:00,0.0000000000
2013-07-10 19:00:00,0.0000000000
2013-07-10 20:00:00,0.0000000000
2013-07-10 21:00:00,0.0000000000
2013-07-10 22:00:00,0.0000000000
2013-07-10 23:00:00,0.0000000000
2013-07-11 00:00:00,0.0000000000
2013-07-11 01:00:00,0.0000000000
2013-07-11 02:00:00,0.0000000000
2013-07-11 03:00:00,0.0719899855
2013-07-11 04:00:00,0.2176957342
2013-07-11 05:00:00,0.3301178751
2013-07-11 06:00:00,0.4944784957
2013-07-11 07:00:00,0.6026618482
2013-07-11 08:00:00,0.6123681660
2013-07-11 09:00:00,0.6641313469
2013-07-11 10:00:00,0.6140177455
2013-07-11 11:00:00,0.5254238316
2013-07-11 12:00:00,0.4091583394
2013-07-11 13:00:00,0.2638476696
2013-07-11 14:00:00,0.1282940555
2013-07-11 15:00:00,0.0503406383
2013-07-11 16:00:00,0.0000000000
2013-07-11 17:00:00,0.0000000000
2013-07-11 18:00:00,0.0000000000
2013-07-11 19:00:00,0.0000000000
2013-07-11 20:00:00,0.0000000000
2013-07-11 21:00:00,0.0000000000
2013-07-11 22:00:00,0.0000000000
2013-07-11 23:00:00,0.0000000000
2013-07-12 00:00:00,0.0000000000
2013-07-12 01:00:00,0.0000000000
2013-07-12 02:00:00,0.0101045854
2013-07-12 03:00:00,0.0671410835
2013-07-12 04:00:00,0.1459273994
2013-07-12 05:00:00,0.1679020755
2013-07-12 06:00:00,0.2552387607
2013-07-12 07:00:00,0.2586347366
2013-07-12 08:00:00,0.3019302187
2013-07-12 09:00:00,0.2810343418
2013-07-12 10:00:00,0.2236969604
2013-07-12 11:00:00,0.2565301006
2013-07-12 12:00:00,0.2321618632
2013-07-12 13:00:00,0.1862658702
2013-07-12 14:00:00,0.1384370648
2013-07-12 15:00:00,0.0527397877
2013-07-12 16:00:00,0.0000000000
2013-07-12 17:00:00,0.0000000000
2013-07-12 18:00:00,0.0000000000
2013-07-12 19:00:00,0.0000000000
2013-07-12 20:00:00,0.0000000000
2013-07-12 21:00:00,0.0000000000
2013-07-12 22:00:00,0.0000000000
2013-07-12 23:00:00,0.0000000000
2013-07-13 00:00:00,0.0000000000
2013-07-13 01:00:00,0.0000000000
2013-07-13 02:00:00,0.0112414375
2013-07-13 03:00:00,0.0745026644
2013-07-13 04:00:00,0.2307981161
2013-07-13 05:00:00,0.3899665516
2013-07-13 06:00:00,0.5328003166
2013-07-13 07:00:00,0.6359835200
2013-07-13 08:00:00,0.6841841661
2013-07-13 09:00:00,0.6968812558
2013-07-13 10:00:00,0.6593764815
2013-07-13 11:00:00,0.5716820595
2013-07-13 12:00:00,0.4371476337
2013-07-13 13:00:00,0.3194455798
2013-07-13 14:00:00,0.1563122340
2013-07-13 15:00:00,0.0452374793
2013-07-13 16:00:00,0.0000000000
2013-07-13 17:00:00,0.0000000000
2013-07-13 18:00:00,0.0000000000
2013-07-13 19:00:00,0.0000000000
2013-07-13 20:00:00,0.0000000000
2013-07-13 21:00:00,0.0000000000
2013-07-13 22:00:00,0.0000000000
2013-07-13 23:00:00,0.0000000000
2013-07-14 00:00:00,0.0000000000
2013-07-14 01:00:00,0.0000000000
2013-07-14 02:00:00,0.0109480871
2013-07-14 03:00:00,0.0746176643
2013-07-14 04:00:00,0.2326801159
2013-07-14 05:00:00,0.3920017790
2013-07-14 06:00:00,0.5329115590
2013-07-14 07:00:00,0.6395476009
2013-07-14 08:00:00,0.6906892088
2013-07-14 09:00:00,0.7079863007
2013-07-14 10:00:00,0.6817858253
2013-07-14 11:00:00,0.6174041119
2013-07-14 12:00:00,0.5059924223
2013-07-14 13:00:00,0.3675394599
2013-07-14 14:00:00,0.2034945050
2013-07-14 15:00:00,0.0561160107
2013-07-14 16:00:00,0.0000000000
2013-07-14 17:00:00,0.0000000000
2013-07-14 18:00:00,0.0000000000
2013-07-14 19:00:00,0.0000000000
2013-07-14 20:00:00,0.0000000000
2013-07-14 21:00:00,0.0000000000
2013-07-14 22:00:00,0.0000000000
2013-07-14 23:00:00,0.0000000000
2013-07-15 00:00:00,0.0000000000
2013-07-15 01:00:00,0.0000000000
2013-07-15 02:00:00,0.0102392373
2013-07-15 03:00:00,0.0726216104
2013-07-15 04:00:00,0.2296750976
2013-07-15 05:00:00,0.3822114587
2013-07-15 06:00:00,0.5194199211
2013-07-15 07:00:00,0.6215492894
2013-07-15 08:00:00,0.6764106818
2013-07-15 09:00:00,0.6942838595
2013-07-15 10:00:00,0.6655020653
2013-07-15 11:00:00,0.5972364724
2013-07-15 12:00:00,0.4002731427
2013-07-15 13:00:00,0.2460173262
2013-07-15 14:00:00,0.0942445634
2013-07-15 15:00:00,0.0303313285
2013-07-15 16:00:00,0.0000000000
2013-07-15 17:00:00,0.0000000000
2013-07-15 18:00:00,0.0000000000
2013-07-15 19:00:00,0.0000000000
2013-07-15 20:00:00,0.0000000000
2013-07-15 21:00:00,0.0000000000
2013-07-15 22:00:00,0.0000000000
2013-07-15 23:00:00,0.0000000000
2013-07-16 00:00:00,0.0000000000
2013-07-16 01:00:00,0.0000000000
2013-07-16 02:00:00,0.0000000000
2013-07-16 03:00:00,0.0706410602
2013-07-16 04:00:00,0.2239859109
2013-07-16 05:00:00,0.3811313997
2013-07-16 06:00:00,0.5110583998
2013-07-16 07:00:00,0.5965682576
2013-07-16 08:00:00,0.6409289505
2013-07-16 09:00:00,0.6820378818
2013-07-16 10:00:00,0.6567067232
2013-07-16 11:00:00,0.5878532018
2013-07-16 12:00:00,0.4946835883
2013-07-16 13:00:00,0.3558752274
2013-07-16 14:00:00,0.1973403897
2013-07-16 15:00:00,0.0534408448
2013-07-16 16:00:00,0.0000000000
2013-07-16 17:00:00,0.0000000000
2013-07-16 18:00:00,0.0000000000
2013-07-16 19:00:00,0.0000000000
2013-07-16 20:00:00,0.0000000000
2013-07-16 21:00:00,0.0000000000
2013-07-16 22:00:00,0.0000000000
2013-07-16 23:00:00,0.0000000000
2013-07-17 00:00:00,0.0000000000
2013-07-17 01:00:00,0.0000000000
2013-07-17 02:00:00,0.0000000000
2013-07-17 03:00:00,0.0708539108
2013-07-17 04:00:00,0.2256692361
2013-07-17 05:00:00,0.3632114890
2013-07-17 06:00:00,0.4277577897
2013-07-17 07:00:00,0.5909107883
2013-07-17 08:00:00,0.6185657080
2013-07-17 09:00:00,0.5820989657
2013-07-17 10:00:00,0.6083251122
2013-07-17 11:00:00,0.5535436267
2013-07-17 12:00:00,0.4787890172
2013-07-17 13:00:00,0.2950971428
2013-07-17 14:00:00,0.1610705445
2013-07-17 15:00:00,0.0414040890
2013-07-17 16:00:00,0.0000000000
2013-07-17 17:00:00,0.0000000000
2013-07-17 18:00:00,0.0000000000
2013-07-17 19:00:00,0.0000000000
2013-07-17 20:00:00,0.0000000000
2013-07-17 21:00:00,0.0000000000
2013-07-17 22:00:00,0.0000000000
2013-07-17 23:00:00,0.0000000000
2013-07-18 00:00:00,0.0000000000
2013-07-18 01:00:00,0.0000000000
2013-07-18 02:00:00,0.0000000000
2013-07-18 03:00:00,0.0584915668
2013-07-18 04:00:00,0.1866663130
2013-07-18 05:00:00,0.3633868080
2013-07-18 06:00:00,0.5174813177
2013-07-18 07:00:00,0.5577651693
2013-07-18 08:00:00,0.6698720217
2013-07-18 09:00:00,0.6695019823
2013-07-18 10:00:00,0.6484807999
2013-07-18 11:00:00,0.5793805605
2013-07-18 12:00:00,0.4896610699
2013-07-18 13:00:00,0.3508142084
2013-07-18 14:00:00,0.1926255856
2013-07-18 15:00:00,0.0508783100
2013-07-18 16:00:00,0.0000000000
2013-07-18 17:00:00,0.0000000000
2013-07-18 18:00:00,0.0000000000
2013-07-18 19:00:00,0.0000000000
2013-07-18 20:00:00,0.0000000000
2013-07-18 21:00:00,0.0000000000
2013-07-18 22:00:00,0.0000000000
2013-07-18 23:00:00,0.0000000000
2013-07-19 00:00:00,0.0000000000
2013-07-19 01:00:00,0.0000000000
2013-07-19 02:00:00,0.0000000000
2013-07-19 03:00:00,0.0686309062
2013-07-19 04:00:00,0.2232298528
2013-07-19 05:00:00,0.3819086677
2013-07-19 06:00:00,0.5183218571
2013-07-19 07:00:00,0.6221738511
2013-07-19 08:00:00,0.6727646084
2013-07-19 09:00:00,0.6612178010
2013-07-19 10:00:00,0.6606163763
2013-07-19 11:00:00,0.5988778766
2013-07-19 12:00:00,0.4940440711
2013-07-19 13:00:00,0.3542956069
2013-07-19 14:00:00,0.1954865524
2013-07-19 15:00:00,0.0516009262
2013-07-19 16:00:00,0.0000000000
2013-07-19 17:00:00,0.0000000000
2013-07-19 18:00:00,0.0000000000
2013-07-19 19:00:00,0.0000000000
2013-07-19 20:00:00,0.0000000000
2013-07-19 21:00:00,0.0000000000
2013-07-19 22:00:00,0.0000000000
2013-07-19 23:00:00,0.0000000000
2013-07-20 00:00:00,0.0000000000
2013-07-20 01:00:00,0.0000000000
2013-07-20 02:00:00,0.0000000000
2013-07-20 03:00:00,0.0640688611
2013-07-20 04:00:00,0.2116658321
2013-07-20 05:00:00,0.3644933357
2013-07-20 06:00:00,0.4637756912
2013-07-20 07:00:00,0.4845561022
2013-07-20 08:00:00,0.6431459350
2013-07-20 09:00:00,0.5225691275
2013-07-20 10:00:00,0.4707625608
2013-07-20 11:00:00,0.4628727487
2013-07-20 12:00:00,0.4587511861
2013-07-20 13:00:00,0.3354594409
2013-07-20 14:00:00,0.1924993960
2013-07-20 15:00:00,0.0525958879
2013-07-20 16:00:00,0.0000000000
2013-07-20 17:00:00,0.0000000000
2013-07-20 18:00:00,0.0000000000
2013-07-20 19:00:00,0.0000000000
2013-07-20 20:00:00,0.0000000000
2013-07-20 21:00:00,0.0000000000
2013-07-20 22:00:00,0.0000000000
2013-07-20 23:00:00,0.0000000000
2013-07-21 00:00:00,0.0000000000
2013-07-21 01:00:00,0.0000000000
2013-07-21 02:00:00,0.0000000000
2013-07-21 03:00:00,0.0696356708
2013-07-21 04:00:00,0.2308954429
2013-07-21 05:00:00,0.3954569828
2013-07-21 06:00:00,0.5415933817
2013-07-21 07:00:00,0.6482533383
2013-07-21 08:00:00,0.7010224101
2013-07-21 09:00:00,0.7196949952
2013-07-21 10:00:00,0.6925670730
2013-07-21 11:00:00,0.6269491103
2013-07-21 12:00:00,0.5192915934
2013-07-21 13:00:00,0.3736053805
2013-07-21 14:00:00,0.2058443222
2013-07-21 15:00:00,0.0539823140
2013-07-21 16:00:00,0.0000000000
2013-07-21 17:00:00,0.0000000000
2013-07-21 18:00:00,0.0000000000
2013-07-21 19:00:00,0.0000000000
2013-07-21 20:00:00,0.0000000000
2013-07-21 21:00:00,0.0000000000
2013-07-21 22:00:00,0.0000000000
2013-07-21 23:00:00,0.0000000000
2013-07-22 00:00:00,0.0000000000
2013-07-22 01:00:00,0.0000000000
2013-07-22 02:00:00,0.0000000000
2013-07-22 03:00:00,0.0472564666
2013-07-22 04:00:00,0.1333164013
2013-07-22 05:00:00,0.1934584496
2013-07-22 06:00:00,0.3542708635
2013-07-22 07:00:00,0.4539350191
2013-07-22 08:00:00,0.5133518030
2013-07-22 09:00:00,0.4019104765
2013-07-22 10:00:00,0.5319673974
2013-07-22 11:00:00,0.4357048107
2013-07-22 12:00:00,0.3805685039
2013-07-22 13:00:00,0.2950469557
2013-07-22 14:00:00,0.1679654653
2013-07-22 15:00:00,0.0458632880
2013-07-22 16:00:00,0.0000000000
2013-07-22 17:00:00,0.0000000000
2013-07-22 18:00:00,0.0000000000
2013-07-22 19:00:00,0.0000000000
2013-07-22 20:00:00,0.0000000000
2013-07-22 21:00:00,0.0000000000
2013-07-22 22:00:00,0.0000000000
2013-07-22 23:00:00,0.0000000000
2013-07-23 00:00:00,0.0000000000
2013-07-23 01:00:00,0.0000000000
2013-07-23 02:00:00,0.0000000000
2013-07-23 03:00:00,0.0541251872
2013-07-23 04:00:00,0.1772974036
2013-07-23 05:00:00,0.3315145547
2013-07-23 06:00:00,0.5019484476
2013-07-23 07:00:00,0.6033171819
2013-07-23 08:00:00,0.6195349282
2013-07-23 09:00:00,0.6714616411
2013-07-23 10:00:00,0.6048839072
2013-07-23 11:00:00,0.5289258717
2013-07-23 12:00:00,0.4566071433
2013-07-23 13:00:00,0.3393204345
2013-07-23 14:00:00,0.1770261765
2013-07-23 15:00:00,0.0482323514
2013-07-23 16:00:00,0.0000000000
2013-07-23 17:00:00,0.0000000000
2013-07-23 18:00:00,0.0000000000
2013-07-23 19:00:00,0.0000000000
2013-07-23 20:00:00,0.0000000000
2013-07-23 21:00:00,0.0000000000
2013-07-23 22:00:00,0.0000000000
2013-07-23 23:00:00,0.0000000000
2013-07-24 00:00:00,0.0000000000
2013-07-24 01:00:00,0.0000000000
2013-07-24 02:00:00,0.0000000000
2013-07-24 03:00:00,0.0528232627
2013-07-24 04:00:00,0.1584675334
2013-07-24 05:00:00,0.3007830660
2013-07-24 06:00:00,0.4952739276
2013-07-24 07:00:00,0.6117933192
2013-07-24 08:00:00,0.6492435764
2013-07-24 09:00:00,0.6749315719
2013-07-24 10:00:00,0.6504370499
2013-07-24 11:00:00,0.5870095429
2013-07-24 12:00:00,0.4860452692
2013-07-24 13:00:00,0.3434884898
2013-07-24 14:00:00,0.1894313636
2013-07-24 15:00:00,0.0487571363
2013-07-24 16:00:00,0.0000000000
2013-07-24 17:00:00,0.0000000000
2013-07-24 18:00:00,0.0000000000
2013-07-24 19:00:00,0.0000000000
2013-07-24 20:00:00,0.0000000000
2013-07-24 21:00:00,0.0000000000
2013-07-24 22:00:00,0.0000000000
2013-07-24 23:00:00,0.0000000000
2013-07-25 00:00:00,0.0000000000
2013-07-25 01:00:00,0.0000000000
2013-07-25 02:00:00,0.0000000000
2013-07-25 03:00:00,0.0604925120
2013-07-25 04:00:00,0.2140716962
2013-07-25 05:00:00,0.3751495938
2013-07-25 06:00:00,0.5180457101
2013-07-25 07:00:00,0.6237588948
2013-07-25 08:00:00,0.6730233388
2013-07-25 09:00:00,0.6903559890
2013-07-25 10:00:00,0.6645827602
2013-07-25 11:00:00,0.6008976597
2013-07-25 12:00:00,0.4941367618
2013-07-25 13:00:00,0.3522777570
2013-07-25 14:00:00,0.1918288759
2013-07-25 15:00:00,0.0480100388
2013-07-25 16:00:00,0.0000000000
2013-07-25 17:00:00,0.0000000000
2013-07-25 18:00:00,0.0000000000
2013-07-25 19:00:00,0.0000000000
2013-07-25 20:00:00,0.0000000000
2013-07-25 21:00:00,0.0000000000
2013-07-25 22:00:00,0.0000000000
2013-07-25 23:00:00,0.0000000000
2013-07-26 00:00:00,0.0000000000
2013-07-26 01:00:00,0.0000000000
2013-07-26 02:00:00,0.0000000000
2013-07-26 03:00:00,0.0629859031
2013-07-26 04:00:00,0.2185358670
2013-07-26 05:00:00,0.3800141696
2013-07-26 06:00:00,0.4936040135
2013-07-26 07:00:00,0.5913788003
2013-07-26 08:00:00,0.6548037390
2013-07-26 09:00:00,0.6661697530
2013-07-26 10:00:00,0.6028175932
2013-07-26 11:00:00,0.4997431544
2013-07-26 12:00:00,0.3431051514
2013-07-26 13:00:00,0.2039638480
2013-07-26 14:00:00,0.0822739280
2013-07-26 15:00:00,0.0320342272
2013-07-26 16:00:00,0.0000000000
2013-07-26 17:00:00,0.0000000000
2013-07-26 18:00:00,0.0000000000
2013-07-26 19:00:00,0.0000000000
2013-07-26 20:00:00,0.0000000000
2013-07-26 21:00:00,0.0000000000
2013-07-26 22:00:00,0.0000000000
2013-07-26 23:00:00,0.0000000000
2013-07-27 00:00:00,0.0000000000
2013-07-27 01:00:00,0.0000000000
2013-07-27 02:00:00,0.0000000000
2013-07-27 03:00:00,0.0644291713
2013-07-27 04:00:00,0.2239143293
2013-07-27 05:00:00,0.3933887595
2013-07-27 06:00:00,0.5418637306
2013-07-27 07:00:00,0.6438087935
2013-07-27 08:00:00,0.7005185403
2013-07-27 09:00:00,0.7174190393
2013-07-27 10:00:00,0.6855518326
2013-07-27 11:00:00,0.6104111560
2013-07-27 12:00:00,0.5074014204
2013-07-27 13:00:00,0.3591579894
2013-07-27 14:00:00,0.1917925069
2013-07-27 15:00:00,0.0468766625
2013-07-27 16:00:00,0.0000000000
2013-07-27 17:00:00,0.0000000000
2013-07-27 18:00:00,0.0000000000
2013-07-27 19:00:00,0.0000000000
2013-07-27 20:00:00,0.0000000000
2013-07-27 21:00:00,0.0000000000
2013-07-27 22:00:00,0.0000000000
2013-07-27 23:00:00,0.0000000000
2013-07-28 00:00:00,0.0000000000
2013-07-28 01:00:00,0.0000000000
2013-07-28 02:00:00,0.0000000000
2013-07-28 03:00:00,0.0448659781
2013-07-28 04:00:00,0.1599195981
2013-07-28 05:00:00,0.2976091964
2013-07-28 06:00:00,0.4000560396
2013-07-28 07:00:00,0.5555087534
2013-07-28 08:00:00,0.6199210831
2013-07-28 09:00:00,0.6359440072
2013-07-28 10:00:00,0.6211953828
2013-07-28 11:00:00,0.5577534115
2013-07-28 12:00:00,0.4556548602
2013-07-28 13:00:00,0.2443807442
2013-07-28 14:00:00,0.1581593560
2013-07-28 15:00:00,0.0472090248
2013-07-28 16:00:00,0.0000000000
2013-07-28 17:00:00,0.0000000000
2013-07-28 18:00:00,0.0000000000
2013-07-28 19:00:00,0.0000000000
2013-07-28 20:00:00,0.0000000000
2013-07-28 21:00:00,0.0000000000
2013-07-28 22:00:00,0.0000000000
2013-07-28 23:00:00,0.0000000000
2013-07-29 00:00:00,0.0000000000
2013-07-29 01:00:00,0.0000000000
2013-07-29 02:00:00,0.0000000000
2013-07-29 03:00:00,0.0534261506
2013-07-29 04:00:00,0.1481301880
2013-07-29 05:00:00,0.3383197096
2013-07-29 06:00:00,0.3922090572
2013-07-29 07:00:00,0.3850682793
2013-07-29 08:00:00,0.4730130090
2013-07-29 09:00:00,0.5903031335
2013-07-29 10:00:00,0.4824673079
2013-07-29 11:00:00,0.3831776223
2013-07-29 12:00:00,0.3592751293
2013-07-29 13:00:00,0.2641852050
2013-07-29 14:00:00,0.0640760449
2013-07-29 15:00:00,0.0150833027
2013-07-29 16:00:00,0.0000000000
2013-07-29 17:00:00,0.0000000000
2013-07-29 18:00:00,0.0000000000
2013-07-29 19:00:00,0.0000000000
2013-07-29 20:00:00,0.0000000000
2013-07-29 21:00:00,0.0000000000
2013-07-29 22:00:00,0.0000000000
2013-07-29 23:00:00,0.0000000000
2013-07-30 00:00:00,0.0000000000
2013-07-30 01:00:00,0.0000000000
2013-07-30 02:00:00,0.0000000000
2013-07-30 03:00:00,0.0598801539
2013-07-30 04:00:00,0.2175691379
2013-07-30 05:00:00,0.3849278909
2013-07-30 06:00:00,0.5329676501
2013-07-30 07:00:00,0.6407617842
2013-07-30 08:00:00,0.6969006003
2013-07-30 09:00:00,0.7128910043
2013-07-30 10:00:00,0.6710729112
2013-07-30 11:00:00,0.6104726464
2013-07-30 12:00:00,0.4881000940
2013-07-30 13:00:00,0.3370387197
2013-07-30 14:00:00,0.1512676993
2013-07-30 15:00:00,0.0437107017
2013-07-30 16:00:00,0.0000000000
2013-07-30 17:00:00,0.0000000000
2013-07-30 18:00:00,0.0000000000
2013-07-30 19:00:00,0.0000000000
2013-07-30 20:00:00,0.0000000000
2013-07-30 21:00:00,0.0000000000
2013-07-30 22:00:00,0.0000000000
2013-07-30 23:00:00,0.0000000000
2013-07-31 00:00:00,0.0000000000
2013-07-31 01:00:00,0.0000000000
2013-07-31 02:00:00,0.0000000000
2013-07-31 03:00:00,0.0617955549
2013-07-31 04:00:00,0.1977482140
2013-07-31 05:00:00,0.3219548547
2013-07-31 06:00:00,0.4242849724
2013-07-31 07:00:00,0.6085528384
2013-07-31 08:00:00,0.6545431036
2013-07-31 09:00:00,0.6952798001
2013-07-31 10:00:00,0.6862030160
2013-07-31 11:00:00,0.6280980987
2013-07-31 12:00:00,0.5157305797
2013-07-31 13:00:00,0.3702177834
2013-07-31 14:00:00,0.1978334556
2013-07-31 15:00:00,0.0462696005
2013-07-31 16:00:00,0.0000000000
2013-07-31 17:00:00,0.0000000000
2013-07-31 18:00:00,0.0000000000
2013-07-31 19:00:00,0.0000000000
2013-07-31 20:00:00,0.0000000000
2013-07-31 21:00:00,0.0000000000
2013-07-31 22:00:00,0.0000000000
2013-07-31 23:00:00,0.0000000000
2013-08-01 00:00:00,0.0000000000
2013-08-01 01:00:00,0.0000000000
2013-08-01 02:00:00,0.0000000000
2013-08-01 03:00:00,0.0575796978
2013-08-01 04:00:00,0.2155298994
2013-08-01 05:00:00,0.3626652776
2013-08-01 06:00:00,0.4816601094
2013-08-01 07:00:00,0.6235746787
2013-08-01 08:00:00,0.6817979029
2013-08-01 09:00:00,0.7144589477
2013-08-01 10:00:00,0.6825866096
2013-08-01 11:00:00,0.6215079040
2013-08-01 12:00:00,0.5123260920
2013-08-01 13:00:00,0.3643317999
2013-08-01 14:00:00,0.1945630291
2013-08-01 15:00:00,0.0446279370
2013-08-01 16:00:00,0.0000000000
2013-08-01 17:00:00,0.0000000000
2013-08-01 18:00:00,0.0000000000
2013-08-01 19:00:00,0.0000000000
2013-08-01 20:00:00,0.0000000000
2013-08-01 21:00:00,0.0000000000
2013-08-01 22:00:00,0.0000000000
2013-08-01 23:00:00,0.0000000000
2013-08-02 00:00:00,0.0000000000
2013-08-02 01:00:00,0.0000000000
2013-08-02 02:00:00,0.0000000000
2013-08-02 03:00:00,0.0475568853
2013-08-02 04:00:00,0.1376597996
2013-08-02 05:00:00,0.2597280666
2013-08-02 06:00:00,0.3889280702
2013-08-02 07:00:00,0.4916076467
2013-08-02 08:00:00,0.5592199447
2013-08-02 09:00:00,0.4963074543
2013-08-02 10:00:00,0.5890995602
2013-08-02 11:00:00,0.5297351873
2013-08-02 12:00:00,0.4416498815
2013-08-02 13:00:00,0.3346349109
2013-08-02 14:00:00,0.1834205017
2013-08-02 15:00:00,0.0423759444
2013-08-02 16:00:00,0.0000000000
2013-08-02 17:00:00,0.0000000000
2013-08-02 18:00:00,0.0000000000
2013-08-02 19:00:00,0.0000000000
2013-08-02 20:00:00,0.0000000000
2013-08-02 21:00:00,0.0000000000
2013-08-02 22:00:00,0.0000000000
2013-08-02 23:00:00,0.0000000000
2013-08-03 00:00:00,0.0000000000
2013-08-03 01:00:00,0.0000000000
2013-08-03 02:00:00,0.0000000000
2013-08-03 03:00:00,0.0532139632
2013-08-03 04:00:00,0.1863023317
2013-08-03 05:00:00,0.3398322612
2013-08-03 06:00:00,0.4880827801
2013-08-03 07:00:00,0.6202582388
2013-08-03 08:00:00,0.6739244790
2013-08-03 09:00:00,0.7022145392
2013-08-03 10:00:00,0.6770877398
2013-08-03 11:00:00,0.6058332583
2013-08-03 12:00:00,0.4957343432
2013-08-03 13:00:00,0.3494387282
2013-08-03 14:00:00,0.1829476643
2013-08-03 15:00:00,0.0404559849
2013-08-03 16:00:00,0.0000000000
2013-08-03 17:00:00,0.0000000000
2013-08-03 18:00:00,0.0000000000
2013-08-03 19:00:00,0.0000000000
2013-08-03 20:00:00,0.0000000000
2013-08-03 21:00:00,0.0000000000
2013-08-03 22:00:00,0.0000000000
2013-08-03 23:00:00,0.0000000000
2013-08-04 00:00:00,0.0000000000
2013-08-04 01:00:00,0.0000000000
2013-08-04 02:00:00,0.0000000000
2013-08-04 03:00:00,0.0456738023
2013-08-04 04:00:00,0.1647776285
2013-08-04 05:00:00,0.2561281902
2013-08-04 06:00:00,0.3945380291
2013-08-04 07:00:00,0.5016999497
2013-08-04 08:00:00,0.5733972986
2013-08-04 09:00:00,0.6747808040
2013-08-04 10:00:00,0.6323235638
2013-08-04 11:00:00,0.5292195975
2013-08-04 12:00:00,0.4509910686
2013-08-04 13:00:00,0.3011918984
2013-08-04 14:00:00,0.1595083834
2013-08-04 15:00:00,0.0378968344
2013-08-04 16:00:00,0.0000000000
2013-08-04 17:00:00,0.0000000000
2013-08-04 18:00:00,0.0000000000
2013-08-04 19:00:00,0.0000000000
2013-08-04 20:00:00,0.0000000000
2013-08-04 21:00:00,0.0000000000
2013-08-04 22:00:00,0.0000000000
2013-08-04 23:00:00,0.0000000000
2013-08-05 00:00:00,0.0000000000
2013-08-05 01:00:00,0.0000000000
2013-08-05 02:00:00,0.0000000000
2013-08-05 03:00:00,0.0302944161
2013-08-05 04:00:00,0.1153546081
2013-08-05 05:00:00,0.2468273573
2013-08-05 06:00:00,0.3692876448
2013-08-05 07:00:00,0.4435354824
2013-08-05 08:00:00,0.5153733351
2013-08-05 09:00:00,0.6068067936
2013-08-05 10:00:00,0.4775787232
2013-08-05 11:00:00,0.3227434132
2013-08-05 12:00:00,0.3220883784
2013-08-05 13:00:00,0.2952682277
2013-08-05 14:00:00,0.1671144677
2013-08-05 15:00:00,0.0401263822
2013-08-05 16:00:00,0.0000000000
2013-08-05 17:00:00,0.0000000000
2013-08-05 18:00:00,0.0000000000
2013-08-05 19:00:00,0.0000000000
2013-08-05 20:00:00,0.0000000000
2013-08-05 21:00:00,0.0000000000
2013-08-05 22:00:00,0.0000000000
2013-08-05 23:00:00,0.0000000000
2013-08-06 00:00:00,0.0000000000
2013-08-06 01:00:00,0.0000000000
2013-08-06 02:00:00,0.0000000000
2013-08-06 03:00:00,0.0559614173
2013-08-06 04:00:00,0.2134598185
2013-08-06 05:00:00,0.3726934601
2013-08-06 06:00:00,0.4411794421
2013-08-06 07:00:00,0.5014960935
2013-08-06 08:00:00,0.6516041355
2013-08-06 09:00:00,0.6390791877
2013-08-06 10:00:00,0.5976168353
2013-08-06 11:00:00,0.4499955922
2013-08-06 12:00:00,0.2618199907
2013-08-06 13:00:00,0.2797922272
2013-08-06 14:00:00,0.1653472150
2013-08-06 15:00:00,0.0375131309
2013-08-06 16:00:00,0.0000000000
2013-08-06 17:00:00,0.0000000000
2013-08-06 18:00:00,0.0000000000
2013-08-06 19:00:00,0.0000000000
2013-08-06 20:00:00,0.0000000000
2013-08-06 21:00:00,0.0000000000
2013-08-06 22:00:00,0.0000000000
2013-08-06 23:00:00,0.0000000000
2013-08-07 00:00:00,0.0000000000
2013-08-07 01:00:00,0.0000000000
2013-08-07 02:00:00,0.0000000000
2013-08-07 03:00:00,0.0519017935
2013-08-07 04:00:00,0.2065745704
2013-08-07 05:00:00,0.3712449546
2013-08-07 06:00:00,0.4829683262
2013-08-07 07:00:00,0.6242314903
2013-08-07 08:00:00,0.6775944008
2013-08-07 09:00:00,0.6838978196
2013-08-07 10:00:00,0.6438830291
2013-08-07 11:00:00,0.5608193097
2013-08-07 12:00:00,0.4171966678
2013-08-07 13:00:00,0.2670009133
2013-08-07 14:00:00,0.1568492155
2013-08-07 15:00:00,0.0323070089
2013-08-07 16:00:00,0.0000000000
2013-08-07 17:00:00,0.0000000000
2013-08-07 18:00:00,0.0000000000
2013-08-07 19:00:00,0.0000000000
2013-08-07 20:00:00,0.0000000000
2013-08-07 21:00:00,0.0000000000
2013-08-07 22:00:00,0.0000000000
2013-08-07 23:00:00,0.0000000000
2013-08-08 00:00:00,0.0000000000
2013-08-08 01:00:00,0.0000000000
2013-08-08 02:00:00,0.0000000000
2013-08-08 03:00:00,0.0533616798
2013-08-08 04:00:00,0.2115979711
2013-08-08 05:00:00,0.3802098922
2013-08-08 06:00:00,0.5321805480
2013-08-08 07:00:00,0.6428571214
2013-08-08 08:00:00,0.6709984214
2013-08-08 09:00:00,0.6782348199
2013-08-08 10:00:00,0.6161948765
2013-08-08 11:00:00,0.4675993607
2013-08-08 12:00:00,0.2835043821
2013-08-08 13:00:00,0.1168682190
2013-08-08 14:00:00,0.0968973157
2013-08-08 15:00:00,0.0318978937
2013-08-08 16:00:00,0.0000000000
2013-08-08 17:00:00,0.0000000000
2013-08-08 18:00:00,0.0000000000
2013-08-08 19:00:00,0.0000000000
2013-08-08 20:00:00,0.0000000000
2013-08-08 21:00:00,0.0000000000
2013-08-08 22:00:00,0.0000000000
2013-08-08 23:00:00,0.0000000000
2013-08-09 00:00:00,0.0000000000
2013-08-09 01:00:00,0.0000000000
2013-08-09 02:00:00,0.0000000000
2013-08-09 03:00:00,0.0559191137
2013-08-09 04:00:00,0.2150333216
2013-08-09 05:00:00,0.3923268562
2013-08-09 06:00:00,0.5406077121
2013-08-09 07:00:00,0.6568384383
2013-08-09 08:00:00,0.7151274950
2013-08-09 09:00:00,0.7091500130
2013-08-09 10:00:00,0.4401772400
2013-08-09 11:00:00,0.3046729761
2013-08-09 12:00:00,0.3017542616
2013-08-09 13:00:00,0.1801044110
2013-08-09 14:00:00,0.1301481440
2013-08-09 15:00:00,0.0325733438
2013-08-09 16:00:00,0.0000000000
2013-08-09 17:00:00,0.0000000000
2013-08-09 18:00:00,0.0000000000
2013-08-09 19:00:00,0.0000000000
2013-08-09 20:00:00,0.0000000000
2013-08-09 21:00:00,0.0000000000
2013-08-09 22:00:00,0.0000000000
2013-08-09 23:00:00,0.0000000000
2013-08-10 00:00:00,0.0000000000
2013-08-10 01:00:00,0.0000000000
2013-08-10 02:00:00,0.0000000000
2013-08-10 03:00:00,0.0541901300
2013-08-10 04:00:00,0.2184287924
2013-08-10 05:00:00,0.3889232518
2013-08-10 06:00:00,0.5411148679
2013-08-10 07:00:00,0.6486982796
2013-08-10 08:00:00,0.5573068967
2013-08-10 09:00:00,0.2558910819
2013-08-10 10:00:00,0.2820026824
2013-08-10 11:00:00,0.2162491324
2013-08-10 12:00:00,0.2467451330
2013-08-10 13:00:00,0.2086945508
2013-08-10 14:00:00,0.0768996327
2013-08-10 15:00:00,0.0245688913
2013-08-10 16:00:00,0.0000000000
2013-08-10 17:00:00,0.0000000000
2013-08-10 18:00:00,0.0000000000
2013-08-10 19:00:00,0.0000000000
2013-08-10 20:00:00,0.0000000000
2013-08-10 21:00:00,0.0000000000
2013-08-10 22:00:00,0.0000000000
2013-08-10 23:00:00,0.0000000000
2013-08-11 00:00:00,0.0000000000
2013-08-11 01:00:00,0.0000000000
2013-08-11 02:00:00,0.0000000000
2013-08-11 03:00:00,0.0516270958
2013-08-11 04:00:00,0.2117158951
2013-08-11 05:00:00,0.3770467814
2013-08-11 06:00:00,0.5264063840
2013-08-11 07:00:00,0.5996433658
2013-08-11 08:00:00,0.5954814548
2013-08-11 09:00:00,0.5255025785
2013-08-11 10:00:00,0.3990060200
2013-08-11 11:00:00,0.5076295703
2013-08-11 12:00:00,0.3624848383
2013-08-11 13:00:00,0.2369888467
2013-08-11 14:00:00,0.1306812949
2013-08-11 15:00:00,0.0236587147
2013-08-11 16:00:00,0.0000000000
2013-08-11 17:00:00,0.0000000000
2013-08-11 18:00:00,0.0000000000
2013-08-11 19:00:00,0.0000000000
2013-08-11 20:00:00,0.0000000000
2013-08-11 21:00:00,0.0000000000
2013-08-11 22:00:00,0.0000000000
2013-08-11 23:00:00,0.0000000000
2013-08-12 00:00:00,0.0000000000
2013-08-12 01:00:00,0.0000000000
2013-08-12 02:00:00,0.0000000000
2013-08-12 03:00:00,0.0511451306
2013-08-12 04:00:00,0.2113597773
2013-08-12 05:00:00,0.3834236773
2013-08-12 06:00:00,0.5358616083
2013-08-12 07:00:00,0.6465789566
2013-08-12 08:00:00,0.6357277064
2013-08-12 09:00:00,0.6228876638
2013-08-12 10:00:00,0.6031876514
2013-08-12 11:00:00,0.6024110428
2013-08-12 12:00:00,0.4816739884
2013-08-12 13:00:00,0.3284588288
2013-08-12 14:00:00,0.1606465380
2013-08-12 15:00:00,0.0306732998
2013-08-12 16:00:00,0.0000000000
2013-08-12 17:00:00,0.0000000000
2013-08-12 18:00:00,0.0000000000
2013-08-12 19:00:00,0.0000000000
2013-08-12 20:00:00,0.0000000000
2013-08-12 21:00:00,0.0000000000
2013-08-12 22:00:00,0.0000000000
2013-08-12 23:00:00,0.0000000000
2013-08-13 00:00:00,0.0000000000
2013-08-13 01:00:00,0.0000000000
2013-08-13 02:00:00,0.0000000000
2013-08-13 03:00:00,0.0500219240
2013-08-13 04:00:00,0.2109881767
2013-08-13 05:00:00,0.3786947509
2013-08-13 06:00:00,0.5284776831
2013-08-13 07:00:00,0.6372186670
2013-08-13 08:00:00,0.6917928130
2013-08-13 09:00:00,0.7105574057
2013-08-13 10:00:00,0.6810830163
2013-08-13 11:00:00,0.6116972004
2013-08-13 12:00:00,0.4897502977
2013-08-13 13:00:00,0.3439938008
2013-08-13 14:00:00,0.1742077409
2013-08-13 15:00:00,0.0296453105
2013-08-13 16:00:00,0.0000000000
2013-08-13 17:00:00,0.0000000000
2013-08-13 18:00:00,0.0000000000
2013-08-13 19:00:00,0.0000000000
2013-08-13 20:00:00,0.0000000000
2013-08-13 21:00:00,0.0000000000
2013-08-13 22:00:00,0.0000000000
2013-08-13 23:00:00,0.0000000000
2013-08-14 00:00:00,0.0000000000
2013-08-14 01:00:00,0.0000000000
2013-08-14 02:00:00,0.0000000000
2013-08-14 03:00:00,0.0501316863
2013-08-14 04:00:00,0.2102971863
2013-08-14 05:00:00,0.3794249901
2013-08-14 06:00:00,0.5304435550
2013-08-14 07:00:00,0.6354212269
2013-08-14 08:00:00,0.6888374688
2013-08-14 09:00:00,0.7044369648
2013-08-14 10:00:00,0.6774316740
2013-08-14 11:00:00,0.5996739841
2013-08-14 12:00:00,0.4870317694
2013-08-14 13:00:00,0.3216834658
2013-08-14 14:00:00,0.1640173848
2013-08-14 15:00:00,0.0324230547
2013-08-14 16:00:00,0.0000000000
2013-08-14 17:00:00,0.0000000000
2013-08-14 18:00:00,0.0000000000
2013-08-14 19:00:00,0.0000000000
2013-08-14 20:00:00,0.0000000000
2013-08-14 21:00:00,0.0000000000
2013-08-14 22:00:00,0.0000000000
2013-08-14 23:00:00,0.0000000000
2013-08-15 00:00:00,0.0000000000
2013-08-15 01:00:00,0.0000000000
2013-08-15 02:00:00,0.0000000000
2013-08-15 03:00:00,0.0518806863
2013-08-15 04:00:00,0.2195354767
2013-08-15 05:00:00,0.3706547268
2013-08-15 06:00:00,0.5555721535
2013-08-15 07:00:00,0.6652231829
2013-08-15 08:00:00,0.7189225006
2013-08-15 09:00:00,0.7403768391
2013-08-15 10:00:00,0.7093529383
2013-08-15 11:00:00,0.6373964292
2013-08-15 12:00:00,0.5166579637
2013-08-15 13:00:00,0.3543043159
2013-08-15 14:00:00,0.1758207171
2013-08-15 15:00:00,0.0286402591
2013-08-15 16:00:00,0.0000000000
2013-08-15 17:00:00,0.0000000000
2013-08-15 18:00:00,0.0000000000
2013-08-15 19:00:00,0.0000000000
2013-08-15 20:00:00,0.0000000000
2013-08-15 21:00:00,0.0000000000
2013-08-15 22:00:00,0.0000000000
2013-08-15 23:00:00,0.0000000000
2013-08-16 00:00:00,0.0000000000
2013-08-16 01:00:00,0.0000000000
2013-08-16 02:00:00,0.0000000000
2013-08-16 03:00:00,0.0496957534
2013-08-16 04:00:00,0.2180497342
2013-08-16 05:00:00,0.3916889664
2013-08-16 06:00:00,0.5447187710
2013-08-16 07:00:00,0.6555213620
2013-08-16 08:00:00,0.7108101700
2013-08-16 09:00:00,0.7289892727
2013-08-16 10:00:00,0.6982549021
2013-08-16 11:00:00,0.6264875912
2013-08-16 12:00:00,0.5099322524
2013-08-16 13:00:00,0.3531295039
2013-08-16 14:00:00,0.1749307601
2013-08-16 15:00:00,0.0268424882
2013-08-16 16:00:00,0.0000000000
2013-08-16 17:00:00,0.0000000000
2013-08-16 18:00:00,0.0000000000
2013-08-16 19:00:00,0.0000000000
2013-08-16 20:00:00,0.0000000000
2013-08-16 21:00:00,0.0000000000
2013-08-16 22:00:00,0.0000000000
2013-08-16 23:00:00,0.0000000000
2013-08-17 00:00:00,0.0000000000
2013-08-17 01:00:00,0.0000000000
2013-08-17 02:00:00,0.0000000000
2013-08-17 03:00:00,0.0496377260
2013-08-17 04:00:00,0.2196701463
2013-08-17 05:00:00,0.3944618614
2013-08-17 06:00:00,0.5478777787
2013-08-17 07:00:00,0.6579579553
2013-08-17 08:00:00,0.7108265037
2013-08-17 09:00:00,0.7286678268
2013-08-17 10:00:00,0.6992934317
2013-08-17 11:00:00,0.6273883656
2013-08-17 12:00:00,0.5103708271
2013-08-17 13:00:00,0.3523412904
2013-08-17 14:00:00,0.1734087375
2013-08-17 15:00:00,0.0254807140
2013-08-17 16:00:00,0.0000000000
2013-08-17 17:00:00,0.0000000000
2013-08-17 18:00:00,0.0000000000
2013-08-17 19:00:00,0.0000000000
2013-08-17 20:00:00,0.0000000000
2013-08-17 21:00:00,0.0000000000
2013-08-17 22:00:00,0.0000000000
2013-08-17 23:00:00,0.0000000000
2013-08-18 00:00:00,0.0000000000
2013-08-18 01:00:00,0.0000000000
2013-08-18 02:00:00,0.0000000000
2013-08-18 03:00:00,0.0492196451
2013-08-18 04:00:00,0.2197918217
2013-08-18 05:00:00,0.3951685484
2013-08-18 06:00:00,0.5490514389
2013-08-18 07:00:00,0.6590775110
2013-08-18 08:00:00,0.7111777452
2013-08-18 09:00:00,0.7282936824
2013-08-18 10:00:00,0.6968407688
2013-08-18 11:00:00,0.6242696944
2013-08-18 12:00:00,0.5068852168
2013-08-18 13:00:00,0.3491148749
2013-08-18 14:00:00,0.1711558210
2013-08-18 15:00:00,0.0242629748
2013-08-18 16:00:00,0.0000000000
2013-08-18 17:00:00,0.0000000000
2013-08-18 18:00:00,0.0000000000
2013-08-18 19:00:00,0.0000000000
2013-08-18 20:00:00,0.0000000000
2013-08-18 21:00:00,0.0000000000
2013-08-18 22:00:00,0.0000000000
2013-08-18 23:00:00,0.0000000000
2013-08-19 00:00:00,0.0000000000
2013-08-19 01:00:00,0.0000000000
2013-08-19 02:00:00,0.0000000000
2013-08-19 03:00:00,0.0494810290
2013-08-19 04:00:00,0.2219579721
2013-08-19 05:00:00,0.3992601470
2013-08-19 06:00:00,0.5540810468
2013-08-19 07:00:00,0.6660371331
2013-08-19 08:00:00,0.7169459779
2013-08-19 09:00:00,0.7332351166
2013-08-19 10:00:00,0.7017441793
2013-08-19 11:00:00,0.6171415044
2013-08-19 12:00:00,0.4739424401
2013-08-19 13:00:00,0.2916216350
2013-08-19 14:00:00,0.1462319189
2013-08-19 15:00:00,0.0245664752
2013-08-19 16:00:00,0.0000000000
2013-08-19 17:00:00,0.0000000000
2013-08-19 18:00:00,0.0000000000
2013-08-19 19:00:00,0.0000000000
2013-08-19 20:00:00,0.0000000000
2013-08-19 21:00:00,0.0000000000
2013-08-19 22:00:00,0.0000000000
2013-08-19 23:00:00,0.0000000000
2013-08-20 00:00:00,0.0000000000
2013-08-20 01:00:00,0.0000000000
2013-08-20 02:00:00,0.0000000000
2013-08-20 03:00:00,0.0418351113
2013-08-20 04:00:00,0.2056648256
2013-08-20 05:00:00,0.3819328437
2013-08-20 06:00:00,0.5074284833
2013-08-20 07:00:00,0.6230993621
2013-08-20 08:00:00,0.6260589990
2013-08-20 09:00:00,0.6952730924
2013-08-20 10:00:00,0.6531776842
2013-08-20 11:00:00,0.5893200474
2013-08-20 12:00:00,0.4757671567
2013-08-20 13:00:00,0.3268587109
2013-08-20 14:00:00,0.1405273417
2013-08-20 15:00:00,0.0199494496
2013-08-20 16:00:00,0.0000000000
2013-08-20 17:00:00,0.0000000000
2013-08-20 18:00:00,0.0000000000
2013-08-20 19:00:00,0.0000000000
2013-08-20 20:00:00,0.0000000000
2013-08-20 21:00:00,0.0000000000
2013-08-20 22:00:00,0.0000000000
2013-08-20 23:00:00,0.0000000000
2013-08-21 00:00:00,0.0000000000
2013-08-21 01:00:00,0.0000000000
2013-08-21 02:00:00,0.0000000000
2013-08-21 03:00:00,0.0445862609
2013-08-21 04:00:00,0.2064157499
2013-08-21 05:00:00,0.3819387836
2013-08-21 06:00:00,0.5357656622
2013-08-21 07:00:00,0.6456679745
2013-08-21 08:00:00,0.6982734999
2013-08-21 09:00:00,0.7155631117
2013-08-21 10:00:00,0.6862591085
2013-08-21 11:00:00,0.6123971367
2013-08-21 12:00:00,0.4924021803
2013-08-21 13:00:00,0.3334627631
2013-08-21 14:00:00,0.1572593158
2013-08-21 15:00:00,0.0193967414
2013-08-21 16:00:00,0.0000000000
2013-08-21 17:00:00,0.0000000000
2013-08-21 18:00:00,0.0000000000
2013-08-21 19:00:00,0.0000000000
2013-08-21 20:00:00,0.0000000000
2013-08-21 21:00:00,0.0000000000
2013-08-21 22:00:00,0.0000000000
2013-08-21 23:00:00,0.0000000000
2013-08-22 00:00:00,0.0000000000
2013-08-22 01:00:00,0.0000000000
2013-08-22 02:00:00,0.0000000000
2013-08-22 03:00:00,0.0362991640
2013-08-22 04:00:00,0.1734164610
2013-08-22 05:00:00,0.3524095369
2013-08-22 06:00:00,0.5270272168
2013-08-22 07:00:00,0.6420292855
2013-08-22 08:00:00,0.6798141296
2013-08-22 09:00:00,0.6874319474
2013-08-22 10:00:00,0.6634856129
2013-08-22 11:00:00,0.5754977469
2013-08-22 12:00:00,0.4547223846
2013-08-22 13:00:00,0.2777386098
2013-08-22 14:00:00,0.1415939294
2013-08-22 15:00:00,0.0143466872
2013-08-22 16:00:00,0.0000000000
2013-08-22 17:00:00,0.0000000000
2013-08-22 18:00:00,0.0000000000
2013-08-22 19:00:00,0.0000000000
2013-08-22 20:00:00,0.0000000000
2013-08-22 21:00:00,0.0000000000
2013-08-22 22:00:00,0.0000000000
2013-08-22 23:00:00,0.0000000000
2013-08-23 00:00:00,0.0000000000
2013-08-23 01:00:00,0.0000000000
2013-08-23 02:00:00,0.0000000000
2013-08-23 03:00:00,0.0419988406
2013-08-23 04:00:00,0.1994524504
2013-08-23 05:00:00,0.3748623739
2013-08-23 06:00:00,0.5296023440
2013-08-23 07:00:00,0.6420841949
2013-08-23 08:00:00,0.6726606252
2013-08-23 09:00:00,0.6382509802
2013-08-23 10:00:00,0.5992779719
2013-08-23 11:00:00,0.5641095469
2013-08-23 12:00:00,0.4149508382
2013-08-23 13:00:00,0.2860127372
2013-08-23 14:00:00,0.1282722363
2013-08-23 15:00:00,0.0163711293
2013-08-23 16:00:00,0.0000000000
2013-08-23 17:00:00,0.0000000000
2013-08-23 18:00:00,0.0000000000
2013-08-23 19:00:00,0.0000000000
2013-08-23 20:00:00,0.0000000000
2013-08-23 21:00:00,0.0000000000
2013-08-23 22:00:00,0.0000000000
2013-08-23 23:00:00,0.0000000000
2013-08-24 00:00:00,0.0000000000
2013-08-24 01:00:00,0.0000000000
2013-08-24 02:00:00,0.0000000000
2013-08-24 03:00:00,0.0415348089
2013-08-24 04:00:00,0.2002613418
2013-08-24 05:00:00,0.3720497367
2013-08-24 06:00:00,0.5261406732
2013-08-24 07:00:00,0.6377192345
2013-08-24 08:00:00,0.6932874488
2013-08-24 09:00:00,0.7106343233
2013-08-24 10:00:00,0.6781261674
2013-08-24 11:00:00,0.6037497620
2013-08-24 12:00:00,0.4834358373
2013-08-24 13:00:00,0.3237386787
2013-08-24 14:00:00,0.1484219163
2013-08-24 15:00:00,0.0156785018
2013-08-24 16:00:00,0.0000000000
2013-08-24 17:00:00,0.0000000000
2013-08-24 18:00:00,0.0000000000
2013-08-24 19:00:00,0.0000000000
2013-08-24 20:00:00,0.0000000000
2013-08-24 21:00:00,0.0000000000
2013-08-24 22:00:00,0.0000000000
2013-08-24 23:00:00,0.0000000000
2013-08-25 00:00:00,0.0000000000
2013-08-25 01:00:00,0.0000000000
2013-08-25 02:00:00,0.0000000000
2013-08-25 03:00:00,0.0412820324
2013-08-25 04:00:00,0.2011168137
2013-08-25 05:00:00,0.3719322702
2013-08-25 06:00:00,0.5246009152
2013-08-25 07:00:00,0.6342644413
2013-08-25 08:00:00,0.6880990641
2013-08-25 09:00:00,0.7043229935
2013-08-25 10:00:00,0.6725118515
2013-08-25 11:00:00,0.5980372093
2013-08-25 12:00:00,0.4781421640
2013-08-25 13:00:00,0.3189286629
2013-08-25 14:00:00,0.1447788193
2013-08-25 15:00:00,0.0142922890
2013-08-25 16:00:00,0.0000000000
2013-08-25 17:00:00,0.0000000000
2013-08-25 18:00:00,0.0000000000
2013-08-25 19:00:00,0.0000000000
2013-08-25 20:00:00,0.0000000000
2013-08-25 21:00:00,0.0000000000
2013-08-25 22:00:00,0.0000000000
2013-08-25 23:00:00,0.0000000000
2013-08-26 00:00:00,0.0000000000
2013-08-26 01:00:00,0.0000000000
2013-08-26 02:00:00,0.0000000000
2013-08-26 03:00:00,0.0387056618
2013-08-26 04:00:00,0.1931366765
2013-08-26 05:00:00,0.3619065243
2013-08-26 06:00:00,0.5040170969
2013-08-26 07:00:00,0.6014545479
2013-08-26 08:00:00,0.6704608950
2013-08-26 09:00:00,0.6863258099
2013-08-26 10:00:00,0.6442894154
2013-08-26 11:00:00,0.5819320615
2013-08-26 12:00:00,0.4637447079
2013-08-26 13:00:00,0.3074927331
2013-08-26 14:00:00,0.1377114231
2013-08-26 15:00:00,0.0129268749
2013-08-26 16:00:00,0.0000000000
2013-08-26 17:00:00,0.0000000000
2013-08-26 18:00:00,0.0000000000
2013-08-26 19:00:00,0.0000000000
2013-08-26 20:00:00,0.0000000000
2013-08-26 21:00:00,0.0000000000
2013-08-26 22:00:00,0.0000000000
2013-08-26 23:00:00,0.0000000000
2013-08-27 00:00:00,0.0000000000
2013-08-27 01:00:00,0.0000000000
2013-08-27 02:00:00,0.0000000000
2013-08-27 03:00:00,0.0380833178
2013-08-27 04:00:00,0.1930864355
2013-08-27 05:00:00,0.3651156237
2013-08-27 06:00:00,0.5176320946
2013-08-27 07:00:00,0.6262402768
2013-08-27 08:00:00,0.6780182151
2013-08-27 09:00:00,0.6942009284
2013-08-27 10:00:00,0.6629779532
2013-08-27 11:00:00,0.5878105841
2013-08-27 12:00:00,0.4676406066
2013-08-27 13:00:00,0.3088741910
2013-08-27 14:00:00,0.1371713140
2013-08-27 15:00:00,0.0126788750
2013-08-27 16:00:00,0.0000000000
2013-08-27 17:00:00,0.0000000000
2013-08-27 18:00:00,0.0000000000
2013-08-27 19:00:00,0.0000000000
2013-08-27 20:00:00,0.0000000000
2013-08-27 21:00:00,0.0000000000
2013-08-27 22:00:00,0.0000000000
2013-08-27 23:00:00,0.0000000000
2013-08-28 00:00:00,0.0000000000
2013-08-28 01:00:00,0.0000000000
2013-08-28 02:00:00,0.0000000000
2013-08-28 03:00:00,0.0360434226
2013-08-28 04:00:00,0.1818750921
2013-08-28 05:00:00,0.3391655495
2013-08-28 06:00:00,0.4743069783
2013-08-28 07:00:00,0.6252003909
2013-08-28 08:00:00,0.6832255880
2013-08-28 09:00:00,0.6971960065
2013-08-28 10:00:00,0.6558309884
2013-08-28 11:00:00,0.5841951073
2013-08-28 12:00:00,0.4649512058
2013-08-28 13:00:00,0.3019092620
2013-08-28 14:00:00,0.1288608229
2013-08-28 15:00:00,0.0114301357
2013-08-28 16:00:00,0.0000000000
2013-08-28 17:00:00,0.0000000000
2013-08-28 18:00:00,0.0000000000
2013-08-28 19:00:00,0.0000000000
2013-08-28 20:00:00,0.0000000000
2013-08-28 21:00:00,0.0000000000
2013-08-28 22:00:00,0.0000000000
2013-08-28 23:00:00,0.0000000000
2013-08-29 00:00:00,0.0000000000
2013-08-29 01:00:00,0.0000000000
2013-08-29 02:00:00,0.0000000000
2013-08-29 03:00:00,0.0400126253
2013-08-29 04:00:00,0.2056611870
2013-08-29 05:00:00,0.3927187936
2013-08-29 06:00:00,0.5577578985
2013-08-29 07:00:00,0.6757176129
2013-08-29 08:00:00,0.7323955995
2013-08-29 09:00:00,0.7492164431
2013-08-29 10:00:00,0.7125496256
2013-08-29 11:00:00,0.6313993693
2013-08-29 12:00:00,0.5015704113
2013-08-29 13:00:00,0.3298218048
2013-08-29 14:00:00,0.1433538326
2013-08-29 15:00:00,0.0119379560
2013-08-29 16:00:00,0.0000000000
2013-08-29 17:00:00,0.0000000000
2013-08-29 18:00:00,0.0000000000
2013-08-29 19:00:00,0.0000000000
2013-08-29 20:00:00,0.0000000000
2013-08-29 21:00:00,0.0000000000
2013-08-29 22:00:00,0.0000000000
2013-08-29 23:00:00,0.0000000000
2013-08-30 00:00:00,0.0000000000
2013-08-30 01:00:00,0.0000000000
2013-08-30 02:00:00,0.0000000000
2013-08-30 03:00:00,0.0382203338
2013-08-30 04:00:00,0.2008316503
2013-08-30 05:00:00,0.3834402132
2013-08-30 06:00:00,0.5463755200
2013-08-30 07:00:00,0.6645629628
2013-08-30 08:00:00,0.7200716851
2013-08-30 09:00:00,0.7367191136
2013-08-30 10:00:00,0.7026820020
2013-08-30 11:00:00,0.6217565805
2013-08-30 12:00:00,0.4926137935
2013-08-30 13:00:00,0.3222243372
2013-08-30 14:00:00,0.1379260362
2013-08-30 15:00:00,0.0109035117
2013-08-30 16:00:00,0.0000000000
2013-08-30 17:00:00,0.0000000000
2013-08-30 18:00:00,0.0000000000
2013-08-30 19:00:00,0.0000000000
2013-08-30 20:00:00,0.0000000000
2013-08-30 21:00:00,0.0000000000
2013-08-30 22:00:00,0.0000000000
2013-08-30 23:00:00,0.0000000000
2013-08-31 00:00:00,0.0000000000
2013-08-31 01:00:00,0.0000000000
2013-08-31 02:00:00,0.0000000000
2013-08-31 03:00:00,0.0375726271
2013-08-31 04:00:00,0.2010579916
2013-08-31 05:00:00,0.3842322328
2013-08-31 06:00:00,0.5468994472
2013-08-31 07:00:00,0.6621117405
2013-08-31 08:00:00,0.7184795088
2013-08-31 09:00:00,0.7338425512
2013-08-31 10:00:00,0.6993214993
2013-08-31 11:00:00,0.6190464181
2013-08-31 12:00:00,0.4904018909
2013-08-31 13:00:00,0.3199789388
2013-08-31 14:00:00,0.1359147770
2013-08-31 15:00:00,0.0102284445
2013-08-31 16:00:00,0.0000000000
2013-08-31 17:00:00,0.0000000000
2013-08-31 18:00:00,0.0000000000
2013-08-31 19:00:00,0.0000000000
2013-08-31 20:00:00,0.0000000000
2013-08-31 21:00:00,0.0000000000
2013-08-31 22:00:00,0.0000000000
2013-08-31 23:00:00,0.0000000000
2013-09-01 00:00:00,0.0000000000
2013-09-01 01:00:00,0.0000000000
2013-09-01 02:00:00,0.0000000000
2013-09-01 03:00:00,0.0375560544
2013-09-01 04:00:00,0.2045870762
2013-09-01 05:00:00,0.3882500619
2013-09-01 06:00:00,0.5515178646
2013-09-01 07:00:00,0.6669772065
2013-09-01 08:00:00,0.7164935140
2013-09-01 09:00:00,0.7316080432
2013-09-01 10:00:00,0.6933411432
2013-09-01 11:00:00,0.6124923993
2013-09-01 12:00:00,0.4838028168
2013-09-01 13:00:00,0.3140779045
2013-09-01 14:00:00,0.1321570476
2013-09-01 15:00:00,0.0000000000
2013-09-01 16:00:00,0.0000000000
2013-09-01 17:00:00,0.0000000000
2013-09-01 18:00:00,0.0000000000
2013-09-01 19:00:00,0.0000000000
2013-09-01 20:00:00,0.0000000000
2013-09-01 21:00:00,0.0000000000
2013-09-01 22:00:00,0.0000000000
2013-09-01 23:00:00,0.0000000000
2013-09-02 00:00:00,0.0000000000
2013-09-02 01:00:00,0.0000000000
2013-09-02 02:00:00,0.0000000000
2013-09-02 03:00:00,0.0353711407
2013-09-02 04:00:00,0.1948700228
2013-09-02 05:00:00,0.3637882930
2013-09-02 06:00:00,0.5283374648
2013-09-02 07:00:00,0.6389073670
2013-09-02 08:00:00,0.6840588967
2013-09-02 09:00:00,0.6967738873
2013-09-02 10:00:00,0.6622074338
2013-09-02 11:00:00,0.5682858953
2013-09-02 12:00:00,0.4480154545
2013-09-02 13:00:00,0.2839766146
2013-09-02 14:00:00,0.1162715501
2013-09-02 15:00:00,0.0000000000
2013-09-02 16:00:00,0.0000000000
2013-09-02 17:00:00,0.0000000000
2013-09-02 18:00:00,0.0000000000
2013-09-02 19:00:00,0.0000000000
2013-09-02 20:00:00,0.0000000000
2013-09-02 21:00:00,0.0000000000
2013-09-02 22:00:00,0.0000000000
2013-09-02 23:00:00,0.0000000000
2013-09-03 00:00:00,0.0000000000
2013-09-03 01:00:00,0.0000000000
2013-09-03 02:00:00,0.0000000000
2013-09-03 03:00:00,0.0253643629
2013-09-03 04:00:00,0.1329553281
2013-09-03 05:00:00,0.3076784868
2013-09-03 06:00:00,0.4289758112
2013-09-03 07:00:00,0.6078339262
2013-09-03 08:00:00,0.6564742575
2013-09-03 09:00:00,0.6552008193
2013-09-03 10:00:00,0.6472498339
2013-09-03 11:00:00,0.5657783156
2013-09-03 12:00:00,0.4432402325
2013-09-03 13:00:00,0.2575163348
2013-09-03 14:00:00,0.1118897872
2013-09-03 15:00:00,0.0000000000
2013-09-03 16:00:00,0.0000000000
2013-09-03 17:00:00,0.0000000000
2013-09-03 18:00:00,0.0000000000
2013-09-03 19:00:00,0.0000000000
2013-09-03 20:00:00,0.0000000000
2013-09-03 21:00:00,0.0000000000
2013-09-03 22:00:00,0.0000000000
2013-09-03 23:00:00,0.0000000000
2013-09-04 00:00:00,0.0000000000
2013-09-04 01:00:00,0.0000000000
2013-09-04 02:00:00,0.0000000000
2013-09-04 03:00:00,0.0298841611
2013-09-04 04:00:00,0.1762282689
2013-09-04 05:00:00,0.3278852570
2013-09-04 06:00:00,0.4273539700
2013-09-04 07:00:00,0.5041646541
2013-09-04 08:00:00,0.5380851947
2013-09-04 09:00:00,0.5094579826
2013-09-04 10:00:00,0.5955960456
2013-09-04 11:00:00,0.5532706094
2013-09-04 12:00:00,0.4346275225
2013-09-04 13:00:00,0.2744730455
2013-09-04 14:00:00,0.1084711233
2013-09-04 15:00:00,0.0000000000
2013-09-04 16:00:00,0.0000000000
2013-09-04 17:00:00,0.0000000000
2013-09-04 18:00:00,0.0000000000
2013-09-04 19:00:00,0.0000000000
2013-09-04 20:00:00,0.0000000000
2013-09-04 21:00:00,0.0000000000
2013-09-04 22:00:00,0.0000000000
2013-09-04 23:00:00,0.0000000000
2013-09-05 00:00:00,0.0000000000
2013-09-05 01:00:00,0.0000000000
2013-09-05 02:00:00,0.0000000000
2013-09-05 03:00:00,0.0289972807
2013-09-05 04:00:00,0.1744140284
2013-09-05 05:00:00,0.3435843292
2013-09-05 06:00:00,0.4945812947
2013-09-05 07:00:00,0.5918054508
2013-09-05 08:00:00,0.6146540777
2013-09-05 09:00:00,0.6049895086
2013-09-05 10:00:00,0.5405435023
2013-09-05 11:00:00,0.4222064725
2013-09-05 12:00:00,0.3704845838
2013-09-05 13:00:00,0.1751597883
2013-09-05 14:00:00,0.0925016669
2013-09-05 15:00:00,0.0000000000
2013-09-05 16:00:00,0.0000000000
2013-09-05 17:00:00,0.0000000000
2013-09-05 18:00:00,0.0000000000
2013-09-05 19:00:00,0.0000000000
2013-09-05 20:00:00,0.0000000000
2013-09-05 21:00:00,0.0000000000
2013-09-05 22:00:00,0.0000000000
2013-09-05 23:00:00,0.0000000000
2013-09-06 00:00:00,0.0000000000
2013-09-06 01:00:00,0.0000000000
2013-09-06 02:00:00,0.0000000000
2013-09-06 03:00:00,0.0117679249
2013-09-06 04:00:00,0.0966423187
2013-09-06 05:00:00,0.1550095035
2013-09-06 06:00:00,0.1917022362
2013-09-06 07:00:00,0.1754186186
2013-09-06 08:00:00,0.5441366848
2013-09-06 09:00:00,0.5506052127
2013-09-06 10:00:00,0.5913200919
2013-09-06 11:00:00,0.5259167508
2013-09-06 12:00:00,0.3989463174
2013-09-06 13:00:00,0.2434236604
2013-09-06 14:00:00,0.0945850162
2013-09-06 15:00:00,0.0000000000
2013-09-06 16:00:00,0.0000000000
2013-09-06 17:00:00,0.0000000000
2013-09-06 18:00:00,0.0000000000
2013-09-06 19:00:00,0.0000000000
2013-09-06 20:00:00,0.0000000000
2013-09-06 21:00:00,0.0000000000
2013-09-06 22:00:00,0.0000000000
2013-09-06 23:00:00,0.0000000000
2013-09-07 00:00:00,0.0000000000
2013-09-07 01:00:00,0.0000000000
2013-09-07 02:00:00,0.0000000000
2013-09-07 03:00:00,0.0259453571
2013-09-07 04:00:00,0.1656633693
2013-09-07 05:00:00,0.3361978495
2013-09-07 06:00:00,0.4896809976
2013-09-07 07:00:00,0.6004885509
2013-09-07 08:00:00,0.6480386946
2013-09-07 09:00:00,0.6609347653
2013-09-07 10:00:00,0.6208792934
2013-09-07 11:00:00,0.5395970271
2013-09-07 12:00:00,0.3787261008
2013-09-07 13:00:00,0.2448306376
2013-09-07 14:00:00,0.0868229305
2013-09-07 15:00:00,0.0000000000
2013-09-07 16:00:00,0.0000000000
2013-09-07 17:00:00,0.0000000000
2013-09-07 18:00:00,0.0000000000
2013-09-07 19:00:00,0.0000000000
2013-09-07 20:00:00,0.0000000000
2013-09-07 21:00:00,0.0000000000
2013-09-07 22:00:00,0.0000000000
2013-09-07 23:00:00,0.0000000000
2013-09-08 00:00:00,0.0000000000
2013-09-08 01:00:00,0.0000000000
2013-09-08 02:00:00,0.0000000000
2013-09-08 03:00:00,0.0240628355
2013-09-08 04:00:00,0.1577621138
2013-09-08 05:00:00,0.3238278235
2013-09-08 06:00:00,0.4721557591
2013-09-08 07:00:00,0.5861389782
2013-09-08 08:00:00,0.6355202721
2013-09-08 09:00:00,0.6480292096
2013-09-08 10:00:00,0.6138267143
2013-09-08 11:00:00,0.5331272992
2013-09-08 12:00:00,0.4084253274
2013-09-08 13:00:00,0.2385915537
2013-09-08 14:00:00,0.0827901154
2013-09-08 15:00:00,0.0000000000
2013-09-08 16:00:00,0.0000000000
2013-09-08 17:00:00,0.0000000000
2013-09-08 18:00:00,0.0000000000
2013-09-08 19:00:00,0.0000000000
2013-09-08 20:00:00,0.0000000000
2013-09-08 21:00:00,0.0000000000
2013-09-08 22:00:00,0.0000000000
2013-09-08 23:00:00,0.0000000000
2013-09-09 00:00:00,0.0000000000
2013-09-09 01:00:00,0.0000000000
2013-09-09 02:00:00,0.0000000000
2013-09-09 03:00:00,0.0232583193
2013-09-09 04:00:00,0.1575146326
2013-09-09 05:00:00,0.3266132653
2013-09-09 06:00:00,0.4798930160
2013-09-09 07:00:00,0.5906522621
2013-09-09 08:00:00,0.6385672853
2013-09-09 09:00:00,0.6526917421
2013-09-09 10:00:00,0.6174168999
2013-09-09 11:00:00,0.5366291290
2013-09-09 12:00:00,0.4100158382
2013-09-09 13:00:00,0.2483060340
2013-09-09 14:00:00,0.0879916525
2013-09-09 15:00:00,0.0000000000
2013-09-09 16:00:00,0.0000000000
2013-09-09 17:00:00,0.0000000000
2013-09-09 18:00:00,0.0000000000
2013-09-09 19:00:00,0.0000000000
2013-09-09 20:00:00,0.0000000000
2013-09-09 21:00:00,0.0000000000
2013-09-09 22:00:00,0.0000000000
2013-09-09 23:00:00,0.0000000000
2013-09-10 00:00:00,0.0000000000
2013-09-10 01:00:00,0.0000000000
2013-09-10 02:00:00,0.0000000000
2013-09-10 03:00:00,0.0222946536
2013-09-10 04:00:00,0.1566006646
2013-09-10 05:00:00,0.3270825780
2013-09-10 06:00:00,0.4124268768
2013-09-10 07:00:00,0.5910661842
2013-09-10 08:00:00,0.6176141969
2013-09-10 09:00:00,0.6364563637
2013-09-10 10:00:00,0.6303320920
2013-09-10 11:00:00,0.5248417384
2013-09-10 12:00:00,0.3941588279
2013-09-10 13:00:00,0.2446351045
2013-09-10 14:00:00,0.0836805320
2013-09-10 15:00:00,0.0000000000
2013-09-10 16:00:00,0.0000000000
2013-09-10 17:00:00,0.0000000000
2013-09-10 18:00:00,0.0000000000
2013-09-10 19:00:00,0.0000000000
2013-09-10 20:00:00,0.0000000000
2013-09-10 21:00:00,0.0000000000
2013-09-10 22:00:00,0.0000000000
2013-09-10 23:00:00,0.0000000000
2013-09-11 00:00:00,0.0000000000
2013-09-11 01:00:00,0.0000000000
2013-09-11 02:00:00,0.0000000000
2013-09-11 03:00:00,0.0234902951
2013-09-11 04:00:00,0.1651743740
2013-09-11 05:00:00,0.3433337164
2013-09-11 06:00:00,0.5055232006
2013-09-11 07:00:00,0.6215663148
2013-09-11 08:00:00,0.6764381498
2013-09-11 09:00:00,0.6926201250
2013-09-11 10:00:00,0.6335381502
2013-09-11 11:00:00,0.5632368974
2013-09-11 12:00:00,0.4274545652
2013-09-11 13:00:00,0.2527133103
2013-09-11 14:00:00,0.0861375882
2013-09-11 15:00:00,0.0000000000
2013-09-11 16:00:00,0.0000000000
2013-09-11 17:00:00,0.0000000000
2013-09-11 18:00:00,0.0000000000
2013-09-11 19:00:00,0.0000000000
2013-09-11 20:00:00,0.0000000000
2013-09-11 21:00:00,0.0000000000
2013-09-11 22:00:00,0.0000000000
2013-09-11 23:00:00,0.0000000000
2013-09-12 00:00:00,0.0000000000
2013-09-12 01:00:00,0.0000000000
2013-09-12 02:00:00,0.0000000000
2013-09-12 03:00:00,0.0208614248
2013-09-12 04:00:00,0.1585171562
2013-09-12 05:00:00,0.3347340421
2013-09-12 06:00:00,0.4774015100
2013-09-12 07:00:00,0.6103005095
2013-09-12 08:00:00,0.6036347270
2013-09-12 09:00:00,0.5737261791
2013-09-12 10:00:00,0.5117726564
2013-09-12 11:00:00,0.3912526910
2013-09-12 12:00:00,0.2742077202
2013-09-12 13:00:00,0.1992701759
2013-09-12 14:00:00,0.0672683831
2013-09-12 15:00:00,0.0000000000
2013-09-12 16:00:00,0.0000000000
2013-09-12 17:00:00,0.0000000000
2013-09-12 18:00:00,0.0000000000
2013-09-12 19:00:00,0.0000000000
2013-09-12 20:00:00,0.0000000000
2013-09-12 21:00:00,0.0000000000
2013-09-12 22:00:00,0.0000000000
2013-09-12 23:00:00,0.0000000000
2013-09-13 00:00:00,0.0000000000
2013-09-13 01:00:00,0.0000000000
2013-09-13 02:00:00,0.0000000000
2013-09-13 03:00:00,0.0197480653
2013-09-13 04:00:00,0.1481268047
2013-09-13 05:00:00,0.2772114904
2013-09-13 06:00:00,0.4474231224
2013-09-13 07:00:00,0.5854579373
2013-09-13 08:00:00,0.6359753843
2013-09-13 09:00:00,0.6470741418
2013-09-13 10:00:00,0.6343736867
2013-09-13 11:00:00,0.5486063109
2013-09-13 12:00:00,0.4178480013
2013-09-13 13:00:00,0.2452414764
2013-09-13 14:00:00,0.0805568226
2013-09-13 15:00:00,0.0000000000
2013-09-13 16:00:00,0.0000000000
2013-09-13 17:00:00,0.0000000000
2013-09-13 18:00:00,0.0000000000
2013-09-13 19:00:00,0.0000000000
2013-09-13 20:00:00,0.0000000000
2013-09-13 21:00:00,0.0000000000
2013-09-13 22:00:00,0.0000000000
2013-09-13 23:00:00,0.0000000000
2013-09-14 00:00:00,0.0000000000
2013-09-14 01:00:00,0.0000000000
2013-09-14 02:00:00,0.0000000000
2013-09-14 03:00:00,0.0204137536
2013-09-14 04:00:00,0.1589052704
2013-09-14 05:00:00,0.3344745377
2013-09-14 06:00:00,0.4979845562
2013-09-14 07:00:00,0.6155390075
2013-09-14 08:00:00,0.6664749951
2013-09-14 09:00:00,0.6863086669
2013-09-14 10:00:00,0.6464465073
2013-09-14 11:00:00,0.5579192941
2013-09-14 12:00:00,0.4217232285
2013-09-14 13:00:00,0.2469725839
2013-09-14 14:00:00,0.0779696580
2013-09-14 15:00:00,0.0000000000
2013-09-14 16:00:00,0.0000000000
2013-09-14 17:00:00,0.0000000000
2013-09-14 18:00:00,0.0000000000
2013-09-14 19:00:00,0.0000000000
2013-09-14 20:00:00,0.0000000000
2013-09-14 21:00:00,0.0000000000
2013-09-14 22:00:00,0.0000000000
2013-09-14 23:00:00,0.0000000000
2013-09-15 00:00:00,0.0000000000
2013-09-15 01:00:00,0.0000000000
2013-09-15 02:00:00,0.0000000000
2013-09-15 03:00:00,0.0196412288
2013-09-15 04:00:00,0.1575595557
2013-09-15 05:00:00,0.3333081140
2013-09-15 06:00:00,0.4949009027
2013-09-15 07:00:00,0.6109060489
2013-09-15 08:00:00,0.6675692992
2013-09-15 09:00:00,0.6808306156
2013-09-15 10:00:00,0.6405842004
2013-09-15 11:00:00,0.5521052898
2013-09-15 12:00:00,0.4153516869
2013-09-15 13:00:00,0.2420053566
2013-09-15 14:00:00,0.0748775012
2013-09-15 15:00:00,0.0000000000
2013-09-15 16:00:00,0.0000000000
2013-09-15 17:00:00,0.0000000000
2013-09-15 18:00:00,0.0000000000
2013-09-15 19:00:00,0.0000000000
2013-09-15 20:00:00,0.0000000000
2013-09-15 21:00:00,0.0000000000
2013-09-15 22:00:00,0.0000000000
2013-09-15 23:00:00,0.0000000000
2013-09-16 00:00:00,0.0000000000
2013-09-16 01:00:00,0.0000000000
2013-09-16 02:00:00,0.0000000000
2013-09-16 03:00:00,0.0185389138
2013-09-16 04:00:00,0.1553592344
2013-09-16 05:00:00,0.3333424241
2013-09-16 06:00:00,0.4969945427
2013-09-16 07:00:00,0.6153227453
2013-09-16 08:00:00,0.6689464796
2013-09-16 09:00:00,0.6800772969
2013-09-16 10:00:00,0.6383201985
2013-09-16 11:00:00,0.5506926008
2013-09-16 12:00:00,0.4137077369
2013-09-16 13:00:00,0.2391346896
2013-09-16 14:00:00,0.0690911788
2013-09-16 15:00:00,0.0000000000
2013-09-16 16:00:00,0.0000000000
2013-09-16 17:00:00,0.0000000000
2013-09-16 18:00:00,0.0000000000
2013-09-16 19:00:00,0.0000000000
2013-09-16 20:00:00,0.0000000000
2013-09-16 21:00:00,0.0000000000
2013-09-16 22:00:00,0.0000000000
2013-09-16 23:00:00,0.0000000000
2013-09-17 00:00:00,0.0000000000
2013-09-17 01:00:00,0.0000000000
2013-09-17 02:00:00,0.0000000000
2013-09-17 03:00:00,0.0154500298
2013-09-17 04:00:00,0.1505708197
2013-09-17 05:00:00,0.3220776610
2013-09-17 06:00:00,0.4701655148
2013-09-17 07:00:00,0.5996194073
2013-09-17 08:00:00,0.6582824199
2013-09-17 09:00:00,0.6690829504
2013-09-17 10:00:00,0.6260894602
2013-09-17 11:00:00,0.5374156877
2013-09-17 12:00:00,0.4008547734
2013-09-17 13:00:00,0.2292169858
2013-09-17 14:00:00,0.0670921841
2013-09-17 15:00:00,0.0000000000
2013-09-17 16:00:00,0.0000000000
2013-09-17 17:00:00,0.0000000000
2013-09-17 18:00:00,0.0000000000
2013-09-17 19:00:00,0.0000000000
2013-09-17 20:00:00,0.0000000000
2013-09-17 21:00:00,0.0000000000
2013-09-17 22:00:00,0.0000000000
2013-09-17 23:00:00,0.0000000000
2013-09-18 00:00:00,0.0000000000
2013-09-18 01:00:00,0.0000000000
2013-09-18 02:00:00,0.0000000000
2013-09-18 03:00:00,0.0165329791
2013-09-18 04:00:00,0.1487754549
2013-09-18 05:00:00,0.3164865252
2013-09-18 06:00:00,0.4590368040
2013-09-18 07:00:00,0.5984738159
2013-09-18 08:00:00,0.6294870705
2013-09-18 09:00:00,0.6606873231
2013-09-18 10:00:00,0.6209569548
2013-09-18 11:00:00,0.5325337807
2013-09-18 12:00:00,0.3965893933
2013-09-18 13:00:00,0.2253184839
2013-09-18 14:00:00,0.0642709381
2013-09-18 15:00:00,0.0000000000
2013-09-18 16:00:00,0.0000000000
2013-09-18 17:00:00,0.0000000000
2013-09-18 18:00:00,0.0000000000
2013-09-18 19:00:00,0.0000000000
2013-09-18 20:00:00,0.0000000000
2013-09-18 21:00:00,0.0000000000
2013-09-18 22:00:00,0.0000000000
2013-09-18 23:00:00,0.0000000000
2013-09-19 00:00:00,0.0000000000
2013-09-19 01:00:00,0.0000000000
2013-09-19 02:00:00,0.0000000000
2013-09-19 03:00:00,0.0156122203
2013-09-19 04:00:00,0.1440399093
2013-09-19 05:00:00,0.3154603847
2013-09-19 06:00:00,0.4773871356
2013-09-19 07:00:00,0.5960656636
2013-09-19 08:00:00,0.6423145260
2013-09-19 09:00:00,0.6497465156
2013-09-19 10:00:00,0.6056568283
2013-09-19 11:00:00,0.5154868682
2013-09-19 12:00:00,0.3801714991
2013-09-19 13:00:00,0.2119946593
2013-09-19 14:00:00,0.0577734750
2013-09-19 15:00:00,0.0000000000
2013-09-19 16:00:00,0.0000000000
2013-09-19 17:00:00,0.0000000000
2013-09-19 18:00:00,0.0000000000
2013-09-19 19:00:00,0.0000000000
2013-09-19 20:00:00,0.0000000000
2013-09-19 21:00:00,0.0000000000
2013-09-19 22:00:00,0.0000000000
2013-09-19 23:00:00,0.0000000000
2013-09-20 00:00:00,0.0000000000
2013-09-20 01:00:00,0.0000000000
2013-09-20 02:00:00,0.0000000000
2013-09-20 03:00:00,0.0144730637
2013-09-20 04:00:00,0.1423404607
2013-09-20 05:00:00,0.3152335232
2013-09-20 06:00:00,0.4700648784
2013-09-20 07:00:00,0.5868453129
2013-09-20 08:00:00,0.6295995451
2013-09-20 09:00:00,0.6197068343
2013-09-20 10:00:00,0.5490271928
2013-09-20 11:00:00,0.4999790903
2013-09-20 12:00:00,0.3724129194
2013-09-20 13:00:00,0.2105696140
2013-09-20 14:00:00,0.0556163861
2013-09-20 15:00:00,0.0000000000
2013-09-20 16:00:00,0.0000000000
2013-09-20 17:00:00,0.0000000000
2013-09-20 18:00:00,0.0000000000
2013-09-20 19:00:00,0.0000000000
2013-09-20 20:00:00,0.0000000000
2013-09-20 21:00:00,0.0000000000
2013-09-20 22:00:00,0.0000000000
2013-09-20 23:00:00,0.0000000000
2013-09-21 00:00:00,0.0000000000
2013-09-21 01:00:00,0.0000000000
2013-09-21 02:00:00,0.0000000000
2013-09-21 03:00:00,0.0134292084
2013-09-21 04:00:00,0.1262903532
2013-09-21 05:00:00,0.2977958571
2013-09-21 06:00:00,0.4648477961
2013-09-21 07:00:00,0.5824921456
2013-09-21 08:00:00,0.6372325798
2013-09-21 09:00:00,0.6501933673
2013-09-21 10:00:00,0.6051687827
2013-09-21 11:00:00,0.5161038836
2013-09-21 12:00:00,0.3792230065
2013-09-21 13:00:00,0.2090379647
2013-09-21 14:00:00,0.0541016987
2013-09-21 15:00:00,0.0000000000
2013-09-21 16:00:00,0.0000000000
2013-09-21 17:00:00,0.0000000000
2013-09-21 18:00:00,0.0000000000
2013-09-21 19:00:00,0.0000000000
2013-09-21 20:00:00,0.0000000000
2013-09-21 21:00:00,0.0000000000
2013-09-21 22:00:00,0.0000000000
2013-09-21 23:00:00,0.0000000000
2013-09-22 00:00:00,0.0000000000
2013-09-22 01:00:00,0.0000000000
2013-09-22 02:00:00,0.0000000000
2013-09-22 03:00:00,0.0134133307
2013-09-22 04:00:00,0.1426965063
2013-09-22 05:00:00,0.3182448550
2013-09-22 06:00:00,0.4788084730
2013-09-22 07:00:00,0.5945816368
2013-09-22 08:00:00,0.6401349942
2013-09-22 09:00:00,0.6497730700
2013-09-22 10:00:00,0.6060670525
2013-09-22 11:00:00,0.5162420157
2013-09-22 12:00:00,0.3790338626
2013-09-22 13:00:00,0.2081164737
2013-09-22 14:00:00,0.0525004642
2013-09-22 15:00:00,0.0000000000
2013-09-22 16:00:00,0.0000000000
2013-09-22 17:00:00,0.0000000000
2013-09-22 18:00:00,0.0000000000
2013-09-22 19:00:00,0.0000000000
2013-09-22 20:00:00,0.0000000000
2013-09-22 21:00:00,0.0000000000
2013-09-22 22:00:00,0.0000000000
2013-09-22 23:00:00,0.0000000000
2013-09-23 00:00:00,0.0000000000
2013-09-23 01:00:00,0.0000000000
2013-09-23 02:00:00,0.0000000000
2013-09-23 03:00:00,0.0125996398
2013-09-23 04:00:00,0.1376803405
2013-09-23 05:00:00,0.3155085371
2013-09-23 06:00:00,0.4745089540
2013-09-23 07:00:00,0.5653422631
2013-09-23 08:00:00,0.5807588966
2013-09-23 09:00:00,0.4768746717
2013-09-23 10:00:00,0.4061315545
2013-09-23 11:00:00,0.4708491431
2013-09-23 12:00:00,0.3691095595
2013-09-23 13:00:00,0.2021296064
2013-09-23 14:00:00,0.0480402267
2013-09-23 15:00:00,0.0000000000
2013-09-23 16:00:00,0.0000000000
2013-09-23 17:00:00,0.0000000000
2013-09-23 18:00:00,0.0000000000
2013-09-23 19:00:00,0.0000000000
2013-09-23 20:00:00,0.0000000000
2013-09-23 21:00:00,0.0000000000
2013-09-23 22:00:00,0.0000000000
2013-09-23 23:00:00,0.0000000000
2013-09-24 00:00:00,0.0000000000
2013-09-24 01:00:00,0.0000000000
2013-09-24 02:00:00,0.0000000000
2013-09-24 03:00:00,0.0000000000
2013-09-24 04:00:00,0.0749056407
2013-09-24 05:00:00,0.1794146494
2013-09-24 06:00:00,0.3146235903
2013-09-24 07:00:00,0.5540518846
2013-09-24 08:00:00,0.6423609765
2013-09-24 09:00:00,0.6503980018
2013-09-24 10:00:00,0.5907521577
2013-09-24 11:00:00,0.5016440272
2013-09-24 12:00:00,0.3660546209
2013-09-24 13:00:00,0.1924426648
2013-09-24 14:00:00,0.0433299292
2013-09-24 15:00:00,0.0000000000
2013-09-24 16:00:00,0.0000000000
2013-09-24 17:00:00,0.0000000000
2013-09-24 18:00:00,0.0000000000
2013-09-24 19:00:00,0.0000000000
2013-09-24 20:00:00,0.0000000000
2013-09-24 21:00:00,0.0000000000
2013-09-24 22:00:00,0.0000000000
2013-09-24 23:00:00,0.0000000000
2013-09-25 00:00:00,0.0000000000
2013-09-25 01:00:00,0.0000000000
2013-09-25 02:00:00,0.0000000000
2013-09-25 03:00:00,0.0107072246
2013-09-25 04:00:00,0.1062389123
2013-09-25 05:00:00,0.2803818345
2013-09-25 06:00:00,0.4724322089
2013-09-25 07:00:00,0.5879780498
2013-09-25 08:00:00,0.6409744080
2013-09-25 09:00:00,0.6521576604
2013-09-25 10:00:00,0.6129862141
2013-09-25 11:00:00,0.5191786422
2013-09-25 12:00:00,0.3752871765
2013-09-25 13:00:00,0.1982885735
2013-09-25 14:00:00,0.0434917541
2013-09-25 15:00:00,0.0000000000
2013-09-25 16:00:00,0.0000000000
2013-09-25 17:00:00,0.0000000000
2013-09-25 18:00:00,0.0000000000
2013-09-25 19:00:00,0.0000000000
2013-09-25 20:00:00,0.0000000000
2013-09-25 21:00:00,0.0000000000
2013-09-25 22:00:00,0.0000000000
2013-09-25 23:00:00,0.0000000000
2013-09-26 00:00:00,0.0000000000
2013-09-26 01:00:00,0.0000000000
2013-09-26 02:00:00,0.0000000000
2013-09-26 03:00:00,0.0104883519
2013-09-26 04:00:00,0.0970949484
2013-09-26 05:00:00,0.2312473300
2013-09-26 06:00:00,0.3204430478
2013-09-26 07:00:00,0.3321439338
2013-09-26 08:00:00,0.3783716709
2013-09-26 09:00:00,0.4801417957
2013-09-26 10:00:00,0.5009280941
2013-09-26 11:00:00,0.5236584271
2013-09-26 12:00:00,0.3951686186
2013-09-26 13:00:00,0.2120182573
2013-09-26 14:00:00,0.0468048303
2013-09-26 15:00:00,0.0000000000
2013-09-26 16:00:00,0.0000000000
2013-09-26 17:00:00,0.0000000000
2013-09-26 18:00:00,0.0000000000
2013-09-26 19:00:00,0.0000000000
2013-09-26 20:00:00,0.0000000000
2013-09-26 21:00:00,0.0000000000
2013-09-26 22:00:00,0.0000000000
2013-09-26 23:00:00,0.0000000000
2013-09-27 00:00:00,0.0000000000
2013-09-27 01:00:00,0.0000000000
2013-09-27 02:00:00,0.0000000000
2013-09-27 03:00:00,0.0114719135
2013-09-27 04:00:00,0.1456819428
2013-09-27 05:00:00,0.3336033035
2013-09-27 06:00:00,0.5018430468
2013-09-27 07:00:00,0.6248659642
2013-09-27 08:00:00,0.6797703036
2013-09-27 09:00:00,0.6893111775
2013-09-27 10:00:00,0.6393485359
2013-09-27 11:00:00,0.5414893910
2013-09-27 12:00:00,0.3924233776
2013-09-27 13:00:00,0.2068594043
2013-09-27 14:00:00,0.0433428637
2013-09-27 15:00:00,0.0000000000
2013-09-27 16:00:00,0.0000000000
2013-09-27 17:00:00,0.0000000000
2013-09-27 18:00:00,0.0000000000
2013-09-27 19:00:00,0.0000000000
2013-09-27 20:00:00,0.0000000000
2013-09-27 21:00:00,0.0000000000
2013-09-27 22:00:00,0.0000000000
2013-09-27 23:00:00,0.0000000000
2013-09-28 00:00:00,0.0000000000
2013-09-28 01:00:00,0.0000000000
2013-09-28 02:00:00,0.0000000000
2013-09-28 03:00:00,0.0100778417
2013-09-28 04:00:00,0.1313644216
2013-09-28 05:00:00,0.3039660634
2013-09-28 06:00:00,0.4203184561
2013-09-28 07:00:00,0.5555100430
2013-09-28 08:00:00,0.6044446412
2013-09-28 09:00:00,0.5995155320
2013-09-28 10:00:00,0.5848275555
2013-09-28 11:00:00,0.4813033207
2013-09-28 12:00:00,0.3406932872
2013-09-28 13:00:00,0.1671755934
2013-09-28 14:00:00,0.0352498021
2013-09-28 15:00:00,0.0000000000
2013-09-28 16:00:00,0.0000000000
2013-09-28 17:00:00,0.0000000000
2013-09-28 18:00:00,0.0000000000
2013-09-28 19:00:00,0.0000000000
2013-09-28 20:00:00,0.0000000000
2013-09-28 21:00:00,0.0000000000
2013-09-28 22:00:00,0.0000000000
2013-09-28 23:00:00,0.0000000000
2013-09-29 00:00:00,0.0000000000
2013-09-29 01:00:00,0.0000000000
2013-09-29 02:00:00,0.0000000000
2013-09-29 03:00:00,0.0000000000
2013-09-29 04:00:00,0.1287424249
2013-09-29 05:00:00,0.2973466403
2013-09-29 06:00:00,0.4527866793
2013-09-29 07:00:00,0.6018175077
2013-09-29 08:00:00,0.6565563771
2013-09-29 09:00:00,0.6673077537
2013-09-29 10:00:00,0.6226130934
2013-09-29 11:00:00,0.5251953887
2013-09-29 12:00:00,0.3769226465
2013-09-29 13:00:00,0.1932877913
2013-09-29 14:00:00,0.0370129141
2013-09-29 15:00:00,0.0000000000
2013-09-29 16:00:00,0.0000000000
2013-09-29 17:00:00,0.0000000000
2013-09-29 18:00:00,0.0000000000
2013-09-29 19:00:00,0.0000000000
2013-09-29 20:00:00,0.0000000000
2013-09-29 21:00:00,0.0000000000
2013-09-29 22:00:00,0.0000000000
2013-09-29 23:00:00,0.0000000000
2013-09-30 00:00:00,0.0000000000
2013-09-30 01:00:00,0.0000000000
2013-09-30 02:00:00,0.0000000000
2013-09-30 03:00:00,0.0000000000
2013-09-30 04:00:00,0.1350173371
2013-09-30 05:00:00,0.2993265267
2013-09-30 06:00:00,0.4747026009
2013-09-30 07:00:00,0.5246114657
2013-09-30 08:00:00,0.5046995959
2013-09-30 09:00:00,0.4487636048
2013-09-30 10:00:00,0.3372742221
2013-09-30 11:00:00,0.2895391097
2013-09-30 12:00:00,0.2081228823
2013-09-30 13:00:00,0.1130303886
2013-09-30 14:00:00,0.0271636693
2013-09-30 15:00:00,0.0000000000
2013-09-30 16:00:00,0.0000000000
2013-09-30 17:00:00,0.0000000000
2013-09-30 18:00:00,0.0000000000
2013-09-30 19:00:00,0.0000000000
2013-09-30 20:00:00,0.0000000000
2013-09-30 21:00:00,0.0000000000
2013-09-30 22:00:00,0.0000000000
2013-09-30 23:00:00,0.0000000000
2013-10-01 00:00:00,0.0000000000
2013-10-01 01:00:00,0.0000000000
2013-10-01 02:00:00,0.0000000000
2013-10-01 03:00:00,0.0000000000
2013-10-01 04:00:00,0.0888317759
2013-10-01 05:00:00,0.2496154116
2013-10-01 06:00:00,0.3708285609
2013-10-01 07:00:00,0.2017999174
2013-10-01 08:00:00,0.2477843088
2013-10-01 09:00:00,0.2572923949
2013-10-01 10:00:00,0.2264393975
2013-10-01 11:00:00,0.3902808203
2013-10-01 12:00:00,0.2858603285
2013-10-01 13:00:00,0.1677062167
2013-10-01 14:00:00,0.0283034788
2013-10-01 15:00:00,0.0000000000
2013-10-01 16:00:00,0.0000000000
2013-10-01 17:00:00,0.0000000000
2013-10-01 18:00:00,0.0000000000
2013-10-01 19:00:00,0.0000000000
2013-10-01 20:00:00,0.0000000000
2013-10-01 21:00:00,0.0000000000
2013-10-01 22:00:00,0.0000000000
2013-10-01 23:00:00,0.0000000000
2013-10-02 00:00:00,0.0000000000
2013-10-02 01:00:00,0.0000000000
2013-10-02 02:00:00,0.0000000000
2013-10-02 03:00:00,0.0000000000
2013-10-02 04:00:00,0.1270074341
2013-10-02 05:00:00,0.3086931330
2013-10-02 06:00:00,0.4744283099
2013-10-02 07:00:00,0.5928165067
2013-10-02 08:00:00,0.6398213066
2013-10-02 09:00:00,0.6483923178
2013-10-02 10:00:00,0.5995793134
2013-10-02 11:00:00,0.5045154721
2013-10-02 12:00:00,0.3596014297
2013-10-02 13:00:00,0.1800208126
2013-10-02 14:00:00,0.0300795360
2013-10-02 15:00:00,0.0000000000
2013-10-02 16:00:00,0.0000000000
2013-10-02 17:00:00,0.0000000000
2013-10-02 18:00:00,0.0000000000
2013-10-02 19:00:00,0.0000000000
2013-10-02 20:00:00,0.0000000000
2013-10-02 21:00:00,0.0000000000
2013-10-02 22:00:00,0.0000000000
2013-10-02 23:00:00,0.0000000000
2013-10-03 00:00:00,0.0000000000
2013-10-03 01:00:00,0.0000000000
2013-10-03 02:00:00,0.0000000000
2013-10-03 03:00:00,0.0000000000
2013-10-03 04:00:00,0.1293806027
2013-10-03 05:00:00,0.3060451764
2013-10-03 06:00:00,0.4690796636
2013-10-03 07:00:00,0.5787232720
2013-10-03 08:00:00,0.6290028096
2013-10-03 09:00:00,0.6374912572
2013-10-03 10:00:00,0.5902941642
2013-10-03 11:00:00,0.4956748407
2013-10-03 12:00:00,0.3507684300
2013-10-03 13:00:00,0.1724517785
2013-10-03 14:00:00,0.0272419581
2013-10-03 15:00:00,0.0000000000
2013-10-03 16:00:00,0.0000000000
2013-10-03 17:00:00,0.0000000000
2013-10-03 18:00:00,0.0000000000
2013-10-03 19:00:00,0.0000000000
2013-10-03 20:00:00,0.0000000000
2013-10-03 21:00:00,0.0000000000
2013-10-03 22:00:00,0.0000000000
2013-10-03 23:00:00,0.0000000000
2013-10-04 00:00:00,0.0000000000
2013-10-04 01:00:00,0.0000000000
2013-10-04 02:00:00,0.0000000000
2013-10-04 03:00:00,0.0000000000
2013-10-04 04:00:00,0.0774260686
2013-10-04 05:00:00,0.1864390724
2013-10-04 06:00:00,0.4422302038
2013-10-04 07:00:00,0.5849447479
2013-10-04 08:00:00,0.6340092690
2013-10-04 09:00:00,0.6417258051
2013-10-04 10:00:00,0.5961495459
2013-10-04 11:00:00,0.4979106529
2013-10-04 12:00:00,0.3490539702
2013-10-04 13:00:00,0.1673627255
2013-10-04 14:00:00,0.0249490969
2013-10-04 15:00:00,0.0000000000
2013-10-04 16:00:00,0.0000000000
2013-10-04 17:00:00,0.0000000000
2013-10-04 18:00:00,0.0000000000
2013-10-04 19:00:00,0.0000000000
2013-10-04 20:00:00,0.0000000000
2013-10-04 21:00:00,0.0000000000
2013-10-04 22:00:00,0.0000000000
2013-10-04 23:00:00,0.0000000000
2013-10-05 00:00:00,0.0000000000
2013-10-05 01:00:00,0.0000000000
2013-10-05 02:00:00,0.0000000000
2013-10-05 03:00:00,0.0000000000
2013-10-05 04:00:00,0.1068857867
2013-10-05 05:00:00,0.2780949675
2013-10-05 06:00:00,0.4490404760
2013-10-05 07:00:00,0.5866250228
2013-10-05 08:00:00,0.6470492047
2013-10-05 09:00:00,0.6703548566
2013-10-05 10:00:00,0.6184103394
2013-10-05 11:00:00,0.5141359719
2013-10-05 12:00:00,0.3606407603
2013-10-05 13:00:00,0.1718967194
2013-10-05 14:00:00,0.0240086322
2013-10-05 15:00:00,0.0000000000
2013-10-05 16:00:00,0.0000000000
2013-10-05 17:00:00,0.0000000000
2013-10-05 18:00:00,0.0000000000
2013-10-05 19:00:00,0.0000000000
2013-10-05 20:00:00,0.0000000000
2013-10-05 21:00:00,0.0000000000
2013-10-05 22:00:00,0.0000000000
2013-10-05 23:00:00,0.0000000000
2013-10-06 00:00:00,0.0000000000
2013-10-06 01:00:00,0.0000000000
2013-10-06 02:00:00,0.0000000000
2013-10-06 03:00:00,0.0000000000
2013-10-06 04:00:00,0.0826181424
2013-10-06 05:00:00,0.2097939402
2013-10-06 06:00:00,0.3126411560
2013-10-06 07:00:00,0.1536302129
2013-10-06 08:00:00,0.2895652001
2013-10-06 09:00:00,0.2480994624
2013-10-06 10:00:00,0.2413113519
2013-10-06 11:00:00,0.1779000485
2013-10-06 12:00:00,0.1499186224
2013-10-06 13:00:00,0.0779229338
2013-10-06 14:00:00,0.0100872458
2013-10-06 15:00:00,0.0000000000
2013-10-06 16:00:00,0.0000000000
2013-10-06 17:00:00,0.0000000000
2013-10-06 18:00:00,0.0000000000
2013-10-06 19:00:00,0.0000000000
2013-10-06 20:00:00,0.0000000000
2013-10-06 21:00:00,0.0000000000
2013-10-06 22:00:00,0.0000000000
2013-10-06 23:00:00,0.0000000000
2013-10-07 00:00:00,0.0000000000
2013-10-07 01:00:00,0.0000000000
2013-10-07 02:00:00,0.0000000000
2013-10-07 03:00:00,0.0000000000
2013-10-07 04:00:00,0.0359794447
2013-10-07 05:00:00,0.0914837245
2013-10-07 06:00:00,0.2813873362
2013-10-07 07:00:00,0.1498162541
2013-10-07 08:00:00,0.0853054764
2013-10-07 09:00:00,0.0608676439
2013-10-07 10:00:00,0.0600106657
2013-10-07 11:00:00,0.0515558084
2013-10-07 12:00:00,0.0593498420
2013-10-07 13:00:00,0.0223414779
2013-10-07 14:00:00,0.0000000000
2013-10-07 15:00:00,0.0000000000
2013-10-07 16:00:00,0.0000000000
2013-10-07 17:00:00,0.0000000000
2013-10-07 18:00:00,0.0000000000
2013-10-07 19:00:00,0.0000000000
2013-10-07 20:00:00,0.0000000000
2013-10-07 21:00:00,0.0000000000
2013-10-07 22:00:00,0.0000000000
2013-10-07 23:00:00,0.0000000000
2013-10-08 00:00:00,0.0000000000
2013-10-08 01:00:00,0.0000000000
2013-10-08 02:00:00,0.0000000000
2013-10-08 03:00:00,0.0000000000
2013-10-08 04:00:00,0.0377332064
2013-10-08 05:00:00,0.0691310045
2013-10-08 06:00:00,0.0743272682
2013-10-08 07:00:00,0.1951584882
2013-10-08 08:00:00,0.2094171031
2013-10-08 09:00:00,0.2468805782
2013-10-08 10:00:00,0.2081887418
2013-10-08 11:00:00,0.1244345866
2013-10-08 12:00:00,0.1345892791
2013-10-08 13:00:00,0.0505852827
2013-10-08 14:00:00,0.0000000000
2013-10-08 15:00:00,0.0000000000
2013-10-08 16:00:00,0.0000000000
2013-10-08 17:00:00,0.0000000000
2013-10-08 18:00:00,0.0000000000
2013-10-08 19:00:00,0.0000000000
2013-10-08 20:00:00,0.0000000000
2013-10-08 21:00:00,0.0000000000
2013-10-08 22:00:00,0.0000000000
2013-10-08 23:00:00,0.0000000000
2013-10-09 00:00:00,0.0000000000
2013-10-09 01:00:00,0.0000000000
2013-10-09 02:00:00,0.0000000000
2013-10-09 03:00:00,0.0000000000
2013-10-09 04:00:00,0.1100215791
2013-10-09 05:00:00,0.2008525856
2013-10-09 06:00:00,0.2363637627
2013-10-09 07:00:00,0.3433235233
2013-10-09 08:00:00,0.3900794155
2013-10-09 09:00:00,0.3427930342
2013-10-09 10:00:00,0.1574482799
2013-10-09 11:00:00,0.1608471155
2013-10-09 12:00:00,0.1343886092
2013-10-09 13:00:00,0.0800849584
2013-10-09 14:00:00,0.0000000000
2013-10-09 15:00:00,0.0000000000
2013-10-09 16:00:00,0.0000000000
2013-10-09 17:00:00,0.0000000000
2013-10-09 18:00:00,0.0000000000
2013-10-09 19:00:00,0.0000000000
2013-10-09 20:00:00,0.0000000000
2013-10-09 21:00:00,0.0000000000
2013-10-09 22:00:00,0.0000000000
2013-10-09 23:00:00,0.0000000000
2013-10-10 00:00:00,0.0000000000
2013-10-10 01:00:00,0.0000000000
2013-10-10 02:00:00,0.0000000000
2013-10-10 03:00:00,0.0000000000
2013-10-10 04:00:00,0.1110470935
2013-10-10 05:00:00,0.3080258543
2013-10-10 06:00:00,0.4508821438
2013-10-10 07:00:00,0.6075876011
2013-10-10 08:00:00,0.6657915802
2013-10-10 09:00:00,0.6802741626
2013-10-10 10:00:00,0.6257275428
2013-10-10 11:00:00,0.5207720442
2013-10-10 12:00:00,0.3592706034
2013-10-10 13:00:00,0.1632011692
2013-10-10 14:00:00,0.0185788383
2013-10-10 15:00:00,0.0000000000
2013-10-10 16:00:00,0.0000000000
2013-10-10 17:00:00,0.0000000000
2013-10-10 18:00:00,0.0000000000
2013-10-10 19:00:00,0.0000000000
2013-10-10 20:00:00,0.0000000000
2013-10-10 21:00:00,0.0000000000
2013-10-10 22:00:00,0.0000000000
2013-10-10 23:00:00,0.0000000000
2013-10-11 00:00:00,0.0000000000
2013-10-11 01:00:00,0.0000000000
2013-10-11 02:00:00,0.0000000000
2013-10-11 03:00:00,0.0000000000
2013-10-11 04:00:00,0.1226817674
2013-10-11 05:00:00,0.3187383065
2013-10-11 06:00:00,0.4945060299
2013-10-11 07:00:00,0.6170544037
2013-10-11 08:00:00,0.6693141834
2013-10-11 09:00:00,0.6743972936
2013-10-11 10:00:00,0.6205606168
2013-10-11 11:00:00,0.5134625180
2013-10-11 12:00:00,0.3529462884
2013-10-11 13:00:00,0.1585633855
2013-10-11 14:00:00,0.0176588567
2013-10-11 15:00:00,0.0000000000
2013-10-11 16:00:00,0.0000000000
2013-10-11 17:00:00,0.0000000000
2013-10-11 18:00:00,0.0000000000
2013-10-11 19:00:00,0.0000000000
2013-10-11 20:00:00,0.0000000000
2013-10-11 21:00:00,0.0000000000
2013-10-11 22:00:00,0.0000000000
2013-10-11 23:00:00,0.0000000000
2013-10-12 00:00:00,0.0000000000
2013-10-12 01:00:00,0.0000000000
2013-10-12 02:00:00,0.0000000000
2013-10-12 03:00:00,0.0000000000
2013-10-12 04:00:00,0.1233729395
2013-10-12 05:00:00,0.3238686361
2013-10-12 06:00:00,0.4992859721
2013-10-12 07:00:00,0.6221530797
2013-10-12 08:00:00,0.6772558508
2013-10-12 09:00:00,0.6838980414
2013-10-12 10:00:00,0.6304480749
2013-10-12 11:00:00,0.5227397988
2013-10-12 12:00:00,0.3596928217
2013-10-12 13:00:00,0.1606992459
2013-10-12 14:00:00,0.0178613286
2013-10-12 15:00:00,0.0000000000
2013-10-12 16:00:00,0.0000000000
2013-10-12 17:00:00,0.0000000000
2013-10-12 18:00:00,0.0000000000
2013-10-12 19:00:00,0.0000000000
2013-10-12 20:00:00,0.0000000000
2013-10-12 21:00:00,0.0000000000
2013-10-12 22:00:00,0.0000000000
2013-10-12 23:00:00,0.0000000000
2013-10-13 00:00:00,0.0000000000
2013-10-13 01:00:00,0.0000000000
2013-10-13 02:00:00,0.0000000000
2013-10-13 03:00:00,0.0000000000
2013-10-13 04:00:00,0.0951484590
2013-10-13 05:00:00,0.2758326438
2013-10-13 06:00:00,0.4845326923
2013-10-13 07:00:00,0.6172576169
2013-10-13 08:00:00,0.6753084194
2013-10-13 09:00:00,0.6813201399
2013-10-13 10:00:00,0.6284688197
2013-10-13 11:00:00,0.5194650636
2013-10-13 12:00:00,0.3548972518
2013-10-13 13:00:00,0.1556495359
2013-10-13 14:00:00,0.0174870807
2013-10-13 15:00:00,0.0000000000
2013-10-13 16:00:00,0.0000000000
2013-10-13 17:00:00,0.0000000000
2013-10-13 18:00:00,0.0000000000
2013-10-13 19:00:00,0.0000000000
2013-10-13 20:00:00,0.0000000000
2013-10-13 21:00:00,0.0000000000
2013-10-13 22:00:00,0.0000000000
2013-10-13 23:00:00,0.0000000000
2013-10-14 00:00:00,0.0000000000
2013-10-14 01:00:00,0.0000000000
2013-10-14 02:00:00,0.0000000000
2013-10-14 03:00:00,0.0000000000
2013-10-14 04:00:00,0.1157004569
2013-10-14 05:00:00,0.3145085679
2013-10-14 06:00:00,0.4884394697
2013-10-14 07:00:00,0.6074473501
2013-10-14 08:00:00,0.6555878707
2013-10-14 09:00:00,0.6592315881
2013-10-14 10:00:00,0.6077278022
2013-10-14 11:00:00,0.4973773041
2013-10-14 12:00:00,0.3340067845
2013-10-14 13:00:00,0.1408204374
2013-10-14 14:00:00,0.0156416603
2013-10-14 15:00:00,0.0000000000
2013-10-14 16:00:00,0.0000000000
2013-10-14 17:00:00,0.0000000000
2013-10-14 18:00:00,0.0000000000
2013-10-14 19:00:00,0.0000000000
2013-10-14 20:00:00,0.0000000000
2013-10-14 21:00:00,0.0000000000
2013-10-14 22:00:00,0.0000000000
2013-10-14 23:00:00,0.0000000000
2013-10-15 00:00:00,0.0000000000
2013-10-15 01:00:00,0.0000000000
2013-10-15 02:00:00,0.0000000000
2013-10-15 03:00:00,0.0000000000
2013-10-15 04:00:00,0.0898126243
2013-10-15 05:00:00,0.2440700703
2013-10-15 06:00:00,0.4388189618
2013-10-15 07:00:00,0.4446710532
2013-10-15 08:00:00,0.4117629386
2013-10-15 09:00:00,0.4655322391
2013-10-15 10:00:00,0.3943011124
2013-10-15 11:00:00,0.3628144727
2013-10-15 12:00:00,0.2407022399
2013-10-15 13:00:00,0.0773482020
2013-10-15 14:00:00,0.0000000000
2013-10-15 15:00:00,0.0000000000
2013-10-15 16:00:00,0.0000000000
2013-10-15 17:00:00,0.0000000000
2013-10-15 18:00:00,0.0000000000
2013-10-15 19:00:00,0.0000000000
2013-10-15 20:00:00,0.0000000000
2013-10-15 21:00:00,0.0000000000
2013-10-15 22:00:00,0.0000000000
2013-10-15 23:00:00,0.0000000000
2013-10-16 00:00:00,0.0000000000
2013-10-16 01:00:00,0.0000000000
2013-10-16 02:00:00,0.0000000000
2013-10-16 03:00:00,0.0000000000
2013-10-16 04:00:00,0.0929514725
2013-10-16 05:00:00,0.2851424277
2013-10-16 06:00:00,0.4338368476
2013-10-16 07:00:00,0.5680556381
2013-10-16 08:00:00,0.6453403025
2013-10-16 09:00:00,0.6475304819
2013-10-16 10:00:00,0.6011379760
2013-10-16 11:00:00,0.4993559415
2013-10-16 12:00:00,0.3351723997
2013-10-16 13:00:00,0.1392357214
2013-10-16 14:00:00,0.0000000000
2013-10-16 15:00:00,0.0000000000
2013-10-16 16:00:00,0.0000000000
2013-10-16 17:00:00,0.0000000000
2013-10-16 18:00:00,0.0000000000
2013-10-16 19:00:00,0.0000000000
2013-10-16 20:00:00,0.0000000000
2013-10-16 21:00:00,0.0000000000
2013-10-16 22:00:00,0.0000000000
2013-10-16 23:00:00,0.0000000000
2013-10-17 00:00:00,0.0000000000
2013-10-17 01:00:00,0.0000000000
2013-10-17 02:00:00,0.0000000000
2013-10-17 03:00:00,0.0000000000
2013-10-17 04:00:00,0.1053707227
2013-10-17 05:00:00,0.2977937355
2013-10-17 06:00:00,0.4732524252
2013-10-17 07:00:00,0.5927425985
2013-10-17 08:00:00,0.6114228903
2013-10-17 09:00:00,0.6242681853
2013-10-17 10:00:00,0.5889473837
2013-10-17 11:00:00,0.4808556557
2013-10-17 12:00:00,0.3197497935
2013-10-17 13:00:00,0.1298327702
2013-10-17 14:00:00,0.0000000000
2013-10-17 15:00:00,0.0000000000
2013-10-17 16:00:00,0.0000000000
2013-10-17 17:00:00,0.0000000000
2013-10-17 18:00:00,0.0000000000
2013-10-17 19:00:00,0.0000000000
2013-10-17 20:00:00,0.0000000000
2013-10-17 21:00:00,0.0000000000
2013-10-17 22:00:00,0.0000000000
2013-10-17 23:00:00,0.0000000000
2013-10-18 00:00:00,0.0000000000
2013-10-18 01:00:00,0.0000000000
2013-10-18 02:00:00,0.0000000000
2013-10-18 03:00:00,0.0000000000
2013-10-18 04:00:00,0.1031653238
2013-10-18 05:00:00,0.2936246480
2013-10-18 06:00:00,0.4664763923
2013-10-18 07:00:00,0.5780916890
2013-10-18 08:00:00,0.6270151198
2013-10-18 09:00:00,0.6300472414
2013-10-18 10:00:00,0.5768813868
2013-10-18 11:00:00,0.4717646888
2013-10-18 12:00:00,0.3148997970
2013-10-18 13:00:00,0.1273158309
2013-10-18 14:00:00,0.0000000000
2013-10-18 15:00:00,0.0000000000
2013-10-18 16:00:00,0.0000000000
2013-10-18 17:00:00,0.0000000000
2013-10-18 18:00:00,0.0000000000
2013-10-18 19:00:00,0.0000000000
2013-10-18 20:00:00,0.0000000000
2013-10-18 21:00:00,0.0000000000
2013-10-18 22:00:00,0.0000000000
2013-10-18 23:00:00,0.0000000000
2013-10-19 00:00:00,0.0000000000
2013-10-19 01:00:00,0.0000000000
2013-10-19 02:00:00,0.0000000000
2013-10-19 03:00:00,0.0000000000
2013-10-19 04:00:00,0.1007922007
2013-10-19 05:00:00,0.2895865312
2013-10-19 06:00:00,0.4600290882
2013-10-19 07:00:00,0.5765644362
2013-10-19 08:00:00,0.6193924546
2013-10-19 09:00:00,0.6226438868
2013-10-19 10:00:00,0.5683018425
2013-10-19 11:00:00,0.4631150487
2013-10-19 12:00:00,0.3058520736
2013-10-19 13:00:00,0.1206624483
2013-10-19 14:00:00,0.0000000000
2013-10-19 15:00:00,0.0000000000
2013-10-19 16:00:00,0.0000000000
2013-10-19 17:00:00,0.0000000000
2013-10-19 18:00:00,0.0000000000
2013-10-19 19:00:00,0.0000000000
2013-10-19 20:00:00,0.0000000000
2013-10-19 21:00:00,0.0000000000
2013-10-19 22:00:00,0.0000000000
2013-10-19 23:00:00,0.0000000000
2013-10-20 00:00:00,0.0000000000
2013-10-20 01:00:00,0.0000000000
2013-10-20 02:00:00,0.0000000000
2013-10-20 03:00:00,0.0000000000
2013-10-20 04:00:00,0.0323710093
2013-10-20 05:00:00,0.1324132254
2013-10-20 06:00:00,0.3610035332
2013-10-20 07:00:00,0.5667985756
2013-10-20 08:00:00,0.6087959533
2013-10-20 09:00:00,0.6223041948
2013-10-20 10:00:00,0.5597783516
2013-10-20 11:00:00,0.4352576505
2013-10-20 12:00:00,0.2978123258
2013-10-20 13:00:00,0.1100683521
2013-10-20 14:00:00,0.0000000000
2013-10-20 15:00:00,0.0000000000
2013-10-20 16:00:00,0.0000000000
2013-10-20 17:00:00,0.0000000000
2013-10-20 18:00:00,0.0000000000
2013-10-20 19:00:00,0.0000000000
2013-10-20 20:00:00,0.0000000000
2013-10-20 21:00:00,0.0000000000
2013-10-20 22:00:00,0.0000000000
2013-10-20 23:00:00,0.0000000000
2013-10-21 00:00:00,0.0000000000
2013-10-21 01:00:00,0.0000000000
2013-10-21 02:00:00,0.0000000000
2013-10-21 03:00:00,0.0000000000
2013-10-21 04:00:00,0.0131491470
2013-10-21 05:00:00,0.1068492677
2013-10-21 06:00:00,0.3091305950
2013-10-21 07:00:00,0.4963080888
2013-10-21 08:00:00,0.5460715778
2013-10-21 09:00:00,0.5966113063
2013-10-21 10:00:00,0.5849634117
2013-10-21 11:00:00,0.4768742790
2013-10-21 12:00:00,0.3118325587
2013-10-21 13:00:00,0.1191755969
2013-10-21 14:00:00,0.0000000000
2013-10-21 15:00:00,0.0000000000
2013-10-21 16:00:00,0.0000000000
2013-10-21 17:00:00,0.0000000000
2013-10-21 18:00:00,0.0000000000
2013-10-21 19:00:00,0.0000000000
2013-10-21 20:00:00,0.0000000000
2013-10-21 21:00:00,0.0000000000
2013-10-21 22:00:00,0.0000000000
2013-10-21 23:00:00,0.0000000000
2013-10-22 00:00:00,0.0000000000
2013-10-22 01:00:00,0.0000000000
2013-10-22 02:00:00,0.0000000000
2013-10-22 03:00:00,0.0000000000
2013-10-22 04:00:00,0.1013294917
2013-10-22 05:00:00,0.3030359467
2013-10-22 06:00:00,0.4860515794
2013-10-22 07:00:00,0.6114665088
2013-10-22 08:00:00,0.6620155185
2013-10-22 09:00:00,0.6650403624
2013-10-22 10:00:00,0.6059867998
2013-10-22 11:00:00,0.4907528959
2013-10-22 12:00:00,0.3200622420
2013-10-22 13:00:00,0.1200353016
2013-10-22 14:00:00,0.0000000000
2013-10-22 15:00:00,0.0000000000
2013-10-22 16:00:00,0.0000000000
2013-10-22 17:00:00,0.0000000000
2013-10-22 18:00:00,0.0000000000
2013-10-22 19:00:00,0.0000000000
2013-10-22 20:00:00,0.0000000000
2013-10-22 21:00:00,0.0000000000
2013-10-22 22:00:00,0.0000000000
2013-10-22 23:00:00,0.0000000000
2013-10-23 00:00:00,0.0000000000
2013-10-23 01:00:00,0.0000000000
2013-10-23 02:00:00,0.0000000000
2013-10-23 03:00:00,0.0000000000
2013-10-23 04:00:00,0.0775265199
2013-10-23 05:00:00,0.2618844481
2013-10-23 06:00:00,0.3909111013
2013-10-23 07:00:00,0.4699831867
2013-10-23 08:00:00,0.5222766274
2013-10-23 09:00:00,0.5390546545
2013-10-23 10:00:00,0.4383014338
2013-10-23 11:00:00,0.2211533999
2013-10-23 12:00:00,0.0913415029
2013-10-23 13:00:00,0.0304974512
2013-10-23 14:00:00,0.0000000000
2013-10-23 15:00:00,0.0000000000
2013-10-23 16:00:00,0.0000000000
2013-10-23 17:00:00,0.0000000000
2013-10-23 18:00:00,0.0000000000
2013-10-23 19:00:00,0.0000000000
2013-10-23 20:00:00,0.0000000000
2013-10-23 21:00:00,0.0000000000
2013-10-23 22:00:00,0.0000000000
2013-10-23 23:00:00,0.0000000000
2013-10-24 00:00:00,0.0000000000
2013-10-24 01:00:00,0.0000000000
2013-10-24 02:00:00,0.0000000000
2013-10-24 03:00:00,0.0000000000
2013-10-24 04:00:00,0.0194497352
2013-10-24 05:00:00,0.0933085974
2013-10-24 06:00:00,0.1568439385
2013-10-24 07:00:00,0.2998138608
2013-10-24 08:00:00,0.3379603106
2013-10-24 09:00:00,0.4176964187
2013-10-24 10:00:00,0.3733903420
2013-10-24 11:00:00,0.3618373790
2013-10-24 12:00:00,0.2861070962
2013-10-24 13:00:00,0.1166997021
2013-10-24 14:00:00,0.0000000000
2013-10-24 15:00:00,0.0000000000
2013-10-24 16:00:00,0.0000000000
2013-10-24 17:00:00,0.0000000000
2013-10-24 18:00:00,0.0000000000
2013-10-24 19:00:00,0.0000000000
2013-10-24 20:00:00,0.0000000000
2013-10-24 21:00:00,0.0000000000
2013-10-24 22:00:00,0.0000000000
2013-10-24 23:00:00,0.0000000000
2013-10-25 00:00:00,0.0000000000
2013-10-25 01:00:00,0.0000000000
2013-10-25 02:00:00,0.0000000000
2013-10-25 03:00:00,0.0000000000
2013-10-25 04:00:00,0.0372160111
2013-10-25 05:00:00,0.1762109479
2013-10-25 06:00:00,0.2021682169
2013-10-25 07:00:00,0.2876456961
2013-10-25 08:00:00,0.3403020776
2013-10-25 09:00:00,0.3189236040
2013-10-25 10:00:00,0.3658380687
2013-10-25 11:00:00,0.3108770229
2013-10-25 12:00:00,0.1567017723
2013-10-25 13:00:00,0.0357321102
2013-10-25 14:00:00,0.0000000000
2013-10-25 15:00:00,0.0000000000
2013-10-25 16:00:00,0.0000000000
2013-10-25 17:00:00,0.0000000000
2013-10-25 18:00:00,0.0000000000
2013-10-25 19:00:00,0.0000000000
2013-10-25 20:00:00,0.0000000000
2013-10-25 21:00:00,0.0000000000
2013-10-25 22:00:00,0.0000000000
2013-10-25 23:00:00,0.0000000000
2013-10-26 00:00:00,0.0000000000
2013-10-26 01:00:00,0.0000000000
2013-10-26 02:00:00,0.0000000000
2013-10-26 03:00:00,0.0000000000
2013-10-26 04:00:00,0.0862150265
2013-10-26 05:00:00,0.2873267716
2013-10-26 06:00:00,0.4710213927
2013-10-26 07:00:00,0.6057448536
2013-10-26 08:00:00,0.6669688140
2013-10-26 09:00:00,0.6687827402
2013-10-26 10:00:00,0.6097919632
2013-10-26 11:00:00,0.4903777828
2013-10-26 12:00:00,0.3127555376
2013-10-26 13:00:00,0.1080898659
2013-10-26 14:00:00,0.0000000000
2013-10-26 15:00:00,0.0000000000
2013-10-26 16:00:00,0.0000000000
2013-10-26 17:00:00,0.0000000000
2013-10-26 18:00:00,0.0000000000
2013-10-26 19:00:00,0.0000000000
2013-10-26 20:00:00,0.0000000000
2013-10-26 21:00:00,0.0000000000
2013-10-26 22:00:00,0.0000000000
2013-10-26 23:00:00,0.0000000000
2013-10-27 00:00:00,0.0000000000
2013-10-27 01:00:00,0.0000000000
2013-10-27 02:00:00,0.0000000000
2013-10-27 03:00:00,0.0000000000
2013-10-27 04:00:00,0.0822379822
2013-10-27 05:00:00,0.2776717041
2013-10-27 06:00:00,0.4627190634
2013-10-27 07:00:00,0.5724953796
2013-10-27 08:00:00,0.6100222670
2013-10-27 09:00:00,0.6010900367
2013-10-27 10:00:00,0.5502032945
2013-10-27 11:00:00,0.4172515374
2013-10-27 12:00:00,0.2472174006
2013-10-27 13:00:00,0.0686042280
2013-10-27 14:00:00,0.0000000000
2013-10-27 15:00:00,0.0000000000
2013-10-27 16:00:00,0.0000000000
2013-10-27 17:00:00,0.0000000000
2013-10-27 18:00:00,0.0000000000
2013-10-27 19:00:00,0.0000000000
2013-10-27 20:00:00,0.0000000000
2013-10-27 21:00:00,0.0000000000
2013-10-27 22:00:00,0.0000000000
2013-10-27 23:00:00,0.0000000000
2013-10-28 00:00:00,0.0000000000
2013-10-28 01:00:00,0.0000000000
2013-10-28 02:00:00,0.0000000000
2013-10-28 03:00:00,0.0000000000
2013-10-28 04:00:00,0.0588699342
2013-10-28 05:00:00,0.2326757707
2013-10-28 06:00:00,0.3676955952
2013-10-28 07:00:00,0.4661407781
2013-10-28 08:00:00,0.6043502527
2013-10-28 09:00:00,0.5570538004
2013-10-28 10:00:00,0.5025135090
2013-10-28 11:00:00,0.3520095984
2013-10-28 12:00:00,0.2161589861
2013-10-28 13:00:00,0.0643203387
2013-10-28 14:00:00,0.0000000000
2013-10-28 15:00:00,0.0000000000
2013-10-28 16:00:00,0.0000000000
2013-10-28 17:00:00,0.0000000000
2013-10-28 18:00:00,0.0000000000
2013-10-28 19:00:00,0.0000000000
2013-10-28 20:00:00,0.0000000000
2013-10-28 21:00:00,0.0000000000
2013-10-28 22:00:00,0.0000000000
2013-10-28 23:00:00,0.0000000000
2013-10-29 00:00:00,0.0000000000
2013-10-29 01:00:00,0.0000000000
2013-10-29 02:00:00,0.0000000000
2013-10-29 03:00:00,0.0000000000
2013-10-29 04:00:00,0.0678956026
2013-10-29 05:00:00,0.2388400075
2013-10-29 06:00:00,0.3806925592
2013-10-29 07:00:00,0.5368997386
2013-10-29 08:00:00,0.5732948062
2013-10-29 09:00:00,0.5561276901
2013-10-29 10:00:00,0.5527822183
2013-10-29 11:00:00,0.4557687355
2013-10-29 12:00:00,0.2775513168
2013-10-29 13:00:00,0.0872521798
2013-10-29 14:00:00,0.0000000000
2013-10-29 15:00:00,0.0000000000
2013-10-29 16:00:00,0.0000000000
2013-10-29 17:00:00,0.0000000000
2013-10-29 18:00:00,0.0000000000
2013-10-29 19:00:00,0.0000000000
2013-10-29 20:00:00,0.0000000000
2013-10-29 21:00:00,0.0000000000
2013-10-29 22:00:00,0.0000000000
2013-10-29 23:00:00,0.0000000000
2013-10-30 00:00:00,0.0000000000
2013-10-30 01:00:00,0.0000000000
2013-10-30 02:00:00,0.0000000000
2013-10-30 03:00:00,0.0000000000
2013-10-30 04:00:00,0.0475624525
2013-10-30 05:00:00,0.1396137471
2013-10-30 06:00:00,0.2619229761
2013-10-30 07:00:00,0.4333366294
2013-10-30 08:00:00,0.5994662841
2013-10-30 09:00:00,0.5100738999
2013-10-30 10:00:00,0.2954392038
2013-10-30 11:00:00,0.2220017982
2013-10-30 12:00:00,0.1545662528
2013-10-30 13:00:00,0.0298767311
2013-10-30 14:00:00,0.0000000000
2013-10-30 15:00:00,0.0000000000
2013-10-30 16:00:00,0.0000000000
2013-10-30 17:00:00,0.0000000000
2013-10-30 18:00:00,0.0000000000
2013-10-30 19:00:00,0.0000000000
2013-10-30 20:00:00,0.0000000000
2013-10-30 21:00:00,0.0000000000
2013-10-30 22:00:00,0.0000000000
2013-10-30 23:00:00,0.0000000000
2013-10-31 00:00:00,0.0000000000
2013-10-31 01:00:00,0.0000000000
2013-10-31 02:00:00,0.0000000000
2013-10-31 03:00:00,0.0000000000
2013-10-31 04:00:00,0.0558042988
2013-10-31 05:00:00,0.1695328021
2013-10-31 06:00:00,0.3514125646
2013-10-31 07:00:00,0.4419554963
2013-10-31 08:00:00,0.5675316969
2013-10-31 09:00:00,0.5428333986
2013-10-31 10:00:00,0.5472784601
2013-10-31 11:00:00,0.4024807697
2013-10-31 12:00:00,0.2463773660
2013-10-31 13:00:00,0.0804096801
2013-10-31 14:00:00,0.0000000000
2013-10-31 15:00:00,0.0000000000
2013-10-31 16:00:00,0.0000000000
2013-10-31 17:00:00,0.0000000000
2013-10-31 18:00:00,0.0000000000
2013-10-31 19:00:00,0.0000000000
2013-10-31 20:00:00,0.0000000000
2013-10-31 21:00:00,0.0000000000
2013-10-31 22:00:00,0.0000000000
2013-10-31 23:00:00,0.0000000000
2013-11-01 00:00:00,0.0000000000
2013-11-01 01:00:00,0.0000000000
2013-11-01 02:00:00,0.0000000000
2013-11-01 03:00:00,0.0000000000
2013-11-01 04:00:00,0.0662792780
2013-11-01 05:00:00,0.2474375560
2013-11-01 06:00:00,0.4236740502
2013-11-01 07:00:00,0.5451131501
2013-11-01 08:00:00,0.5919401509
2013-11-01 09:00:00,0.5512748606
2013-11-01 10:00:00,0.4856742260
2013-11-01 11:00:00,0.2032727424
2013-11-01 12:00:00,0.1222686562
2013-11-01 13:00:00,0.0230887968
2013-11-01 14:00:00,0.0000000000
2013-11-01 15:00:00,0.0000000000
2013-11-01 16:00:00,0.0000000000
2013-11-01 17:00:00,0.0000000000
2013-11-01 18:00:00,0.0000000000
2013-11-01 19:00:00,0.0000000000
2013-11-01 20:00:00,0.0000000000
2013-11-01 21:00:00,0.0000000000
2013-11-01 22:00:00,0.0000000000
2013-11-01 23:00:00,0.0000000000
2013-11-02 00:00:00,0.0000000000
2013-11-02 01:00:00,0.0000000000
2013-11-02 02:00:00,0.0000000000
2013-11-02 03:00:00,0.0000000000
2013-11-02 04:00:00,0.0684847413
2013-11-02 05:00:00,0.2621405575
2013-11-02 06:00:00,0.4537486678
2013-11-02 07:00:00,0.5866586480
2013-11-02 08:00:00,0.6410086622
2013-11-02 09:00:00,0.6433664278
2013-11-02 10:00:00,0.5823152727
2013-11-02 11:00:00,0.4621755638
2013-11-02 12:00:00,0.2843246059
2013-11-02 13:00:00,0.0853894996
2013-11-02 14:00:00,0.0000000000
2013-11-02 15:00:00,0.0000000000
2013-11-02 16:00:00,0.0000000000
2013-11-02 17:00:00,0.0000000000
2013-11-02 18:00:00,0.0000000000
2013-11-02 19:00:00,0.0000000000
2013-11-02 20:00:00,0.0000000000
2013-11-02 21:00:00,0.0000000000
2013-11-02 22:00:00,0.0000000000
2013-11-02 23:00:00,0.0000000000
2013-11-03 00:00:00,0.0000000000
2013-11-03 01:00:00,0.0000000000
2013-11-03 02:00:00,0.0000000000
2013-11-03 03:00:00,0.0000000000
2013-11-03 04:00:00,0.0657805555
2013-11-03 05:00:00,0.2599793954
2013-11-03 06:00:00,0.4462838491
2013-11-03 07:00:00,0.5809083577
2013-11-03 08:00:00,0.6320048169
2013-11-03 09:00:00,0.6070968596
2013-11-03 10:00:00,0.5502426734
2013-11-03 11:00:00,0.4414583716
2013-11-03 12:00:00,0.2540267257
2013-11-03 13:00:00,0.0718622359
2013-11-03 14:00:00,0.0000000000
2013-11-03 15:00:00,0.0000000000
2013-11-03 16:00:00,0.0000000000
2013-11-03 17:00:00,0.0000000000
2013-11-03 18:00:00,0.0000000000
2013-11-03 19:00:00,0.0000000000
2013-11-03 20:00:00,0.0000000000
2013-11-03 21:00:00,0.0000000000
2013-11-03 22:00:00,0.0000000000
2013-11-03 23:00:00,0.0000000000
2013-11-04 00:00:00,0.0000000000
2013-11-04 01:00:00,0.0000000000
2013-11-04 02:00:00,0.0000000000
2013-11-04 03:00:00,0.0000000000
2013-11-04 04:00:00,0.0389491971
2013-11-04 05:00:00,0.1821764393
2013-11-04 06:00:00,0.3727476612
2013-11-04 07:00:00,0.4972464388
2013-11-04 08:00:00,0.5895382862
2013-11-04 09:00:00,0.5961997172
2013-11-04 10:00:00,0.5261772757
2013-11-04 11:00:00,0.4174749066
2013-11-04 12:00:00,0.2344194905
2013-11-04 13:00:00,0.0669729783
2013-11-04 14:00:00,0.0000000000
2013-11-04 15:00:00,0.0000000000
2013-11-04 16:00:00,0.0000000000
2013-11-04 17:00:00,0.0000000000
2013-11-04 18:00:00,0.0000000000
2013-11-04 19:00:00,0.0000000000
2013-11-04 20:00:00,0.0000000000
2013-11-04 21:00:00,0.0000000000
2013-11-04 22:00:00,0.0000000000
2013-11-04 23:00:00,0.0000000000
2013-11-05 00:00:00,0.0000000000
2013-11-05 01:00:00,0.0000000000
2013-11-05 02:00:00,0.0000000000
2013-11-05 03:00:00,0.0000000000
2013-11-05 04:00:00,0.0570492795
2013-11-05 05:00:00,0.2357031194
2013-11-05 06:00:00,0.4164501382
2013-11-05 07:00:00,0.5415163777
2013-11-05 08:00:00,0.5923399354
2013-11-05 09:00:00,0.5970881687
2013-11-05 10:00:00,0.5404582615
2013-11-05 11:00:00,0.4258520830
2013-11-05 12:00:00,0.2549275534
2013-11-05 13:00:00,0.0714406995
2013-11-05 14:00:00,0.0000000000
2013-11-05 15:00:00,0.0000000000
2013-11-05 16:00:00,0.0000000000
2013-11-05 17:00:00,0.0000000000
2013-11-05 18:00:00,0.0000000000
2013-11-05 19:00:00,0.0000000000
2013-11-05 20:00:00,0.0000000000
2013-11-05 21:00:00,0.0000000000
2013-11-05 22:00:00,0.0000000000
2013-11-05 23:00:00,0.0000000000
2013-11-06 00:00:00,0.0000000000
2013-11-06 01:00:00,0.0000000000
2013-11-06 02:00:00,0.0000000000
2013-11-06 03:00:00,0.0000000000
2013-11-06 04:00:00,0.0590229747
2013-11-06 05:00:00,0.2481691718
2013-11-06 06:00:00,0.4383093780
2013-11-06 07:00:00,0.5693070099
2013-11-06 08:00:00,0.6215400048
2013-11-06 09:00:00,0.6252348325
2013-11-06 10:00:00,0.5638997890
2013-11-06 11:00:00,0.4442410135
2013-11-06 12:00:00,0.2663596886
2013-11-06 13:00:00,0.0741489958
2013-11-06 14:00:00,0.0000000000
2013-11-06 15:00:00,0.0000000000
2013-11-06 16:00:00,0.0000000000
2013-11-06 17:00:00,0.0000000000
2013-11-06 18:00:00,0.0000000000
2013-11-06 19:00:00,0.0000000000
2013-11-06 20:00:00,0.0000000000
2013-11-06 21:00:00,0.0000000000
2013-11-06 22:00:00,0.0000000000
2013-11-06 23:00:00,0.0000000000
2013-11-07 00:00:00,0.0000000000
2013-11-07 01:00:00,0.0000000000
2013-11-07 02:00:00,0.0000000000
2013-11-07 03:00:00,0.0000000000
2013-11-07 04:00:00,0.0571737537
2013-11-07 05:00:00,0.2455464213
2013-11-07 06:00:00,0.4360842613
2013-11-07 07:00:00,0.5633275153
2013-11-07 08:00:00,0.6133771012
2013-11-07 09:00:00,0.6166532695
2013-11-07 10:00:00,0.5594506252
2013-11-07 11:00:00,0.4310792068
2013-11-07 12:00:00,0.2629584277
2013-11-07 13:00:00,0.0720105765
2013-11-07 14:00:00,0.0000000000
2013-11-07 15:00:00,0.0000000000
2013-11-07 16:00:00,0.0000000000
2013-11-07 17:00:00,0.0000000000
2013-11-07 18:00:00,0.0000000000
2013-11-07 19:00:00,0.0000000000
2013-11-07 20:00:00,0.0000000000
2013-11-07 21:00:00,0.0000000000
2013-11-07 22:00:00,0.0000000000
2013-11-07 23:00:00,0.0000000000
2013-11-08 00:00:00,0.0000000000
2013-11-08 01:00:00,0.0000000000
2013-11-08 02:00:00,0.0000000000
2013-11-08 03:00:00,0.0000000000
2013-11-08 04:00:00,0.0311898297
2013-11-08 05:00:00,0.1064608276
2013-11-08 06:00:00,0.3038158902
2013-11-08 07:00:00,0.5426800704
2013-11-08 08:00:00,0.6018169430
2013-11-08 09:00:00,0.6044042938
2013-11-08 10:00:00,0.5395214556
2013-11-08 11:00:00,0.4112399979
2013-11-08 12:00:00,0.2189907763
2013-11-08 13:00:00,0.0366746436
2013-11-08 14:00:00,0.0000000000
2013-11-08 15:00:00,0.0000000000
2013-11-08 16:00:00,0.0000000000
2013-11-08 17:00:00,0.0000000000
2013-11-08 18:00:00,0.0000000000
2013-11-08 19:00:00,0.0000000000
2013-11-08 20:00:00,0.0000000000
2013-11-08 21:00:00,0.0000000000
2013-11-08 22:00:00,0.0000000000
2013-11-08 23:00:00,0.0000000000
2013-11-09 00:00:00,0.0000000000
2013-11-09 01:00:00,0.0000000000
2013-11-09 02:00:00,0.0000000000
2013-11-09 03:00:00,0.0000000000
2013-11-09 04:00:00,0.0342753536
2013-11-09 05:00:00,0.1594362253
2013-11-09 06:00:00,0.2477755973
2013-11-09 07:00:00,0.3686816501
2013-11-09 08:00:00,0.4757986385
2013-11-09 09:00:00,0.4987018843
2013-11-09 10:00:00,0.4357969312
2013-11-09 11:00:00,0.3061589661
2013-11-09 12:00:00,0.2039748335
2013-11-09 13:00:00,0.0580589843
2013-11-09 14:00:00,0.0000000000
2013-11-09 15:00:00,0.0000000000
2013-11-09 16:00:00,0.0000000000
2013-11-09 17:00:00,0.0000000000
2013-11-09 18:00:00,0.0000000000
2013-11-09 19:00:00,0.0000000000
2013-11-09 20:00:00,0.0000000000
2013-11-09 21:00:00,0.0000000000
2013-11-09 22:00:00,0.0000000000
2013-11-09 23:00:00,0.0000000000
2013-11-10 00:00:00,0.0000000000
2013-11-10 01:00:00,0.0000000000
2013-11-10 02:00:00,0.0000000000
2013-11-10 03:00:00,0.0000000000
2013-11-10 04:00:00,0.0338127242
2013-11-10 05:00:00,0.1842719625
2013-11-10 06:00:00,0.3795863331
2013-11-10 07:00:00,0.5239667632
2013-11-10 08:00:00,0.5893180182
2013-11-10 09:00:00,0.5936591444
2013-11-10 10:00:00,0.5332204446
2013-11-10 11:00:00,0.4129986172
2013-11-10 12:00:00,0.2389057751
2013-11-10 13:00:00,0.0600071699
2013-11-10 14:00:00,0.0000000000
2013-11-10 15:00:00,0.0000000000
2013-11-10 16:00:00,0.0000000000
2013-11-10 17:00:00,0.0000000000
2013-11-10 18:00:00,0.0000000000
2013-11-10 19:00:00,0.0000000000
2013-11-10 20:00:00,0.0000000000
2013-11-10 21:00:00,0.0000000000
2013-11-10 22:00:00,0.0000000000
2013-11-10 23:00:00,0.0000000000
2013-11-11 00:00:00,0.0000000000
2013-11-11 01:00:00,0.0000000000
2013-11-11 02:00:00,0.0000000000
2013-11-11 03:00:00,0.0000000000
2013-11-11 04:00:00,0.0428901261
2013-11-11 05:00:00,0.2139172532
2013-11-11 06:00:00,0.4006845642
2013-11-11 07:00:00,0.5320025658
2013-11-11 08:00:00,0.5832468484
2013-11-11 09:00:00,0.5859032562
2013-11-11 10:00:00,0.5241302316
2013-11-11 11:00:00,0.4052488108
2013-11-11 12:00:00,0.2318850036
2013-11-11 13:00:00,0.0563929007
2013-11-11 14:00:00,0.0000000000
2013-11-11 15:00:00,0.0000000000
2013-11-11 16:00:00,0.0000000000
2013-11-11 17:00:00,0.0000000000
2013-11-11 18:00:00,0.0000000000
2013-11-11 19:00:00,0.0000000000
2013-11-11 20:00:00,0.0000000000
2013-11-11 21:00:00,0.0000000000
2013-11-11 22:00:00,0.0000000000
2013-11-11 23:00:00,0.0000000000
2013-11-12 00:00:00,0.0000000000
2013-11-12 01:00:00,0.0000000000
2013-11-12 02:00:00,0.0000000000
2013-11-12 03:00:00,0.0000000000
2013-11-12 04:00:00,0.0418027750
2013-11-12 05:00:00,0.2162933448
2013-11-12 06:00:00,0.4086975038
2013-11-12 07:00:00,0.5424516164
2013-11-12 08:00:00,0.5932092898
2013-11-12 09:00:00,0.5862422232
2013-11-12 10:00:00,0.5100716163
2013-11-12 11:00:00,0.3801397456
2013-11-12 12:00:00,0.2026723451
2013-11-12 13:00:00,0.0416197402
2013-11-12 14:00:00,0.0000000000
2013-11-12 15:00:00,0.0000000000
2013-11-12 16:00:00,0.0000000000
2013-11-12 17:00:00,0.0000000000
2013-11-12 18:00:00,0.0000000000
2013-11-12 19:00:00,0.0000000000
2013-11-12 20:00:00,0.0000000000
2013-11-12 21:00:00,0.0000000000
2013-11-12 22:00:00,0.0000000000
2013-11-12 23:00:00,0.0000000000
2013-11-13 00:00:00,0.0000000000
2013-11-13 01:00:00,0.0000000000
2013-11-13 02:00:00,0.0000000000
2013-11-13 03:00:00,0.0000000000
2013-11-13 04:00:00,0.0000000000
2013-11-13 05:00:00,0.1147637489
2013-11-13 06:00:00,0.2459107082
2013-11-13 07:00:00,0.3523335459
2013-11-13 08:00:00,0.4464948388
2013-11-13 09:00:00,0.3837064987
2013-11-13 10:00:00,0.3903440029
2013-11-13 11:00:00,0.3442145827
2013-11-13 12:00:00,0.1767751546
2013-11-13 13:00:00,0.0510967587
2013-11-13 14:00:00,0.0000000000
2013-11-13 15:00:00,0.0000000000
2013-11-13 16:00:00,0.0000000000
2013-11-13 17:00:00,0.0000000000
2013-11-13 18:00:00,0.0000000000
2013-11-13 19:00:00,0.0000000000
2013-11-13 20:00:00,0.0000000000
2013-11-13 21:00:00,0.0000000000
2013-11-13 22:00:00,0.0000000000
2013-11-13 23:00:00,0.0000000000
2013-11-14 00:00:00,0.0000000000
2013-11-14 01:00:00,0.0000000000
2013-11-14 02:00:00,0.0000000000
2013-11-14 03:00:00,0.0000000000
2013-11-14 04:00:00,0.0218470911
2013-11-14 05:00:00,0.1626060079
2013-11-14 06:00:00,0.3595216214
2013-11-14 07:00:00,0.4630907864
2013-11-14 08:00:00,0.5600048077
2013-11-14 09:00:00,0.5455012383
2013-11-14 10:00:00,0.4768179144
2013-11-14 11:00:00,0.3380282193
2013-11-14 12:00:00,0.1626500660
2013-11-14 13:00:00,0.0229891489
2013-11-14 14:00:00,0.0000000000
2013-11-14 15:00:00,0.0000000000
2013-11-14 16:00:00,0.0000000000
2013-11-14 17:00:00,0.0000000000
2013-11-14 18:00:00,0.0000000000
2013-11-14 19:00:00,0.0000000000
2013-11-14 20:00:00,0.0000000000
2013-11-14 21:00:00,0.0000000000
2013-11-14 22:00:00,0.0000000000
2013-11-14 23:00:00,0.0000000000
2013-11-15 00:00:00,0.0000000000
2013-11-15 01:00:00,0.0000000000
2013-11-15 02:00:00,0.0000000000
2013-11-15 03:00:00,0.0000000000
2013-11-15 04:00:00,0.0348838664
2013-11-15 05:00:00,0.1954596855
2013-11-15 06:00:00,0.3788690293
2013-11-15 07:00:00,0.5094688644
2013-11-15 08:00:00,0.5593743674
2013-11-15 09:00:00,0.5607116123
2013-11-15 10:00:00,0.4739478686
2013-11-15 11:00:00,0.3178899964
2013-11-15 12:00:00,0.1486746549
2013-11-15 13:00:00,0.0258164442
2013-11-15 14:00:00,0.0000000000
2013-11-15 15:00:00,0.0000000000
2013-11-15 16:00:00,0.0000000000
2013-11-15 17:00:00,0.0000000000
2013-11-15 18:00:00,0.0000000000
2013-11-15 19:00:00,0.0000000000
2013-11-15 20:00:00,0.0000000000
2013-11-15 21:00:00,0.0000000000
2013-11-15 22:00:00,0.0000000000
2013-11-15 23:00:00,0.0000000000
2013-11-16 00:00:00,0.0000000000
2013-11-16 01:00:00,0.0000000000
2013-11-16 02:00:00,0.0000000000
2013-11-16 03:00:00,0.0000000000
2013-11-16 04:00:00,0.0304065572
2013-11-16 05:00:00,0.1760094028
2013-11-16 06:00:00,0.3142729662
2013-11-16 07:00:00,0.4897800802
2013-11-16 08:00:00,0.5508983279
2013-11-16 09:00:00,0.5398050209
2013-11-16 10:00:00,0.3809790138
2013-11-16 11:00:00,0.2274570752
2013-11-16 12:00:00,0.1323924633
2013-11-16 13:00:00,0.0333678206
2013-11-16 14:00:00,0.0000000000
2013-11-16 15:00:00,0.0000000000
2013-11-16 16:00:00,0.0000000000
2013-11-16 17:00:00,0.0000000000
2013-11-16 18:00:00,0.0000000000
2013-11-16 19:00:00,0.0000000000
2013-11-16 20:00:00,0.0000000000
2013-11-16 21:00:00,0.0000000000
2013-11-16 22:00:00,0.0000000000
2013-11-16 23:00:00,0.0000000000
2013-11-17 00:00:00,0.0000000000
2013-11-17 01:00:00,0.0000000000
2013-11-17 02:00:00,0.0000000000
2013-11-17 03:00:00,0.0000000000
2013-11-17 04:00:00,0.0225505333
2013-11-17 05:00:00,0.1438445689
2013-11-17 06:00:00,0.1930264165
2013-11-17 07:00:00,0.3380738874
2013-11-17 08:00:00,0.3119048935
2013-11-17 09:00:00,0.4791920934
2013-11-17 10:00:00,0.3018547703
2013-11-17 11:00:00,0.1945436817
2013-11-17 12:00:00,0.0930781359
2013-11-17 13:00:00,0.0230504367
2013-11-17 14:00:00,0.0000000000
2013-11-17 15:00:00,0.0000000000
2013-11-17 16:00:00,0.0000000000
2013-11-17 17:00:00,0.0000000000
2013-11-17 18:00:00,0.0000000000
2013-11-17 19:00:00,0.0000000000
2013-11-17 20:00:00,0.0000000000
2013-11-17 21:00:00,0.0000000000
2013-11-17 22:00:00,0.0000000000
2013-11-17 23:00:00,0.0000000000
2013-11-18 00:00:00,0.0000000000
2013-11-18 01:00:00,0.0000000000
2013-11-18 02:00:00,0.0000000000
2013-11-18 03:00:00,0.0000000000
2013-11-18 04:00:00,0.0000000000
2013-11-18 05:00:00,0.0412407876
2013-11-18 06:00:00,0.0812252537
2013-11-18 07:00:00,0.0681142249
2013-11-18 08:00:00,0.1178103381
2013-11-18 09:00:00,0.1465770991
2013-11-18 10:00:00,0.1569261522
2013-11-18 11:00:00,0.1419726201
2013-11-18 12:00:00,0.0749905898
2013-11-18 13:00:00,0.0208390974
2013-11-18 14:00:00,0.0000000000
2013-11-18 15:00:00,0.0000000000
2013-11-18 16:00:00,0.0000000000
2013-11-18 17:00:00,0.0000000000
2013-11-18 18:00:00,0.0000000000
2013-11-18 19:00:00,0.0000000000
2013-11-18 20:00:00,0.0000000000
2013-11-18 21:00:00,0.0000000000
2013-11-18 22:00:00,0.0000000000
2013-11-18 23:00:00,0.0000000000
2013-11-19 00:00:00,0.0000000000
2013-11-19 01:00:00,0.0000000000
2013-11-19 02:00:00,0.0000000000
2013-11-19 03:00:00,0.0000000000
2013-11-19 04:00:00,0.0000000000
2013-11-19 05:00:00,0.0608808449
2013-11-19 06:00:00,0.1113268120
2013-11-19 07:00:00,0.2773186663
2013-11-19 08:00:00,0.3850307656
2013-11-19 09:00:00,0.3595181989
2013-11-19 10:00:00,0.2038660071
2013-11-19 11:00:00,0.2316933125
2013-11-19 12:00:00,0.1442684119
2013-11-19 13:00:00,0.0381619786
2013-11-19 14:00:00,0.0000000000
2013-11-19 15:00:00,0.0000000000
2013-11-19 16:00:00,0.0000000000
2013-11-19 17:00:00,0.0000000000
2013-11-19 18:00:00,0.0000000000
2013-11-19 19:00:00,0.0000000000
2013-11-19 20:00:00,0.0000000000
2013-11-19 21:00:00,0.0000000000
2013-11-19 22:00:00,0.0000000000
2013-11-19 23:00:00,0.0000000000
2013-11-20 00:00:00,0.0000000000
2013-11-20 01:00:00,0.0000000000
2013-11-20 02:00:00,0.0000000000
2013-11-20 03:00:00,0.0000000000
2013-11-20 04:00:00,0.0386797292
2013-11-20 05:00:00,0.2011304791
2013-11-20 06:00:00,0.4028084315
2013-11-20 07:00:00,0.5452580456
2013-11-20 08:00:00,0.6103223931
2013-11-20 09:00:00,0.6174688432
2013-11-20 10:00:00,0.5571216767
2013-11-20 11:00:00,0.4298137395
2013-11-20 12:00:00,0.2402111265
2013-11-20 13:00:00,0.0528005236
2013-11-20 14:00:00,0.0000000000
2013-11-20 15:00:00,0.0000000000
2013-11-20 16:00:00,0.0000000000
2013-11-20 17:00:00,0.0000000000
2013-11-20 18:00:00,0.0000000000
2013-11-20 19:00:00,0.0000000000
2013-11-20 20:00:00,0.0000000000
2013-11-20 21:00:00,0.0000000000
2013-11-20 22:00:00,0.0000000000
2013-11-20 23:00:00,0.0000000000
2013-11-21 00:00:00,0.0000000000
2013-11-21 01:00:00,0.0000000000
2013-11-21 02:00:00,0.0000000000
2013-11-21 03:00:00,0.0000000000
2013-11-21 04:00:00,0.0381921631
2013-11-21 05:00:00,0.1941811490
2013-11-21 06:00:00,0.3949147953
2013-11-21 07:00:00,0.5389262686
2013-11-21 08:00:00,0.6036798404
2013-11-21 09:00:00,0.6105420669
2013-11-21 10:00:00,0.5511095683
2013-11-21 11:00:00,0.4275818140
2013-11-21 12:00:00,0.2407768741
2013-11-21 13:00:00,0.0531643256
2013-11-21 14:00:00,0.0000000000
2013-11-21 15:00:00,0.0000000000
2013-11-21 16:00:00,0.0000000000
2013-11-21 17:00:00,0.0000000000
2013-11-21 18:00:00,0.0000000000
2013-11-21 19:00:00,0.0000000000
2013-11-21 20:00:00,0.0000000000
2013-11-21 21:00:00,0.0000000000
2013-11-21 22:00:00,0.0000000000
2013-11-21 23:00:00,0.0000000000
2013-11-22 00:00:00,0.0000000000
2013-11-22 01:00:00,0.0000000000
2013-11-22 02:00:00,0.0000000000
2013-11-22 03:00:00,0.0000000000
2013-11-22 04:00:00,0.0000000000
2013-11-22 05:00:00,0.2031229107
2013-11-22 06:00:00,0.4107551440
2013-11-22 07:00:00,0.5550665796
2013-11-22 08:00:00,0.6175003607
2013-11-22 09:00:00,0.6262608407
2013-11-22 10:00:00,0.5674726757
2013-11-22 11:00:00,0.4334735596
2013-11-22 12:00:00,0.2305187225
2013-11-22 13:00:00,0.0505695449
2013-11-22 14:00:00,0.0000000000
2013-11-22 15:00:00,0.0000000000
2013-11-22 16:00:00,0.0000000000
2013-11-22 17:00:00,0.0000000000
2013-11-22 18:00:00,0.0000000000
2013-11-22 19:00:00,0.0000000000
2013-11-22 20:00:00,0.0000000000
2013-11-22 21:00:00,0.0000000000
2013-11-22 22:00:00,0.0000000000
2013-11-22 23:00:00,0.0000000000
2013-11-23 00:00:00,0.0000000000
2013-11-23 01:00:00,0.0000000000
2013-11-23 02:00:00,0.0000000000
2013-11-23 03:00:00,0.0000000000
2013-11-23 04:00:00,0.0000000000
2013-11-23 05:00:00,0.1349628995
2013-11-23 06:00:00,0.2617250783
2013-11-23 07:00:00,0.4483480711
2013-11-23 08:00:00,0.5267363472
2013-11-23 09:00:00,0.5144737003
2013-11-23 10:00:00,0.3869405675
2013-11-23 11:00:00,0.3391322229
2013-11-23 12:00:00,0.1480967477
2013-11-23 13:00:00,0.0333984482
2013-11-23 14:00:00,0.0000000000
2013-11-23 15:00:00,0.0000000000
2013-11-23 16:00:00,0.0000000000
2013-11-23 17:00:00,0.0000000000
2013-11-23 18:00:00,0.0000000000
2013-11-23 19:00:00,0.0000000000
2013-11-23 20:00:00,0.0000000000
2013-11-23 21:00:00,0.0000000000
2013-11-23 22:00:00,0.0000000000
2013-11-23 23:00:00,0.0000000000
2013-11-24 00:00:00,0.0000000000
2013-11-24 01:00:00,0.0000000000
2013-11-24 02:00:00,0.0000000000
2013-11-24 03:00:00,0.0000000000
2013-11-24 04:00:00,0.0000000000
2013-11-24 05:00:00,0.1008217578
2013-11-24 06:00:00,0.3085245832
2013-11-24 07:00:00,0.4689153827
2013-11-24 08:00:00,0.5522281907
2013-11-24 09:00:00,0.5684325470
2013-11-24 10:00:00,0.5062578347
2013-11-24 11:00:00,0.3803886737
2013-11-24 12:00:00,0.2009501765
2013-11-24 13:00:00,0.0407939734
2013-11-24 14:00:00,0.0000000000
2013-11-24 15:00:00,0.0000000000
2013-11-24 16:00:00,0.0000000000
2013-11-24 17:00:00,0.0000000000
2013-11-24 18:00:00,0.0000000000
2013-11-24 19:00:00,0.0000000000
2013-11-24 20:00:00,0.0000000000
2013-11-24 21:00:00,0.0000000000
2013-11-24 22:00:00,0.0000000000
2013-11-24 23:00:00,0.0000000000
2013-11-25 00:00:00,0.0000000000
2013-11-25 01:00:00,0.0000000000
2013-11-25 02:00:00,0.0000000000
2013-11-25 03:00:00,0.0000000000
2013-11-25 04:00:00,0.0000000000
2013-11-25 05:00:00,0.1026824227
2013-11-25 06:00:00,0.2030139590
2013-11-25 07:00:00,0.4732215219
2013-11-25 08:00:00,0.5734316141
2013-11-25 09:00:00,0.5910243059
2013-11-25 10:00:00,0.5297355027
2013-11-25 11:00:00,0.4087563117
2013-11-25 12:00:00,0.2247410284
2013-11-25 13:00:00,0.0480425038
2013-11-25 14:00:00,0.0000000000
2013-11-25 15:00:00,0.0000000000
2013-11-25 16:00:00,0.0000000000
2013-11-25 17:00:00,0.0000000000
2013-11-25 18:00:00,0.0000000000
2013-11-25 19:00:00,0.0000000000
2013-11-25 20:00:00,0.0000000000
2013-11-25 21:00:00,0.0000000000
2013-11-25 22:00:00,0.0000000000
2013-11-25 23:00:00,0.0000000000
2013-11-26 00:00:00,0.0000000000
2013-11-26 01:00:00,0.0000000000
2013-11-26 02:00:00,0.0000000000
2013-11-26 03:00:00,0.0000000000
2013-11-26 04:00:00,0.0000000000
2013-11-26 05:00:00,0.0910028095
2013-11-26 06:00:00,0.1945953734
2013-11-26 07:00:00,0.2887424123
2013-11-26 08:00:00,0.2548051188
2013-11-26 09:00:00,0.1869393472
2013-11-26 10:00:00,0.1793928644
2013-11-26 11:00:00,0.1056489703
2013-11-26 12:00:00,0.0521115891
2013-11-26 13:00:00,0.0000000000
2013-11-26 14:00:00,0.0000000000
2013-11-26 15:00:00,0.0000000000
2013-11-26 16:00:00,0.0000000000
2013-11-26 17:00:00,0.0000000000
2013-11-26 18:00:00,0.0000000000
2013-11-26 19:00:00,0.0000000000
2013-11-26 20:00:00,0.0000000000
2013-11-26 21:00:00,0.0000000000
2013-11-26 22:00:00,0.0000000000
2013-11-26 23:00:00,0.0000000000
2013-11-27 00:00:00,0.0000000000
2013-11-27 01:00:00,0.0000000000
2013-11-27 02:00:00,0.0000000000
2013-11-27 03:00:00,0.0000000000
2013-11-27 04:00:00,0.0000000000
2013-11-27 05:00:00,0.1452835334
2013-11-27 06:00:00,0.3419579857
2013-11-27 07:00:00,0.4531915027
2013-11-27 08:00:00,0.4649119062
2013-11-27 09:00:00,0.4147735428
2013-11-27 10:00:00,0.3409608179
2013-11-27 11:00:00,0.3346194902
2013-11-27 12:00:00,0.1956356526
2013-11-27 13:00:00,0.0379056411
2013-11-27 14:00:00,0.0000000000
2013-11-27 15:00:00,0.0000000000
2013-11-27 16:00:00,0.0000000000
2013-11-27 17:00:00,0.0000000000
2013-11-27 18:00:00,0.0000000000
2013-11-27 19:00:00,0.0000000000
2013-11-27 20:00:00,0.0000000000
2013-11-27 21:00:00,0.0000000000
2013-11-27 22:00:00,0.0000000000
2013-11-27 23:00:00,0.0000000000
2013-11-28 00:00:00,0.0000000000
2013-11-28 01:00:00,0.0000000000
2013-11-28 02:00:00,0.0000000000
2013-11-28 03:00:00,0.0000000000
2013-11-28 04:00:00,0.0000000000
2013-11-28 05:00:00,0.1039814660
2013-11-28 06:00:00,0.1551364689
2013-11-28 07:00:00,0.1748411965
2013-11-28 08:00:00,0.1973155677
2013-11-28 09:00:00,0.3148314437
2013-11-28 10:00:00,0.3843694986
2013-11-28 11:00:00,0.3575166658
2013-11-28 12:00:00,0.2055258424
2013-11-28 13:00:00,0.0437375242
2013-11-28 14:00:00,0.0000000000
2013-11-28 15:00:00,0.0000000000
2013-11-28 16:00:00,0.0000000000
2013-11-28 17:00:00,0.0000000000
2013-11-28 18:00:00,0.0000000000
2013-11-28 19:00:00,0.0000000000
2013-11-28 20:00:00,0.0000000000
2013-11-28 21:00:00,0.0000000000
2013-11-28 22:00:00,0.0000000000
2013-11-28 23:00:00,0.0000000000
2013-11-29 00:00:00,0.0000000000
2013-11-29 01:00:00,0.0000000000
2013-11-29 02:00:00,0.0000000000
2013-11-29 03:00:00,0.0000000000
2013-11-29 04:00:00,0.0000000000
2013-11-29 05:00:00,0.0465830071
2013-11-29 06:00:00,0.1583156718
2013-11-29 07:00:00,0.4664189812
2013-11-29 08:00:00,0.5577823554
2013-11-29 09:00:00,0.5605604518
2013-11-29 10:00:00,0.4889990210
2013-11-29 11:00:00,0.2560675000
2013-11-29 12:00:00,0.1050134049
2013-11-29 13:00:00,0.0161757088
2013-11-29 14:00:00,0.0000000000
2013-11-29 15:00:00,0.0000000000
2013-11-29 16:00:00,0.0000000000
2013-11-29 17:00:00,0.0000000000
2013-11-29 18:00:00,0.0000000000
2013-11-29 19:00:00,0.0000000000
2013-11-29 20:00:00,0.0000000000
2013-11-29 21:00:00,0.0000000000
2013-11-29 22:00:00,0.0000000000
2013-11-29 23:00:00,0.0000000000
2013-11-30 00:00:00,0.0000000000
2013-11-30 01:00:00,0.0000000000
2013-11-30 02:00:00,0.0000000000
2013-11-30 03:00:00,0.0000000000
2013-11-30 04:00:00,0.0000000000
2013-11-30 05:00:00,0.0183227638
2013-11-30 06:00:00,0.0566381881
2013-11-30 07:00:00,0.1197394236
2013-11-30 08:00:00,0.1459814175
2013-11-30 09:00:00,0.1312641180
2013-11-30 10:00:00,0.1765028028
2013-11-30 11:00:00,0.1613218952
2013-11-30 12:00:00,0.0729690810
2013-11-30 13:00:00,0.0000000000
2013-11-30 14:00:00,0.0000000000
2013-11-30 15:00:00,0.0000000000
2013-11-30 16:00:00,0.0000000000
2013-11-30 17:00:00,0.0000000000
2013-11-30 18:00:00,0.0000000000
2013-11-30 19:00:00,0.0000000000
2013-11-30 20:00:00,0.0000000000
2013-11-30 21:00:00,0.0000000000
2013-11-30 22:00:00,0.0000000000
2013-11-30 23:00:00,0.0000000000
2013-12-01 00:00:00,0.0000000000
2013-12-01 01:00:00,0.0000000000
2013-12-01 02:00:00,0.0000000000
2013-12-01 03:00:00,0.0000000000
2013-12-01 04:00:00,0.0000000000
2013-12-01 05:00:00,0.0887626938
2013-12-01 06:00:00,0.3148510839
2013-12-01 07:00:00,0.4816389041
2013-12-01 08:00:00,0.4830648712
2013-12-01 09:00:00,0.3611737031
2013-12-01 10:00:00,0.2164130638
2013-12-01 11:00:00,0.1214634127
2013-12-01 12:00:00,0.0627770912
2013-12-01 13:00:00,0.0311772590
2013-12-01 14:00:00,0.0000000000
2013-12-01 15:00:00,0.0000000000
2013-12-01 16:00:00,0.0000000000
2013-12-01 17:00:00,0.0000000000
2013-12-01 18:00:00,0.0000000000
2013-12-01 19:00:00,0.0000000000
2013-12-01 20:00:00,0.0000000000
2013-12-01 21:00:00,0.0000000000
2013-12-01 22:00:00,0.0000000000
2013-12-01 23:00:00,0.0000000000
2013-12-02 00:00:00,0.0000000000
2013-12-02 01:00:00,0.0000000000
2013-12-02 02:00:00,0.0000000000
2013-12-02 03:00:00,0.0000000000
2013-12-02 04:00:00,0.0000000000
2013-12-02 05:00:00,0.0159176697
2013-12-02 06:00:00,0.0479040993
2013-12-02 07:00:00,0.0589927892
2013-12-02 08:00:00,0.0881353988
2013-12-02 09:00:00,0.1152228862
2013-12-02 10:00:00,0.1148564663
2013-12-02 11:00:00,0.1594482639
2013-12-02 12:00:00,0.0890472393
2013-12-02 13:00:00,0.0267460294
2013-12-02 14:00:00,0.0000000000
2013-12-02 15:00:00,0.0000000000
2013-12-02 16:00:00,0.0000000000
2013-12-02 17:00:00,0.0000000000
2013-12-02 18:00:00,0.0000000000
2013-12-02 19:00:00,0.0000000000
2013-12-02 20:00:00,0.0000000000
2013-12-02 21:00:00,0.0000000000
2013-12-02 22:00:00,0.0000000000
2013-12-02 23:00:00,0.0000000000
2013-12-03 00:00:00,0.0000000000
2013-12-03 01:00:00,0.0000000000
2013-12-03 02:00:00,0.0000000000
2013-12-03 03:00:00,0.0000000000
2013-12-03 04:00:00,0.0000000000
2013-12-03 05:00:00,0.0306909654
2013-12-03 06:00:00,0.0750039425
2013-12-03 07:00:00,0.3413569216
2013-12-03 08:00:00,0.5198605308
2013-12-03 09:00:00,0.5511625509
2013-12-03 10:00:00,0.4870866733
2013-12-03 11:00:00,0.3123762326
2013-12-03 12:00:00,0.1302443820
2013-12-03 13:00:00,0.0000000000
2013-12-03 14:00:00,0.0000000000
2013-12-03 15:00:00,0.0000000000
2013-12-03 16:00:00,0.0000000000
2013-12-03 17:00:00,0.0000000000
2013-12-03 18:00:00,0.0000000000
2013-12-03 19:00:00,0.0000000000
2013-12-03 20:00:00,0.0000000000
2013-12-03 21:00:00,0.0000000000
2013-12-03 22:00:00,0.0000000000
2013-12-03 23:00:00,0.0000000000
2013-12-04 00:00:00,0.0000000000
2013-12-04 01:00:00,0.0000000000
2013-12-04 02:00:00,0.0000000000
2013-12-04 03:00:00,0.0000000000
2013-12-04 04:00:00,0.0000000000
2013-12-04 05:00:00,0.0645065108
2013-12-04 06:00:00,0.2035644491
2013-12-04 07:00:00,0.4008096283
2013-12-04 08:00:00,0.4905486510
2013-12-04 09:00:00,0.5810009531
2013-12-04 10:00:00,0.4751181387
2013-12-04 11:00:00,0.3940357960
2013-12-04 12:00:00,0.2180406105
2013-12-04 13:00:00,0.0523747472
2013-12-04 14:00:00,0.0000000000
2013-12-04 15:00:00,0.0000000000
2013-12-04 16:00:00,0.0000000000
2013-12-04 17:00:00,0.0000000000
2013-12-04 18:00:00,0.0000000000
2013-12-04 19:00:00,0.0000000000
2013-12-04 20:00:00,0.0000000000
2013-12-04 21:00:00,0.0000000000
2013-12-04 22:00:00,0.0000000000
2013-12-04 23:00:00,0.0000000000
2013-12-05 00:00:00,0.0000000000
2013-12-05 01:00:00,0.0000000000
2013-12-05 02:00:00,0.0000000000
2013-12-05 03:00:00,0.0000000000
2013-12-05 04:00:00,0.0000000000
2013-12-05 05:00:00,0.1474910507
2013-12-05 06:00:00,0.3574127915
2013-12-05 07:00:00,0.4991948069
2013-12-05 08:00:00,0.5780051405
2013-12-05 09:00:00,0.5899480417
2013-12-05 10:00:00,0.5344760144
2013-12-05 11:00:00,0.4124175050
2013-12-05 12:00:00,0.2281436616
2013-12-05 13:00:00,0.0534398269
2013-12-05 14:00:00,0.0000000000
2013-12-05 15:00:00,0.0000000000
2013-12-05 16:00:00,0.0000000000
2013-12-05 17:00:00,0.0000000000
2013-12-05 18:00:00,0.0000000000
2013-12-05 19:00:00,0.0000000000
2013-12-05 20:00:00,0.0000000000
2013-12-05 21:00:00,0.0000000000
2013-12-05 22:00:00,0.0000000000
2013-12-05 23:00:00,0.0000000000
2013-12-06 00:00:00,0.0000000000
2013-12-06 01:00:00,0.0000000000
2013-12-06 02:00:00,0.0000000000
2013-12-06 03:00:00,0.0000000000
2013-12-06 04:00:00,0.0000000000
2013-12-06 05:00:00,0.0472150422
2013-12-06 06:00:00,0.1669554348
2013-12-06 07:00:00,0.4073874864
2013-12-06 08:00:00,0.4284841978
2013-12-06 09:00:00,0.2995036431
2013-12-06 10:00:00,0.4237672012
2013-12-06 11:00:00,0.3562918253
2013-12-06 12:00:00,0.1944468652
2013-12-06 13:00:00,0.0358285282
2013-12-06 14:00:00,0.0000000000
2013-12-06 15:00:00,0.0000000000
2013-12-06 16:00:00,0.0000000000
2013-12-06 17:00:00,0.0000000000
2013-12-06 18:00:00,0.0000000000
2013-12-06 19:00:00,0.0000000000
2013-12-06 20:00:00,0.0000000000
2013-12-06 21:00:00,0.0000000000
2013-12-06 22:00:00,0.0000000000
2013-12-06 23:00:00,0.0000000000
2013-12-07 00:00:00,0.0000000000
2013-12-07 01:00:00,0.0000000000
2013-12-07 02:00:00,0.0000000000
2013-12-07 03:00:00,0.0000000000
2013-12-07 04:00:00,0.0000000000
2013-12-07 05:00:00,0.1605147569
2013-12-07 06:00:00,0.3695100669
2013-12-07 07:00:00,0.5250389767
2013-12-07 08:00:00,0.5986008320
2013-12-07 09:00:00,0.6016037579
2013-12-07 10:00:00,0.5486615685
2013-12-07 11:00:00,0.4230489082
2013-12-07 12:00:00,0.2360655029
2013-12-07 13:00:00,0.0539894715
2013-12-07 14:00:00,0.0000000000
2013-12-07 15:00:00,0.0000000000
2013-12-07 16:00:00,0.0000000000
2013-12-07 17:00:00,0.0000000000
2013-12-07 18:00:00,0.0000000000
2013-12-07 19:00:00,0.0000000000
2013-12-07 20:00:00,0.0000000000
2013-12-07 21:00:00,0.0000000000
2013-12-07 22:00:00,0.0000000000
2013-12-07 23:00:00,0.0000000000
2013-12-08 00:00:00,0.0000000000
2013-12-08 01:00:00,0.0000000000
2013-12-08 02:00:00,0.0000000000
2013-12-08 03:00:00,0.0000000000
2013-12-08 04:00:00,0.0000000000
2013-12-08 05:00:00,0.1234183848
2013-12-08 06:00:00,0.2905454846
2013-12-08 07:00:00,0.4603436083
2013-12-08 08:00:00,0.5450733964
2013-12-08 09:00:00,0.5553989667
2013-12-08 10:00:00,0.5191849231
2013-12-08 11:00:00,0.4000969106
2013-12-08 12:00:00,0.2203399387
2013-12-08 13:00:00,0.0531836548
2013-12-08 14:00:00,0.0000000000
2013-12-08 15:00:00,0.0000000000
2013-12-08 16:00:00,0.0000000000
2013-12-08 17:00:00,0.0000000000
2013-12-08 18:00:00,0.0000000000
2013-12-08 19:00:00,0.0000000000
2013-12-08 20:00:00,0.0000000000
2013-12-08 21:00:00,0.0000000000
2013-12-08 22:00:00,0.0000000000
2013-12-08 23:00:00,0.0000000000
2013-12-09 00:00:00,0.0000000000
2013-12-09 01:00:00,0.0000000000
2013-12-09 02:00:00,0.0000000000
2013-12-09 03:00:00,0.0000000000
2013-12-09 04:00:00,0.0000000000
2013-12-09 05:00:00,0.0000000000
2013-12-09 06:00:00,0.0355905871
2013-12-09 07:00:00,0.1621390981
2013-12-09 08:00:00,0.2735437970
2013-12-09 09:00:00,0.3595744348
2013-12-09 10:00:00,0.3258988258
2013-12-09 11:00:00,0.2852037596
2013-12-09 12:00:00,0.1358575870
2013-12-09 13:00:00,0.0500823306
2013-12-09 14:00:00,0.0000000000
2013-12-09 15:00:00,0.0000000000
2013-12-09 16:00:00,0.0000000000
2013-12-09 17:00:00,0.0000000000
2013-12-09 18:00:00,0.0000000000
2013-12-09 19:00:00,0.0000000000
2013-12-09 20:00:00,0.0000000000
2013-12-09 21:00:00,0.0000000000
2013-12-09 22:00:00,0.0000000000
2013-12-09 23:00:00,0.0000000000
2013-12-10 00:00:00,0.0000000000
2013-12-10 01:00:00,0.0000000000
2013-12-10 02:00:00,0.0000000000
2013-12-10 03:00:00,0.0000000000
2013-12-10 04:00:00,0.0000000000
2013-12-10 05:00:00,0.0344811826
2013-12-10 06:00:00,0.1438258013
2013-12-10 07:00:00,0.2051175466
2013-12-10 08:00:00,0.3545052664
2013-12-10 09:00:00,0.4187810368
2013-12-10 10:00:00,0.4330347784
2013-12-10 11:00:00,0.3974105064
2013-12-10 12:00:00,0.2433472402
2013-12-10 13:00:00,0.0666554401
2013-12-10 14:00:00,0.0000000000
2013-12-10 15:00:00,0.0000000000
2013-12-10 16:00:00,0.0000000000
2013-12-10 17:00:00,0.0000000000
2013-12-10 18:00:00,0.0000000000
2013-12-10 19:00:00,0.0000000000
2013-12-10 20:00:00,0.0000000000
2013-12-10 21:00:00,0.0000000000
2013-12-10 22:00:00,0.0000000000
2013-12-10 23:00:00,0.0000000000
2013-12-11 00:00:00,0.0000000000
2013-12-11 01:00:00,0.0000000000
2013-12-11 02:00:00,0.0000000000
2013-12-11 03:00:00,0.0000000000
2013-12-11 04:00:00,0.0000000000
2013-12-11 05:00:00,0.0341030755
2013-12-11 06:00:00,0.1001984213
2013-12-11 07:00:00,0.1550866591
2013-12-11 08:00:00,0.3358335884
2013-12-11 09:00:00,0.2365262825
2013-12-11 10:00:00,0.1410203959
2013-12-11 11:00:00,0.0632174487
2013-12-11 12:00:00,0.0263613018
2013-12-11 13:00:00,0.0000000000
2013-12-11 14:00:00,0.0000000000
2013-12-11 15:00:00,0.0000000000
2013-12-11 16:00:00,0.0000000000
2013-12-11 17:00:00,0.0000000000
2013-12-11 18:00:00,0.0000000000
2013-12-11 19:00:00,0.0000000000
2013-12-11 20:00:00,0.0000000000
2013-12-11 21:00:00,0.0000000000
2013-12-11 22:00:00,0.0000000000
2013-12-11 23:00:00,0.0000000000
2013-12-12 00:00:00,0.0000000000
2013-12-12 01:00:00,0.0000000000
2013-12-12 02:00:00,0.0000000000
2013-12-12 03:00:00,0.0000000000
2013-12-12 04:00:00,0.0000000000
2013-12-12 05:00:00,0.0606294268
2013-12-12 06:00:00,0.1957917628
2013-12-12 07:00:00,0.2257421391
2013-12-12 08:00:00,0.3322695903
2013-12-12 09:00:00,0.3376843273
2013-12-12 10:00:00,0.4914321330
2013-12-12 11:00:00,0.3068186824
2013-12-12 12:00:00,0.1588089449
2013-12-12 13:00:00,0.0531227541
2013-12-12 14:00:00,0.0000000000
2013-12-12 15:00:00,0.0000000000
2013-12-12 16:00:00,0.0000000000
2013-12-12 17:00:00,0.0000000000
2013-12-12 18:00:00,0.0000000000
2013-12-12 19:00:00,0.0000000000
2013-12-12 20:00:00,0.0000000000
2013-12-12 21:00:00,0.0000000000
2013-12-12 22:00:00,0.0000000000
2013-12-12 23:00:00,0.0000000000
2013-12-13 00:00:00,0.0000000000
2013-12-13 01:00:00,0.0000000000
2013-12-13 02:00:00,0.0000000000
2013-12-13 03:00:00,0.0000000000
2013-12-13 04:00:00,0.0000000000
2013-12-13 05:00:00,0.0742813052
2013-12-13 06:00:00,0.1675366783
2013-12-13 07:00:00,0.2250127120
2013-12-13 08:00:00,0.2684304034
2013-12-13 09:00:00,0.2675541336
2013-12-13 10:00:00,0.2395179563
2013-12-13 11:00:00,0.1187424031
2013-12-13 12:00:00,0.0577613601
2013-12-13 13:00:00,0.0000000000
2013-12-13 14:00:00,0.0000000000
2013-12-13 15:00:00,0.0000000000
2013-12-13 16:00:00,0.0000000000
2013-12-13 17:00:00,0.0000000000
2013-12-13 18:00:00,0.0000000000
2013-12-13 19:00:00,0.0000000000
2013-12-13 20:00:00,0.0000000000
2013-12-13 21:00:00,0.0000000000
2013-12-13 22:00:00,0.0000000000
2013-12-13 23:00:00,0.0000000000
2013-12-14 00:00:00,0.0000000000
2013-12-14 01:00:00,0.0000000000
2013-12-14 02:00:00,0.0000000000
2013-12-14 03:00:00,0.0000000000
2013-12-14 04:00:00,0.0000000000
2013-12-14 05:00:00,0.0130399142
2013-12-14 06:00:00,0.0849122435
2013-12-14 07:00:00,0.1300471496
2013-12-14 08:00:00,0.0753793186
2013-12-14 09:00:00,0.2554035081
2013-12-14 10:00:00,0.2564968616
2013-12-14 11:00:00,0.1418987937
2013-12-14 12:00:00,0.0510954183
2013-12-14 13:00:00,0.0000000000
2013-12-14 14:00:00,0.0000000000
2013-12-14 15:00:00,0.0000000000
2013-12-14 16:00:00,0.0000000000
2013-12-14 17:00:00,0.0000000000
2013-12-14 18:00:00,0.0000000000
2013-12-14 19:00:00,0.0000000000
2013-12-14 20:00:00,0.0000000000
2013-12-14 21:00:00,0.0000000000
2013-12-14 22:00:00,0.0000000000
2013-12-14 23:00:00,0.0000000000
2013-12-15 00:00:00,0.0000000000
2013-12-15 01:00:00,0.0000000000
2013-12-15 02:00:00,0.0000000000
2013-12-15 03:00:00,0.0000000000
2013-12-15 04:00:00,0.0000000000
2013-12-15 05:00:00,0.1177305109
2013-12-15 06:00:00,0.3221660912
2013-12-15 07:00:00,0.3730611492
2013-12-15 08:00:00,0.3167542194
2013-12-15 09:00:00,0.3210650724
2013-12-15 10:00:00,0.1976546484
2013-12-15 11:00:00,0.1862868047
2013-12-15 12:00:00,0.0483504800
2013-12-15 13:00:00,0.0220832962
2013-12-15 14:00:00,0.0000000000
2013-12-15 15:00:00,0.0000000000
2013-12-15 16:00:00,0.0000000000
2013-12-15 17:00:00,0.0000000000
2013-12-15 18:00:00,0.0000000000
2013-12-15 19:00:00,0.0000000000
2013-12-15 20:00:00,0.0000000000
2013-12-15 21:00:00,0.0000000000
2013-12-15 22:00:00,0.0000000000
2013-12-15 23:00:00,0.0000000000
2013-12-16 00:00:00,0.0000000000
2013-12-16 01:00:00,0.0000000000
2013-12-16 02:00:00,0.0000000000
2013-12-16 03:00:00,0.0000000000
2013-12-16 04:00:00,0.0000000000
2013-12-16 05:00:00,0.1562478683
2013-12-16 06:00:00,0.3776015598
2013-12-16 07:00:00,0.5452387047
2013-12-16 08:00:00,0.6236964954
2013-12-16 09:00:00,0.6446981952
2013-12-16 10:00:00,0.5337630418
2013-12-16 11:00:00,0.3035866978
2013-12-16 12:00:00,0.1014641244
2013-12-16 13:00:00,0.0127496589
2013-12-16 14:00:00,0.0000000000
2013-12-16 15:00:00,0.0000000000
2013-12-16 16:00:00,0.0000000000
2013-12-16 17:00:00,0.0000000000
2013-12-16 18:00:00,0.0000000000
2013-12-16 19:00:00,0.0000000000
2013-12-16 20:00:00,0.0000000000
2013-12-16 21:00:00,0.0000000000
2013-12-16 22:00:00,0.0000000000
2013-12-16 23:00:00,0.0000000000
2013-12-17 00:00:00,0.0000000000
2013-12-17 01:00:00,0.0000000000
2013-12-17 02:00:00,0.0000000000
2013-12-17 03:00:00,0.0000000000
2013-12-17 04:00:00,0.0000000000
2013-12-17 05:00:00,0.1300324895
2013-12-17 06:00:00,0.3589288489
2013-12-17 07:00:00,0.4590947149
2013-12-17 08:00:00,0.5539086596
2013-12-17 09:00:00,0.6147003947
2013-12-17 10:00:00,0.5533353981
2013-12-17 11:00:00,0.4404263377
2013-12-17 12:00:00,0.2427891722
2013-12-17 13:00:00,0.0581021147
2013-12-17 14:00:00,0.0000000000
2013-12-17 15:00:00,0.0000000000
2013-12-17 16:00:00,0.0000000000
2013-12-17 17:00:00,0.0000000000
2013-12-17 18:00:00,0.0000000000
2013-12-17 19:00:00,0.0000000000
2013-12-17 20:00:00,0.0000000000
2013-12-17 21:00:00,0.0000000000
2013-12-17 22:00:00,0.0000000000
2013-12-17 23:00:00,0.0000000000
2013-12-18 00:00:00,0.0000000000
2013-12-18 01:00:00,0.0000000000
2013-12-18 02:00:00,0.0000000000
2013-12-18 03:00:00,0.0000000000
2013-12-18 04:00:00,0.0000000000
2013-12-18 05:00:00,0.1272969206
2013-12-18 06:00:00,0.3352920510
2013-12-18 07:00:00,0.4804275413
2013-12-18 08:00:00,0.5219124786
2013-12-18 09:00:00,0.3880934458
2013-12-18 10:00:00,0.3659628394
2013-12-18 11:00:00,0.1917303307
2013-12-18 12:00:00,0.1157298483
2013-12-18 13:00:00,0.0335373597
2013-12-18 14:00:00,0.0000000000
2013-12-18 15:00:00,0.0000000000
2013-12-18 16:00:00,0.0000000000
2013-12-18 17:00:00,0.0000000000
2013-12-18 18:00:00,0.0000000000
2013-12-18 19:00:00,0.0000000000
2013-12-18 20:00:00,0.0000000000
2013-12-18 21:00:00,0.0000000000
2013-12-18 22:00:00,0.0000000000
2013-12-18 23:00:00,0.0000000000
2013-12-19 00:00:00,0.0000000000
2013-12-19 01:00:00,0.0000000000
2013-12-19 02:00:00,0.0000000000
2013-12-19 03:00:00,0.0000000000
2013-12-19 04:00:00,0.0000000000
2013-12-19 05:00:00,0.0584500933
2013-12-19 06:00:00,0.1331980245
2013-12-19 07:00:00,0.2505135779
2013-12-19 08:00:00,0.3698232808
2013-12-19 09:00:00,0.4865623433
2013-12-19 10:00:00,0.4267072830
2013-12-19 11:00:00,0.3654214719
2013-12-19 12:00:00,0.2163930862
2013-12-19 13:00:00,0.0604169966
2013-12-19 14:00:00,0.0000000000
2013-12-19 15:00:00,0.0000000000
2013-12-19 16:00:00,0.0000000000
2013-12-19 17:00:00,0.0000000000
2013-12-19 18:00:00,0.0000000000
2013-12-19 19:00:00,0.0000000000
2013-12-19 20:00:00,0.0000000000
2013-12-19 21:00:00,0.0000000000
2013-12-19 22:00:00,0.0000000000
2013-12-19 23:00:00,0.0000000000
2013-12-20 00:00:00,0.0000000000
2013-12-20 01:00:00,0.0000000000
2013-12-20 02:00:00,0.0000000000
2013-12-20 03:00:00,0.0000000000
2013-12-20 04:00:00,0.0000000000
2013-12-20 05:00:00,0.0389556991
2013-12-20 06:00:00,0.0902779396
2013-12-20 07:00:00,0.1437854825
2013-12-20 08:00:00,0.1399545057
2013-12-20 09:00:00,0.2025359243
2013-12-20 10:00:00,0.1259033156
2013-12-20 11:00:00,0.1059091527
2013-12-20 12:00:00,0.0424086396
2013-12-20 13:00:00,0.0000000000
2013-12-20 14:00:00,0.0000000000
2013-12-20 15:00:00,0.0000000000
2013-12-20 16:00:00,0.0000000000
2013-12-20 17:00:00,0.0000000000
2013-12-20 18:00:00,0.0000000000
2013-12-20 19:00:00,0.0000000000
2013-12-20 20:00:00,0.0000000000
2013-12-20 21:00:00,0.0000000000
2013-12-20 22:00:00,0.0000000000
2013-12-20 23:00:00,0.0000000000
2013-12-21 00:00:00,0.0000000000
2013-12-21 01:00:00,0.0000000000
2013-12-21 02:00:00,0.0000000000
2013-12-21 03:00:00,0.0000000000
2013-12-21 04:00:00,0.0000000000
2013-12-21 05:00:00,0.0436583383
2013-12-21 06:00:00,0.1512851254
2013-12-21 07:00:00,0.3087258667
2013-12-21 08:00:00,0.2148970389
2013-12-21 09:00:00,0.2528288670
2013-12-21 10:00:00,0.2430903269
2013-12-21 11:00:00,0.2136231061
2013-12-21 12:00:00,0.1079939658
2013-12-21 13:00:00,0.0217442785
2013-12-21 14:00:00,0.0000000000
2013-12-21 15:00:00,0.0000000000
2013-12-21 16:00:00,0.0000000000
2013-12-21 17:00:00,0.0000000000
2013-12-21 18:00:00,0.0000000000
2013-12-21 19:00:00,0.0000000000
2013-12-21 20:00:00,0.0000000000
2013-12-21 21:00:00,0.0000000000
2013-12-21 22:00:00,0.0000000000
2013-12-21 23:00:00,0.0000000000
2013-12-22 00:00:00,0.0000000000
2013-12-22 01:00:00,0.0000000000
2013-12-22 02:00:00,0.0000000000
2013-12-22 03:00:00,0.0000000000
2013-12-22 04:00:00,0.0000000000
2013-12-22 05:00:00,0.0685431161
2013-12-22 06:00:00,0.1531686706
2013-12-22 07:00:00,0.1927616398
2013-12-22 08:00:00,0.1137579531
2013-12-22 09:00:00,0.0916821271
2013-12-22 10:00:00,0.0881773951
2013-12-22 11:00:00,0.0423619594
2013-12-22 12:00:00,0.0431059951
2013-12-22 13:00:00,0.0000000000
2013-12-22 14:00:00,0.0000000000
2013-12-22 15:00:00,0.0000000000
2013-12-22 16:00:00,0.0000000000
2013-12-22 17:00:00,0.0000000000
2013-12-22 18:00:00,0.0000000000
2013-12-22 19:00:00,0.0000000000
2013-12-22 20:00:00,0.0000000000
2013-12-22 21:00:00,0.0000000000
2013-12-22 22:00:00,0.0000000000
2013-12-22 23:00:00,0.0000000000
2013-12-23 00:00:00,0.0000000000
2013-12-23 01:00:00,0.0000000000
2013-12-23 02:00:00,0.0000000000
2013-12-23 03:00:00,0.0000000000
2013-12-23 04:00:00,0.0000000000
2013-12-23 05:00:00,0.0905865669
2013-12-23 06:00:00,0.2015339580
2013-12-23 07:00:00,0.3087101869
2013-12-23 08:00:00,0.2973733655
2013-12-23 09:00:00,0.2120369702
2013-12-23 10:00:00,0.1702972362
2013-12-23 11:00:00,0.0929550163
2013-12-23 12:00:00,0.0432465291
2013-12-23 13:00:00,0.0000000000
2013-12-23 14:00:00,0.0000000000
2013-12-23 15:00:00,0.0000000000
2013-12-23 16:00:00,0.0000000000
2013-12-23 17:00:00,0.0000000000
2013-12-23 18:00:00,0.0000000000
2013-12-23 19:00:00,0.0000000000
2013-12-23 20:00:00,0.0000000000
2013-12-23 21:00:00,0.0000000000
2013-12-23 22:00:00,0.0000000000
2013-12-23 23:00:00,0.0000000000
2013-12-24 00:00:00,0.0000000000
2013-12-24 01:00:00,0.0000000000
2013-12-24 02:00:00,0.0000000000
2013-12-24 03:00:00,0.0000000000
2013-12-24 04:00:00,0.0000000000
2013-12-24 05:00:00,0.0997113138
2013-12-24 06:00:00,0.2698603147
2013-12-24 07:00:00,0.3647153455
2013-12-24 08:00:00,0.3030107260
2013-12-24 09:00:00,0.2376445936
2013-12-24 10:00:00,0.2387021628
2013-12-24 11:00:00,0.2897605953
2013-12-24 12:00:00,0.0978370723
2013-12-24 13:00:00,0.0257082339
2013-12-24 14:00:00,0.0000000000
2013-12-24 15:00:00,0.0000000000
2013-12-24 16:00:00,0.0000000000
2013-12-24 17:00:00,0.0000000000
2013-12-24 18:00:00,0.0000000000
2013-12-24 19:00:00,0.0000000000
2013-12-24 20:00:00,0.0000000000
2013-12-24 21:00:00,0.0000000000
2013-12-24 22:00:00,0.0000000000
2013-12-24 23:00:00,0.0000000000
2013-12-25 00:00:00,0.0000000000
2013-12-25 01:00:00,0.0000000000
2013-12-25 02:00:00,0.0000000000
2013-12-25 03:00:00,0.0000000000
2013-12-25 04:00:00,0.0000000000
2013-12-25 05:00:00,0.0000000000
2013-12-25 06:00:00,0.0711071364
2013-12-25 07:00:00,0.1784128470
2013-12-25 08:00:00,0.3524906788
2013-12-25 09:00:00,0.4237567778
2013-12-25 10:00:00,0.3337536713
2013-12-25 11:00:00,0.1553447777
2013-12-25 12:00:00,0.0843024639
2013-12-25 13:00:00,0.0126397823
2013-12-25 14:00:00,0.0000000000
2013-12-25 15:00:00,0.0000000000
2013-12-25 16:00:00,0.0000000000
2013-12-25 17:00:00,0.0000000000
2013-12-25 18:00:00,0.0000000000
2013-12-25 19:00:00,0.0000000000
2013-12-25 20:00:00,0.0000000000
2013-12-25 21:00:00,0.0000000000
2013-12-25 22:00:00,0.0000000000
2013-12-25 23:00:00,0.0000000000
2013-12-26 00:00:00,0.0000000000
2013-12-26 01:00:00,0.0000000000
2013-12-26 02:00:00,0.0000000000
2013-12-26 03:00:00,0.0000000000
2013-12-26 04:00:00,0.0000000000
2013-12-26 05:00:00,0.0724713596
2013-12-26 06:00:00,0.1261784732
2013-12-26 07:00:00,0.2204866870
2013-12-26 08:00:00,0.3205653819
2013-12-26 09:00:00,0.3092735726
2013-12-26 10:00:00,0.3439022743
2013-12-26 11:00:00,0.2735358945
2013-12-26 12:00:00,0.1918683824
2013-12-26 13:00:00,0.0548930739
2013-12-26 14:00:00,0.0000000000
2013-12-26 15:00:00,0.0000000000
2013-12-26 16:00:00,0.0000000000
2013-12-26 17:00:00,0.0000000000
2013-12-26 18:00:00,0.0000000000
2013-12-26 19:00:00,0.0000000000
2013-12-26 20:00:00,0.0000000000
2013-12-26 21:00:00,0.0000000000
2013-12-26 22:00:00,0.0000000000
2013-12-26 23:00:00,0.0000000000
2013-12-27 00:00:00,0.0000000000
2013-12-27 01:00:00,0.0000000000
2013-12-27 02:00:00,0.0000000000
2013-12-27 03:00:00,0.0000000000
2013-12-27 04:00:00,0.0000000000
2013-12-27 05:00:00,0.0603366178
2013-12-27 06:00:00,0.1160476061
2013-12-27 07:00:00,0.1964432741
2013-12-27 08:00:00,0.2731153074
2013-12-27 09:00:00,0.3037387337
2013-12-27 10:00:00,0.2889166246
2013-12-27 11:00:00,0.2189318321
2013-12-27 12:00:00,0.1246601835
2013-12-27 13:00:00,0.0319345346
2013-12-27 14:00:00,0.0000000000
2013-12-27 15:00:00,0.0000000000
2013-12-27 16:00:00,0.0000000000
2013-12-27 17:00:00,0.0000000000
2013-12-27 18:00:00,0.0000000000
2013-12-27 19:00:00,0.0000000000
2013-12-27 20:00:00,0.0000000000
2013-12-27 21:00:00,0.0000000000
2013-12-27 22:00:00,0.0000000000
2013-12-27 23:00:00,0.0000000000
2013-12-28 00:00:00,0.0000000000
2013-12-28 01:00:00,0.0000000000
2013-12-28 02:00:00,0.0000000000
2013-12-28 03:00:00,0.0000000000
2013-12-28 04:00:00,0.0000000000
2013-12-28 05:00:00,0.1105092002
2013-12-28 06:00:00,0.3055536320
2013-12-28 07:00:00,0.4668587007
2013-12-28 08:00:00,0.5533373714
2013-12-28 09:00:00,0.6189382429
2013-12-28 10:00:00,0.5755710102
2013-12-28 11:00:00,0.4841410873
2013-12-28 12:00:00,0.2957507433
2013-12-28 13:00:00,0.0938044905
2013-12-28 14:00:00,0.0000000000
2013-12-28 15:00:00,0.0000000000
2013-12-28 16:00:00,0.0000000000
2013-12-28 17:00:00,0.0000000000
2013-12-28 18:00:00,0.0000000000
2013-12-28 19:00:00,0.0000000000
2013-12-28 20:00:00,0.0000000000
2013-12-28 21:00:00,0.0000000000
2013-12-28 22:00:00,0.0000000000
2013-12-28 23:00:00,0.0000000000
2013-12-29 00:00:00,0.0000000000
2013-12-29 01:00:00,0.0000000000
2013-12-29 02:00:00,0.0000000000
2013-12-29 03:00:00,0.0000000000
2013-12-29 04:00:00,0.0000000000
2013-12-29 05:00:00,0.1396800115
2013-12-29 06:00:00,0.3494935537
2013-12-29 07:00:00,0.5124100122
2013-12-29 08:00:00,0.6082628813
2013-12-29 09:00:00,0.6309339088
2013-12-29 10:00:00,0.5767622350
2013-12-29 11:00:00,0.4773369781
2013-12-29 12:00:00,0.2958659624
2013-12-29 13:00:00,0.0938061220
2013-12-29 14:00:00,0.0000000000
2013-12-29 15:00:00,0.0000000000
2013-12-29 16:00:00,0.0000000000
2013-12-29 17:00:00,0.0000000000
2013-12-29 18:00:00,0.0000000000
2013-12-29 19:00:00,0.0000000000
2013-12-29 20:00:00,0.0000000000
2013-12-29 21:00:00,0.0000000000
2013-12-29 22:00:00,0.0000000000
2013-12-29 23:00:00,0.0000000000
2013-12-30 00:00:00,0.0000000000
2013-12-30 01:00:00,0.0000000000
2013-12-30 02:00:00,0.0000000000
2013-12-30 03:00:00,0.0000000000
2013-12-30 04:00:00,0.0000000000
2013-12-30 05:00:00,0.1459050217
2013-12-30 06:00:00,0.3673293475
2013-12-30 07:00:00,0.5386086053
2013-12-30 08:00:00,0.6186196525
2013-12-30 09:00:00,0.6469148832
2013-12-30 10:00:00,0.6022516967
2013-12-30 11:00:00,0.4920577026
2013-12-30 12:00:00,0.3103305970
2013-12-30 13:00:00,0.1012027827
2013-12-30 14:00:00,0.0000000000
2013-12-30 15:00:00,0.0000000000
2013-12-30 16:00:00,0.0000000000
2013-12-30 17:00:00,0.0000000000
2013-12-30 18:00:00,0.0000000000
2013-12-30 19:00:00,0.0000000000
2013-12-30 20:00:00,0.0000000000
2013-12-30 21:00:00,0.0000000000
2013-12-30 22:00:00,0.0000000000
2013-12-30 23:00:00,0.0000000000
2013-12-31 00:00:00,0.0000000000
2013-12-31 01:00:00,0.0000000000
2013-12-31 02:00:00,0.0000000000
2013-12-31 03:00:00,0.0000000000
2013-12-31 04:00:00,0.0000000000
2013-12-31 05:00:00,0.1025496110
2013-12-31 06:00:00,0.3209746176
2013-12-31 07:00:00,0.4707872266
2013-12-31 08:00:00,0.5800363971
2013-12-31 09:00:00,0.6134230867
2013-12-31 10:00:00,0.5874102799
2013-12-31 11:00:00,0.4708192441
2013-12-31 12:00:00,0.3062159636
2013-12-31 13:00:00,0.0998725558
2013-12-31 14:00:00,0.0000000000
2013-12-31 15:00:00,0.0000000000
2013-12-31 16:00:00,0.0000000000
2013-12-31 17:00:00,0.0000000000
2013-12-31 18:00:00,0.0000000000
2013-12-31 19:00:00,0.0000000000
2013-12-31 20:00:00,0.0000000000
2013-12-31 21:00:00,0.0000000000
2013-12-31 22:00:00,0.0000000000
2013-12-31 23:00:00,0.0000000000
