timestamp,capacity_factor
2013-01-01 00:00:00,0.1658501228
2013-01-01 01:00:00,0.1166023811
2013-01-01 02:00:00,0.0871751589
2013-01-01 03:00:00,0.0659322972
2013-01-01 04:00:00,0.0570393310
2013-01-01 05:00:00,0.0695640901
2013-01-01 06:00:00,0.0746852978
2013-01-01 07:00:00,0.0588639343
2013-01-01 08:00:00,0.0369284963
2013-01-01 09:00:00,0.0497631232
2013-01-01 10:00:00,0.0865393760
2013-01-01 11:00:00,0.1660639632
2013-01-01 12:00:00,0.2859093192
2013-01-01 13:00:00,0.4118256366
2013-01-01 14:00:00,0.6004257140
2013-01-01 15:00:00,0.7528612941
2013-01-01 16:00:00,0.8240649186
2013-01-01 17:00:00,0.7967231320
2013-01-01 18:00:00,0.7182527897
2013-01-01 19:00:00,0.6653449582
2013-01-01 20:00:00,0.6667443070
2013-01-01 21:00:00,0.7090660170
2013-01-01 22:00:00,0.6888680365
2013-01-01 23:00:00,0.5384897562
2013-01-02 00:00:00,0.3685781831
2013-01-02 01:00:00,0.2503310091
2013-01-02 02:00:00,0.1915434700
2013-01-02 03:00:00,0.1655710678
2013-01-02 04:00:00,0.1684800199
2013-01-02 05:00:00,0.2047864471
2013-01-02 06:00:00,0.2173023224
2013-01-02 07:00:00,0.2278446185
2013-01-02 08:00:00,0.3009427903
2013-01-02 09:00:00,0.4128458656
2013-01-02 10:00:00,0.2682435092
2013-01-02 11:00:00,0.2747985584
2013-01-02 12:00:00,0.2591122490
2013-01-02 13:00:00,0.2238539372
2013-01-02 14:00:00,0.2010851499
2013-01-02 15:00:00,0.2022776822
2013-01-02 16:00:00,0.1858962470
2013-01-02 17:00:00,0.1944185986
2013-01-02 18:00:00,0.2088328499
2013-01-02 19:00:00,0.1899054627
2013-01-02 20:00:00,0.2036585777
2013-01-02 21:00:00,0.2016271454
2013-01-02 22:00:00,0.1414981192
2013-01-02 23:00:00,0.1145056650
2013-01-03 00:00:00,0.1157222308
2013-01-03 01:00:00,0.0996654057
2013-01-03 02:00:00,0.0772152929
2013-01-03 03:00:00,0.0455336956
2013-01-03 04:00:00,0.0000000000
2013-01-03 05:00:00,0.0000000000
2013-01-03 06:00:00,0.0000000000
2013-01-03 07:00:00,0.0000000000
2013-01-03 08:00:00,0.0000000000
2013-01-03 09:00:00,0.0000000000
2013-01-03 10:00:00,0.0000000000
2013-01-03 11:00:00,0.0000000000
2013-01-03 12:00:00,0.0000000000
2013-01-03 13:00:00,0.0000000000
2013-01-03 14:00:00,0.0000000000
2013-01-03 15:00:00,0.0000000000
2013-01-03 16:00:00,0.0000000000
2013-01-03 17:00:00,0.0000000000
2013-01-03 18:00:00,0.0148055682
2013-01-03 19:00:00,0.0332665899
2013-01-03 20:00:00,0.0599081376
2013-01-03 21:00:00,0.0980011388
2013-01-03 22:00:00,0.1232309786
2013-01-03 23:00:00,0.1346228988
2013-01-04 00:00:00,0.1350852555
2013-01-04 01:00:00,0.1474162995
2013-01-04 02:00:00,0.1724299699
2013-01-04 03:00:00,0.2344007336
2013-01-04 04:00:00,0.2959431558
2013-01-04 05:00:00,0.3616836180
2013-01-04 06:00:00,0.4025234631
2013-01-04 07:00:00,0.3977553393
2013-01-04 08:00:00,0.4220813178
2013-01-04 09:00:00,0.3825715788
2013-01-04 10:00:00,0.3314203172
2013-01-04 11:00:00,0.3693604563
2013-01-04 12:00:00,0.3568741138
2013-01-04 13:00:00,0.3907577259
2013-01-04 14:00:00,0.4423409552
2013-01-04 15:00:00,0.5037020546
2013-01-04 16:00:00,0.5573647240
2013-01-04 17:00:00,0.6077148166
2013-01-04 18:00:00,0.6513481327
2013-01-04 19:00:00,0.7038827129
2013-01-04 20:00:00,0.7333045754
2013-01-04 21:00:00,0.7772622295
2013-01-04 22:00:00,0.7910146059
2013-01-04 23:00:00,0.7448439505
2013-01-05 00:00:00,0.6962480452
2013-01-05 01:00:00,0.6891747269
2013-01-05 02:00:00,0.7579091203
2013-01-05 03:00:00,0.8494376201
2013-01-05 04:00:00,0.8718399846
2013-01-05 05:00:00,0.8648070105
2013-01-05 06:00:00,0.7840194328
2013-01-05 07:00:00,0.6765267896
2013-01-05 08:00:00,0.6577646779
2013-01-05 09:00:00,0.6223591480
2013-01-05 10:00:00,0.5756897163
2013-01-05 11:00:00,0.5034923865
2013-01-05 12:00:00,0.4915581497
2013-01-05 13:00:00,0.6222025242
2013-01-05 14:00:00,0.7326896237
2013-01-05 15:00:00,0.7562816190
2013-01-05 16:00:00,0.7140643643
2013-01-05 17:00:00,0.6075890158
2013-01-05 18:00:00,0.5026641079
2013-01-05 19:00:00,0.4278279971
2013-01-05 20:00:00,0.3663546260
2013-01-05 21:00:00,0.3058327117
2013-01-05 22:00:00,0.2786306618
2013-01-05 23:00:00,0.2582655327
2013-01-06 00:00:00,0.2480665656
2013-01-06 01:00:00,0.2457082661
2013-01-06 02:00:00,0.2594360370
2013-01-06 03:00:00,0.2851588274
2013-01-06 04:00:00,0.2777584830
2013-01-06 05:00:00,0.2443430034
2013-01-06 06:00:00,0.1907611797
2013-01-06 07:00:00,0.1397896397
2013-01-06 08:00:00,0.0975914329
2013-01-06 09:00:00,0.0719508237
2013-01-06 10:00:00,0.0546637470
2013-01-06 11:00:00,0.0474245657
2013-01-06 12:00:00,0.0607293026
2013-01-06 13:00:00,0.0879445730
2013-01-06 14:00:00,0.1354574690
2013-01-06 15:00:00,0.1539283874
2013-01-06 16:00:00,0.1467764611
2013-01-06 17:00:00,0.1375165640
2013-01-06 18:00:00,0.1323156030
2013-01-06 19:00:00,0.1106909326
2013-01-06 20:00:00,0.0940999798
2013-01-06 21:00:00,0.0875028909
2013-01-06 22:00:00,0.0668583197
2013-01-06 23:00:00,0.0584350146
2013-01-07 00:00:00,0.0474477032
2013-01-07 01:00:00,0.0361132041
2013-01-07 02:00:00,0.0640109941
2013-01-07 03:00:00,0.1099317097
2013-01-07 04:00:00,0.1467496040
2013-01-07 05:00:00,0.1706634783
2013-01-07 06:00:00,0.2453028205
2013-01-07 07:00:00,0.2996364871
2013-01-07 08:00:00,0.3180331997
2013-01-07 09:00:00,0.2879317508
2013-01-07 10:00:00,0.3564190755
2013-01-07 11:00:00,0.4196206105
2013-01-07 12:00:00,0.5410011142
2013-01-07 13:00:00,0.6949433345
2013-01-07 14:00:00,0.7037338837
2013-01-07 15:00:00,0.7007490513
2013-01-07 16:00:00,0.7645090515
2013-01-07 17:00:00,0.8040560180
2013-01-07 18:00:00,0.8452674579
2013-01-07 19:00:00,0.8621624654
2013-01-07 20:00:00,0.8832210030
2013-01-07 21:00:00,0.9156636381
2013-01-07 22:00:00,0.9334931779
2013-01-07 23:00:00,0.9112846836
2013-01-08 00:00:00,0.8815453349
2013-01-08 01:00:00,0.8757956698
2013-01-08 02:00:00,0.9091718898
2013-01-08 03:00:00,0.9643239788
2013-01-08 04:00:00,0.9817691847
2013-01-08 05:00:00,0.9829133975
2013-01-08 06:00:00,0.9807174782
2013-01-08 07:00:00,0.9555676093
2013-01-08 08:00:00,0.8698188557
2013-01-08 09:00:00,0.8252202109
2013-01-08 10:00:00,0.8380423060
2013-01-08 11:00:00,0.8904047386
2013-01-08 12:00:00,0.9140695684
2013-01-08 13:00:00,0.9364532209
2013-01-08 14:00:00,0.9283096089
2013-01-08 15:00:00,0.8945641237
2013-01-08 16:00:00,0.8180347798
2013-01-08 17:00:00,0.7146510423
2013-01-08 18:00:00,0.6632489784
2013-01-08 19:00:00,0.5977914224
2013-01-08 20:00:00,0.4711189145
2013-01-08 21:00:00,0.2780780075
2013-01-08 22:00:00,0.1930559414
2013-01-08 23:00:00,0.1519364002
2013-01-09 00:00:00,0.1475849105
2013-01-09 01:00:00,0.1407079369
2013-01-09 02:00:00,0.0958059582
2013-01-09 03:00:00,0.0631007961
2013-01-09 04:00:00,0.0236188921
2013-01-09 05:00:00,0.0000000000
2013-01-09 06:00:00,0.0000000000
2013-01-09 07:00:00,0.0000000000
2013-01-09 08:00:00,0.0000000000
2013-01-09 09:00:00,0.0000000000
2013-01-09 10:00:00,0.0000000000
2013-01-09 11:00:00,0.0000000000
2013-01-09 12:00:00,0.0000000000
2013-01-09 13:00:00,0.1060275354
2013-01-09 14:00:00,0.2630849882
2013-01-09 15:00:00,0.3474870554
2013-01-09 16:00:00,0.3991610287
2013-01-09 17:00:00,0.4694840409
2013-01-09 18:00:00,0.5806230096
2013-01-09 19:00:00,0.6247610126
2013-01-09 20:00:00,0.5700487483
2013-01-09 21:00:00,0.3977822915
2013-01-09 22:00:00,0.1548930710
2013-01-09 23:00:00,0.0967973354
2013-01-10 00:00:00,0.1230504817
2013-01-10 01:00:00,0.1786977668
2013-01-10 02:00:00,0.2366062582
2013-01-10 03:00:00,0.2651707799
2013-01-10 04:00:00,0.2493083056
2013-01-10 05:00:00,0.2054282793
2013-01-10 06:00:00,0.1650357130
2013-01-10 07:00:00,0.1374905483
2013-01-10 08:00:00,0.0856907929
2013-01-10 09:00:00,0.0000000000
2013-01-10 10:00:00,0.0000000000
2013-01-10 11:00:00,0.0948708899
2013-01-10 12:00:00,0.1959259775
2013-01-10 13:00:00,0.2802693205
2013-01-10 14:00:00,0.3036065180
2013-01-10 15:00:00,0.3867785401
2013-01-10 16:00:00,0.4614399539
2013-01-10 17:00:00,0.4252701741
2013-01-10 18:00:00,0.2147442313
2013-01-10 19:00:00,0.4417961984
2013-01-10 20:00:00,0.8435415754
2013-01-10 21:00:00,0.9829615861
2013-01-10 22:00:00,0.8890416077
2013-01-10 23:00:00,0.8123935999
2013-01-11 00:00:00,0.8596611023
2013-01-11 01:00:00,0.9119276408
2013-01-11 02:00:00,0.9221858230
2013-01-11 03:00:00,0.9213711421
2013-01-11 04:00:00,0.8806265538
2013-01-11 05:00:00,0.8723243639
2013-01-11 06:00:00,0.9720106561
2013-01-11 07:00:00,0.9754511204
2013-01-11 08:00:00,0.9805938372
2013-01-11 09:00:00,0.9875528267
2013-01-11 10:00:00,0.9951214385
2013-01-11 11:00:00,0.9871261696
2013-01-11 12:00:00,0.9800591064
2013-01-11 13:00:00,0.9398296643
2013-01-11 14:00:00,0.9284879647
2013-01-11 15:00:00,0.9499422958
2013-01-11 16:00:00,0.9617400699
2013-01-11 17:00:00,0.9244409698
2013-01-11 18:00:00,0.8965890423
2013-01-11 19:00:00,0.8879017175
2013-01-11 20:00:00,0.8827714421
2013-01-11 21:00:00,0.8490028631
2013-01-11 22:00:00,0.8935296364
2013-01-11 23:00:00,0.8891568402
2013-01-12 00:00:00,0.8820288851
2013-01-12 01:00:00,0.8501984154
2013-01-12 02:00:00,0.7438465193
2013-01-12 03:00:00,0.5689547109
2013-01-12 04:00:00,0.3970988919
2013-01-12 05:00:00,0.2306372013
2013-01-12 06:00:00,0.0973198461
2013-01-12 07:00:00,0.0851511955
2013-01-12 08:00:00,0.0778690273
2013-01-12 09:00:00,0.0617721735
2013-01-12 10:00:00,0.0000000000
2013-01-12 11:00:00,0.0000000000
2013-01-12 12:00:00,0.0000000000
2013-01-12 13:00:00,0.0000000000
2013-01-12 14:00:00,0.0000000000
2013-01-12 15:00:00,0.0000000000
2013-01-12 16:00:00,0.0123256745
2013-01-12 17:00:00,0.0587765843
2013-01-12 18:00:00,0.1232575903
2013-01-12 19:00:00,0.1992377580
2013-01-12 20:00:00,0.2444396424
2013-01-12 21:00:00,0.2514287974
2013-01-12 22:00:00,0.2694633989
2013-01-12 23:00:00,0.2580386205
2013-01-13 00:00:00,0.2543178415
2013-01-13 01:00:00,0.3183252796
2013-01-13 02:00:00,0.4655664731
2013-01-13 03:00:00,0.6113270217
2013-01-13 04:00:00,0.6788583830
2013-01-13 05:00:00,0.6990202361
2013-01-13 06:00:00,0.7554917242
2013-01-13 07:00:00,0.6599026755
2013-01-13 08:00:00,0.7243789411
2013-01-13 09:00:00,0.7225346752
2013-01-13 10:00:00,0.6563060330
2013-01-13 11:00:00,0.6042291292
2013-01-13 12:00:00,0.5760542162
2013-01-13 13:00:00,0.6595500404
2013-01-13 14:00:00,0.7679334996
2013-01-13 15:00:00,0.7845686090
2013-01-13 16:00:00,0.7949587785
2013-01-13 17:00:00,0.7589271676
2013-01-13 18:00:00,0.7390981188
2013-01-13 19:00:00,0.7022599239
2013-01-13 20:00:00,0.6974367160
2013-01-13 21:00:00,0.6666973806
2013-01-13 22:00:00,0.6401558951
2013-01-13 23:00:00,0.5226060534
2013-01-14 00:00:00,0.4023908260
2013-01-14 01:00:00,0.2936004689
2013-01-14 02:00:00,0.2092904047
2013-01-14 03:00:00,0.1428577713
2013-01-14 04:00:00,0.0848517465
2013-01-14 05:00:00,0.0370629153
2013-01-14 06:00:00,0.0000000000
2013-01-14 07:00:00,0.0000000000
2013-01-14 08:00:00,0.0000000000
2013-01-14 09:00:00,0.0000000000
2013-01-14 10:00:00,0.0959458772
2013-01-14 11:00:00,0.3345230436
2013-01-14 12:00:00,0.5679232155
2013-01-14 13:00:00,0.7404794039
2013-01-14 14:00:00,0.7282596943
2013-01-14 15:00:00,0.7573970533
2013-01-14 16:00:00,0.8836870256
2013-01-14 17:00:00,0.9686113401
2013-01-14 18:00:00,0.9759204964
2013-01-14 19:00:00,0.9823255975
2013-01-14 20:00:00,0.9877286113
2013-01-14 21:00:00,0.9935838631
2013-01-14 22:00:00,0.9851722593
2013-01-14 23:00:00,0.9807380664
2013-01-15 00:00:00,0.9569017248
2013-01-15 01:00:00,0.9107894087
2013-01-15 02:00:00,0.8715937683
2013-01-15 03:00:00,0.7572264297
2013-01-15 04:00:00,0.6496640841
2013-01-15 05:00:00,0.6267085964
2013-01-15 06:00:00,0.4986440356
2013-01-15 07:00:00,0.3576771138
2013-01-15 08:00:00,0.2522948178
2013-01-15 09:00:00,0.2544596024
2013-01-15 10:00:00,0.3013965834
2013-01-15 11:00:00,0.3673199252
2013-01-15 12:00:00,0.3526299467
2013-01-15 13:00:00,0.3373689916
2013-01-15 14:00:00,0.1855740578
2013-01-15 15:00:00,0.1047200198
2013-01-15 16:00:00,0.0695997360
2013-01-15 17:00:00,0.0770338376
2013-01-15 18:00:00,0.0858197726
2013-01-15 19:00:00,0.1016240494
2013-01-15 20:00:00,0.1117935485
2013-01-15 21:00:00,0.1030221289
2013-01-15 22:00:00,0.1175494989
2013-01-15 23:00:00,0.0918232693
2013-01-16 00:00:00,0.0847046048
2013-01-16 01:00:00,0.1026277215
2013-01-16 02:00:00,0.1004575514
2013-01-16 03:00:00,0.0859986100
2013-01-16 04:00:00,0.0677536048
2013-01-16 05:00:00,0.0333098485
2013-01-16 06:00:00,0.0000000000
2013-01-16 07:00:00,0.0000000000
2013-01-16 08:00:00,0.0308802066
2013-01-16 09:00:00,0.0708971070
2013-01-16 10:00:00,0.0576375513
2013-01-16 11:00:00,0.0917984925
2013-01-16 12:00:00,0.1023961049
2013-01-16 13:00:00,0.1055366736
2013-01-16 14:00:00,0.1726475261
2013-01-16 15:00:00,0.2845500373
2013-01-16 16:00:00,0.3888196571
2013-01-16 17:00:00,0.4274377761
2013-01-16 18:00:00,0.4145466378
2013-01-16 19:00:00,0.4114319000
2013-01-16 20:00:00,0.4640554291
2013-01-16 21:00:00,0.5014905041
2013-01-16 22:00:00,0.5921087000
2013-01-16 23:00:00,0.6438730932
2013-01-17 00:00:00,0.7161128287
2013-01-17 01:00:00,0.7826043765
2013-01-17 02:00:00,0.8616616243
2013-01-17 03:00:00,0.9124790516
2013-01-17 04:00:00,0.9686711692
2013-01-17 05:00:00,0.9767745398
2013-01-17 06:00:00,0.9711025899
2013-01-17 07:00:00,0.9969229761
2013-01-17 08:00:00,0.9972697052
2013-01-17 09:00:00,0.9937020065
2013-01-17 10:00:00,0.9968988693
2013-01-17 11:00:00,0.9901067946
2013-01-17 12:00:00,0.9843808779
2013-01-17 13:00:00,0.9973683638
2013-01-17 14:00:00,0.9993043819
2013-01-17 15:00:00,0.9996189884
2013-01-17 16:00:00,0.9991427839
2013-01-17 17:00:00,0.9982338170
2013-01-17 18:00:00,0.9987573343
2013-01-17 19:00:00,1.0000000000
2013-01-17 20:00:00,0.9985252829
2013-01-17 21:00:00,0.9973848661
2013-01-17 22:00:00,0.9984237852
2013-01-17 23:00:00,0.9997455965
2013-01-18 00:00:00,0.9993628489
2013-01-18 01:00:00,0.9983942898
2013-01-18 02:00:00,0.9977224107
2013-01-18 03:00:00,0.9947714961
2013-01-18 04:00:00,0.9902487518
2013-01-18 05:00:00,0.9807134391
2013-01-18 06:00:00,0.8897286209
2013-01-18 07:00:00,0.7962935298
2013-01-18 08:00:00,0.7258181478
2013-01-18 09:00:00,0.6509825389
2013-01-18 10:00:00,0.5704139650
2013-01-18 11:00:00,0.3546886413
2013-01-18 12:00:00,0.1657194484
2013-01-18 13:00:00,0.0499078573
2013-01-18 14:00:00,0.0000000000
2013-01-18 15:00:00,0.0000000000
2013-01-18 16:00:00,0.1441412697
2013-01-18 17:00:00,0.3136367673
2013-01-18 18:00:00,0.3673869395
2013-01-18 19:00:00,0.3211486698
2013-01-18 20:00:00,0.2834263128
2013-01-18 21:00:00,0.3058691118
2013-01-18 22:00:00,0.3127305726
2013-01-18 23:00:00,0.2220741097
2013-01-19 00:00:00,0.1388908368
2013-01-19 01:00:00,0.1201930701
2013-01-19 02:00:00,0.0993832654
2013-01-19 03:00:00,0.1137953880
2013-01-19 04:00:00,0.1163490613
2013-01-19 05:00:00,0.0605867190
2013-01-19 06:00:00,0.0000000000
2013-01-19 07:00:00,0.0000000000
2013-01-19 08:00:00,0.0000000000
2013-01-19 09:00:00,0.0135587524
2013-01-19 10:00:00,0.0000000000
2013-01-19 11:00:00,0.0000000000
2013-01-19 12:00:00,0.0000000000
2013-01-19 13:00:00,0.0000000000
2013-01-19 14:00:00,0.0000000000
2013-01-19 15:00:00,0.0000000000
2013-01-19 16:00:00,0.0000000000
2013-01-19 17:00:00,0.0204769696
2013-01-19 18:00:00,0.0637072208
2013-01-19 19:00:00,0.1119624049
2013-01-19 20:00:00,0.1682890046
2013-01-19 21:00:00,0.2536298808
2013-01-19 22:00:00,0.4118454114
2013-01-19 23:00:00,0.5538293973
2013-01-20 00:00:00,0.6811516893
2013-01-20 01:00:00,0.8093465263
2013-01-20 02:00:00,0.9105433109
2013-01-20 03:00:00,0.9750245194
2013-01-20 04:00:00,0.9844229517
2013-01-20 05:00:00,0.9887343450
2013-01-20 06:00:00,0.9972541161
2013-01-20 07:00:00,0.9853711565
2013-01-20 08:00:00,0.9560728322
2013-01-20 09:00:00,0.9387095520
2013-01-20 10:00:00,0.9113957711
2013-01-20 11:00:00,0.9003310796
2013-01-20 12:00:00,0.9493979909
2013-01-20 13:00:00,0.9738844579
2013-01-20 14:00:00,0.9713828860
2013-01-20 15:00:00,0.9643057406
2013-01-20 16:00:00,0.9473863365
2013-01-20 17:00:00,0.9358776504
2013-01-20 18:00:00,0.9604899213
2013-01-20 19:00:00,0.9681924807
2013-01-20 20:00:00,0.9482954063
2013-01-20 21:00:00,0.9650843003
2013-01-20 22:00:00,0.9960877630
2013-01-20 23:00:00,0.9983405007
2013-01-21 00:00:00,0.9996342534
2013-01-21 01:00:00,0.9999891449
2013-01-21 02:00:00,0.9982431854
2013-01-21 03:00:00,0.9960526734
2013-01-21 04:00:00,0.9920955141
2013-01-21 05:00:00,0.9969685000
2013-01-21 06:00:00,0.9978376682
2013-01-21 07:00:00,0.9979891684
2013-01-21 08:00:00,1.0000000000
2013-01-21 09:00:00,1.0000000000
2013-01-21 10:00:00,1.0000000000
2013-01-21 11:00:00,1.0000000000
2013-01-21 12:00:00,1.0000000000
2013-01-21 13:00:00,0.9996764333
2013-01-21 14:00:00,0.9986102223
2013-01-21 15:00:00,0.9972538200
2013-01-21 16:00:00,0.9920794138
2013-01-21 17:00:00,0.9920411546
2013-01-21 18:00:00,0.9889812064
2013-01-21 19:00:00,0.9845379817
2013-01-21 20:00:00,0.9684563400
2013-01-21 21:00:00,0.9023427340
2013-01-21 22:00:00,0.8770460553
2013-01-21 23:00:00,0.7732306836
2013-01-22 00:00:00,0.6890655592
2013-01-22 01:00:00,0.5943551952
2013-01-22 02:00:00,0.5053931981
2013-01-22 03:00:00,0.3720657841
2013-01-22 04:00:00,0.2553957927
2013-01-22 05:00:00,0.1760516821
2013-01-22 06:00:00,0.1579183223
2013-01-22 07:00:00,0.1989724153
2013-01-22 08:00:00,0.2347365423
2013-01-22 09:00:00,0.2757185830
2013-01-22 10:00:00,0.3211286021
2013-01-22 11:00:00,0.3032110236
2013-01-22 12:00:00,0.2456929886
2013-01-22 13:00:00,0.1944144536
2013-01-22 14:00:00,0.2282147719
2013-01-22 15:00:00,0.3230579554
2013-01-22 16:00:00,0.4565288818
2013-01-22 17:00:00,0.5584177238
2013-01-22 18:00:00,0.6474536353
2013-01-22 19:00:00,0.6688932999
2013-01-22 20:00:00,0.7122909789
2013-01-22 21:00:00,0.7812209316
2013-01-22 22:00:00,0.8649718652
2013-01-22 23:00:00,0.8814033371
2013-01-23 00:00:00,0.8553419549
2013-01-23 01:00:00,0.8517751943
2013-01-23 02:00:00,0.8574614992
2013-01-23 03:00:00,0.8829359416
2013-01-23 04:00:00,0.8924182879
2013-01-23 05:00:00,0.8577952354
2013-01-23 06:00:00,0.7336118549
2013-01-23 07:00:00,0.5077045649
2013-01-23 08:00:00,0.3619855853
2013-01-23 09:00:00,0.2801284478
2013-01-23 10:00:00,0.2159333291
2013-01-23 11:00:00,0.2018358785
2013-01-23 12:00:00,0.2666919559
2013-01-23 13:00:00,0.3526857554
2013-01-23 14:00:00,0.3993104377
2013-01-23 15:00:00,0.4056219416
2013-01-23 16:00:00,0.3548354136
2013-01-23 17:00:00,0.2861287111
2013-01-23 18:00:00,0.2335064676
2013-01-23 19:00:00,0.2429868006
2013-01-23 20:00:00,0.2480048042
2013-01-23 21:00:00,0.2588187791
2013-01-23 22:00:00,0.2851013888
2013-01-23 23:00:00,0.3168169081
2013-01-24 00:00:00,0.3176888266
2013-01-24 01:00:00,0.3031038007
2013-01-24 02:00:00,0.2620610412
2013-01-24 03:00:00,0.2095914542
2013-01-24 04:00:00,0.2328576481
2013-01-24 05:00:00,0.3084905070
2013-01-24 06:00:00,0.2923612750
2013-01-24 07:00:00,0.2689145936
2013-01-24 08:00:00,0.3078989500
2013-01-24 09:00:00,0.4106710129
2013-01-24 10:00:00,0.4477520503
2013-01-24 11:00:00,0.4806593509
2013-01-24 12:00:00,0.4851523412
2013-01-24 13:00:00,0.5266424332
2013-01-24 14:00:00,0.5861220484
2013-01-24 15:00:00,0.5319217685
2013-01-24 16:00:00,0.4345768152
2013-01-24 17:00:00,0.3333941270
2013-01-24 18:00:00,0.2587221993
2013-01-24 19:00:00,0.1852287155
2013-01-24 20:00:00,0.1196931273
2013-01-24 21:00:00,0.0722977928
2013-01-24 22:00:00,0.0321172273
2013-01-24 23:00:00,0.0000000000
2013-01-25 00:00:00,0.0000000000
2013-01-25 01:00:00,0.0000000000
2013-01-25 02:00:00,0.0000000000
2013-01-25 03:00:00,0.0000000000
2013-01-25 04:00:00,0.0000000000
2013-01-25 05:00:00,0.0000000000
2013-01-25 06:00:00,0.0000000000
2013-01-25 07:00:00,0.0000000000
2013-01-25 08:00:00,0.0000000000
2013-01-25 09:00:00,0.0000000000
2013-01-25 10:00:00,0.0000000000
2013-01-25 11:00:00,0.0000000000
2013-01-25 12:00:00,0.0353683299
2013-01-25 13:00:00,0.0932075931
2013-01-25 14:00:00,0.2018009416
2013-01-25 15:00:00,0.3709811042
2013-01-25 16:00:00,0.4579445895
2013-01-25 17:00:00,0.4523659843
2013-01-25 18:00:00,0.4076904503
2013-01-25 19:00:00,0.4487724990
2013-01-25 20:00:00,0.5108354294
2013-01-25 21:00:00,0.5161961231
2013-01-25 22:00:00,0.5358995487
2013-01-25 23:00:00,0.6227650440
2013-01-26 00:00:00,0.6290568791
2013-01-26 01:00:00,0.6199321949
2013-01-26 02:00:00,0.6015668819
2013-01-26 03:00:00,0.4855361951
2013-01-26 04:00:00,0.4503160754
2013-01-26 05:00:00,0.3753751197
2013-01-26 06:00:00,0.2560278543
2013-01-26 07:00:00,0.1480859401
2013-01-26 08:00:00,0.0948858962
2013-01-26 09:00:00,0.0542347338
2013-01-26 10:00:00,0.0507878322
2013-01-26 11:00:00,0.0910140253
2013-01-26 12:00:00,0.1561627902
2013-01-26 13:00:00,0.2495075643
2013-01-26 14:00:00,0.3029363748
2013-01-26 15:00:00,0.3256904097
2013-01-26 16:00:00,0.4109239828
2013-01-26 17:00:00,0.4435291228
2013-01-26 18:00:00,0.4818824148
2013-01-26 19:00:00,0.5249288892
2013-01-26 20:00:00,0.5077916579
2013-01-26 21:00:00,0.4712934588
2013-01-26 22:00:00,0.3390141749
2013-01-26 23:00:00,0.1917215890
2013-01-27 00:00:00,0.1089079474
2013-01-27 01:00:00,0.0837960430
2013-01-27 02:00:00,0.0690180881
2013-01-27 03:00:00,0.0642251501
2013-01-27 04:00:00,0.0627905481
2013-01-27 05:00:00,0.0571450766
2013-01-27 06:00:00,0.0671707883
2013-01-27 07:00:00,0.0911233472
2013-01-27 08:00:00,0.1091291156
2013-01-27 09:00:00,0.1284679478
2013-01-27 10:00:00,0.1381923404
2013-01-27 11:00:00,0.1491418890
2013-01-27 12:00:00,0.2948831857
2013-01-27 13:00:00,0.4469194615
2013-01-27 14:00:00,0.6608588742
2013-01-27 15:00:00,0.8072393548
2013-01-27 16:00:00,0.9662892086
2013-01-27 17:00:00,0.9850494316
2013-01-27 18:00:00,0.9929839458
2013-01-27 19:00:00,0.9970436907
2013-01-27 20:00:00,0.9949585566
2013-01-27 21:00:00,0.9890646810
2013-01-27 22:00:00,0.9943458769
2013-01-27 23:00:00,0.9980375845
2013-01-28 00:00:00,0.9986327302
2013-01-28 01:00:00,0.9993384523
2013-01-28 02:00:00,0.9987285527
2013-01-28 03:00:00,0.9983370195
2013-01-28 04:00:00,1.0000000000
2013-01-28 05:00:00,1.0000000000
2013-01-28 06:00:00,1.0000000000
2013-01-28 07:00:00,0.9972505414
2013-01-28 08:00:00,0.9819568622
2013-01-28 09:00:00,0.9466196197
2013-01-28 10:00:00,0.9470152948
2013-01-28 11:00:00,0.9744017701
2013-01-28 12:00:00,0.9681892831
2013-01-28 13:00:00,0.9683730618
2013-01-28 14:00:00,0.9432139241
2013-01-28 15:00:00,0.8777340160
2013-01-28 16:00:00,0.8165971438
2013-01-28 17:00:00,0.7918824495
2013-01-28 18:00:00,0.7330899706
2013-01-28 19:00:00,0.6870836557
2013-01-28 20:00:00,0.6444583968
2013-01-28 21:00:00,0.6110006921
2013-01-28 22:00:00,0.5347567680
2013-01-28 23:00:00,0.5595139117
2013-01-29 00:00:00,0.5733292477
2013-01-29 01:00:00,0.6302989386
2013-01-29 02:00:00,0.6609584210
2013-01-29 03:00:00,0.8046309153
2013-01-29 04:00:00,0.8870648901
2013-01-29 05:00:00,0.8807447471
2013-01-29 06:00:00,0.9388481153
2013-01-29 07:00:00,0.9738829712
2013-01-29 08:00:00,0.9713821847
2013-01-29 09:00:00,0.9744303242
2013-01-29 10:00:00,0.9837229548
2013-01-29 11:00:00,0.9971353275
2013-01-29 12:00:00,0.9992865862
2013-01-29 13:00:00,0.9975245575
2013-01-29 14:00:00,0.9993781327
2013-01-29 15:00:00,0.9992960014
2013-01-29 16:00:00,0.9998034558
2013-01-29 17:00:00,1.0000000000
2013-01-29 18:00:00,1.0000000000
2013-01-29 19:00:00,1.0000000000
2013-01-29 20:00:00,1.0000000000
2013-01-29 21:00:00,1.0000000000
2013-01-29 22:00:00,0.9992155405
2013-01-29 23:00:00,0.9972049800
2013-01-30 00:00:00,0.9868227329
2013-01-30 01:00:00,0.9712546168
2013-01-30 02:00:00,0.9696159519
2013-01-30 03:00:00,0.9518217822
2013-01-30 04:00:00,0.9414091671
2013-01-30 05:00:00,0.9386731939
2013-01-30 06:00:00,0.7735405155
2013-01-30 07:00:00,0.5564726490
2013-01-30 08:00:00,0.2870203716
2013-01-30 09:00:00,0.1379142322
2013-01-30 10:00:00,0.0868498812
2013-01-30 11:00:00,0.0469984198
2013-01-30 12:00:00,0.0230127074
2013-01-30 13:00:00,0.0113899723
2013-01-30 14:00:00,0.0147630892
2013-01-30 15:00:00,0.0609394382
2013-01-30 16:00:00,0.2335000724
2013-01-30 17:00:00,0.5084968237
2013-01-30 18:00:00,0.6191021243
2013-01-30 19:00:00,0.6623108434
2013-01-30 20:00:00,0.7493967916
2013-01-30 21:00:00,0.8301997091
2013-01-30 22:00:00,0.9640469707
2013-01-30 23:00:00,0.9830933054
2013-01-31 00:00:00,0.9968903111
2013-01-31 01:00:00,0.9975463767
2013-01-31 02:00:00,0.9976252450
2013-01-31 03:00:00,0.9968705769
2013-01-31 04:00:00,0.9915288071
2013-01-31 05:00:00,0.9741995070
2013-01-31 06:00:00,0.9614970513
2013-01-31 07:00:00,0.9897162930
2013-01-31 08:00:00,0.9729100551
2013-01-31 09:00:00,0.9026032803
2013-01-31 10:00:00,0.9185398326
2013-01-31 11:00:00,0.7560291197
2013-01-31 12:00:00,0.5539347689
2013-01-31 13:00:00,0.2849935581
2013-01-31 14:00:00,0.1635203525
2013-01-31 15:00:00,0.1096605436
2013-01-31 16:00:00,0.0927489879
2013-01-31 17:00:00,0.0989097591
2013-01-31 18:00:00,0.0746093544
2013-01-31 19:00:00,0.0549192522
2013-01-31 20:00:00,0.0412737614
2013-01-31 21:00:00,0.0295630179
2013-01-31 22:00:00,0.0206501959
2013-01-31 23:00:00,0.0000000000
2013-02-01 00:00:00,0.0165454796
2013-02-01 01:00:00,0.0571853974
2013-02-01 02:00:00,0.0902162346
2013-02-01 03:00:00,0.1048213127
2013-02-01 04:00:00,0.1215734786
2013-02-01 05:00:00,0.0989523588
2013-02-01 06:00:00,0.0755187811
2013-02-01 07:00:00,0.0471901742
2013-02-01 08:00:00,0.0260811390
2013-02-01 09:00:00,0.0000000000
2013-02-01 10:00:00,0.0000000000
2013-02-01 11:00:00,0.0000000000
2013-02-01 12:00:00,0.0140632247
2013-02-01 13:00:00,0.0608683567
2013-02-01 14:00:00,0.1152176249
2013-02-01 15:00:00,0.1383689455
2013-02-01 16:00:00,0.1352957651
2013-02-01 17:00:00,0.1238054972
2013-02-01 18:00:00,0.1180389582
2013-02-01 19:00:00,0.1082640419
2013-02-01 20:00:00,0.1094301542
2013-02-01 21:00:00,0.1105603985
2013-02-01 22:00:00,0.1367654052
2013-02-01 23:00:00,0.1775937018
2013-02-02 00:00:00,0.2103441369
2013-02-02 01:00:00,0.2124666420
2013-02-02 02:00:00,0.2407465168
2013-02-02 03:00:00,0.2493322285
2013-02-02 04:00:00,0.2932991234
2013-02-02 05:00:00,0.2925522437
2013-02-02 06:00:00,0.2512532839
2013-02-02 07:00:00,0.2485810853
2013-02-02 08:00:00,0.2699641807
2013-02-02 09:00:00,0.2240766450
2013-02-02 10:00:00,0.2602454478
2013-02-02 11:00:00,0.2737651962
2013-02-02 12:00:00,0.3216762153
2013-02-02 13:00:00,0.4211302271
2013-02-02 14:00:00,0.4674232006
2013-02-02 15:00:00,0.4804688575
2013-02-02 16:00:00,0.4646258339
2013-02-02 17:00:00,0.3953793703
2013-02-02 18:00:00,0.3517279267
2013-02-02 19:00:00,0.3701022279
2013-02-02 20:00:00,0.3949239659
2013-02-02 21:00:00,0.4270977242
2013-02-02 22:00:00,0.4711701667
2013-02-02 23:00:00,0.4664843534
2013-02-03 00:00:00,0.4200708882
2013-02-03 01:00:00,0.4018736805
2013-02-03 02:00:00,0.3959854288
2013-02-03 03:00:00,0.3644775659
2013-02-03 04:00:00,0.2829102535
2013-02-03 05:00:00,0.2053059410
2013-02-03 06:00:00,0.1756468287
2013-02-03 07:00:00,0.1725410574
2013-02-03 08:00:00,0.1940660913
2013-02-03 09:00:00,0.2016145918
2013-02-03 10:00:00,0.1258893106
2013-02-03 11:00:00,0.0763391046
2013-02-03 12:00:00,0.0788456786
2013-02-03 13:00:00,0.1117535783
2013-02-03 14:00:00,0.1510116516
2013-02-03 15:00:00,0.1588137243
2013-02-03 16:00:00,0.1971585984
2013-02-03 17:00:00,0.2796100199
2013-02-03 18:00:00,0.3420826984
2013-02-03 19:00:00,0.3567490936
2013-02-03 20:00:00,0.2989010141
2013-02-03 21:00:00,0.2710556922
2013-02-03 22:00:00,0.2872724502
2013-02-03 23:00:00,0.2785020467
2013-02-04 00:00:00,0.2355490915
2013-02-04 01:00:00,0.2175402485
2013-02-04 02:00:00,0.2218234523
2013-02-04 03:00:00,0.3083027204
2013-02-04 04:00:00,0.3890845651
2013-02-04 05:00:00,0.4014904172
2013-02-04 06:00:00,0.3633673253
2013-02-04 07:00:00,0.3551746599
2013-02-04 08:00:00,0.3532605405
2013-02-04 09:00:00,0.3269777438
2013-02-04 10:00:00,0.3159363472
2013-02-04 11:00:00,0.3111031866
2013-02-04 12:00:00,0.3276764505
2013-02-04 13:00:00,0.3596253629
2013-02-04 14:00:00,0.5156834219
2013-02-04 15:00:00,0.5871322186
2013-02-04 16:00:00,0.6253509506
2013-02-04 17:00:00,0.6239015526
2013-02-04 18:00:00,0.6178591688
2013-02-04 19:00:00,0.6159571027
2013-02-04 20:00:00,0.6595753688
2013-02-04 21:00:00,0.6805779700
2013-02-04 22:00:00,0.7144564647
2013-02-04 23:00:00,0.6967408704
2013-02-05 00:00:00,0.7388198983
2013-02-05 01:00:00,0.8385745965
2013-02-05 02:00:00,0.8843786576
2013-02-05 03:00:00,0.8901116240
2013-02-05 04:00:00,0.9088908551
2013-02-05 05:00:00,0.9535447040
2013-02-05 06:00:00,0.8897746903
2013-02-05 07:00:00,0.9136782752
2013-02-05 08:00:00,0.9522367615
2013-02-05 09:00:00,0.9733227998
2013-02-05 10:00:00,0.9796704280
2013-02-05 11:00:00,0.9957397000
2013-02-05 12:00:00,0.9977193533
2013-02-05 13:00:00,0.9996374760
2013-02-05 14:00:00,1.0000000000
2013-02-05 15:00:00,1.0000000000
2013-02-05 16:00:00,1.0000000000
2013-02-05 17:00:00,1.0000000000
2013-02-05 18:00:00,0.9989134626
2013-02-05 19:00:00,0.9976621173
2013-02-05 20:00:00,0.9969003684
2013-02-05 21:00:00,0.9824414970
2013-02-05 22:00:00,0.9704553536
2013-02-05 23:00:00,0.8474234787
2013-02-06 00:00:00,0.5313110429
2013-02-06 01:00:00,0.3149241747
2013-02-06 02:00:00,0.1815951603
2013-02-06 03:00:00,0.1532838508
2013-02-06 04:00:00,0.1442722246
2013-02-06 05:00:00,0.0907928803
2013-02-06 06:00:00,0.0274314183
2013-02-06 07:00:00,0.0157078181
2013-02-06 08:00:00,0.0000000000
2013-02-06 09:00:00,0.0000000000
2013-02-06 10:00:00,0.0000000000
2013-02-06 11:00:00,0.0453568089
2013-02-06 12:00:00,0.0922876246
2013-02-06 13:00:00,0.1602222522
2013-02-06 14:00:00,0.2913806142
2013-02-06 15:00:00,0.3836435882
2013-02-06 16:00:00,0.4373136361
2013-02-06 17:00:00,0.4720681555
2013-02-06 18:00:00,0.4157150306
2013-02-06 19:00:00,0.3924055458
2013-02-06 20:00:00,0.4792078024
2013-02-06 21:00:00,0.4680002359
2013-02-06 22:00:00,0.4624413431
2013-02-06 23:00:00,0.5566950405
2013-02-07 00:00:00,0.7469852859
2013-02-07 01:00:00,0.8181728101
2013-02-07 02:00:00,0.7548137459
2013-02-07 03:00:00,0.7453226389
2013-02-07 04:00:00,0.6933986907
2013-02-07 05:00:00,0.6510029587
2013-02-07 06:00:00,0.5154760834
2013-02-07 07:00:00,0.3826979173
2013-02-07 08:00:00,0.3052445237
2013-02-07 09:00:00,0.3058839062
2013-02-07 10:00:00,0.4877730133
2013-02-07 11:00:00,0.6332532876
2013-02-07 12:00:00,0.5885369949
2013-02-07 13:00:00,0.4681251407
2013-02-07 14:00:00,0.5535510942
2013-02-07 15:00:00,0.7210938977
2013-02-07 16:00:00,0.7581924457
2013-02-07 17:00:00,0.5716710776
2013-02-07 18:00:00,0.4222516733
2013-02-07 19:00:00,0.3219778164
2013-02-07 20:00:00,0.2067672505
2013-02-07 21:00:00,0.1629639957
2013-02-07 22:00:00,0.1595327317
2013-02-07 23:00:00,0.0608741536
2013-02-08 00:00:00,0.0000000000
2013-02-08 01:00:00,0.0000000000
2013-02-08 02:00:00,0.0000000000
2013-02-08 03:00:00,0.0000000000
2013-02-08 04:00:00,0.0000000000
2013-02-08 05:00:00,0.0000000000
2013-02-08 06:00:00,0.0000000000
2013-02-08 07:00:00,0.0000000000
2013-02-08 08:00:00,0.0000000000
2013-02-08 09:00:00,0.0000000000
2013-02-08 10:00:00,0.0000000000
2013-02-08 11:00:00,0.0000000000
2013-02-08 12:00:00,0.0000000000
2013-02-08 13:00:00,0.0000000000
2013-02-08 14:00:00,0.0000000000
2013-02-08 15:00:00,0.0405028123
2013-02-08 16:00:00,0.1093531239
2013-02-08 17:00:00,0.2565087399
2013-02-08 18:00:00,0.4482504464
2013-02-08 19:00:00,0.5579856642
2013-02-08 20:00:00,0.5643403998
2013-02-08 21:00:00,0.5511587274
2013-02-08 22:00:00,0.5809652883
2013-02-08 23:00:00,0.6139459018
2013-02-09 00:00:00,0.6440794515
2013-02-09 01:00:00,0.7394046129
2013-02-09 02:00:00,0.8213844206
2013-02-09 03:00:00,0.8501776901
2013-02-09 04:00:00,0.8481474421
2013-02-09 05:00:00,0.7444402657
2013-02-09 06:00:00,0.7890543003
2013-02-09 07:00:00,0.8168466979
2013-02-09 08:00:00,0.8395380600
2013-02-09 09:00:00,0.8266949560
2013-02-09 10:00:00,0.8756319993
2013-02-09 11:00:00,0.9154460820
2013-02-09 12:00:00,0.9689639472
2013-02-09 13:00:00,0.9805262104
2013-02-09 14:00:00,0.9980186824
2013-02-09 15:00:00,1.0000000000
2013-02-09 16:00:00,1.0000000000
2013-02-09 17:00:00,1.0000000000
2013-02-09 18:00:00,1.0000000000
2013-02-09 19:00:00,1.0000000000
2013-02-09 20:00:00,1.0000000000
2013-02-09 21:00:00,1.0000000000
2013-02-09 22:00:00,1.0000000000
2013-02-09 23:00:00,1.0000000000
2013-02-10 00:00:00,1.0000000000
2013-02-10 01:00:00,1.0000000000
2013-02-10 02:00:00,1.0000000000
2013-02-10 03:00:00,1.0000000000
2013-02-10 04:00:00,1.0000000000
2013-02-10 05:00:00,1.0000000000
2013-02-10 06:00:00,1.0000000000
2013-02-10 07:00:00,1.0000000000
2013-02-10 08:00:00,0.9989548353
2013-02-10 09:00:00,0.9982316541
2013-02-10 10:00:00,0.9973963133
2013-02-10 11:00:00,0.9977142172
2013-02-10 12:00:00,0.9973585060
2013-02-10 13:00:00,0.9984648306
2013-02-10 14:00:00,0.9999157681
2013-02-10 15:00:00,1.0000000000
2013-02-10 16:00:00,1.0000000000
2013-02-10 17:00:00,1.0000000000
2013-02-10 18:00:00,1.0000000000
2013-02-10 19:00:00,1.0000000000
2013-02-10 20:00:00,1.0000000000
2013-02-10 21:00:00,1.0000000000
2013-02-10 22:00:00,1.0000000000
2013-02-10 23:00:00,1.0000000000
2013-02-11 00:00:00,1.0000000000
2013-02-11 01:00:00,1.0000000000
2013-02-11 02:00:00,1.0000000000
2013-02-11 03:00:00,1.0000000000
2013-02-11 04:00:00,1.0000000000
2013-02-11 05:00:00,1.0000000000
2013-02-11 06:00:00,1.0000000000
2013-02-11 07:00:00,1.0000000000
2013-02-11 08:00:00,1.0000000000
2013-02-11 09:00:00,0.9999550838
2013-02-11 10:00:00,1.0000000000
2013-02-11 11:00:00,1.0000000000
2013-02-11 12:00:00,1.0000000000
2013-02-11 13:00:00,1.0000000000
2013-02-11 14:00:00,1.0000000000
2013-02-11 15:00:00,1.0000000000
2013-02-11 16:00:00,1.0000000000
2013-02-11 17:00:00,1.0000000000
2013-02-11 18:00:00,1.0000000000
2013-02-11 19:00:00,1.0000000000
2013-02-11 20:00:00,1.0000000000
2013-02-11 21:00:00,1.0000000000
2013-02-11 22:00:00,1.0000000000
2013-02-11 23:00:00,1.0000000000
2013-02-12 00:00:00,1.0000000000
2013-02-12 01:00:00,1.0000000000
2013-02-12 02:00:00,1.0000000000
2013-02-12 03:00:00,1.0000000000
2013-02-12 04:00:00,1.0000000000
2013-02-12 05:00:00,1.0000000000
2013-02-12 06:00:00,1.0000000000
2013-02-12 07:00:00,1.0000000000
2013-02-12 08:00:00,1.0000000000
2013-02-12 09:00:00,1.0000000000
2013-02-12 10:00:00,1.0000000000
2013-02-12 11:00:00,1.0000000000
2013-02-12 12:00:00,1.0000000000
2013-02-12 13:00:00,1.0000000000
2013-02-12 14:00:00,1.0000000000
2013-02-12 15:00:00,1.0000000000
2013-02-12 16:00:00,1.0000000000
2013-02-12 17:00:00,1.0000000000
2013-02-12 18:00:00,1.0000000000
2013-02-12 19:00:00,1.0000000000
2013-02-12 20:00:00,1.0000000000
2013-02-12 21:00:00,1.0000000000
2013-02-12 22:00:00,1.0000000000
2013-02-12 23:00:00,0.9995504392
2013-02-13 00:00:00,0.9986169198
2013-02-13 01:00:00,0.9976652526
2013-02-13 02:00:00,0.9951033748
2013-02-13 03:00:00,0.9854855693
2013-02-13 04:00:00,0.9796067562
2013-02-13 05:00:00,0.9770842315
2013-02-13 06:00:00,0.8980258368
2013-02-13 07:00:00,0.8788656160
2013-02-13 08:00:00,0.8293526780
2013-02-13 09:00:00,0.7639103964
2013-02-13 10:00:00,0.6756929136
2013-02-13 11:00:00,0.6923875154
2013-02-13 12:00:00,0.7186554927
2013-02-13 13:00:00,0.7038275401
2013-02-13 14:00:00,0.7477410167
2013-02-13 15:00:00,0.8033269901
2013-02-13 16:00:00,0.8491375181
2013-02-13 17:00:00,0.8843771180
2013-02-13 18:00:00,0.9077027639
2013-02-13 19:00:00,0.9034466214
2013-02-13 20:00:00,0.8515325309
2013-02-13 21:00:00,0.7583548228
2013-02-13 22:00:00,0.7237282547
2013-02-13 23:00:00,0.6705027375
2013-02-14 00:00:00,0.6000606764
2013-02-14 01:00:00,0.5069171447
2013-02-14 02:00:00,0.4434240971
2013-02-14 03:00:00,0.4283798582
2013-02-14 04:00:00,0.4398833241
2013-02-14 05:00:00,0.3493597211
2013-02-14 06:00:00,0.2630462023
2013-02-14 07:00:00,0.2451393277
2013-02-14 08:00:00,0.1965337610
2013-02-14 09:00:00,0.1530963416
2013-02-14 10:00:00,0.1302388719
2013-02-14 11:00:00,0.1424341926
2013-02-14 12:00:00,0.1683443668
2013-02-14 13:00:00,0.2224067800
2013-02-14 14:00:00,0.3304974970
2013-02-14 15:00:00,0.4706323770
2013-02-14 16:00:00,0.6114056921
2013-02-14 17:00:00,0.7061593299
2013-02-14 18:00:00,0.7516783172
2013-02-14 19:00:00,0.7966389002
2013-02-14 20:00:00,0.8410279237
2013-02-14 21:00:00,0.8046538877
2013-02-14 22:00:00,0.8522264132
2013-02-14 23:00:00,0.8755864037
2013-02-15 00:00:00,0.8729515699
2013-02-15 01:00:00,0.8662333831
2013-02-15 02:00:00,0.8563172272
2013-02-15 03:00:00,0.8781274409
2013-02-15 04:00:00,0.8987393784
2013-02-15 05:00:00,0.8743856405
2013-02-15 06:00:00,0.8550758424
2013-02-15 07:00:00,0.9022479899
2013-02-15 08:00:00,0.9415695215
2013-02-15 09:00:00,0.9768085916
2013-02-15 10:00:00,0.9970683085
2013-02-15 11:00:00,0.9989671520
2013-02-15 12:00:00,0.9995664771
2013-02-15 13:00:00,1.0000000000
2013-02-15 14:00:00,1.0000000000
2013-02-15 15:00:00,1.0000000000
2013-02-15 16:00:00,1.0000000000
2013-02-15 17:00:00,1.0000000000
2013-02-15 18:00:00,1.0000000000
2013-02-15 19:00:00,1.0000000000
2013-02-15 20:00:00,1.0000000000
2013-02-15 21:00:00,1.0000000000
2013-02-15 22:00:00,1.0000000000
2013-02-15 23:00:00,1.0000000000
2013-02-16 00:00:00,1.0000000000
2013-02-16 01:00:00,1.0000000000
2013-02-16 02:00:00,1.0000000000
2013-02-16 03:00:00,1.0000000000
2013-02-16 04:00:00,1.0000000000
2013-02-16 05:00:00,1.0000000000
2013-02-16 06:00:00,1.0000000000
2013-02-16 07:00:00,1.0000000000
2013-02-16 08:00:00,0.9996523171
2013-02-16 09:00:00,0.9984522053
2013-02-16 10:00:00,0.9988763099
2013-02-16 11:00:00,0.9851229206
2013-02-16 12:00:00,0.9876858923
2013-02-16 13:00:00,1.0000000000
2013-02-16 14:00:00,1.0000000000
2013-02-16 15:00:00,0.9992617782
2013-02-16 16:00:00,0.9969345573
2013-02-16 17:00:00,0.9972258798
2013-02-16 18:00:00,0.9983285424
2013-02-16 19:00:00,0.9989899124
2013-02-16 20:00:00,0.9988242006
2013-02-16 21:00:00,0.9939787964
2013-02-16 22:00:00,0.9094403709
2013-02-16 23:00:00,0.7487095852
2013-02-17 00:00:00,0.4529125550
2013-02-17 01:00:00,0.2264249372
2013-02-17 02:00:00,0.0818636604
2013-02-17 03:00:00,0.0404420877
2013-02-17 04:00:00,0.0499119244
2013-02-17 05:00:00,0.0829766311
2013-02-17 06:00:00,0.1576134621
2013-02-17 07:00:00,0.2932207818
2013-02-17 08:00:00,0.4231280595
2013-02-17 09:00:00,0.5874253956
2013-02-17 10:00:00,0.8776269551
2013-02-17 11:00:00,0.8818667543
2013-02-17 12:00:00,0.8010774687
2013-02-17 13:00:00,0.7127643660
2013-02-17 14:00:00,0.5898407004
2013-02-17 15:00:00,0.5304001515
2013-02-17 16:00:00,0.4749522568
2013-02-17 17:00:00,0.4141326870
2013-02-17 18:00:00,0.4120361275
2013-02-17 19:00:00,0.4155137679
2013-02-17 20:00:00,0.4074918242
2013-02-17 21:00:00,0.4115703963
2013-02-17 22:00:00,0.4218534691
2013-02-17 23:00:00,0.4482397534
2013-02-18 00:00:00,0.4402898776
2013-02-18 01:00:00,0.3917307152
2013-02-18 02:00:00,0.3039440065
2013-02-18 03:00:00,0.2261471593
2013-02-18 04:00:00,0.1422825514
2013-02-18 05:00:00,0.1003490359
2013-02-18 06:00:00,0.1453089247
2013-02-18 07:00:00,0.1058308751
2013-02-18 08:00:00,0.1042165709
2013-02-18 09:00:00,0.1125365379
2013-02-18 10:00:00,0.1186585660
2013-02-18 11:00:00,0.1158068344
2013-02-18 12:00:00,0.1104741470
2013-02-18 13:00:00,0.1203522495
2013-02-18 14:00:00,0.1004909300
2013-02-18 15:00:00,0.0708491662
2013-02-18 16:00:00,0.0411760484
2013-02-18 17:00:00,0.0354894629
2013-02-18 18:00:00,0.0389754768
2013-02-18 19:00:00,0.0518893494
2013-02-18 20:00:00,0.0431958920
2013-02-18 21:00:00,0.0306099338
2013-02-18 22:00:00,0.0141046417
2013-02-18 23:00:00,0.0000000000
2013-02-19 00:00:00,0.0000000000
2013-02-19 01:00:00,0.0158125470
2013-02-19 02:00:00,0.0495825094
2013-02-19 03:00:00,0.0866582581
2013-02-19 04:00:00,0.1394227907
2013-02-19 05:00:00,0.1384970604
2013-02-19 06:00:00,0.0760865211
2013-02-19 07:00:00,0.0487775226
2013-02-19 08:00:00,0.0346162931
2013-02-19 09:00:00,0.0351363561
2013-02-19 10:00:00,0.0000000000
2013-02-19 11:00:00,0.0114736199
2013-02-19 12:00:00,0.0165117901
2013-02-19 13:00:00,0.0314913961
2013-02-19 14:00:00,0.0844945160
2013-02-19 15:00:00,0.2214445943
2013-02-19 16:00:00,0.4049217701
2013-02-19 17:00:00,0.5193751934
2013-02-19 18:00:00,0.5274083490
2013-02-19 19:00:00,0.5204498768
2013-02-19 20:00:00,0.5257670240
2013-02-19 21:00:00,0.5655385544
2013-02-19 22:00:00,0.5379394223
2013-02-19 23:00:00,0.5044891164
2013-02-20 00:00:00,0.4527453581
2013-02-20 01:00:00,0.4727240403
2013-02-20 02:00:00,0.4835742751
2013-02-20 03:00:00,0.4457663025
2013-02-20 04:00:00,0.4796712227
2013-02-20 05:00:00,0.3611372499
2013-02-20 06:00:00,0.3255347021
2013-02-20 07:00:00,0.3312358996
2013-02-20 08:00:00,0.3432217221
2013-02-20 09:00:00,0.3390863160
2013-02-20 10:00:00,0.2981941045
2013-02-20 11:00:00,0.2635498265
2013-02-20 12:00:00,0.2594210556
2013-02-20 13:00:00,0.2715438612
2013-02-20 14:00:00,0.3228834984
2013-02-20 15:00:00,0.3254862907
2013-02-20 16:00:00,0.3415377218
2013-02-20 17:00:00,0.3215153809
2013-02-20 18:00:00,0.3142194623
2013-02-20 19:00:00,0.3263212964
2013-02-20 20:00:00,0.3442497877
2013-02-20 21:00:00,0.3628098248
2013-02-20 22:00:00,0.3837267153
2013-02-20 23:00:00,0.4480163724
2013-02-21 00:00:00,0.4189093799
2013-02-21 01:00:00,0.3951610428
2013-02-21 02:00:00,0.4738164649
2013-02-21 03:00:00,0.5757794972
2013-02-21 04:00:00,0.5985507077
2013-02-21 05:00:00,0.4780910062
2013-02-21 06:00:00,0.5214200846
2013-02-21 07:00:00,0.5237101262
2013-02-21 08:00:00,0.4370526831
2013-02-21 09:00:00,0.4056728432
2013-02-21 10:00:00,0.3912274853
2013-02-21 11:00:00,0.3804608108
2013-02-21 12:00:00,0.3683462330
2013-02-21 13:00:00,0.3038871725
2013-02-21 14:00:00,0.3179967996
2013-02-21 15:00:00,0.4816218529
2013-02-21 16:00:00,0.4354743677
2013-02-21 17:00:00,0.3572163629
2013-02-21 18:00:00,0.2775680473
2013-02-21 19:00:00,0.2378184499
2013-02-21 20:00:00,0.2458103529
2013-02-21 21:00:00,0.2746173603
2013-02-21 22:00:00,0.3080298293
2013-02-21 23:00:00,0.3229428226
2013-02-22 00:00:00,0.3315088640
2013-02-22 01:00:00,0.3429171914
2013-02-22 02:00:00,0.3220575744
2013-02-22 03:00:00,0.2941683414
2013-02-22 04:00:00,0.3088271166
2013-02-22 05:00:00,0.2350004047
2013-02-22 06:00:00,0.1781780361
2013-02-22 07:00:00,0.1362090835
2013-02-22 08:00:00,0.1034951093
2013-02-22 09:00:00,0.0539514598
2013-02-22 10:00:00,0.0416909935
2013-02-22 11:00:00,0.0100098673
2013-02-22 12:00:00,0.0000000000
2013-02-22 13:00:00,0.0000000000
2013-02-22 14:00:00,0.0000000000
2013-02-22 15:00:00,0.0000000000
2013-02-22 16:00:00,0.0000000000
2013-02-22 17:00:00,0.0169005974
2013-02-22 18:00:00,0.0000000000
2013-02-22 19:00:00,0.0000000000
2013-02-22 20:00:00,0.0000000000
2013-02-22 21:00:00,0.0000000000
2013-02-22 22:00:00,0.0000000000
2013-02-22 23:00:00,0.0272911697
2013-02-23 00:00:00,0.0346628054
2013-02-23 01:00:00,0.0474547530
2013-02-23 02:00:00,0.0775203518
2013-02-23 03:00:00,0.0970439584
2013-02-23 04:00:00,0.1183492880
2013-02-23 05:00:00,0.0882312597
2013-02-23 06:00:00,0.0609071816
2013-02-23 07:00:00,0.0638510433
2013-02-23 08:00:00,0.0728552248
2013-02-23 09:00:00,0.0728814041
2013-02-23 10:00:00,0.0618760726
2013-02-23 11:00:00,0.0550853739
2013-02-23 12:00:00,0.0546005660
2013-02-23 13:00:00,0.0737000680
2013-02-23 14:00:00,0.1103526938
2013-02-23 15:00:00,0.1481590084
2013-02-23 16:00:00,0.1714952086
2013-02-23 17:00:00,0.1668412428
2013-02-23 18:00:00,0.1683484690
2013-02-23 19:00:00,0.2112665301
2013-02-23 20:00:00,0.3135513698
2013-02-23 21:00:00,0.4229385152
2013-02-23 22:00:00,0.5315300296
2013-02-23 23:00:00,0.5251294180
2013-02-24 00:00:00,0.5374466126
2013-02-24 01:00:00,0.5346438698
2013-02-24 02:00:00,0.5002496991
2013-02-24 03:00:00,0.4925564925
2013-02-24 04:00:00,0.4890797652
2013-02-24 05:00:00,0.3716684588
2013-02-24 06:00:00,0.3894131916
2013-02-24 07:00:00,0.3888571558
2013-02-24 08:00:00,0.2998169497
2013-02-24 09:00:00,0.2302355455
2013-02-24 10:00:00,0.1529784296
2013-02-24 11:00:00,0.1322468823
2013-02-24 12:00:00,0.1172942508
2013-02-24 13:00:00,0.1366592389
2013-02-24 14:00:00,0.2309868663
2013-02-24 15:00:00,0.3039655389
2013-02-24 16:00:00,0.3515061569
2013-02-24 17:00:00,0.4076008781
2013-02-24 18:00:00,0.5064944037
2013-02-24 19:00:00,0.5470298786
2013-02-24 20:00:00,0.5075074411
2013-02-24 21:00:00,0.4200004316
2013-02-24 22:00:00,0.2994848809
2013-02-24 23:00:00,0.2415002655
2013-02-25 00:00:00,0.2115027390
2013-02-25 01:00:00,0.2418510555
2013-02-25 02:00:00,0.3014622062
2013-02-25 03:00:00,0.3455519162
2013-02-25 04:00:00,0.3194886921
2013-02-25 05:00:00,0.1570803511
2013-02-25 06:00:00,0.1200510006
2013-02-25 07:00:00,0.0941538109
2013-02-25 08:00:00,0.0589281437
2013-02-25 09:00:00,0.0336437720
2013-02-25 10:00:00,0.0160790464
2013-02-25 11:00:00,0.0144448467
2013-02-25 12:00:00,0.0132499774
2013-02-25 13:00:00,0.0160434476
2013-02-25 14:00:00,0.0267891151
2013-02-25 15:00:00,0.0381112999
2013-02-25 16:00:00,0.0459652079
2013-02-25 17:00:00,0.0579876292
2013-02-25 18:00:00,0.0627542243
2013-02-25 19:00:00,0.0659646240
2013-02-25 20:00:00,0.0740786160
2013-02-25 21:00:00,0.0776267987
2013-02-25 22:00:00,0.0859531234
2013-02-25 23:00:00,0.0801031963
2013-02-26 00:00:00,0.0720467754
2013-02-26 01:00:00,0.0733489149
2013-02-26 02:00:00,0.0723649240
2013-02-26 03:00:00,0.0558030839
2013-02-26 04:00:00,0.0435519024
2013-02-26 05:00:00,0.0155498436
2013-02-26 06:00:00,0.0000000000
2013-02-26 07:00:00,0.0000000000
2013-02-26 08:00:00,0.0000000000
2013-02-26 09:00:00,0.0000000000
2013-02-26 10:00:00,0.0000000000
2013-02-26 11:00:00,0.0000000000
2013-02-26 12:00:00,0.0000000000
2013-02-26 13:00:00,0.0110647593
2013-02-26 14:00:00,0.0500589492
2013-02-26 15:00:00,0.1104408736
2013-02-26 16:00:00,0.1733533105
2013-02-26 17:00:00,0.2445609149
2013-02-26 18:00:00,0.2876639210
2013-02-26 19:00:00,0.2962949260
2013-02-26 20:00:00,0.2729408632
2013-02-26 21:00:00,0.2348027447
2013-02-26 22:00:00,0.2475348734
2013-02-26 23:00:00,0.2255350531
2013-02-27 00:00:00,0.2060386090
2013-02-27 01:00:00,0.1964744275
2013-02-27 02:00:00,0.2274280997
2013-02-27 03:00:00,0.2377399900
2013-02-27 04:00:00,0.2461054216
2013-02-27 05:00:00,0.1653484971
2013-02-27 06:00:00,0.1244504896
2013-02-27 07:00:00,0.1310415361
2013-02-27 08:00:00,0.1180932335
2013-02-27 09:00:00,0.0853852665
2013-02-27 10:00:00,0.0768248006
2013-02-27 11:00:00,0.0464763119
2013-02-27 12:00:00,0.0290432600
2013-02-27 13:00:00,0.0195606768
2013-02-27 14:00:00,0.0188643032
2013-02-27 15:00:00,0.0469209295
2013-02-27 16:00:00,0.0829429486
2013-02-27 17:00:00,0.1547805936
2013-02-27 18:00:00,0.2902008724
2013-02-27 19:00:00,0.4241518039
2013-02-27 20:00:00,0.4755438075
2013-02-27 21:00:00,0.4778917319
2013-02-27 22:00:00,0.3732811968
2013-02-27 23:00:00,0.3333246957
2013-02-28 00:00:00,0.2821598209
2013-02-28 01:00:00,0.2609600553
2013-02-28 02:00:00,0.2843372183
2013-02-28 03:00:00,0.3166654484
2013-02-28 04:00:00,0.3117257972
2013-02-28 05:00:00,0.2374269199
2013-02-28 06:00:00,0.1517893520
2013-02-28 07:00:00,0.2443919151
2013-02-28 08:00:00,0.3644302530
2013-02-28 09:00:00,0.4037069433
2013-02-28 10:00:00,0.3456277925
2013-02-28 11:00:00,0.2000139492
2013-02-28 12:00:00,0.1242358077
2013-02-28 13:00:00,0.0786257959
2013-02-28 14:00:00,0.0615710371
2013-02-28 15:00:00,0.0666212101
2013-02-28 16:00:00,0.0681481408
2013-02-28 17:00:00,0.0653691385
2013-02-28 18:00:00,0.0488898435
2013-02-28 19:00:00,0.0807361276
2013-02-28 20:00:00,0.1095193858
2013-02-28 21:00:00,0.1306206572
2013-02-28 22:00:00,0.1303474926
2013-02-28 23:00:00,0.1445699322
2013-03-01 00:00:00,0.1612328314
2013-03-01 01:00:00,0.1770842153
2013-03-01 02:00:00,0.1442620217
2013-03-01 03:00:00,0.0991750698
2013-03-01 04:00:00,0.0977007548
2013-03-01 05:00:00,0.1016240494
2013-03-01 06:00:00,0.0737210115
2013-03-01 07:00:00,0.0436316748
2013-03-01 08:00:00,0.0287944865
2013-03-01 09:00:00,0.0000000000
2013-03-01 10:00:00,0.0000000000
2013-03-01 11:00:00,0.0000000000
2013-03-01 12:00:00,0.0000000000
2013-03-01 13:00:00,0.0000000000
2013-03-01 14:00:00,0.0000000000
2013-03-01 15:00:00,0.0741677191
2013-03-01 16:00:00,0.2050793249
2013-03-01 17:00:00,0.3604262389
2013-03-01 18:00:00,0.3254826287
2013-03-01 19:00:00,0.2233343841
2013-03-01 20:00:00,0.1761158713
2013-03-01 21:00:00,0.1594893956
2013-03-01 22:00:00,0.0756098242
2013-03-01 23:00:00,0.0704090735
2013-03-02 00:00:00,0.1274347539
2013-03-02 01:00:00,0.1623193890
2013-03-02 02:00:00,0.2502577009
2013-03-02 03:00:00,0.3439592458
2013-03-02 04:00:00,0.4260233711
2013-03-02 05:00:00,0.3907244751
2013-03-02 06:00:00,0.4913565458
2013-03-02 07:00:00,0.5790358042
2013-03-02 08:00:00,0.5883318069
2013-03-02 09:00:00,0.5813559520
2013-03-02 10:00:00,0.8520047119
2013-03-02 11:00:00,0.7837961889
2013-03-02 12:00:00,0.6532049647
2013-03-02 13:00:00,0.5755608690
2013-03-02 14:00:00,0.4431195664
2013-03-02 15:00:00,0.3910273212
2013-03-02 16:00:00,0.4041065391
2013-03-02 17:00:00,0.4338296239
2013-03-02 18:00:00,0.4394967649
2013-03-02 19:00:00,0.4069502167
2013-03-02 20:00:00,0.3047691981
2013-03-02 21:00:00,0.1979896228
2013-03-02 22:00:00,0.1663629331
2013-03-02 23:00:00,0.1165030166
2013-03-03 00:00:00,0.0711107955
2013-03-03 01:00:00,0.0326437187
2013-03-03 02:00:00,0.0000000000
2013-03-03 03:00:00,0.0000000000
2013-03-03 04:00:00,0.0413133144
2013-03-03 05:00:00,0.1267619226
2013-03-03 06:00:00,0.2663370207
2013-03-03 07:00:00,0.5121282035
2013-03-03 08:00:00,0.8851644416
2013-03-03 09:00:00,0.9479971992
2013-03-03 10:00:00,0.9283634946
2013-03-03 11:00:00,0.9718034844
2013-03-03 12:00:00,0.9930773218
2013-03-03 13:00:00,0.9764043739
2013-03-03 14:00:00,0.9307352951
2013-03-03 15:00:00,0.8905845156
2013-03-03 16:00:00,0.9586617152
2013-03-03 17:00:00,0.9905908123
2013-03-03 18:00:00,0.9692976490
2013-03-03 19:00:00,0.6524068234
2013-03-03 20:00:00,0.4022487410
2013-03-03 21:00:00,0.4277129376
2013-03-03 22:00:00,0.1984819369
2013-03-03 23:00:00,0.2118935585
2013-03-04 00:00:00,0.3107248303
2013-03-04 01:00:00,0.2134399009
2013-03-04 02:00:00,0.0948010706
2013-03-04 03:00:00,0.0326360589
2013-03-04 04:00:00,0.0000000000
2013-03-04 05:00:00,0.0000000000
2013-03-04 06:00:00,0.0000000000
2013-03-04 07:00:00,0.0279997786
2013-03-04 08:00:00,0.0802198578
2013-03-04 09:00:00,0.1498722913
2013-03-04 10:00:00,0.2399469949
2013-03-04 11:00:00,0.3277751776
2013-03-04 12:00:00,0.4296500543
2013-03-04 13:00:00,0.6022161362
2013-03-04 14:00:00,0.8561311734
2013-03-04 15:00:00,0.9155986200
2013-03-04 16:00:00,0.9675558190
2013-03-04 17:00:00,0.9973168778
2013-03-04 18:00:00,0.9551430372
2013-03-04 19:00:00,0.8577201507
2013-03-04 20:00:00,0.8274605040
2013-03-04 21:00:00,0.6239515504
2013-03-04 22:00:00,0.3960315698
2013-03-04 23:00:00,0.1325171017
2013-03-05 00:00:00,0.0950115335
2013-03-05 01:00:00,0.0612926951
2013-03-05 02:00:00,0.0506866446
2013-03-05 03:00:00,0.0677617391
2013-03-05 04:00:00,0.2010077558
2013-03-05 05:00:00,0.3198904119
2013-03-05 06:00:00,0.4327250228
2013-03-05 07:00:00,0.6513063113
2013-03-05 08:00:00,0.7424862432
2013-03-05 09:00:00,0.9091914308
2013-03-05 10:00:00,0.9969765657
2013-03-05 11:00:00,0.9683667507
2013-03-05 12:00:00,0.8623864168
2013-03-05 13:00:00,0.7770509626
2013-03-05 14:00:00,0.7023816576
2013-03-05 15:00:00,0.6075614184
2013-03-05 16:00:00,0.5314613947
2013-03-05 17:00:00,0.5848471947
2013-03-05 18:00:00,0.6516577683
2013-03-05 19:00:00,0.7223495222
2013-03-05 20:00:00,0.6268211362
2013-03-05 21:00:00,0.6444601639
2013-03-05 22:00:00,0.6679944338
2013-03-05 23:00:00,0.5792762953
2013-03-06 00:00:00,0.4315424947
2013-03-06 01:00:00,0.3150726315
2013-03-06 02:00:00,0.3841985986
2013-03-06 03:00:00,0.4263230679
2013-03-06 04:00:00,0.4827011956
2013-03-06 05:00:00,0.5951191397
2013-03-06 06:00:00,0.6233824001
2013-03-06 07:00:00,0.6911364069
2013-03-06 08:00:00,0.8433209401
2013-03-06 09:00:00,0.9729310640
2013-03-06 10:00:00,0.9971287141
2013-03-06 11:00:00,0.9972639645
2013-03-06 12:00:00,0.9990317214
2013-03-06 13:00:00,0.9985354305
2013-03-06 14:00:00,0.9880512898
2013-03-06 15:00:00,0.9360426236
2013-03-06 16:00:00,0.8450956158
2013-03-06 17:00:00,0.8980855256
2013-03-06 18:00:00,0.9354682374
2013-03-06 19:00:00,0.8757681940
2013-03-06 20:00:00,0.6488158750
2013-03-06 21:00:00,0.4695548263
2013-03-06 22:00:00,0.3799029441
2013-03-06 23:00:00,0.4035499174
2013-03-07 00:00:00,0.3415778571
2013-03-07 01:00:00,0.2382753534
2013-03-07 02:00:00,0.1604163179
2013-03-07 03:00:00,0.1040567253
2013-03-07 04:00:00,0.0358051747
2013-03-07 05:00:00,0.0000000000
2013-03-07 06:00:00,0.0000000000
2013-03-07 07:00:00,0.0000000000
2013-03-07 08:00:00,0.0000000000
2013-03-07 09:00:00,0.0000000000
2013-03-07 10:00:00,0.0000000000
2013-03-07 11:00:00,0.0000000000
2013-03-07 12:00:00,0.0000000000
2013-03-07 13:00:00,0.0000000000
2013-03-07 14:00:00,0.0000000000
2013-03-07 15:00:00,0.0000000000
2013-03-07 16:00:00,0.0000000000
2013-03-07 17:00:00,0.0000000000
2013-03-07 18:00:00,0.1082385872
2013-03-07 19:00:00,0.3103436909
2013-03-07 20:00:00,0.4806184925
2013-03-07 21:00:00,0.5248466348
2013-03-07 22:00:00,0.5330591732
2013-03-07 23:00:00,0.4895580594
2013-03-08 00:00:00,0.4394266746
2013-03-08 01:00:00,0.4451888075
2013-03-08 02:00:00,0.4916000834
2013-03-08 03:00:00,0.5593151750
2013-03-08 04:00:00,0.5677440120
2013-03-08 05:00:00,0.3796235346
2013-03-08 06:00:00,0.4345104601
2013-03-08 07:00:00,0.4485553433
2013-03-08 08:00:00,0.4137780604
2013-03-08 09:00:00,0.3669875634
2013-03-08 10:00:00,0.3413363859
2013-03-08 11:00:00,0.3419269175
2013-03-08 12:00:00,0.3682448693
2013-03-08 13:00:00,0.4008098007
2013-03-08 14:00:00,0.3996968503
2013-03-08 15:00:00,0.3957841661
2013-03-08 16:00:00,0.3792560178
2013-03-08 17:00:00,0.5057168396
2013-03-08 18:00:00,0.6556963827
2013-03-08 19:00:00,0.6464495285
2013-03-08 20:00:00,0.6320628387
2013-03-08 21:00:00,0.6258251231
2013-03-08 22:00:00,0.5152359507
2013-03-08 23:00:00,0.4740503255
2013-03-09 00:00:00,0.4879323252
2013-03-09 01:00:00,0.5016833271
2013-03-09 02:00:00,0.4966853413
2013-03-09 03:00:00,0.4306806832
2013-03-09 04:00:00,0.3746668918
2013-03-09 05:00:00,0.2683369506
2013-03-09 06:00:00,0.3099998306
2013-03-09 07:00:00,0.3803492668
2013-03-09 08:00:00,0.4372770895
2013-03-09 09:00:00,0.4187207876
2013-03-09 10:00:00,0.4544420570
2013-03-09 11:00:00,0.5034155082
2013-03-09 12:00:00,0.5834044273
2013-03-09 13:00:00,0.6802630331
2013-03-09 14:00:00,0.8038392534
2013-03-09 15:00:00,0.8773439071
2013-03-09 16:00:00,0.9234813304
2013-03-09 17:00:00,0.9050378488
2013-03-09 18:00:00,0.8643106697
2013-03-09 19:00:00,0.8457383362
2013-03-09 20:00:00,0.8448073568
2013-03-09 21:00:00,0.8218102923
2013-03-09 22:00:00,0.8542788075
2013-03-09 23:00:00,0.8333954157
2013-03-10 00:00:00,0.8293092859
2013-03-10 01:00:00,0.7994352415
2013-03-10 02:00:00,0.7060992484
2013-03-10 03:00:00,0.6330964846
2013-03-10 04:00:00,0.5864578758
2013-03-10 05:00:00,0.3519075104
2013-03-10 06:00:00,0.2309403232
2013-03-10 07:00:00,0.1421595204
2013-03-10 08:00:00,0.1122906512
2013-03-10 09:00:00,0.1650109595
2013-03-10 10:00:00,0.3203835347
2013-03-10 11:00:00,0.4604086377
2013-03-10 12:00:00,0.5221465756
2013-03-10 13:00:00,0.4563174217
2013-03-10 14:00:00,0.3936213980
2013-03-10 15:00:00,0.3980400952
2013-03-10 16:00:00,0.3980088951
2013-03-10 17:00:00,0.4018423339
2013-03-10 18:00:00,0.3955180131
2013-03-10 19:00:00,0.3897059307
2013-03-10 20:00:00,0.4163708921
2013-03-10 21:00:00,0.4689555698
2013-03-10 22:00:00,0.6025537556
2013-03-10 23:00:00,0.6312433411
2013-03-11 00:00:00,0.6672801317
2013-03-11 01:00:00,0.6161565562
2013-03-11 02:00:00,0.5025008535
2013-03-11 03:00:00,0.3847984317
2013-03-11 04:00:00,0.2348292731
2013-03-11 05:00:00,0.0943575420
2013-03-11 06:00:00,0.0791402190
2013-03-11 07:00:00,0.0892484188
2013-03-11 08:00:00,0.0912514387
2013-03-11 09:00:00,0.0948485907
2013-03-11 10:00:00,0.1139367211
2013-03-11 11:00:00,0.1102560642
2013-03-11 12:00:00,0.1064119152
2013-03-11 13:00:00,0.0972571092
2013-03-11 14:00:00,0.1046103122
2013-03-11 15:00:00,0.1265690490
2013-03-11 16:00:00,0.1002109986
2013-03-11 17:00:00,0.0601274359
2013-03-11 18:00:00,0.0147065559
2013-03-11 19:00:00,0.0000000000
2013-03-11 20:00:00,0.0000000000
2013-03-11 21:00:00,0.0000000000
2013-03-11 22:00:00,0.0000000000
2013-03-11 23:00:00,0.0000000000
2013-03-12 00:00:00,0.0000000000
2013-03-12 01:00:00,0.0636496731
2013-03-12 02:00:00,0.1342448300
2013-03-12 03:00:00,0.2216535051
2013-03-12 04:00:00,0.2909047027
2013-03-12 05:00:00,0.2593817960
2013-03-12 06:00:00,0.1537707857
2013-03-12 07:00:00,0.2057122748
2013-03-12 08:00:00,0.2880852363
2013-03-12 09:00:00,0.3965255715
2013-03-12 10:00:00,0.4736057216
2013-03-12 11:00:00,0.5739500086
2013-03-12 12:00:00,0.5995449287
2013-03-12 13:00:00,0.5628582076
2013-03-12 14:00:00,0.4024491980
2013-03-12 15:00:00,0.2682275211
2013-03-12 16:00:00,0.2356266633
2013-03-12 17:00:00,0.3053457410
2013-03-12 18:00:00,0.4195347736
2013-03-12 19:00:00,0.5465505092
2013-03-12 20:00:00,0.6366629928
2013-03-12 21:00:00,0.6971257060
2013-03-12 22:00:00,0.7452101333
2013-03-12 23:00:00,0.7449945469
2013-03-13 00:00:00,0.7971154288
2013-03-13 01:00:00,0.8911620994
2013-03-13 02:00:00,0.8652707829
2013-03-13 03:00:00,0.7573238167
2013-03-13 04:00:00,0.6460432913
2013-03-13 05:00:00,0.5577845979
2013-03-13 06:00:00,0.7076238651
2013-03-13 07:00:00,0.9793284235
2013-03-13 08:00:00,0.9974862641
2013-03-13 09:00:00,0.9994353407
2013-03-13 10:00:00,1.0000000000
2013-03-13 11:00:00,1.0000000000
2013-03-13 12:00:00,0.9981154118
2013-03-13 13:00:00,0.9975342969
2013-03-13 14:00:00,0.9820515845
2013-03-13 15:00:00,0.9419624728
2013-03-13 16:00:00,0.8712695066
2013-03-13 17:00:00,0.8673000834
2013-03-13 18:00:00,0.8521321428
2013-03-13 19:00:00,0.6955590716
2013-03-13 20:00:00,0.5287461031
2013-03-13 21:00:00,0.5177557313
2013-03-13 22:00:00,0.6831070863
2013-03-13 23:00:00,0.7978788170
2013-03-14 00:00:00,0.8430129687
2013-03-14 01:00:00,0.7379186761
2013-03-14 02:00:00,0.5275004596
2013-03-14 03:00:00,0.2800621862
2013-03-14 04:00:00,0.2716207224
2013-03-14 05:00:00,0.2171690885
2013-03-14 06:00:00,0.1763797928
2013-03-14 07:00:00,0.1881063904
2013-03-14 08:00:00,0.2575875201
2013-03-14 09:00:00,0.2966199638
2013-03-14 10:00:00,0.2099291577
2013-03-14 11:00:00,0.2033841750
2013-03-14 12:00:00,0.2007465581
2013-03-14 13:00:00,0.2152926813
2013-03-14 14:00:00,0.1920036303
2013-03-14 15:00:00,0.1908440216
2013-03-14 16:00:00,0.1834115234
2013-03-14 17:00:00,0.2019112593
2013-03-14 18:00:00,0.2545587284
2013-03-14 19:00:00,0.2915252174
2013-03-14 20:00:00,0.2372267137
2013-03-14 21:00:00,0.1690362365
2013-03-14 22:00:00,0.1201722084
2013-03-14 23:00:00,0.0862543256
2013-03-15 00:00:00,0.0809231926
2013-03-15 01:00:00,0.0772461470
2013-03-15 02:00:00,0.1047360079
2013-03-15 03:00:00,0.1373867661
2013-03-15 04:00:00,0.0805351781
2013-03-15 05:00:00,0.0513844864
2013-03-15 06:00:00,0.0420933806
2013-03-15 07:00:00,0.0384463532
2013-03-15 08:00:00,0.0312301614
2013-03-15 09:00:00,0.0348673147
2013-03-15 10:00:00,0.0586296998
2013-03-15 11:00:00,0.1212989115
2013-03-15 12:00:00,0.2360355433
2013-03-15 13:00:00,0.4055632033
2013-03-15 14:00:00,0.5075723128
2013-03-15 15:00:00,0.5532308575
2013-03-15 16:00:00,0.6197440313
2013-03-15 17:00:00,0.7127533707
2013-03-15 18:00:00,0.7806256145
2013-03-15 19:00:00,0.8446828867
2013-03-15 20:00:00,0.9289567112
2013-03-15 21:00:00,0.9939148442
2013-03-15 22:00:00,1.0000000000
2013-03-15 23:00:00,1.0000000000
2013-03-16 00:00:00,1.0000000000
2013-03-16 01:00:00,1.0000000000
2013-03-16 02:00:00,0.9998389849
2013-03-16 03:00:00,0.9981564135
2013-03-16 04:00:00,0.9970402219
2013-03-16 05:00:00,0.9890504881
2013-03-16 06:00:00,0.9975685201
2013-03-16 07:00:00,0.9983127444
2013-03-16 08:00:00,0.9983576793
2013-03-16 09:00:00,0.9981411142
2013-03-16 10:00:00,0.9978560591
2013-03-16 11:00:00,0.9982430701
2013-03-16 12:00:00,0.9993989296
2013-03-16 13:00:00,1.0000000000
2013-03-16 14:00:00,1.0000000000
2013-03-16 15:00:00,1.0000000000
2013-03-16 16:00:00,1.0000000000
2013-03-16 17:00:00,1.0000000000
2013-03-16 18:00:00,1.0000000000
2013-03-16 19:00:00,1.0000000000
2013-03-16 20:00:00,1.0000000000
2013-03-16 21:00:00,1.0000000000
2013-03-16 22:00:00,1.0000000000
2013-03-16 23:00:00,1.0000000000
2013-03-17 00:00:00,1.0000000000
2013-03-17 01:00:00,1.0000000000
2013-03-17 02:00:00,1.0000000000
2013-03-17 03:00:00,1.0000000000
2013-03-17 04:00:00,1.0000000000
2013-03-17 05:00:00,1.0000000000
2013-03-17 06:00:00,1.0000000000
2013-03-17 07:00:00,1.0000000000
2013-03-17 08:00:00,1.0000000000
2013-03-17 09:00:00,1.0000000000
2013-03-17 10:00:00,1.0000000000
2013-03-17 11:00:00,1.0000000000
2013-03-17 12:00:00,1.0000000000
2013-03-17 13:00:00,1.0000000000
2013-03-17 14:00:00,1.0000000000
2013-03-17 15:00:00,1.0000000000
2013-03-17 16:00:00,1.0000000000
2013-03-17 17:00:00,1.0000000000
2013-03-17 18:00:00,1.0000000000
2013-03-17 19:00:00,1.0000000000
2013-03-17 20:00:00,1.0000000000
2013-03-17 21:00:00,1.0000000000
2013-03-17 22:00:00,1.0000000000
2013-03-17 23:00:00,1.0000000000
2013-03-18 00:00:00,1.0000000000
2013-03-18 01:00:00,0.9997263266
2013-03-18 02:00:00,1.0000000000
2013-03-18 03:00:00,1.0000000000
2013-03-18 04:00:00,1.0000000000
2013-03-18 05:00:00,0.9993555530
2013-03-18 06:00:00,0.9922395189
2013-03-18 07:00:00,0.9708120838
2013-03-18 08:00:00,0.9950462385
2013-03-18 09:00:00,0.9987003788
2013-03-18 10:00:00,0.8990610347
2013-03-18 11:00:00,0.5635375680
2013-03-18 12:00:00,0.3073619565
2013-03-18 13:00:00,0.1355619875
2013-03-18 14:00:00,0.0550946301
2013-03-18 15:00:00,0.0512548989
2013-03-18 16:00:00,0.1646074711
2013-03-18 17:00:00,0.4363007312
2013-03-18 18:00:00,0.6119257406
2013-03-18 19:00:00,0.5686405671
2013-03-18 20:00:00,0.6508482391
2013-03-18 21:00:00,0.7214292545
2013-03-18 22:00:00,0.8968365613
2013-03-18 23:00:00,0.9310120664
2013-03-19 00:00:00,0.9309735766
2013-03-19 01:00:00,0.8844764809
2013-03-19 02:00:00,0.7704107808
2013-03-19 03:00:00,0.6896807072
2013-03-19 04:00:00,0.6306229386
2013-03-19 05:00:00,0.5628223669
2013-03-19 06:00:00,0.4767989489
2013-03-19 07:00:00,0.3727093413
2013-03-19 08:00:00,0.2546852118
2013-03-19 09:00:00,0.1801996387
2013-03-19 10:00:00,0.1639619177
2013-03-19 11:00:00,0.1513361814
2013-03-19 12:00:00,0.1543128724
2013-03-19 13:00:00,0.1815950419
2013-03-19 14:00:00,0.1961165316
2013-03-19 15:00:00,0.1807387919
2013-03-19 16:00:00,0.1263904455
2013-03-19 17:00:00,0.0989868594
2013-03-19 18:00:00,0.0819582799
2013-03-19 19:00:00,0.0467241477
2013-03-19 20:00:00,0.0000000000
2013-03-19 21:00:00,0.0000000000
2013-03-19 22:00:00,0.0000000000
2013-03-19 23:00:00,0.0000000000
2013-03-20 00:00:00,0.0000000000
2013-03-20 01:00:00,0.0000000000
2013-03-20 02:00:00,0.0000000000
2013-03-20 03:00:00,0.0000000000
2013-03-20 04:00:00,0.0000000000
2013-03-20 05:00:00,0.0000000000
2013-03-20 06:00:00,0.0000000000
2013-03-20 07:00:00,0.0000000000
2013-03-20 08:00:00,0.0000000000
2013-03-20 09:00:00,0.0000000000
2013-03-20 10:00:00,0.0000000000
2013-03-20 11:00:00,0.0000000000
2013-03-20 12:00:00,0.0000000000
2013-03-20 13:00:00,0.0000000000
2013-03-20 14:00:00,0.0000000000
2013-03-20 15:00:00,0.0398250121
2013-03-20 16:00:00,0.0806480062
2013-03-20 17:00:00,0.0846858819
2013-03-20 18:00:00,0.0703820060
2013-03-20 19:00:00,0.0655554556
2013-03-20 20:00:00,0.0835710413
2013-03-20 21:00:00,0.1272811142
2013-03-20 22:00:00,0.1647630042
2013-03-20 23:00:00,0.1679084815
2013-03-21 00:00:00,0.1947763169
2013-03-21 01:00:00,0.1900289853
2013-03-21 02:00:00,0.1647998539
2013-03-21 03:00:00,0.1638937581
2013-03-21 04:00:00,0.1640847033
2013-03-21 05:00:00,0.0845148283
2013-03-21 06:00:00,0.0826554672
2013-03-21 07:00:00,0.0956839907
2013-03-21 08:00:00,0.0560735955
2013-03-21 09:00:00,0.0141251695
2013-03-21 10:00:00,0.0000000000
2013-03-21 11:00:00,0.0000000000
2013-03-21 12:00:00,0.0000000000
2013-03-21 13:00:00,0.0000000000
2013-03-21 14:00:00,0.0000000000
2013-03-21 15:00:00,0.0766602451
2013-03-21 16:00:00,0.1624048691
2013-03-21 17:00:00,0.2148756887
2013-03-21 18:00:00,0.2330694604
2013-03-21 19:00:00,0.2199921078
2013-03-21 20:00:00,0.1637640303
2013-03-21 21:00:00,0.1131338816
2013-03-21 22:00:00,0.1425490894
2013-03-21 23:00:00,0.1187943594
2013-03-22 00:00:00,0.0888307889
2013-03-22 01:00:00,0.0649013005
2013-03-22 02:00:00,0.0429928287
2013-03-22 03:00:00,0.0214946021
2013-03-22 04:00:00,0.0355376021
2013-03-22 05:00:00,0.0250970152
2013-03-22 06:00:00,0.0000000000
2013-03-22 07:00:00,0.0000000000
2013-03-22 08:00:00,0.0000000000
2013-03-22 09:00:00,0.0000000000
2013-03-22 10:00:00,0.0000000000
2013-03-22 11:00:00,0.0000000000
2013-03-22 12:00:00,0.0000000000
2013-03-22 13:00:00,0.0120120189
2013-03-22 14:00:00,0.0772021097
2013-03-22 15:00:00,0.2604829595
2013-03-22 16:00:00,0.4817802688
2013-03-22 17:00:00,0.6028704082
2013-03-22 18:00:00,0.6982788385
2013-03-22 19:00:00,0.7454875684
2013-03-22 20:00:00,0.7507637435
2013-03-22 21:00:00,0.7239049650
2013-03-22 22:00:00,0.7748532763
2013-03-22 23:00:00,0.7862296852
2013-03-23 00:00:00,0.7526207718
2013-03-23 01:00:00,0.7641354075
2013-03-23 02:00:00,0.7576043933
2013-03-23 03:00:00,0.7697243597
2013-03-23 04:00:00,0.8378730568
2013-03-23 05:00:00,0.8390148013
2013-03-23 06:00:00,0.9918567028
2013-03-23 07:00:00,1.0000000000
2013-03-23 08:00:00,1.0000000000
2013-03-23 09:00:00,1.0000000000
2013-03-23 10:00:00,1.0000000000
2013-03-23 11:00:00,1.0000000000
2013-03-23 12:00:00,1.0000000000
2013-03-23 13:00:00,1.0000000000
2013-03-23 14:00:00,1.0000000000
2013-03-23 15:00:00,1.0000000000
2013-03-23 16:00:00,1.0000000000
2013-03-23 17:00:00,1.0000000000
2013-03-23 18:00:00,1.0000000000
2013-03-23 19:00:00,1.0000000000
2013-03-23 20:00:00,1.0000000000
2013-03-23 21:00:00,1.0000000000
2013-03-23 22:00:00,1.0000000000
2013-03-23 23:00:00,1.0000000000
2013-03-24 00:00:00,1.0000000000
2013-03-24 01:00:00,1.0000000000
2013-03-24 02:00:00,1.0000000000
2013-03-24 03:00:00,1.0000000000
2013-03-24 04:00:00,0.9986374487
2013-03-24 05:00:00,0.9981355792
2013-03-24 06:00:00,0.9994796678
2013-03-24 07:00:00,0.9994118728
2013-03-24 08:00:00,0.9979368970
2013-03-24 09:00:00,0.9850856151
2013-03-24 10:00:00,0.9703938977
2013-03-24 11:00:00,0.8983339921
2013-03-24 12:00:00,0.7562011176
2013-03-24 13:00:00,0.5977738605
2013-03-24 14:00:00,0.3760093754
2013-03-24 15:00:00,0.1425967380
2013-03-24 16:00:00,0.0541713892
2013-03-24 17:00:00,0.0310326339
2013-03-24 18:00:00,0.1129669185
2013-03-24 19:00:00,0.7105083653
2013-03-24 20:00:00,0.5688796246
2013-03-24 21:00:00,0.7673931589
2013-03-24 22:00:00,0.9515608806
2013-03-24 23:00:00,0.9202948489
2013-03-25 00:00:00,0.9197306477
2013-03-25 01:00:00,0.9887199558
2013-03-25 02:00:00,0.9818390553
2013-03-25 03:00:00,0.8542471867
2013-03-25 04:00:00,0.9983961099
2013-03-25 05:00:00,1.0000000000
2013-03-25 06:00:00,1.0000000000
2013-03-25 07:00:00,1.0000000000
2013-03-25 08:00:00,0.9986480887
2013-03-25 09:00:00,0.9983559496
2013-03-25 10:00:00,0.9992579697
2013-03-25 11:00:00,0.9983405038
2013-03-25 12:00:00,0.9910346916
2013-03-25 13:00:00,0.8935301101
2013-03-25 14:00:00,0.4636995309
2013-03-25 15:00:00,0.1005419095
2013-03-25 16:00:00,0.0000000000
2013-03-25 17:00:00,0.0182113238
2013-03-25 18:00:00,0.1541801294
2013-03-25 19:00:00,0.2403101609
2013-03-25 20:00:00,0.1853984851
2013-03-25 21:00:00,0.1413275448
2013-03-25 22:00:00,0.1354540329
2013-03-25 23:00:00,0.1718581892
2013-03-26 00:00:00,0.1470466104
2013-03-26 01:00:00,0.1417539985
2013-03-26 02:00:00,0.2437458786
2013-03-26 03:00:00,0.4030964904
2013-03-26 04:00:00,0.5061551714
2013-03-26 05:00:00,0.4340005653
2013-03-26 06:00:00,0.6048303570
2013-03-26 07:00:00,0.6205796572
2013-03-26 08:00:00,0.6303521621
2013-03-26 09:00:00,0.6473709742
2013-03-26 10:00:00,0.8936346839
2013-03-26 11:00:00,0.8651066387
2013-03-26 12:00:00,0.7532145182
2013-03-26 13:00:00,0.5971151084
2013-03-26 14:00:00,0.3394018326
2013-03-26 15:00:00,0.1692496912
2013-03-26 16:00:00,0.0806359918
2013-03-26 17:00:00,0.0854265924
2013-03-26 18:00:00,0.1270594550
2013-03-26 19:00:00,0.1406248411
2013-03-26 20:00:00,0.0978011477
2013-03-26 21:00:00,0.0492100388
2013-03-26 22:00:00,0.0332401083
2013-03-26 23:00:00,0.0293004162
2013-03-27 00:00:00,0.0665566500
2013-03-27 01:00:00,0.1577261850
2013-03-27 02:00:00,0.2901913979
2013-03-27 03:00:00,0.3248264010
2013-03-27 04:00:00,0.3616096459
2013-03-27 05:00:00,0.2714407086
2013-03-27 06:00:00,0.3363419514
2013-03-27 07:00:00,0.4374291351
2013-03-27 08:00:00,0.5397370127
2013-03-27 09:00:00,0.5911454812
2013-03-27 10:00:00,0.6451807490
2013-03-27 11:00:00,0.6473521251
2013-03-27 12:00:00,0.6437633365
2013-03-27 13:00:00,0.6762177430
2013-03-27 14:00:00,0.6120196433
2013-03-27 15:00:00,0.6210334005
2013-03-27 16:00:00,0.7360787298
2013-03-27 17:00:00,0.8638992434
2013-03-27 18:00:00,0.9230993932
2013-03-27 19:00:00,0.9355950761
2013-03-27 20:00:00,0.9151709687
2013-03-27 21:00:00,0.8165119302
2013-03-27 22:00:00,0.6245513445
2013-03-27 23:00:00,0.4823185961
2013-03-28 00:00:00,0.3598869018
2013-03-28 01:00:00,0.2705569828
2013-03-28 02:00:00,0.1752579041
2013-03-28 03:00:00,0.1153077331
2013-03-28 04:00:00,0.0692729856
2013-03-28 05:00:00,0.0000000000
2013-03-28 06:00:00,0.0000000000
2013-03-28 07:00:00,0.0306024999
2013-03-28 08:00:00,0.0623680564
2013-03-28 09:00:00,0.1621647325
2013-03-28 10:00:00,0.4404840360
2013-03-28 11:00:00,0.6312754185
2013-03-28 12:00:00,0.7939138319
2013-03-28 13:00:00,0.7439372306
2013-03-28 14:00:00,0.5462809871
2013-03-28 15:00:00,0.4764115109
2013-03-28 16:00:00,0.4939532046
2013-03-28 17:00:00,0.5793847134
2013-03-28 18:00:00,0.6128054507
2013-03-28 19:00:00,0.5656777955
2013-03-28 20:00:00,0.4093100729
2013-03-28 21:00:00,0.2811538752
2013-03-28 22:00:00,0.1830263886
2013-03-28 23:00:00,0.1249166680
2013-03-29 00:00:00,0.0875066542
2013-03-29 01:00:00,0.0577989279
2013-03-29 02:00:00,0.0188735447
2013-03-29 03:00:00,0.0000000000
2013-03-29 04:00:00,0.0363779637
2013-03-29 05:00:00,0.0558016113
2013-03-29 06:00:00,0.0812802829
2013-03-29 07:00:00,0.0603855825
2013-03-29 08:00:00,0.0480108892
2013-03-29 09:00:00,0.0240484951
2013-03-29 10:00:00,0.0136959732
2013-03-29 11:00:00,0.0000000000
2013-03-29 12:00:00,0.0000000000
2013-03-29 13:00:00,0.0000000000
2013-03-29 14:00:00,0.0000000000
2013-03-29 15:00:00,0.0000000000
2013-03-29 16:00:00,0.0159792094
2013-03-29 17:00:00,0.0000000000
2013-03-29 18:00:00,0.0000000000
2013-03-29 19:00:00,0.0565972749
2013-03-29 20:00:00,0.4052454895
2013-03-29 21:00:00,0.8060970213
2013-03-29 22:00:00,0.8392794740
2013-03-29 23:00:00,0.7602114584
2013-03-30 00:00:00,0.7070636936
2013-03-30 01:00:00,0.6636410788
2013-03-30 02:00:00,0.6198531662
2013-03-30 03:00:00,0.5775367668
2013-03-30 04:00:00,0.5279723024
2013-03-30 05:00:00,0.5212525293
2013-03-30 06:00:00,0.5278710524
2013-03-30 07:00:00,0.4701675231
2013-03-30 08:00:00,0.3694591101
2013-03-30 09:00:00,0.3372333517
2013-03-30 10:00:00,0.3971815795
2013-03-30 11:00:00,0.4020995517
2013-03-30 12:00:00,0.3920591220
2013-03-30 13:00:00,0.3568675222
2013-03-30 14:00:00,0.3637642112
2013-03-30 15:00:00,0.3868224839
2013-03-30 16:00:00,0.4156744558
2013-03-30 17:00:00,0.4071459131
2013-03-30 18:00:00,0.4004066894
2013-03-30 19:00:00,0.3788831546
2013-03-30 20:00:00,0.3159015584
2013-03-30 21:00:00,0.2482017536
2013-03-30 22:00:00,0.1642446892
2013-03-30 23:00:00,0.1309509020
2013-03-31 00:00:00,0.1147081455
2013-03-31 01:00:00,0.1053702714
2013-03-31 02:00:00,0.0928504093
2013-03-31 03:00:00,0.0843712863
2013-03-31 04:00:00,0.0429254159
2013-03-31 05:00:00,0.0441518282
2013-03-31 06:00:00,0.0327802277
2013-03-31 07:00:00,0.0146478083
2013-03-31 08:00:00,0.0000000000
2013-03-31 09:00:00,0.0000000000
2013-03-31 10:00:00,0.0000000000
2013-03-31 11:00:00,0.0000000000
2013-03-31 12:00:00,0.0183865159
2013-03-31 13:00:00,0.0620759468
2013-03-31 14:00:00,0.1189241222
2013-03-31 15:00:00,0.1939891709
2013-03-31 16:00:00,0.2631640995
2013-03-31 17:00:00,0.2956313090
2013-03-31 18:00:00,0.3129435536
2013-03-31 19:00:00,0.3280737758
2013-03-31 20:00:00,0.3977922521
2013-03-31 21:00:00,0.6209647655
2013-03-31 22:00:00,0.8871790568
2013-03-31 23:00:00,0.9591497658
2013-04-01 00:00:00,0.9486793568
2013-04-01 01:00:00,0.9133747388
2013-04-01 02:00:00,0.8901245329
2013-04-01 03:00:00,0.8669272653
2013-04-01 04:00:00,0.6920144605
2013-04-01 05:00:00,0.6558297008
2013-04-01 06:00:00,0.6382713785
2013-04-01 07:00:00,0.6762171540
2013-04-01 08:00:00,0.6756935026
2013-04-01 09:00:00,0.6069598323
2013-04-01 10:00:00,0.5337801089
2013-04-01 11:00:00,0.5317692663
2013-04-01 12:00:00,0.6412666171
2013-04-01 13:00:00,0.7919138647
2013-04-01 14:00:00,0.8728055455
2013-04-01 15:00:00,0.9696459365
2013-04-01 16:00:00,0.9860912928
2013-04-01 17:00:00,0.9853625453
2013-04-01 18:00:00,0.9728781632
2013-04-01 19:00:00,0.9565441842
2013-04-01 20:00:00,0.9681003670
2013-04-01 21:00:00,0.9740086038
2013-04-01 22:00:00,0.9722129473
2013-04-01 23:00:00,0.9748749608
2013-04-02 00:00:00,0.9870130751
2013-04-02 01:00:00,0.9972819378
2013-04-02 02:00:00,0.9986410733
2013-04-02 03:00:00,0.9994580699
2013-04-02 04:00:00,0.9984386170
2013-04-02 05:00:00,0.9993739845
2013-04-02 06:00:00,1.0000000000
2013-04-02 07:00:00,1.0000000000
2013-04-02 08:00:00,1.0000000000
2013-04-02 09:00:00,1.0000000000
2013-04-02 10:00:00,1.0000000000
2013-04-02 11:00:00,1.0000000000
2013-04-02 12:00:00,1.0000000000
2013-04-02 13:00:00,1.0000000000
2013-04-02 14:00:00,0.9986245398
2013-04-02 15:00:00,0.9995970882
2013-04-02 16:00:00,1.0000000000
2013-04-02 17:00:00,1.0000000000
2013-04-02 18:00:00,1.0000000000
2013-04-02 19:00:00,1.0000000000
2013-04-02 20:00:00,1.0000000000
2013-04-02 21:00:00,1.0000000000
2013-04-02 22:00:00,0.9996491476
2013-04-02 23:00:00,0.9988570120
2013-04-03 00:00:00,0.9988423453
2013-04-03 01:00:00,0.9987366527
2013-04-03 02:00:00,0.9991145882
2013-04-03 03:00:00,0.9994356866
2013-04-03 04:00:00,0.9987295469
2013-04-03 05:00:00,0.9972129398
2013-04-03 06:00:00,0.9992069886
2013-04-03 07:00:00,1.0000000000
2013-04-03 08:00:00,1.0000000000
2013-04-03 09:00:00,1.0000000000
2013-04-03 10:00:00,0.9994702869
2013-04-03 11:00:00,0.9990235840
2013-04-03 12:00:00,0.9987469467
2013-04-03 13:00:00,0.9993419336
2013-04-03 14:00:00,0.9987017314
2013-04-03 15:00:00,0.9984583948
2013-04-03 16:00:00,0.9979202950
2013-04-03 17:00:00,0.9967508939
2013-04-03 18:00:00,0.9867967313
2013-04-03 19:00:00,0.9812236830
2013-04-03 20:00:00,0.9734431030
2013-04-03 21:00:00,0.9117881301
2013-04-03 22:00:00,0.7865420697
2013-04-03 23:00:00,0.6498614106
2013-04-04 00:00:00,0.6082341484
2013-04-04 01:00:00,0.5935629365
2013-04-04 02:00:00,0.6271969259
2013-04-04 03:00:00,0.6804941308
2013-04-04 04:00:00,0.6670209567
2013-04-04 05:00:00,0.5222171818
2013-04-04 06:00:00,0.5510449332
2013-04-04 07:00:00,0.6614877663
2013-04-04 08:00:00,0.6852945627
2013-04-04 09:00:00,0.6502464425
2013-04-04 10:00:00,0.6236868668
2013-04-04 11:00:00,0.5013811900
2013-04-04 12:00:00,0.4052347965
2013-04-04 13:00:00,0.3954684298
2013-04-04 14:00:00,0.4719717440
2013-04-04 15:00:00,0.6914252300
2013-04-04 16:00:00,0.8827867196
2013-04-04 17:00:00,0.8887740740
2013-04-04 18:00:00,0.8061592626
2013-04-04 19:00:00,0.6722533469
2013-04-04 20:00:00,0.5758026145
2013-04-04 21:00:00,0.4962552529
2013-04-04 22:00:00,0.5108852480
2013-04-04 23:00:00,0.4471516313
2013-04-05 00:00:00,0.4215839470
2013-04-05 01:00:00,0.4415264566
2013-04-05 02:00:00,0.5208444829
2013-04-05 03:00:00,0.5785768640
2013-04-05 04:00:00,0.5016123625
2013-04-05 05:00:00,0.3522217087
2013-04-05 06:00:00,0.4200436430
2013-04-05 07:00:00,0.6322698188
2013-04-05 08:00:00,0.6751708330
2013-04-05 09:00:00,0.6233286390
2013-04-05 10:00:00,0.5214492947
2013-04-05 11:00:00,0.5452835404
2013-04-05 12:00:00,0.6236782651
2013-04-05 13:00:00,0.7257197791
2013-04-05 14:00:00,0.7764886314
2013-04-05 15:00:00,0.7681280772
2013-04-05 16:00:00,0.7513072257
2013-04-05 17:00:00,0.7428916950
2013-04-05 18:00:00,0.6934310876
2013-04-05 19:00:00,0.6552767941
2013-04-05 20:00:00,0.6410302181
2013-04-05 21:00:00,0.6310291929
2013-04-05 22:00:00,0.6507685231
2013-04-05 23:00:00,0.6409925199
2013-04-06 00:00:00,0.6452001871
2013-04-06 01:00:00,0.6036970740
2013-04-06 02:00:00,0.5934788900
2013-04-06 03:00:00,0.5667381427
2013-04-06 04:00:00,0.4644937609
2013-04-06 05:00:00,0.3269140253
2013-04-06 06:00:00,0.3207156767
2013-04-06 07:00:00,0.3519736458
2013-04-06 08:00:00,0.3726396171
2013-04-06 09:00:00,0.3105679509
2013-04-06 10:00:00,0.3420919266
2013-04-06 11:00:00,0.2923314899
2013-04-06 12:00:00,0.2633982359
2013-04-06 13:00:00,0.2720001133
2013-04-06 14:00:00,0.2819046039
2013-04-06 15:00:00,0.3412576532
2013-04-06 16:00:00,0.5058277666
2013-04-06 17:00:00,0.6437244602
2013-04-06 18:00:00,0.6607575604
2013-04-06 19:00:00,0.6221012742
2013-04-06 20:00:00,0.5757097871
2013-04-06 21:00:00,0.5226349051
2013-04-06 22:00:00,0.5345795357
2013-04-06 23:00:00,0.5134086126
2013-04-07 00:00:00,0.4912113910
2013-04-07 01:00:00,0.4634719425
2013-04-07 02:00:00,0.4453533039
2013-04-07 03:00:00,0.3981343547
2013-04-07 04:00:00,0.2780200360
2013-04-07 05:00:00,0.1617191001
2013-04-07 06:00:00,0.2204993441
2013-04-07 07:00:00,0.3203414219
2013-04-07 08:00:00,0.3447434232
2013-04-07 09:00:00,0.3281514099
2013-04-07 10:00:00,0.4496053543
2013-04-07 11:00:00,0.4096025922
2013-04-07 12:00:00,0.3727938599
2013-04-07 13:00:00,0.2680549684
2013-04-07 14:00:00,0.1697246000
2013-04-07 15:00:00,0.1365959878
2013-04-07 16:00:00,0.1912148856
2013-04-07 17:00:00,0.3581218984
2013-04-07 18:00:00,0.4290534437
2013-04-07 19:00:00,0.4185621505
2013-04-07 20:00:00,0.4350384450
2013-04-07 21:00:00,0.5650529129
2013-04-07 22:00:00,0.7495104752
2013-04-07 23:00:00,0.7954335400
2013-04-08 00:00:00,0.8351652669
2013-04-08 01:00:00,0.7893871046
2013-04-08 02:00:00,0.7528094591
2013-04-08 03:00:00,0.6877936382
2013-04-08 04:00:00,0.5553121271
2013-04-08 05:00:00,0.2843771885
2013-04-08 06:00:00,0.2482486519
2013-04-08 07:00:00,0.3434817962
2013-04-08 08:00:00,0.3920460854
2013-04-08 09:00:00,0.4059837457
2013-04-08 10:00:00,0.5253539600
2013-04-08 11:00:00,0.5324305273
2013-04-08 12:00:00,0.5135566347
2013-04-08 13:00:00,0.5148859663
2013-04-08 14:00:00,0.5282314307
2013-04-08 15:00:00,0.6367154994
2013-04-08 16:00:00,0.9183205000
2013-04-08 17:00:00,0.9824254248
2013-04-08 18:00:00,0.9812507785
2013-04-08 19:00:00,0.9764766849
2013-04-08 20:00:00,0.9831396988
2013-04-08 21:00:00,0.9877281906
2013-04-08 22:00:00,0.9946293706
2013-04-08 23:00:00,0.9930227940
2013-04-09 00:00:00,0.9939794135
2013-04-09 01:00:00,0.9942834954
2013-04-09 02:00:00,0.9966486077
2013-04-09 03:00:00,0.9919500507
2013-04-09 04:00:00,0.9793874392
2013-04-09 05:00:00,0.9608167885
2013-04-09 06:00:00,0.9909544988
2013-04-09 07:00:00,1.0000000000
2013-04-09 08:00:00,1.0000000000
2013-04-09 09:00:00,0.9988930210
2013-04-09 10:00:00,0.9983010354
2013-04-09 11:00:00,0.9946841788
2013-04-09 12:00:00,0.9866585326
2013-04-09 13:00:00,0.9777849578
2013-04-09 14:00:00,0.9346856510
2013-04-09 15:00:00,0.9113711376
2013-04-09 16:00:00,0.9540584539
2013-04-09 17:00:00,0.9785133125
2013-04-09 18:00:00,0.9903536560
2013-04-09 19:00:00,0.9879581383
2013-04-09 20:00:00,0.9779069720
2013-04-09 21:00:00,0.9683451808
2013-04-09 22:00:00,0.9424099018
2013-04-09 23:00:00,0.8854053285
2013-04-10 00:00:00,0.8363653258
2013-04-10 01:00:00,0.7746482924
2013-04-10 02:00:00,0.6834267354
2013-04-10 03:00:00,0.4218674579
2013-04-10 04:00:00,0.1813675968
2013-04-10 05:00:00,0.0876993759
2013-04-10 06:00:00,0.0712802363
2013-04-10 07:00:00,0.0476634876
2013-04-10 08:00:00,0.0311972289
2013-04-10 09:00:00,0.0382863451
2013-04-10 10:00:00,0.1171652943
2013-04-10 11:00:00,0.2011241134
2013-04-10 12:00:00,0.4165384645
2013-04-10 13:00:00,0.4923136717
2013-04-10 14:00:00,0.3572771518
2013-04-10 15:00:00,0.3130592723
2013-04-10 16:00:00,0.4524378449
2013-04-10 17:00:00,0.4371147171
2013-04-10 18:00:00,0.4413808561
2013-04-10 19:00:00,0.5259234687
2013-04-10 20:00:00,0.5293077269
2013-04-10 21:00:00,0.4971260027
2013-04-10 22:00:00,0.3763972529
2013-04-10 23:00:00,0.3848027529
2013-04-11 00:00:00,0.4059567202
2013-04-11 01:00:00,0.4265994745
2013-04-11 02:00:00,0.4399316623
2013-04-11 03:00:00,0.3058499230
2013-04-11 04:00:00,0.2120292794
2013-04-11 05:00:00,0.2750019622
2013-04-11 06:00:00,0.3668368361
2013-04-11 07:00:00,0.2372098374
2013-04-11 08:00:00,0.1500113805
2013-04-11 09:00:00,0.1254426966
2013-04-11 10:00:00,0.0688753409
2013-04-11 11:00:00,0.0339438818
2013-04-11 12:00:00,0.0564966716
2013-04-11 13:00:00,0.0700126676
2013-04-11 14:00:00,0.1847076229
2013-04-11 15:00:00,0.4451593651
2013-04-11 16:00:00,0.6516938958
2013-04-11 17:00:00,0.8572837356
2013-04-11 18:00:00,0.8735225216
2013-04-11 19:00:00,0.7772535904
2013-04-11 20:00:00,0.7432887040
2013-04-11 21:00:00,0.6999467868
2013-04-11 22:00:00,0.3906454495
2013-04-11 23:00:00,0.3450985625
2013-04-12 00:00:00,0.3160999647
2013-04-12 01:00:00,0.4022557720
2013-04-12 02:00:00,0.3961518294
2013-04-12 03:00:00,0.2787434665
2013-04-12 04:00:00,0.1197701225
2013-04-12 05:00:00,0.0826794026
2013-04-12 06:00:00,0.0510010299
2013-04-12 07:00:00,0.0153123000
2013-04-12 08:00:00,0.0000000000
2013-04-12 09:00:00,0.0112239991
2013-04-12 10:00:00,0.0344236801
2013-04-12 11:00:00,0.0559777840
2013-04-12 12:00:00,0.0666070218
2013-04-12 13:00:00,0.0799688405
2013-04-12 14:00:00,0.0954873188
2013-04-12 15:00:00,0.1378427066
2013-04-12 16:00:00,0.1624444887
2013-04-12 17:00:00,0.1718378192
2013-04-12 18:00:00,0.1831722353
2013-04-12 19:00:00,0.1797830607
2013-04-12 20:00:00,0.1458779386
2013-04-12 21:00:00,0.1310427984
2013-04-12 22:00:00,0.0774788857
2013-04-12 23:00:00,0.0917334884
2013-04-13 00:00:00,0.0909127675
2013-04-13 01:00:00,0.0824503571
2013-04-13 02:00:00,0.0794647488
2013-04-13 03:00:00,0.0946275393
2013-04-13 04:00:00,0.0544380674
2013-04-13 05:00:00,0.0398967067
2013-04-13 06:00:00,0.0000000000
2013-04-13 07:00:00,0.0000000000
2013-04-13 08:00:00,0.0000000000
2013-04-13 09:00:00,0.0000000000
2013-04-13 10:00:00,0.0000000000
2013-04-13 11:00:00,0.0197216452
2013-04-13 12:00:00,0.0716506032
2013-04-13 13:00:00,0.0848099998
2013-04-13 14:00:00,0.1293936080
2013-04-13 15:00:00,0.1402403210
2013-04-13 16:00:00,0.0607231785
2013-04-13 17:00:00,0.0418504367
2013-04-13 18:00:00,0.0433032306
2013-04-13 19:00:00,0.0794109176
2013-04-13 20:00:00,0.2333677859
2013-04-13 21:00:00,0.3991211863
2013-04-13 22:00:00,0.3353404718
2013-04-13 23:00:00,0.3315670895
2013-04-14 00:00:00,0.2905421880
2013-04-14 01:00:00,0.3001639594
2013-04-14 02:00:00,0.3539912529
2013-04-14 03:00:00,0.4047054933
2013-04-14 04:00:00,0.3523019061
2013-04-14 05:00:00,0.2909378631
2013-04-14 06:00:00,0.2223568617
2013-04-14 07:00:00,0.1606773512
2013-04-14 08:00:00,0.1502169464
2013-04-14 09:00:00,0.1678381130
2013-04-14 10:00:00,0.2716068068
2013-04-14 11:00:00,0.3149525917
2013-04-14 12:00:00,0.2966994289
2013-04-14 13:00:00,0.2512392499
2013-04-14 14:00:00,0.1647374092
2013-04-14 15:00:00,0.0970558793
2013-04-14 16:00:00,0.0458956485
2013-04-14 17:00:00,0.0000000000
2013-04-14 18:00:00,0.0000000000
2013-04-14 19:00:00,0.0193279008
2013-04-14 20:00:00,0.0685899865
2013-04-14 21:00:00,0.1163156477
2013-04-14 22:00:00,0.1447576168
2013-04-14 23:00:00,0.1332843888
2013-04-15 00:00:00,0.1261129683
2013-04-15 01:00:00,0.1081229892
2013-04-15 02:00:00,0.0825097047
2013-04-15 03:00:00,0.0598872175
2013-04-15 04:00:00,0.0245195830
2013-04-15 05:00:00,0.0000000000
2013-04-15 06:00:00,0.0119013362
2013-04-15 07:00:00,0.0343885784
2013-04-15 08:00:00,0.0695554883
2013-04-15 09:00:00,0.1397270198
2013-04-15 10:00:00,0.2890694500
2013-04-15 11:00:00,0.3334557215
2013-04-15 12:00:00,0.3549023547
2013-04-15 13:00:00,0.3797507520
2013-04-15 14:00:00,0.3967930429
2013-04-15 15:00:00,0.3462092425
2013-04-15 16:00:00,0.3505120012
2013-04-15 17:00:00,0.4061059095
2013-04-15 18:00:00,0.3813093659
2013-04-15 19:00:00,0.3197923439
2013-04-15 20:00:00,0.2385121545
2013-04-15 21:00:00,0.1883011488
2013-04-15 22:00:00,0.1584316936
2013-04-15 23:00:00,0.2250363437
2013-04-16 00:00:00,0.2897379881
2013-04-16 01:00:00,0.3319767924
2013-04-16 02:00:00,0.3433355366
2013-04-16 03:00:00,0.2522580452
2013-04-16 04:00:00,0.1842167300
2013-04-16 05:00:00,0.1827956274
2013-04-16 06:00:00,0.1407488888
2013-04-16 07:00:00,0.1130145671
2013-04-16 08:00:00,0.0925237057
2013-04-16 09:00:00,0.0866795521
2013-04-16 10:00:00,0.1234305139
2013-04-16 11:00:00,0.0908830587
2013-04-16 12:00:00,0.0701860587
2013-04-16 13:00:00,0.0565262168
2013-04-16 14:00:00,0.0689068963
2013-04-16 15:00:00,0.1328557613
2013-04-16 16:00:00,0.2169734419
2013-04-16 17:00:00,0.3557947804
2013-04-16 18:00:00,0.5390612362
2013-04-16 19:00:00,0.6772778081
2013-04-16 20:00:00,0.6812098073
2013-04-16 21:00:00,0.5902724017
2013-04-16 22:00:00,0.7357009626
2013-04-16 23:00:00,0.6108159333
2013-04-17 00:00:00,0.6400127598
2013-04-17 01:00:00,0.6293287308
2013-04-17 02:00:00,0.6106598471
2013-04-17 03:00:00,0.6069170026
2013-04-17 04:00:00,0.4783822119
2013-04-17 05:00:00,0.4545042406
2013-04-17 06:00:00,0.5857837122
2013-04-17 07:00:00,0.6455879679
2013-04-17 08:00:00,0.6138618553
2013-04-17 09:00:00,0.5330530802
2013-04-17 10:00:00,0.4339802047
2013-04-17 11:00:00,0.4229526504
2013-04-17 12:00:00,0.4334496564
2013-04-17 13:00:00,0.4461119206
2013-04-17 14:00:00,0.4521070353
2013-04-17 15:00:00,0.4801513089
2013-04-17 16:00:00,0.5370107897
2013-04-17 17:00:00,0.6072555180
2013-04-17 18:00:00,0.5266741522
2013-04-17 19:00:00,0.4862635821
2013-04-17 20:00:00,0.5639185547
2013-04-17 21:00:00,0.7377525685
2013-04-17 22:00:00,0.8211672633
2013-04-17 23:00:00,0.8799453436
2013-04-18 00:00:00,0.8719097399
2013-04-18 01:00:00,0.6224888914
2013-04-18 02:00:00,0.5576670404
2013-04-18 03:00:00,0.5719913143
2013-04-18 04:00:00,0.5082778370
2013-04-18 05:00:00,0.5766135104
2013-04-18 06:00:00,0.6867934582
2013-04-18 07:00:00,0.7973211980
2013-04-18 08:00:00,0.7907542528
2013-04-18 09:00:00,0.7467320012
2013-04-18 10:00:00,0.6937232485
2013-04-18 11:00:00,0.6927091281
2013-04-18 12:00:00,0.7679364448
2013-04-18 13:00:00,0.6948991570
2013-04-18 14:00:00,0.5954361507
2013-04-18 15:00:00,0.5104132260
2013-04-18 16:00:00,0.4170351761
2013-04-18 17:00:00,0.3999587555
2013-04-18 18:00:00,0.3729359449
2013-04-18 19:00:00,0.4906259331
2013-04-18 20:00:00,0.5762257140
2013-04-18 21:00:00,0.5243733584
2013-04-18 22:00:00,0.4307403736
2013-04-18 23:00:00,0.3048348209
2013-04-19 00:00:00,0.2615147821
2013-04-19 01:00:00,0.3275508444
2013-04-19 02:00:00,0.3722396551
2013-04-19 03:00:00,0.4195385821
2013-04-19 04:00:00,0.4346965621
2013-04-19 05:00:00,0.4909459906
2013-04-19 06:00:00,0.5085220913
2013-04-19 07:00:00,0.5908920874
2013-04-19 08:00:00,0.6483841129
2013-04-19 09:00:00,0.6518238760
2013-04-19 10:00:00,0.6416310329
2013-04-19 11:00:00,0.5906342136
2013-04-19 12:00:00,0.5218996332
2013-04-19 13:00:00,0.4585253881
2013-04-19 14:00:00,0.3909614055
2013-04-19 15:00:00,0.3142650174
2013-04-19 16:00:00,0.2988103433
2013-04-19 17:00:00,0.2497373188
2013-04-19 18:00:00,0.1893110618
2013-04-19 19:00:00,0.1591775932
2013-04-19 20:00:00,0.1661073694
2013-04-19 21:00:00,0.1911227469
2013-04-19 22:00:00,0.2083012762
2013-04-19 23:00:00,0.2479449970
2013-04-20 00:00:00,0.2730691230
2013-04-20 01:00:00,0.2896640285
2013-04-20 02:00:00,0.3123880305
2013-04-20 03:00:00,0.3073059281
2013-04-20 04:00:00,0.1923873440
2013-04-20 05:00:00,0.2042276937
2013-04-20 06:00:00,0.3008327843
2013-04-20 07:00:00,0.2770529354
2013-04-20 08:00:00,0.2460340082
2013-04-20 09:00:00,0.2200384732
2013-04-20 10:00:00,0.1922509717
2013-04-20 11:00:00,0.2059922436
2013-04-20 12:00:00,0.2473779535
2013-04-20 13:00:00,0.2916559643
2013-04-20 14:00:00,0.3622356988
2013-04-20 15:00:00,0.4615503433
2013-04-20 16:00:00,0.6081216086
2013-04-20 17:00:00,0.6445805232
2013-04-20 18:00:00,0.6149535631
2013-04-20 19:00:00,0.6375698389
2013-04-20 20:00:00,0.7187322635
2013-04-20 21:00:00,0.7958635349
2013-04-20 22:00:00,0.8993317660
2013-04-20 23:00:00,0.8592317930
2013-04-21 00:00:00,0.6740485266
2013-04-21 01:00:00,0.6291581291
2013-04-21 02:00:00,0.6704353912
2013-04-21 03:00:00,0.7647440761
2013-04-21 04:00:00,0.7130698784
2013-04-21 05:00:00,0.8619766485
2013-04-21 06:00:00,0.9723967259
2013-04-21 07:00:00,0.9971207637
2013-04-21 08:00:00,0.9975043278
2013-04-21 09:00:00,0.9833946945
2013-04-21 10:00:00,0.9180008570
2013-04-21 11:00:00,0.8091083601
2013-04-21 12:00:00,0.6371814285
2013-04-21 13:00:00,0.5548779170
2013-04-21 14:00:00,0.5567703060
2013-04-21 15:00:00,0.5566599166
2013-04-21 16:00:00,0.5799165894
2013-04-21 17:00:00,0.5665100166
2013-04-21 18:00:00,0.4841685139
2013-04-21 19:00:00,0.3743567950
2013-04-21 20:00:00,0.1555609586
2013-04-21 21:00:00,0.0000000000
2013-04-21 22:00:00,0.0000000000
2013-04-21 23:00:00,0.2333732337
2013-04-22 00:00:00,0.4967672373
2013-04-22 01:00:00,0.4628802125
2013-04-22 02:00:00,0.4437186671
2013-04-22 03:00:00,0.3747087850
2013-04-22 04:00:00,0.2338590934
2013-04-22 05:00:00,0.1423474503
2013-04-22 06:00:00,0.0865420173
2013-04-22 07:00:00,0.0270614328
2013-04-22 08:00:00,0.0000000000
2013-04-22 09:00:00,0.0000000000
2013-04-22 10:00:00,0.0262464908
2013-04-22 11:00:00,0.1140534761
2013-04-22 12:00:00,0.2677543927
2013-04-22 13:00:00,0.6590931462
2013-04-22 14:00:00,0.8788178886
2013-04-22 15:00:00,0.8848926444
2013-04-22 16:00:00,0.8194949954
2013-04-22 17:00:00,0.7203992301
2013-04-22 18:00:00,0.6165705163
2013-04-22 19:00:00,0.5662431826
2013-04-22 20:00:00,0.5951929716
2013-04-22 21:00:00,0.5831298875
2013-04-22 22:00:00,0.6436734106
2013-04-22 23:00:00,0.6521437215
2013-04-23 00:00:00,0.6025593109
2013-04-23 01:00:00,0.4818920918
2013-04-23 02:00:00,0.4066796692
2013-04-23 03:00:00,0.4911712494
2013-04-23 04:00:00,0.5698423058
2013-04-23 05:00:00,0.6312601862
2013-04-23 06:00:00,0.7264694233
2013-04-23 07:00:00,0.8484098833
2013-04-23 08:00:00,0.9204482160
2013-04-23 09:00:00,0.9699119555
2013-04-23 10:00:00,0.8619714375
2013-04-23 11:00:00,0.9045050316
2013-04-23 12:00:00,0.9672565460
2013-04-23 13:00:00,0.9819178457
2013-04-23 14:00:00,0.9853810859
2013-04-23 15:00:00,0.9698595315
2013-04-23 16:00:00,0.9341942843
2013-04-23 17:00:00,0.8760585847
2013-04-23 18:00:00,0.8117376122
2013-04-23 19:00:00,0.6510461545
2013-04-23 20:00:00,0.5784191649
2013-04-23 21:00:00,0.5774000345
2013-04-23 22:00:00,0.5076929167
2013-04-23 23:00:00,0.4559441408
2013-04-24 00:00:00,0.3784591700
2013-04-24 01:00:00,0.3178594019
2013-04-24 02:00:00,0.3105105310
2013-04-24 03:00:00,0.2667716001
2013-04-24 04:00:00,0.2099942351
2013-04-24 05:00:00,0.1444789475
2013-04-24 06:00:00,0.0614754826
2013-04-24 07:00:00,0.0249987712
2013-04-24 08:00:00,0.0116256405
2013-04-24 09:00:00,0.0241589293
2013-04-24 10:00:00,0.0000000000
2013-04-24 11:00:00,0.0240709774
2013-04-24 12:00:00,0.1483421700
2013-04-24 13:00:00,0.5992562319
2013-04-24 14:00:00,0.8620172700
2013-04-24 15:00:00,0.7792523795
2013-04-24 16:00:00,0.5886205037
2013-04-24 17:00:00,0.5160812537
2013-04-24 18:00:00,0.4797683510
2013-04-24 19:00:00,0.4203715371
2013-04-24 20:00:00,0.3946498297
2013-04-24 21:00:00,0.3912697446
2013-04-24 22:00:00,0.2946756961
2013-04-24 23:00:00,0.1671861784
2013-04-25 00:00:00,0.0876354704
2013-04-25 01:00:00,0.0742029676
2013-04-25 02:00:00,0.1109289305
2013-04-25 03:00:00,0.0856160650
2013-04-25 04:00:00,0.0273160923
2013-04-25 05:00:00,0.0000000000
2013-04-25 06:00:00,0.0297146545
2013-04-25 07:00:00,0.1812076569
2013-04-25 08:00:00,0.5621161258
2013-04-25 09:00:00,0.8952736387
2013-04-25 10:00:00,0.9976318895
2013-04-25 11:00:00,1.0000000000
2013-04-25 12:00:00,1.0000000000
2013-04-25 13:00:00,0.9982741082
2013-04-25 14:00:00,0.9969324037
2013-04-25 15:00:00,0.9853378340
2013-04-25 16:00:00,0.9845325682
2013-04-25 17:00:00,0.9973123775
2013-04-25 18:00:00,1.0000000000
2013-04-25 19:00:00,1.0000000000
2013-04-25 20:00:00,1.0000000000
2013-04-25 21:00:00,1.0000000000
2013-04-25 22:00:00,1.0000000000
2013-04-25 23:00:00,1.0000000000
2013-04-26 00:00:00,1.0000000000
2013-04-26 01:00:00,1.0000000000
2013-04-26 02:00:00,0.9994015725
2013-04-26 03:00:00,0.9997401050
2013-04-26 04:00:00,0.9991867496
2013-04-26 05:00:00,1.0000000000
2013-04-26 06:00:00,1.0000000000
2013-04-26 07:00:00,1.0000000000
2013-04-26 08:00:00,1.0000000000
2013-04-26 09:00:00,1.0000000000
2013-04-26 10:00:00,1.0000000000
2013-04-26 11:00:00,0.9898864958
2013-04-26 12:00:00,1.0000000000
2013-04-26 13:00:00,1.0000000000
2013-04-26 14:00:00,1.0000000000
2013-04-26 15:00:00,1.0000000000
2013-04-26 16:00:00,1.0000000000
2013-04-26 17:00:00,1.0000000000
2013-04-26 18:00:00,1.0000000000
2013-04-26 19:00:00,0.9991181349
2013-04-26 20:00:00,0.9959877394
2013-04-26 21:00:00,0.9850187177
2013-04-26 22:00:00,0.9977472312
2013-04-26 23:00:00,0.9989463239
2013-04-27 00:00:00,0.9993780734
2013-04-27 01:00:00,1.0000000000
2013-04-27 02:00:00,1.0000000000
2013-04-27 03:00:00,0.9986224860
2013-04-27 04:00:00,0.9971490031
2013-04-27 05:00:00,1.0000000000
2013-04-27 06:00:00,1.0000000000
2013-04-27 07:00:00,1.0000000000
2013-04-27 08:00:00,0.9991382836
2013-04-27 09:00:00,0.9975373542
2013-04-27 10:00:00,0.9618292478
2013-04-27 11:00:00,0.9529728048
2013-04-27 12:00:00,0.9244065067
2013-04-27 13:00:00,0.9120551901
2013-04-27 14:00:00,0.8558107015
2013-04-27 15:00:00,0.8523737403
2013-04-27 16:00:00,0.8669186199
2013-04-27 17:00:00,0.7408618834
2013-04-27 18:00:00,0.5427994214
2013-04-27 19:00:00,0.3344694321
2013-04-27 20:00:00,0.1671879666
2013-04-27 21:00:00,0.0878961414
2013-04-27 22:00:00,0.0651149656
2013-04-27 23:00:00,0.0837047895
2013-04-28 00:00:00,0.0938354988
2013-04-28 01:00:00,0.0854244419
2013-04-28 02:00:00,0.0743413205
2013-04-28 03:00:00,0.0770122631
2013-04-28 04:00:00,0.0658378180
2013-04-28 05:00:00,0.0382251459
2013-04-28 06:00:00,0.0441651029
2013-04-28 07:00:00,0.0252249155
2013-04-28 08:00:00,0.0000000000
2013-04-28 09:00:00,0.0000000000
2013-04-28 10:00:00,0.0119117752
2013-04-28 11:00:00,0.0239567020
2013-04-28 12:00:00,0.0191924763
2013-04-28 13:00:00,0.0000000000
2013-04-28 14:00:00,0.0000000000
2013-04-28 15:00:00,0.0187646131
2013-04-28 16:00:00,0.0197206623
2013-04-28 17:00:00,0.0281869235
2013-04-28 18:00:00,0.0592955421
2013-04-28 19:00:00,0.0978014983
2013-04-28 20:00:00,0.1689599776
2013-04-28 21:00:00,0.3009594889
2013-04-28 22:00:00,0.5312777111
2013-04-28 23:00:00,0.5845328717
2013-04-29 00:00:00,0.5555657000
2013-04-29 01:00:00,0.5084629542
2013-04-29 02:00:00,0.4694636117
2013-04-29 03:00:00,0.4418618944
2013-04-29 04:00:00,0.3326987893
2013-04-29 05:00:00,0.2074646856
2013-04-29 06:00:00,0.2444890278
2013-04-29 07:00:00,0.2123599364
2013-04-29 08:00:00,0.1671378987
2013-04-29 09:00:00,0.1368664176
2013-04-29 10:00:00,0.1378861128
2013-04-29 11:00:00,0.1112602271
2013-04-29 12:00:00,0.0960566717
2013-04-29 13:00:00,0.0776386261
2013-04-29 14:00:00,0.0592765387
2013-04-29 15:00:00,0.0281857712
2013-04-29 16:00:00,0.0000000000
2013-04-29 17:00:00,0.0152383006
2013-04-29 18:00:00,0.0431711954
2013-04-29 19:00:00,0.0781174968
2013-04-29 20:00:00,0.1264126745
2013-04-29 21:00:00,0.1937494683
2013-04-29 22:00:00,0.3133434423
2013-04-29 23:00:00,0.3392223221
2013-04-30 00:00:00,0.2832152703
2013-04-30 01:00:00,0.2326945698
2013-04-30 02:00:00,0.1815659080
2013-04-30 03:00:00,0.1297354231
2013-04-30 04:00:00,0.0482758521
2013-04-30 05:00:00,0.0000000000
2013-04-30 06:00:00,0.0000000000
2013-04-30 07:00:00,0.0000000000
2013-04-30 08:00:00,0.0000000000
2013-04-30 09:00:00,0.0000000000
2013-04-30 10:00:00,0.0000000000
2013-04-30 11:00:00,0.0000000000
2013-04-30 12:00:00,0.0000000000
2013-04-30 13:00:00,0.0000000000
2013-04-30 14:00:00,0.0000000000
2013-04-30 15:00:00,0.0193258559
2013-04-30 16:00:00,0.0409076736
2013-04-30 17:00:00,0.0400104172
2013-04-30 18:00:00,0.0288223803
2013-04-30 19:00:00,0.0000000000
2013-04-30 20:00:00,0.0000000000
2013-04-30 21:00:00,0.0000000000
2013-04-30 22:00:00,0.0000000000
2013-04-30 23:00:00,0.0000000000
2013-05-01 00:00:00,0.0000000000
2013-05-01 01:00:00,0.0000000000
2013-05-01 02:00:00,0.0000000000
2013-05-01 03:00:00,0.0000000000
2013-05-01 04:00:00,0.0000000000
2013-05-01 05:00:00,0.0000000000
2013-05-01 06:00:00,0.0000000000
2013-05-01 07:00:00,0.0000000000
2013-05-01 08:00:00,0.0000000000
2013-05-01 09:00:00,0.0000000000
2013-05-01 10:00:00,0.0000000000
2013-05-01 11:00:00,0.0000000000
2013-05-01 12:00:00,0.0000000000
2013-05-01 13:00:00,0.0000000000
2013-05-01 14:00:00,0.0000000000
2013-05-01 15:00:00,0.0000000000
2013-05-01 16:00:00,0.0000000000
2013-05-01 17:00:00,0.0220834449
2013-05-01 18:00:00,0.0620847356
2013-05-01 19:00:00,0.0864836515
2013-05-01 20:00:00,0.0981443653
2013-05-01 21:00:00,0.0920085346
2013-05-01 22:00:00,0.1436974956
2013-05-01 23:00:00,0.1306186938
2013-05-02 00:00:00,0.1035447565
2013-05-02 01:00:00,0.0813771697
2013-05-02 02:00:00,0.0625842459
2013-05-02 03:00:00,0.0493647070
2013-05-02 04:00:00,0.0302771739
2013-05-02 05:00:00,0.0000000000
2013-05-02 06:00:00,0.0000000000
2013-05-02 07:00:00,0.0000000000
2013-05-02 08:00:00,0.0000000000
2013-05-02 09:00:00,0.0000000000
2013-05-02 10:00:00,0.0000000000
2013-05-02 11:00:00,0.0000000000
2013-05-02 12:00:00,0.0000000000
2013-05-02 13:00:00,0.0000000000
2013-05-02 14:00:00,0.0000000000
2013-05-02 15:00:00,0.0000000000
2013-05-02 16:00:00,0.0000000000
2013-05-02 17:00:00,0.0000000000
2013-05-02 18:00:00,0.0112621060
2013-05-02 19:00:00,0.0198210754
2013-05-02 20:00:00,0.0231856852
2013-05-02 21:00:00,0.0262283356
2013-05-02 22:00:00,0.0897183839
2013-05-02 23:00:00,0.1060459777
2013-05-03 00:00:00,0.0895486392
2013-05-03 01:00:00,0.0294689879
2013-05-03 02:00:00,0.0000000000
2013-05-03 03:00:00,0.0000000000
2013-05-03 04:00:00,0.0000000000
2013-05-03 05:00:00,0.0000000000
2013-05-03 06:00:00,0.0000000000
2013-05-03 07:00:00,0.0000000000
2013-05-03 08:00:00,0.0000000000
2013-05-03 09:00:00,0.0000000000
2013-05-03 10:00:00,0.0000000000
2013-05-03 11:00:00,0.0000000000
2013-05-03 12:00:00,0.0000000000
2013-05-03 13:00:00,0.0000000000
2013-05-03 14:00:00,0.0000000000
2013-05-03 15:00:00,0.0000000000
2013-05-03 16:00:00,0.0553499250
2013-05-03 17:00:00,0.1287782075
2013-05-03 18:00:00,0.9079238730
2013-05-03 19:00:00,1.0000000000
2013-05-03 20:00:00,1.0000000000
2013-05-03 21:00:00,0.9971972166
2013-05-03 22:00:00,0.9819622757
2013-05-03 23:00:00,0.9642781463
2013-05-04 00:00:00,0.9377366484
2013-05-04 01:00:00,0.9150900810
2013-05-04 02:00:00,0.8636031681
2013-05-04 03:00:00,0.7559323217
2013-05-04 04:00:00,0.5377903250
2013-05-04 05:00:00,0.4786436698
2013-05-04 06:00:00,0.4065914886
2013-05-04 07:00:00,0.3604170840
2013-05-04 08:00:00,0.2658744326
2013-05-04 09:00:00,0.1724033823
2013-05-04 10:00:00,0.1276417573
2013-05-04 11:00:00,0.1146525028
2013-05-04 12:00:00,0.1266765478
2013-05-04 13:00:00,0.2007677571
2013-05-04 14:00:00,0.3822501298
2013-05-04 15:00:00,0.6096023672
2013-05-04 16:00:00,0.7535822719
2013-05-04 17:00:00,0.8122671539
2013-05-04 18:00:00,0.7707408363
2013-05-04 19:00:00,0.7462772669
2013-05-04 20:00:00,0.7494121065
2013-05-04 21:00:00,0.7284057748
2013-05-04 22:00:00,0.6810951420
2013-05-04 23:00:00,0.6306306443
2013-05-05 00:00:00,0.6199848808
2013-05-05 01:00:00,0.6718769541
2013-05-05 02:00:00,0.7110549889
2013-05-05 03:00:00,0.6389515166
2013-05-05 04:00:00,0.4230278676
2013-05-05 05:00:00,0.3787984162
2013-05-05 06:00:00,0.3738827144
2013-05-05 07:00:00,0.3967799330
2013-05-05 08:00:00,0.3918444565
2013-05-05 09:00:00,0.3705634183
2013-05-05 10:00:00,0.3464050122
2013-05-05 11:00:00,0.3261270648
2013-05-05 12:00:00,0.3521327957
2013-05-05 13:00:00,0.4218110633
2013-05-05 14:00:00,0.5140325992
2013-05-05 15:00:00,0.5671940364
2013-05-05 16:00:00,0.6275985210
2013-05-05 17:00:00,0.6590617311
2013-05-05 18:00:00,0.6759709377
2013-05-05 19:00:00,0.7634664610
2013-05-05 20:00:00,0.8535343557
2013-05-05 21:00:00,0.8552444869
2013-05-05 22:00:00,0.8798474019
2013-05-05 23:00:00,0.8644038743
2013-05-06 00:00:00,0.8409309294
2013-05-06 01:00:00,0.8014603409
2013-05-06 02:00:00,0.7637211201
2013-05-06 03:00:00,0.7283115293
2013-05-06 04:00:00,0.5619580683
2013-05-06 05:00:00,0.5869266722
2013-05-06 06:00:00,0.5655265478
2013-05-06 07:00:00,0.4925952004
2013-05-06 08:00:00,0.5124522035
2013-05-06 09:00:00,0.4600005913
2013-05-06 10:00:00,0.4450338323
2013-05-06 11:00:00,0.3878753777
2013-05-06 12:00:00,0.3344254883
2013-05-06 13:00:00,0.3022974317
2013-05-06 14:00:00,0.3037511663
2013-05-06 15:00:00,0.3490313876
2013-05-06 16:00:00,0.4640011304
2013-05-06 17:00:00,0.5434266337
2013-05-06 18:00:00,0.4742771971
2013-05-06 19:00:00,0.3994126803
2013-05-06 20:00:00,0.3868785123
2013-05-06 21:00:00,0.3606868258
2013-05-06 22:00:00,0.3311691783
2013-05-06 23:00:00,0.2287646431
2013-05-07 00:00:00,0.1513240852
2013-05-07 01:00:00,0.1129285261
2013-05-07 02:00:00,0.0757451385
2013-05-07 03:00:00,0.0477338379
2013-05-07 04:00:00,0.0280449803
2013-05-07 05:00:00,0.0000000000
2013-05-07 06:00:00,0.0000000000
2013-05-07 07:00:00,0.0000000000
2013-05-07 08:00:00,0.0000000000
2013-05-07 09:00:00,0.0000000000
2013-05-07 10:00:00,0.0381608399
2013-05-07 11:00:00,0.0782048936
2013-05-07 12:00:00,0.1223273371
2013-05-07 13:00:00,0.1653534408
2013-05-07 14:00:00,0.2408946137
2013-05-07 15:00:00,0.3489396183
2013-05-07 16:00:00,0.5221137813
2013-05-07 17:00:00,0.6683311649
2013-05-07 18:00:00,0.6666555592
2013-05-07 19:00:00,0.6191463876
2013-05-07 20:00:00,0.5892439527
2013-05-07 21:00:00,0.5603210443
2013-05-07 22:00:00,0.5515703578
2013-05-07 23:00:00,0.5309644634
2013-05-08 00:00:00,0.5319429145
2013-05-08 01:00:00,0.5280061719
2013-05-08 02:00:00,0.5772722624
2013-05-08 03:00:00,0.5068013793
2013-05-08 04:00:00,0.5351108741
2013-05-08 05:00:00,0.4697652112
2013-05-08 06:00:00,0.4599410958
2013-05-08 07:00:00,0.4106669847
2013-05-08 08:00:00,0.4004840305
2013-05-08 09:00:00,0.3922592861
2013-05-08 10:00:00,0.3491432246
2013-05-08 11:00:00,0.3701955353
2013-05-08 12:00:00,0.3699538443
2013-05-08 13:00:00,0.3511126400
2013-05-08 14:00:00,0.3597154477
2013-05-08 15:00:00,0.3761609816
2013-05-08 16:00:00,0.4529978559
2013-05-08 17:00:00,0.4880611725
2013-05-08 18:00:00,0.5178473043
2013-05-08 19:00:00,0.4329552884
2013-05-08 20:00:00,0.4289928012
2013-05-08 21:00:00,0.3677135153
2013-05-08 22:00:00,0.2683625315
2013-05-08 23:00:00,0.1599278053
2013-05-09 00:00:00,0.1294693760
2013-05-09 01:00:00,0.0734228246
2013-05-09 02:00:00,0.0738641328
2013-05-09 03:00:00,0.0704299702
2013-05-09 04:00:00,0.0235308385
2013-05-09 05:00:00,0.0000000000
2013-05-09 06:00:00,0.0000000000
2013-05-09 07:00:00,0.0000000000
2013-05-09 08:00:00,0.0000000000
2013-05-09 09:00:00,0.0000000000
2013-05-09 10:00:00,0.0000000000
2013-05-09 11:00:00,0.0000000000
2013-05-09 12:00:00,0.0000000000
2013-05-09 13:00:00,0.0000000000
2013-05-09 14:00:00,0.0000000000
2013-05-09 15:00:00,0.0000000000
2013-05-09 16:00:00,0.0000000000
2013-05-09 17:00:00,0.0000000000
2013-05-09 18:00:00,0.0000000000
2013-05-09 19:00:00,0.0000000000
2013-05-09 20:00:00,0.0000000000
2013-05-09 21:00:00,0.0000000000
2013-05-09 22:00:00,0.0000000000
2013-05-09 23:00:00,0.0000000000
2013-05-10 00:00:00,0.0000000000
2013-05-10 01:00:00,0.0000000000
2013-05-10 02:00:00,0.0000000000
2013-05-10 03:00:00,0.0000000000
2013-05-10 04:00:00,0.0000000000
2013-05-10 05:00:00,0.0000000000
2013-05-10 06:00:00,0.0000000000
2013-05-10 07:00:00,0.0000000000
2013-05-10 08:00:00,0.0000000000
2013-05-10 09:00:00,0.0000000000
2013-05-10 10:00:00,0.0000000000
2013-05-10 11:00:00,0.0000000000
2013-05-10 12:00:00,0.0000000000
2013-05-10 13:00:00,0.0000000000
2013-05-10 14:00:00,0.0000000000
2013-05-10 15:00:00,0.0000000000
2013-05-10 16:00:00,0.0000000000
2013-05-10 17:00:00,0.0166529538
2013-05-10 18:00:00,0.0000000000
2013-05-10 19:00:00,0.0000000000
2013-05-10 20:00:00,0.0000000000
2013-05-10 21:00:00,0.0000000000
2013-05-10 22:00:00,0.0000000000
2013-05-10 23:00:00,0.0000000000
2013-05-11 00:00:00,0.0000000000
2013-05-11 01:00:00,0.0000000000
2013-05-11 02:00:00,0.0149818448
2013-05-11 03:00:00,0.0305871352
2013-05-11 04:00:00,0.0000000000
2013-05-11 05:00:00,0.0000000000
2013-05-11 06:00:00,0.0241410791
2013-05-11 07:00:00,0.0636833789
2013-05-11 08:00:00,0.1173394100
2013-05-11 09:00:00,0.1441988758
2013-05-11 10:00:00,0.1648051832
2013-05-11 11:00:00,0.1590963555
2013-05-11 12:00:00,0.0959404543
2013-05-11 13:00:00,0.0501512079
2013-05-11 14:00:00,0.0329096193
2013-05-11 15:00:00,0.0454413038
2013-05-11 16:00:00,0.0593546793
2013-05-11 17:00:00,0.0546087003
2013-05-11 18:00:00,0.0421914552
2013-05-11 19:00:00,0.0274285487
2013-05-11 20:00:00,0.0000000000
2013-05-11 21:00:00,0.0000000000
2013-05-11 22:00:00,0.0000000000
2013-05-11 23:00:00,0.0000000000
2013-05-12 00:00:00,0.0000000000
2013-05-12 01:00:00,0.0000000000
2013-05-12 02:00:00,0.0000000000
2013-05-12 03:00:00,0.0156458055
2013-05-12 04:00:00,0.0465747480
2013-05-12 05:00:00,0.0553411830
2013-05-12 06:00:00,0.0781512260
2013-05-12 07:00:00,0.1013570206
2013-05-12 08:00:00,0.1207257603
2013-05-12 09:00:00,0.1320948905
2013-05-12 10:00:00,0.1994768093
2013-05-12 11:00:00,0.2228246608
2013-05-12 12:00:00,0.2941781119
2013-05-12 13:00:00,0.3802212438
2013-05-12 14:00:00,0.4444222076
2013-05-12 15:00:00,0.4575874369
2013-05-12 16:00:00,0.4964539896
2013-05-12 17:00:00,0.5451742263
2013-05-12 18:00:00,0.5458860226
2013-05-12 19:00:00,0.5157327029
2013-05-12 20:00:00,0.5474484980
2013-05-12 21:00:00,0.6438173313
2013-05-12 22:00:00,0.7309886895
2013-05-12 23:00:00,0.6974712727
2013-05-13 00:00:00,0.6722183976
2013-05-13 01:00:00,0.6710978583
2013-05-13 02:00:00,0.7124755429
2013-05-13 03:00:00,0.7441280776
2013-05-13 04:00:00,0.6617942604
2013-05-13 05:00:00,0.8373662911
2013-05-13 06:00:00,0.9121016147
2013-05-13 07:00:00,0.9713948350
2013-05-13 08:00:00,0.9885990635
2013-05-13 09:00:00,0.9938008240
2013-05-13 10:00:00,0.9976308081
2013-05-13 11:00:00,0.9930148000
2013-05-13 12:00:00,0.9850649148
2013-05-13 13:00:00,0.9805321849
2013-05-13 14:00:00,0.9844889797
2013-05-13 15:00:00,0.9789364354
2013-05-13 16:00:00,0.9925471910
2013-05-13 17:00:00,0.9989782190
2013-05-13 18:00:00,1.0000000000
2013-05-13 19:00:00,1.0000000000
2013-05-13 20:00:00,1.0000000000
2013-05-13 21:00:00,1.0000000000
2013-05-13 22:00:00,1.0000000000
2013-05-13 23:00:00,0.9976666550
2013-05-14 00:00:00,0.9967728129
2013-05-14 01:00:00,0.9971746775
2013-05-14 02:00:00,0.9981285762
2013-05-14 03:00:00,0.9981287913
2013-05-14 04:00:00,0.9842539831
2013-05-14 05:00:00,0.9983360222
2013-05-14 06:00:00,1.0000000000
2013-05-14 07:00:00,1.0000000000
2013-05-14 08:00:00,1.0000000000
2013-05-14 09:00:00,1.0000000000
2013-05-14 10:00:00,1.0000000000
2013-05-14 11:00:00,0.9986969474
2013-05-14 12:00:00,0.9865155376
2013-05-14 13:00:00,0.9446868398
2013-05-14 14:00:00,0.7468172148
2013-05-14 15:00:00,0.4582159036
2013-05-14 16:00:00,0.3957986676
2013-05-14 17:00:00,0.4535144996
2013-05-14 18:00:00,0.6227842188
2013-05-14 19:00:00,0.8857098124
2013-05-14 20:00:00,0.9817190607
2013-05-14 21:00:00,0.9878002771
2013-05-14 22:00:00,0.9646349764
2013-05-14 23:00:00,0.9734442811
2013-05-15 00:00:00,0.9838471849
2013-05-15 01:00:00,0.9850451401
2013-05-15 02:00:00,0.9783479902
2013-05-15 03:00:00,0.9425804412
2013-05-15 04:00:00,0.7727696662
2013-05-15 05:00:00,0.7484443234
2013-05-15 06:00:00,0.6735733724
2013-05-15 07:00:00,0.5732453804
2013-05-15 08:00:00,0.4368282035
2013-05-15 09:00:00,0.3562557510
2013-05-15 10:00:00,0.1865961100
2013-05-15 11:00:00,0.1324305698
2013-05-15 12:00:00,0.1124784409
2013-05-15 13:00:00,0.0914389947
2013-05-15 14:00:00,0.0989736412
2013-05-15 15:00:00,0.1428980570
2013-05-15 16:00:00,0.2394041703
2013-05-15 17:00:00,0.5406778311
2013-05-15 18:00:00,0.7705613772
2013-05-15 19:00:00,0.7692505799
2013-05-15 20:00:00,0.7918810751
2013-05-15 21:00:00,0.7271246256
2013-05-15 22:00:00,0.5933964564
2013-05-15 23:00:00,0.7323293312
2013-05-16 00:00:00,0.8626846239
2013-05-16 01:00:00,0.9716073360
2013-05-16 02:00:00,0.9485115413
2013-05-16 03:00:00,0.7316348599
2013-05-16 04:00:00,0.3715305484
2013-05-16 05:00:00,0.2607751859
2013-05-16 06:00:00,0.1556038038
2013-05-16 07:00:00,0.1269111797
2013-05-16 08:00:00,0.1274643108
2013-05-16 09:00:00,0.1185123944
2013-05-16 10:00:00,0.0933546646
2013-05-16 11:00:00,0.0867828201
2013-05-16 12:00:00,0.0752125067
2013-05-16 13:00:00,0.0476155293
2013-05-16 14:00:00,0.0000000000
2013-05-16 15:00:00,0.0000000000
2013-05-16 16:00:00,0.0000000000
2013-05-16 17:00:00,0.0000000000
2013-05-16 18:00:00,0.0000000000
2013-05-16 19:00:00,0.0000000000
2013-05-16 20:00:00,0.0000000000
2013-05-16 21:00:00,0.0000000000
2013-05-16 22:00:00,0.0151549130
2013-05-16 23:00:00,0.0798821683
2013-05-17 00:00:00,0.3281804128
2013-05-17 01:00:00,0.3016654463
2013-05-17 02:00:00,0.0796878338
2013-05-17 03:00:00,0.1497395483
2013-05-17 04:00:00,0.1970945869
2013-05-17 05:00:00,0.1886801252
2013-05-17 06:00:00,0.2386084382
2013-05-17 07:00:00,0.1495082121
2013-05-17 08:00:00,0.0572836165
2013-05-17 09:00:00,0.0524582349
2013-05-17 10:00:00,0.0149092012
2013-05-17 11:00:00,0.0000000000
2013-05-17 12:00:00,0.0000000000
2013-05-17 13:00:00,0.0000000000
2013-05-17 14:00:00,0.0862662465
2013-05-17 15:00:00,0.3711598091
2013-05-17 16:00:00,0.5656073686
2013-05-17 17:00:00,0.6870000129
2013-05-17 18:00:00,0.6674430978
2013-05-17 19:00:00,0.5166351717
2013-05-17 20:00:00,0.3877335857
2013-05-17 21:00:00,0.4307091735
2013-05-17 22:00:00,0.3907178103
2013-05-17 23:00:00,0.4448805416
2013-05-18 00:00:00,0.4713844941
2013-05-18 01:00:00,0.4153245165
2013-05-18 02:00:00,0.2934445556
2013-05-18 03:00:00,0.2273894915
2013-05-18 04:00:00,0.1410612522
2013-05-18 05:00:00,0.1326765967
2013-05-18 06:00:00,0.1342579080
2013-05-18 07:00:00,0.1801856639
2013-05-18 08:00:00,0.2788743318
2013-05-18 09:00:00,0.3508181432
2013-05-18 10:00:00,0.4632902301
2013-05-18 11:00:00,0.3941833661
2013-05-18 12:00:00,0.3648150544
2013-05-18 13:00:00,0.4492301006
2013-05-18 14:00:00,0.9196469176
2013-05-18 15:00:00,0.9893557760
2013-05-18 16:00:00,0.9980745814
2013-05-18 17:00:00,0.9772905898
2013-05-18 18:00:00,0.7713008114
2013-05-18 19:00:00,0.4987253940
2013-05-18 20:00:00,0.3710556622
2013-05-18 21:00:00,0.3773813746
2013-05-18 22:00:00,0.1948722453
2013-05-18 23:00:00,0.2541969243
2013-05-19 00:00:00,0.3031173500
2013-05-19 01:00:00,0.3704204544
2013-05-19 02:00:00,0.4162564917
2013-05-19 03:00:00,0.5070277133
2013-05-19 04:00:00,0.4298799537
2013-05-19 05:00:00,0.3699837993
2013-05-19 06:00:00,0.3206167299
2013-05-19 07:00:00,0.3177366522
2013-05-19 08:00:00,0.4360465894
2013-05-19 09:00:00,0.5726371637
2013-05-19 10:00:00,0.3833677675
2013-05-19 11:00:00,0.8134570028
2013-05-19 12:00:00,0.6334855354
2013-05-19 13:00:00,0.8563480190
2013-05-19 14:00:00,0.5201423636
2013-05-19 15:00:00,0.1189312047
2013-05-19 16:00:00,0.1500284906
2013-05-19 17:00:00,0.2821607091
2013-05-19 18:00:00,0.3310509694
2013-05-19 19:00:00,0.3809309364
2013-05-19 20:00:00,0.6064080647
2013-05-19 21:00:00,0.8179165803
2013-05-19 22:00:00,0.6399958741
2013-05-19 23:00:00,0.5596198210
2013-05-20 00:00:00,0.6102080750
2013-05-20 01:00:00,0.5883038511
2013-05-20 02:00:00,0.4815265166
2013-05-20 03:00:00,0.4294340704
2013-05-20 04:00:00,0.3779626048
2013-05-20 05:00:00,0.3356431715
2013-05-20 06:00:00,0.3515837177
2013-05-20 07:00:00,0.3617807338
2013-05-20 08:00:00,0.3135854263
2013-05-20 09:00:00,0.2710495930
2013-05-20 10:00:00,0.2320134188
2013-05-20 11:00:00,0.1989960421
2013-05-20 12:00:00,0.1666310488
2013-05-20 13:00:00,0.1404874699
2013-05-20 14:00:00,0.1616847749
2013-05-20 15:00:00,0.1355258741
2013-05-20 16:00:00,0.0865219387
2013-05-20 17:00:00,0.0600295675
2013-05-20 18:00:00,0.0397692923
2013-05-20 19:00:00,0.0390899216
2013-05-20 20:00:00,0.0475899402
2013-05-20 21:00:00,0.0485463283
2013-05-20 22:00:00,0.0580882325
2013-05-20 23:00:00,0.0215539823
2013-05-21 00:00:00,0.0000000000
2013-05-21 01:00:00,0.0000000000
2013-05-21 02:00:00,0.0000000000
2013-05-21 03:00:00,0.0000000000
2013-05-21 04:00:00,0.0158741755
2013-05-21 05:00:00,0.0155819853
2013-05-21 06:00:00,0.0196190515
2013-05-21 07:00:00,0.0328464204
2013-05-21 08:00:00,0.0296245447
2013-05-21 09:00:00,0.0303418640
2013-05-21 10:00:00,0.0716961365
2013-05-21 11:00:00,0.0734311693
2013-05-21 12:00:00,0.0697567884
2013-05-21 13:00:00,0.0671545664
2013-05-21 14:00:00,0.0585916463
2013-05-21 15:00:00,0.0244954852
2013-05-21 16:00:00,0.0000000000
2013-05-21 17:00:00,0.0000000000
2013-05-21 18:00:00,0.0000000000
2013-05-21 19:00:00,0.0488244303
2013-05-21 20:00:00,0.1607823255
2013-05-21 21:00:00,0.3118378539
2013-05-21 22:00:00,0.3973930957
2013-05-21 23:00:00,0.3915416104
2013-05-22 00:00:00,0.3411286781
2013-05-22 01:00:00,0.3175632938
2013-05-22 02:00:00,0.2803577878
2013-05-22 03:00:00,0.2082875975
2013-05-22 04:00:00,0.1106198979
2013-05-22 05:00:00,0.0745168387
2013-05-22 06:00:00,0.0501107702
2013-05-22 07:00:00,0.0394992228
2013-05-22 08:00:00,0.0495344517
2013-05-22 09:00:00,0.0386458125
2013-05-22 10:00:00,0.0250984613
2013-05-22 11:00:00,0.0101471898
2013-05-22 12:00:00,0.0000000000
2013-05-22 13:00:00,0.0153678843
2013-05-22 14:00:00,0.0330880989
2013-05-22 15:00:00,0.0716652590
2013-05-22 16:00:00,0.1485617605
2013-05-22 17:00:00,0.2688456672
2013-05-22 18:00:00,0.3507428528
2013-05-22 19:00:00,0.2932493827
2013-05-22 20:00:00,0.2197691039
2013-05-22 21:00:00,0.1552084848
2013-05-22 22:00:00,0.1061725149
2013-05-22 23:00:00,0.0982191516
2013-05-23 00:00:00,0.0817627533
2013-05-23 01:00:00,0.0670602976
2013-05-23 02:00:00,0.0434419427
2013-05-23 03:00:00,0.0000000000
2013-05-23 04:00:00,0.0000000000
2013-05-23 05:00:00,0.0000000000
2013-05-23 06:00:00,0.0167565077
2013-05-23 07:00:00,0.0364309608
2013-05-23 08:00:00,0.0542047445
2013-05-23 09:00:00,0.0549194860
2013-05-23 10:00:00,0.0797851413
2013-05-23 11:00:00,0.0578651475
2013-05-23 12:00:00,0.0560310775
2013-05-23 13:00:00,0.0594998341
2013-05-23 14:00:00,0.0802995878
2013-05-23 15:00:00,0.1075234717
2013-05-23 16:00:00,0.1525954172
2013-05-23 17:00:00,0.2170992739
2013-05-23 18:00:00,0.2668724434
2013-05-23 19:00:00,0.2025164374
2013-05-23 20:00:00,0.1333835078
2013-05-23 21:00:00,0.0953940317
2013-05-23 22:00:00,0.0232004060
2013-05-23 23:00:00,0.0000000000
2013-05-24 00:00:00,0.0000000000
2013-05-24 01:00:00,0.0000000000
2013-05-24 02:00:00,0.0000000000
2013-05-24 03:00:00,0.0396156786
2013-05-24 04:00:00,0.0416813454
2013-05-24 05:00:00,0.0173366966
2013-05-24 06:00:00,0.0461042703
2013-05-24 07:00:00,0.0599718094
2013-05-24 08:00:00,0.0743768028
2013-05-24 09:00:00,0.0627911091
2013-05-24 10:00:00,0.0256496380
2013-05-24 11:00:00,0.0145191963
2013-05-24 12:00:00,0.0000000000
2013-05-24 13:00:00,0.0000000000
2013-05-24 14:00:00,0.0174987382
2013-05-24 15:00:00,0.0318640365
2013-05-24 16:00:00,0.0329709879
2013-05-24 17:00:00,0.0000000000
2013-05-24 18:00:00,0.0000000000
2013-05-24 19:00:00,0.0000000000
2013-05-24 20:00:00,0.0000000000
2013-05-24 21:00:00,0.1259058246
2013-05-24 22:00:00,0.4397065234
2013-05-24 23:00:00,0.7175314193
2013-05-25 00:00:00,0.8256384251
2013-05-25 01:00:00,0.8628263848
2013-05-25 02:00:00,0.8660881878
2013-05-25 03:00:00,0.7467233620
2013-05-25 04:00:00,0.5861537675
2013-05-25 05:00:00,0.4982696795
2013-05-25 06:00:00,0.4270862255
2013-05-25 07:00:00,0.3668177938
2013-05-25 08:00:00,0.2843443833
2013-05-25 09:00:00,0.2175227801
2013-05-25 10:00:00,0.1961151696
2013-05-25 11:00:00,0.1442486632
2013-05-25 12:00:00,0.1043644255
2013-05-25 13:00:00,0.0983771740
2013-05-25 14:00:00,0.1654626225
2013-05-25 15:00:00,0.3719727697
2013-05-25 16:00:00,0.6126916564
2013-05-25 17:00:00,0.7825554866
2013-05-25 18:00:00,0.8442820007
2013-05-25 19:00:00,0.9288726258
2013-05-25 20:00:00,0.9749179884
2013-05-25 21:00:00,0.9721597379
2013-05-25 22:00:00,0.9167044023
2013-05-25 23:00:00,0.8763428171
2013-05-26 00:00:00,0.8651975931
2013-05-26 01:00:00,0.8990083333
2013-05-26 02:00:00,0.9220883550
2013-05-26 03:00:00,0.9084379782
2013-05-26 04:00:00,0.7840400490
2013-05-26 05:00:00,0.8525870329
2013-05-26 06:00:00,0.9072060679
2013-05-26 07:00:00,0.9507511737
2013-05-26 08:00:00,0.9040410223
2013-05-26 09:00:00,0.8817555484
2013-05-26 10:00:00,0.7424022076
2013-05-26 11:00:00,0.6950929492
2013-05-26 12:00:00,0.6820313136
2013-05-26 13:00:00,0.7284988422
2013-05-26 14:00:00,0.8402427412
2013-05-26 15:00:00,0.9003964530
2013-05-26 16:00:00,0.9748158891
2013-05-26 17:00:00,0.9884905410
2013-05-26 18:00:00,0.9851894815
2013-05-26 19:00:00,0.9772875886
2013-05-26 20:00:00,0.9660715340
2013-05-26 21:00:00,0.9412032171
2013-05-26 22:00:00,0.8974996517
2013-05-26 23:00:00,0.9080078399
2013-05-27 00:00:00,0.9118866640
2013-05-27 01:00:00,0.9426777908
2013-05-27 02:00:00,0.9790212843
2013-05-27 03:00:00,0.9820590736
2013-05-27 04:00:00,0.8743188459
2013-05-27 05:00:00,0.9383910933
2013-05-27 06:00:00,0.9874270819
2013-05-27 07:00:00,0.9994852091
2013-05-27 08:00:00,0.9972799401
2013-05-27 09:00:00,0.9864159347
2013-05-27 10:00:00,0.9795300976
2013-05-27 11:00:00,0.9026357302
2013-05-27 12:00:00,0.8022565187
2013-05-27 13:00:00,0.7244209589
2013-05-27 14:00:00,0.7320395264
2013-05-27 15:00:00,0.7272017890
2013-05-27 16:00:00,0.9096858766
2013-05-27 17:00:00,0.9859682127
2013-05-27 18:00:00,0.9970689506
2013-05-27 19:00:00,0.9875295458
2013-05-27 20:00:00,0.9512916889
2013-05-27 21:00:00,0.9412454967
2013-05-27 22:00:00,0.9009597068
2013-05-27 23:00:00,0.8868258981
2013-05-28 00:00:00,0.9199532964
2013-05-28 01:00:00,0.9148874470
2013-05-28 02:00:00,0.8915297066
2013-05-28 03:00:00,0.8085911882
2013-05-28 04:00:00,0.5833406308
2013-05-28 05:00:00,0.6317865069
2013-05-28 06:00:00,0.6718361144
2013-05-28 07:00:00,0.7843013838
2013-05-28 08:00:00,0.8485904893
2013-05-28 09:00:00,0.7562578613
2013-05-28 10:00:00,0.5077968548
2013-05-28 11:00:00,0.4479747722
2013-05-28 12:00:00,0.3924046669
2013-05-28 13:00:00,0.3209170859
2013-05-28 14:00:00,0.2407527344
2013-05-28 15:00:00,0.0935138674
2013-05-28 16:00:00,0.0230727542
2013-05-28 17:00:00,0.0437078885
2013-05-28 18:00:00,0.0673535057
2013-05-28 19:00:00,0.0326532651
2013-05-28 20:00:00,0.0000000000
2013-05-28 21:00:00,0.0343972098
2013-05-28 22:00:00,0.4490504436
2013-05-28 23:00:00,0.2245945401
2013-05-29 00:00:00,0.0833408973
2013-05-29 01:00:00,0.0568022447
2013-05-29 02:00:00,0.0449870833
2013-05-29 03:00:00,0.0818911253
2013-05-29 04:00:00,0.0402949250
2013-05-29 05:00:00,0.0000000000
2013-05-29 06:00:00,0.0000000000
2013-05-29 07:00:00,0.0000000000
2013-05-29 08:00:00,0.0000000000
2013-05-29 09:00:00,0.0000000000
2013-05-29 10:00:00,0.0111026515
2013-05-29 11:00:00,0.0409335338
2013-05-29 12:00:00,0.0390508093
2013-05-29 13:00:00,0.1544555028
2013-05-29 14:00:00,0.2454502660
2013-05-29 15:00:00,0.2393477976
2013-05-29 16:00:00,0.2423124002
2013-05-29 17:00:00,0.2677593075
2013-05-29 18:00:00,0.3272053728
2013-05-29 19:00:00,0.4215352426
2013-05-29 20:00:00,0.4418997593
2013-05-29 21:00:00,0.3790826595
2013-05-29 22:00:00,0.1251731433
2013-05-29 23:00:00,0.1193890385
2013-05-30 00:00:00,0.0943293291
2013-05-30 01:00:00,0.0400543197
2013-05-30 02:00:00,0.0277459325
2013-05-30 03:00:00,0.0362851086
2013-05-30 04:00:00,0.0524313310
2013-05-30 05:00:00,0.0434785131
2013-05-30 06:00:00,0.1409815223
2013-05-30 07:00:00,0.3398848484
2013-05-30 08:00:00,0.2341689658
2013-05-30 09:00:00,0.0474884085
2013-05-30 10:00:00,0.0463545689
2013-05-30 11:00:00,0.0620116907
2013-05-30 12:00:00,0.0219644585
2013-05-30 13:00:00,0.0244209774
2013-05-30 14:00:00,0.0685415548
2013-05-30 15:00:00,0.1117433754
2013-05-30 16:00:00,0.1556906163
2013-05-30 17:00:00,0.1682885137
2013-05-30 18:00:00,0.1511499344
2013-05-30 19:00:00,0.1371493643
2013-05-30 20:00:00,0.1453819579
2013-05-30 21:00:00,0.1630690402
2013-05-30 22:00:00,0.2207725625
2013-05-30 23:00:00,0.2063123011
2013-05-31 00:00:00,0.2042802175
2013-05-31 01:00:00,0.1897944344
2013-05-31 02:00:00,0.1510853861
2013-05-31 03:00:00,0.0939070711
2013-05-31 04:00:00,0.1172358733
2013-05-31 05:00:00,0.1624160187
2013-05-31 06:00:00,0.2428672454
2013-05-31 07:00:00,0.2969058916
2013-05-31 08:00:00,0.3657914127
2013-05-31 09:00:00,0.4390846452
2013-05-31 10:00:00,0.4062235324
2013-05-31 11:00:00,0.4464640571
2013-05-31 12:00:00,0.4806754792
2013-05-31 13:00:00,0.4400822431
2013-05-31 14:00:00,0.4721935980
2013-05-31 15:00:00,0.5763599374
2013-05-31 16:00:00,0.6582578958
2013-05-31 17:00:00,0.6246126321
2013-05-31 18:00:00,0.5203520317
2013-05-31 19:00:00,0.4138444156
2013-05-31 20:00:00,0.3666300072
2013-05-31 21:00:00,0.3189789439
2013-05-31 22:00:00,0.2790261593
2013-05-31 23:00:00,0.2158953723
2013-06-01 00:00:00,0.1457271740
2013-06-01 01:00:00,0.0851355814
2013-06-01 02:00:00,0.0464698384
2013-06-01 03:00:00,0.0250562535
2013-06-01 04:00:00,0.0000000000
2013-06-01 05:00:00,0.0000000000
2013-06-01 06:00:00,0.0119722287
2013-06-01 07:00:00,0.0158768078
2013-06-01 08:00:00,0.0101482518
2013-06-01 09:00:00,0.0125917672
2013-06-01 10:00:00,0.0000000000
2013-06-01 11:00:00,0.0185561383
2013-06-01 12:00:00,0.0450227385
2013-06-01 13:00:00,0.0680527266
2013-06-01 14:00:00,0.1037865760
2013-06-01 15:00:00,0.1835823589
2013-06-01 16:00:00,0.2933215659
2013-06-01 17:00:00,0.3390261862
2013-06-01 18:00:00,0.3464299137
2013-06-01 19:00:00,0.3682599566
2013-06-01 20:00:00,0.3617011223
2013-06-01 21:00:00,0.2997691242
2013-06-01 22:00:00,0.2094770506
2013-06-01 23:00:00,0.1328630190
2013-06-02 00:00:00,0.0833746732
2013-06-02 01:00:00,0.0361102216
2013-06-02 02:00:00,0.0000000000
2013-06-02 03:00:00,0.0000000000
2013-06-02 04:00:00,0.0000000000
2013-06-02 05:00:00,0.0000000000
2013-06-02 06:00:00,0.0000000000
2013-06-02 07:00:00,0.0000000000
2013-06-02 08:00:00,0.0000000000
2013-06-02 09:00:00,0.0000000000
2013-06-02 10:00:00,0.0000000000
2013-06-02 11:00:00,0.0000000000
2013-06-02 12:00:00,0.0284941621
2013-06-02 13:00:00,0.0669517704
2013-06-02 14:00:00,0.1569869121
2013-06-02 15:00:00,0.4740893919
2013-06-02 16:00:00,0.7900425032
2013-06-02 17:00:00,0.7390376446
2013-06-02 18:00:00,0.5733591747
2013-06-02 19:00:00,0.5017198846
2013-06-02 20:00:00,0.3957865098
2013-06-02 21:00:00,0.2780858831
2013-06-02 22:00:00,0.1535614682
2013-06-02 23:00:00,0.2975449079
2013-06-03 00:00:00,0.3215118654
2013-06-03 01:00:00,0.1999921581
2013-06-03 02:00:00,0.1371425273
2013-06-03 03:00:00,0.0896667265
2013-06-03 04:00:00,0.0733229460
2013-06-03 05:00:00,0.0746522464
2013-06-03 06:00:00,0.0858742349
2013-06-03 07:00:00,0.0774259895
2013-06-03 08:00:00,0.0713057144
2013-06-03 09:00:00,0.0853085518
2013-06-03 10:00:00,0.0467247464
2013-06-03 11:00:00,0.0411767940
2013-06-03 12:00:00,0.0335405231
2013-06-03 13:00:00,0.0356800311
2013-06-03 14:00:00,0.0424911582
2013-06-03 15:00:00,0.0472199999
2013-06-03 16:00:00,0.0764969751
2013-06-03 17:00:00,0.1137815387
2013-06-03 18:00:00,0.1413264578
2013-06-03 19:00:00,0.1715852077
2013-06-03 20:00:00,0.1589343361
2013-06-03 21:00:00,0.1191424155
2013-06-03 22:00:00,0.1213485937
2013-06-03 23:00:00,0.0576352138
2013-06-04 00:00:00,0.0168272420
2013-06-04 01:00:00,0.0000000000
2013-06-04 02:00:00,0.0000000000
2013-06-04 03:00:00,0.0384608254
2013-06-04 04:00:00,0.0302811168
2013-06-04 05:00:00,0.0391933513
2013-06-04 06:00:00,0.0785325789
2013-06-04 07:00:00,0.1116578602
2013-06-04 08:00:00,0.1265567424
2013-06-04 09:00:00,0.1416735672
2013-06-04 10:00:00,0.1571602915
2013-06-04 11:00:00,0.2120852969
2013-06-04 12:00:00,0.2475855615
2013-06-04 13:00:00,0.2379070949
2013-06-04 14:00:00,0.2124335407
2013-06-04 15:00:00,0.1771035787
2013-06-04 16:00:00,0.1028257842
2013-06-04 17:00:00,0.0779966046
2013-06-04 18:00:00,0.1179421182
2013-06-04 19:00:00,0.1472319107
2013-06-04 20:00:00,0.1366274731
2013-06-04 21:00:00,0.1008709973
2013-06-04 22:00:00,0.0955905868
2013-06-04 23:00:00,0.0766020896
2013-06-05 00:00:00,0.0734697604
2013-06-05 01:00:00,0.0547725547
2013-06-05 02:00:00,0.0145853099
2013-06-05 03:00:00,0.0000000000
2013-06-05 04:00:00,0.0000000000
2013-06-05 05:00:00,0.0000000000
2013-06-05 06:00:00,0.0000000000
2013-06-05 07:00:00,0.0000000000
2013-06-05 08:00:00,0.0000000000
2013-06-05 09:00:00,0.0000000000
2013-06-05 10:00:00,0.0497116295
2013-06-05 11:00:00,0.1158534312
2013-06-05 12:00:00,0.1915612938
2013-06-05 13:00:00,0.2558444653
2013-06-05 14:00:00,0.2969777397
2013-06-05 15:00:00,0.3848413502
2013-06-05 16:00:00,0.4572412157
2013-06-05 17:00:00,0.4440824487
2013-06-05 18:00:00,0.3850128043
2013-06-05 19:00:00,0.3034216610
2013-06-05 20:00:00,0.2366599663
2013-06-05 21:00:00,0.1308279061
2013-06-05 22:00:00,0.0776478590
2013-06-05 23:00:00,0.0126776403
2013-06-06 00:00:00,0.0000000000
2013-06-06 01:00:00,0.0000000000
2013-06-06 02:00:00,0.0000000000
2013-06-06 03:00:00,0.0000000000
2013-06-06 04:00:00,0.0000000000
2013-06-06 05:00:00,0.0000000000
2013-06-06 06:00:00,0.0000000000
2013-06-06 07:00:00,0.0000000000
2013-06-06 08:00:00,0.0000000000
2013-06-06 09:00:00,0.0000000000
2013-06-06 10:00:00,0.0000000000
2013-06-06 11:00:00,0.0000000000
2013-06-06 12:00:00,0.0000000000
2013-06-06 13:00:00,0.0000000000
2013-06-06 14:00:00,0.0000000000
2013-06-06 15:00:00,0.0000000000
2013-06-06 16:00:00,0.0255477448
2013-06-06 17:00:00,0.1215227796
2013-06-06 18:00:00,0.2551569191
2013-06-06 19:00:00,0.4736686220
2013-06-06 20:00:00,0.6084896926
2013-06-06 21:00:00,0.6334611637
2013-06-06 22:00:00,0.6780019274
2013-06-06 23:00:00,0.6160916846
2013-06-07 00:00:00,0.5899086186
2013-06-07 01:00:00,0.5873236080
2013-06-07 02:00:00,0.6449474914
2013-06-07 03:00:00,0.7198779349
2013-06-07 04:00:00,0.7879928608
2013-06-07 05:00:00,0.9751397737
2013-06-07 06:00:00,0.9970169410
2013-06-07 07:00:00,0.9985837344
2013-06-07 08:00:00,0.9982933001
2013-06-07 09:00:00,0.9954388157
2013-06-07 10:00:00,0.9721867212
2013-06-07 11:00:00,0.8916133183
2013-06-07 12:00:00,0.8453755846
2013-06-07 13:00:00,0.7655793265
2013-06-07 14:00:00,0.6091513119
2013-06-07 15:00:00,0.2896922149
2013-06-07 16:00:00,0.1712003759
2013-06-07 17:00:00,0.1437229152
2013-06-07 18:00:00,0.1879219947
2013-06-07 19:00:00,0.1978113854
2013-06-07 20:00:00,0.1173608326
2013-06-07 21:00:00,0.0468288313
2013-06-07 22:00:00,0.1321501475
2013-06-07 23:00:00,0.1071517140
2013-06-08 00:00:00,0.1843977504
2013-06-08 01:00:00,0.4021937380
2013-06-08 02:00:00,0.5496130971
2013-06-08 03:00:00,0.4617788277
2013-06-08 04:00:00,0.4829223327
2013-06-08 05:00:00,0.5055783153
2013-06-08 06:00:00,0.4639376924
2013-06-08 07:00:00,0.4625827347
2013-06-08 08:00:00,0.5925147752
2013-06-08 09:00:00,0.7256015796
2013-06-08 10:00:00,0.8445003859
2013-06-08 11:00:00,0.9591036965
2013-06-08 12:00:00,0.9808001674
2013-06-08 13:00:00,0.8842288435
2013-06-08 14:00:00,0.8779853247
2013-06-08 15:00:00,0.9763218250
2013-06-08 16:00:00,0.9971297021
2013-06-08 17:00:00,0.9973197513
2013-06-08 18:00:00,0.9800778152
2013-06-08 19:00:00,0.8902474634
2013-06-08 20:00:00,0.6622234700
2013-06-08 21:00:00,0.5170367668
2013-06-08 22:00:00,0.3976686235
2013-06-08 23:00:00,0.4086178845
2013-06-09 00:00:00,0.4181520814
2013-06-09 01:00:00,0.3959745893
2013-06-09 02:00:00,0.2980578787
2013-06-09 03:00:00,0.1831721761
2013-06-09 04:00:00,0.1603525059
2013-06-09 05:00:00,0.1484500894
2013-06-09 06:00:00,0.1299110815
2013-06-09 07:00:00,0.1259865013
2013-06-09 08:00:00,0.1214261499
2013-06-09 09:00:00,0.1018924456
2013-06-09 10:00:00,0.0472319301
2013-06-09 11:00:00,0.0564478893
2013-06-09 12:00:00,0.0764894719
2013-06-09 13:00:00,0.0943263839
2013-06-09 14:00:00,0.1196619927
2013-06-09 15:00:00,0.1297872440
2013-06-09 16:00:00,0.1503696044
2013-06-09 17:00:00,0.2620062080
2013-06-09 18:00:00,0.5360909381
2013-06-09 19:00:00,0.7236571779
2013-06-09 20:00:00,0.6361941964
2013-06-09 21:00:00,0.4715298282
2013-06-09 22:00:00,0.3350771751
2013-06-09 23:00:00,0.3133212507
2013-06-10 00:00:00,0.2943278668
2013-06-10 01:00:00,0.2561084461
2013-06-10 02:00:00,0.2279014650
2013-06-10 03:00:00,0.1586404501
2013-06-10 04:00:00,0.1196842217
2013-06-10 05:00:00,0.1455284801
2013-06-10 06:00:00,0.1034844155
2013-06-10 07:00:00,0.0621321388
2013-06-10 08:00:00,0.0186014417
2013-06-10 09:00:00,0.0000000000
2013-06-10 10:00:00,0.0000000000
2013-06-10 11:00:00,0.0000000000
2013-06-10 12:00:00,0.0000000000
2013-06-10 13:00:00,0.0000000000
2013-06-10 14:00:00,0.0000000000
2013-06-10 15:00:00,0.0116651709
2013-06-10 16:00:00,0.0470764863
2013-06-10 17:00:00,0.0851920539
2013-06-10 18:00:00,0.1128494973
2013-06-10 19:00:00,0.1292426680
2013-06-10 20:00:00,0.1276814470
2013-06-10 21:00:00,0.1034948288
2013-06-10 22:00:00,0.1414366914
2013-06-10 23:00:00,0.1808500570
2013-06-11 00:00:00,0.3260774815
2013-06-11 01:00:00,0.3664499108
2013-06-11 02:00:00,0.3123446726
2013-06-11 03:00:00,0.2610478121
2013-06-11 04:00:00,0.1650165343
2013-06-11 05:00:00,0.2159553571
2013-06-11 06:00:00,0.3567807332
2013-06-11 07:00:00,0.5512861411
2013-06-11 08:00:00,0.5230252104
2013-06-11 09:00:00,0.4616017747
2013-06-11 10:00:00,0.5012451745
2013-06-11 11:00:00,0.4207110763
2013-06-11 12:00:00,0.4093947379
2013-06-11 13:00:00,0.3823410935
2013-06-11 14:00:00,0.3363663402
2013-06-11 15:00:00,0.3148779604
2013-06-11 16:00:00,0.3080123982
2013-06-11 17:00:00,0.3604085149
2013-06-11 18:00:00,0.4343439863
2013-06-11 19:00:00,0.6048464853
2013-06-11 20:00:00,0.7909829944
2013-06-11 21:00:00,0.7473530395
2013-06-11 22:00:00,0.7591221379
2013-06-11 23:00:00,0.6400510470
2013-06-12 00:00:00,0.6580061819
2013-06-12 01:00:00,0.6531747276
2013-06-12 02:00:00,0.6731997284
2013-06-12 03:00:00,0.6362683867
2013-06-12 04:00:00,0.5791388462
2013-06-12 05:00:00,0.8026030671
2013-06-12 06:00:00,0.9239771974
2013-06-12 07:00:00,0.9240818896
2013-06-12 08:00:00,0.8579062044
2013-06-12 09:00:00,0.7139226035
2013-06-12 10:00:00,0.7379039503
2013-06-12 11:00:00,0.4678730014
2013-06-12 12:00:00,0.3220191236
2013-06-12 13:00:00,0.2890772664
2013-06-12 14:00:00,0.3714652919
2013-06-12 15:00:00,0.4785141057
2013-06-12 16:00:00,0.5257139798
2013-06-12 17:00:00,0.5505067850
2013-06-12 18:00:00,0.6384455363
2013-06-12 19:00:00,0.9668471330
2013-06-12 20:00:00,0.9982865527
2013-06-12 21:00:00,0.9823304500
2013-06-12 22:00:00,0.8506592271
2013-06-12 23:00:00,0.5917305806
2013-06-13 00:00:00,0.4790228644
2013-06-13 01:00:00,0.4814672003
2013-06-13 02:00:00,0.5162514970
2013-06-13 03:00:00,0.5355604957
2013-06-13 04:00:00,0.4126729467
2013-06-13 05:00:00,0.4153196095
2013-06-13 06:00:00,0.3601492464
2013-06-13 07:00:00,0.2765885708
2013-06-13 08:00:00,0.2154656485
2013-06-13 09:00:00,0.1447202061
2013-06-13 10:00:00,0.0968286103
2013-06-13 11:00:00,0.0936972394
2013-06-13 12:00:00,0.0929822174
2013-06-13 13:00:00,0.1110839376
2013-06-13 14:00:00,0.1629973042
2013-06-13 15:00:00,0.2868170271
2013-06-13 16:00:00,0.4082431902
2013-06-13 17:00:00,0.5204823126
2013-06-13 18:00:00,0.4629871970
2013-06-13 19:00:00,0.4905338225
2013-06-13 20:00:00,0.7363524343
2013-06-13 21:00:00,0.8549575307
2013-06-13 22:00:00,0.7369825045
2013-06-13 23:00:00,0.5753479752
2013-06-14 00:00:00,0.5044305169
2013-06-14 01:00:00,0.5383411965
2013-06-14 02:00:00,0.5384157452
2013-06-14 03:00:00,0.4650729466
2013-06-14 04:00:00,0.2992982662
2013-06-14 05:00:00,0.2944737727
2013-06-14 06:00:00,0.2474547554
2013-06-14 07:00:00,0.2401828485
2013-06-14 08:00:00,0.2346221388
2013-06-14 09:00:00,0.1717263764
2013-06-14 10:00:00,0.2111997947
2013-06-14 11:00:00,0.1717789594
2013-06-14 12:00:00,0.1708441155
2013-06-14 13:00:00,0.2164580931
2013-06-14 14:00:00,0.3312969815
2013-06-14 15:00:00,0.5283038289
2013-06-14 16:00:00,0.6745020829
2013-06-14 17:00:00,0.7058977987
2013-06-14 18:00:00,0.5957268188
2013-06-14 19:00:00,0.4782522893
2013-06-14 20:00:00,0.3524989209
2013-06-14 21:00:00,0.2527647486
2013-06-14 22:00:00,0.1811951625
2013-06-14 23:00:00,0.1325595613
2013-06-15 00:00:00,0.1083768700
2013-06-15 01:00:00,0.1159936423
2013-06-15 02:00:00,0.1241481187
2013-06-15 03:00:00,0.1096516030
2013-06-15 04:00:00,0.0590329310
2013-06-15 05:00:00,0.0341389012
2013-06-15 06:00:00,0.0455886020
2013-06-15 07:00:00,0.0659900086
2013-06-15 08:00:00,0.0909905574
2013-06-15 09:00:00,0.0967048430
2013-06-15 10:00:00,0.1036476972
2013-06-15 11:00:00,0.0904492070
2013-06-15 12:00:00,0.0854629395
2013-06-15 13:00:00,0.0940392064
2013-06-15 14:00:00,0.1172510549
2013-06-15 15:00:00,0.1359629164
2013-06-15 16:00:00,0.1493350431
2013-06-15 17:00:00,0.1749657369
2013-06-15 18:00:00,0.1965094828
2013-06-15 19:00:00,0.1792194516
2013-06-15 20:00:00,0.1313549865
2013-06-15 21:00:00,0.0723319428
2013-06-15 22:00:00,0.0000000000
2013-06-15 23:00:00,0.0000000000
2013-06-16 00:00:00,0.1711046228
2013-06-16 01:00:00,0.3455623895
2013-06-16 02:00:00,0.5062135918
2013-06-16 03:00:00,0.6795100511
2013-06-16 04:00:00,0.5864688072
2013-06-16 05:00:00,0.6091968296
2013-06-16 06:00:00,0.6179027152
2013-06-16 07:00:00,0.6148747136
2013-06-16 08:00:00,0.5705096597
2013-06-16 09:00:00,0.5353959869
2013-06-16 10:00:00,0.5295437380
2013-06-16 11:00:00,0.5289982425
2013-06-16 12:00:00,0.6067596619
2013-06-16 13:00:00,0.7305394528
2013-06-16 14:00:00,0.8586739870
2013-06-16 15:00:00,0.9386453629
2013-06-16 16:00:00,0.9579479367
2013-06-16 17:00:00,0.9697413039
2013-06-16 18:00:00,0.9691257913
2013-06-16 19:00:00,0.9760431277
2013-06-16 20:00:00,0.9861746271
2013-06-16 21:00:00,0.9917928066
2013-06-16 22:00:00,0.9882682507
2013-06-16 23:00:00,0.9920591622
2013-06-17 00:00:00,0.9955578848
2013-06-17 01:00:00,0.9955786132
2013-06-17 02:00:00,0.9922875392
2013-06-17 03:00:00,0.9687425545
2013-06-17 04:00:00,0.9853426023
2013-06-17 05:00:00,0.9973113771
2013-06-17 06:00:00,0.9985377118
2013-06-17 07:00:00,0.9986624998
2013-06-17 08:00:00,0.9984527600
2013-06-17 09:00:00,0.9984485246
2013-06-17 10:00:00,0.9996209300
2013-06-17 11:00:00,0.9993961964
2013-06-17 12:00:00,0.9995223369
2013-06-17 13:00:00,1.0000000000
2013-06-17 14:00:00,1.0000000000
2013-06-17 15:00:00,0.9994880421
2013-06-17 16:00:00,0.9998301151
2013-06-17 17:00:00,1.0000000000
2013-06-17 18:00:00,1.0000000000
2013-06-17 19:00:00,1.0000000000
2013-06-17 20:00:00,1.0000000000
2013-06-17 21:00:00,1.0000000000
2013-06-17 22:00:00,0.9998390441
2013-06-17 23:00:00,0.9987665563
2013-06-18 00:00:00,0.9976734523
2013-06-18 01:00:00,0.9966740764
2013-06-18 02:00:00,0.9898749956
2013-06-18 03:00:00,0.9873281523
2013-06-18 04:00:00,0.9926558538
2013-06-18 05:00:00,0.9974806262
2013-06-18 06:00:00,0.9975178195
2013-06-18 07:00:00,0.9978865985
2013-06-18 08:00:00,0.9982845238
2013-06-18 09:00:00,0.9985897650
2013-06-18 10:00:00,0.9988917494
2013-06-18 11:00:00,0.9988189928
2013-06-18 12:00:00,0.9982277054
2013-06-18 13:00:00,0.9971503869
2013-06-18 14:00:00,0.9872034173
2013-06-18 15:00:00,0.9765219844
2013-06-18 16:00:00,0.9523247551
2013-06-18 17:00:00,0.9422823526
2013-06-18 18:00:00,0.9738054992
2013-06-18 19:00:00,0.9501450483
2013-06-18 20:00:00,0.8993921654
2013-06-18 21:00:00,0.7491301555
2013-06-18 22:00:00,0.5705664672
2013-06-18 23:00:00,0.3278159721
2013-06-19 00:00:00,0.3445598113
2013-06-19 01:00:00,0.4726523589
2013-06-19 02:00:00,0.4546511874
2013-06-19 03:00:00,0.4801776518
2013-06-19 04:00:00,0.4125767829
2013-06-19 05:00:00,0.5644760568
2013-06-19 06:00:00,0.5823989164
2013-06-19 07:00:00,0.4750078098
2013-06-19 08:00:00,0.4105976999
2013-06-19 09:00:00,0.3711579049
2013-06-19 10:00:00,0.2124478708
2013-06-19 11:00:00,0.2040584570
2013-06-19 12:00:00,0.1767133513
2013-06-19 13:00:00,0.1624572511
2013-06-19 14:00:00,0.1680334409
2013-06-19 15:00:00,0.2432428466
2013-06-19 16:00:00,0.3981739041
2013-06-19 17:00:00,0.5451622196
2013-06-19 18:00:00,0.5589623233
2013-06-19 19:00:00,0.4737777570
2013-06-19 20:00:00,0.3729459055
2013-06-19 21:00:00,0.2715546384
2013-06-19 22:00:00,0.1714604626
2013-06-19 23:00:00,0.1434452978
2013-06-20 00:00:00,0.1584575340
2013-06-20 01:00:00,0.2335006053
2013-06-20 02:00:00,0.2554217289
2013-06-20 03:00:00,0.1702787128
2013-06-20 04:00:00,0.0803745027
2013-06-20 05:00:00,0.0481743092
2013-06-20 06:00:00,0.0283290475
2013-06-20 07:00:00,0.0151303068
2013-06-20 08:00:00,0.0000000000
2013-06-20 09:00:00,0.0000000000
2013-06-20 10:00:00,0.0000000000
2013-06-20 11:00:00,0.0000000000
2013-06-20 12:00:00,0.0000000000
2013-06-20 13:00:00,0.0000000000
2013-06-20 14:00:00,0.0268738020
2013-06-20 15:00:00,0.0778976141
2013-06-20 16:00:00,0.2150978045
2013-06-20 17:00:00,0.3125013323
2013-06-20 18:00:00,0.2440635675
2013-06-20 19:00:00,0.2173218041
2013-06-20 20:00:00,0.2612332737
2013-06-20 21:00:00,0.4039715583
2013-06-20 22:00:00,0.6568556019
2013-06-20 23:00:00,0.8257815604
2013-06-21 00:00:00,0.8546705745
2013-06-21 01:00:00,0.8052651087
2013-06-21 02:00:00,0.7489616918
2013-06-21 03:00:00,0.5359647788
2013-06-21 04:00:00,0.2937867595
2013-06-21 05:00:00,0.1856086394
2013-06-21 06:00:00,0.0580152811
2013-06-21 07:00:00,0.0000000000
2013-06-21 08:00:00,0.0000000000
2013-06-21 09:00:00,0.0000000000
2013-06-21 10:00:00,0.0000000000
2013-06-21 11:00:00,0.0000000000
2013-06-21 12:00:00,0.0000000000
2013-06-21 13:00:00,0.0299107697
2013-06-21 14:00:00,0.0313298854
2013-06-21 15:00:00,0.0404282142
2013-06-21 16:00:00,0.0000000000
2013-06-21 17:00:00,0.0000000000
2013-06-21 18:00:00,0.0000000000
2013-06-21 19:00:00,0.0230740535
2013-06-21 20:00:00,0.0537119192
2013-06-21 21:00:00,0.0722840487
2013-06-21 22:00:00,0.1164184481
2013-06-21 23:00:00,0.4523493184
2013-06-22 00:00:00,0.9251265619
2013-06-22 01:00:00,0.9736943401
2013-06-22 02:00:00,0.9077168571
2013-06-22 03:00:00,0.7431712899
2013-06-22 04:00:00,0.5468797060
2013-06-22 05:00:00,0.3976467980
2013-06-22 06:00:00,0.3588471179
2013-06-22 07:00:00,0.3674494862
2013-06-22 08:00:00,0.4948959943
2013-06-22 09:00:00,0.6072485291
2013-06-22 10:00:00,0.6005221255
2013-06-22 11:00:00,0.6141629172
2013-06-22 12:00:00,0.6035081935
2013-06-22 13:00:00,0.4243486722
2013-06-22 14:00:00,0.3724462643
2013-06-22 15:00:00,0.3056241251
2013-06-22 16:00:00,0.2209238570
2013-06-22 17:00:00,0.1695454354
2013-06-22 18:00:00,0.1563968261
2013-06-22 19:00:00,0.1473909149
2013-06-22 20:00:00,0.1342735805
2013-06-22 21:00:00,0.1129620800
2013-06-22 22:00:00,0.0644272449
2013-06-22 23:00:00,0.0443982856
2013-06-23 00:00:00,0.0400743843
2013-06-23 01:00:00,0.0351051860
2013-06-23 02:00:00,0.0256393345
2013-06-23 03:00:00,0.0000000000
2013-06-23 04:00:00,0.0000000000
2013-06-23 05:00:00,0.0000000000
2013-06-23 06:00:00,0.0000000000
2013-06-23 07:00:00,0.0000000000
2013-06-23 08:00:00,0.0000000000
2013-06-23 09:00:00,0.0000000000
2013-06-23 10:00:00,0.0000000000
2013-06-23 11:00:00,0.0000000000
2013-06-23 12:00:00,0.0000000000
2013-06-23 13:00:00,0.0000000000
2013-06-23 14:00:00,0.0000000000
2013-06-23 15:00:00,0.0000000000
2013-06-23 16:00:00,0.0440760438
2013-06-23 17:00:00,0.1297254305
2013-06-23 18:00:00,0.2358260404
2013-06-23 19:00:00,0.2663056960
2013-06-23 20:00:00,0.2601007854
2013-06-23 21:00:00,0.2649682643
2013-06-23 22:00:00,0.3191412430
2013-06-23 23:00:00,0.3598384172
2013-06-24 00:00:00,0.3385490296
2013-06-24 01:00:00,0.2337956740
2013-06-24 02:00:00,0.1329226587
2013-06-24 03:00:00,0.0714144052
2013-06-24 04:00:00,0.0498327087
2013-06-24 05:00:00,0.0338455700
2013-06-24 06:00:00,0.0296009101
2013-06-24 07:00:00,0.0433387842
2013-06-24 08:00:00,0.0233764341
2013-06-24 09:00:00,0.0000000000
2013-06-24 10:00:00,0.0000000000
2013-06-24 11:00:00,0.0000000000
2013-06-24 12:00:00,0.0000000000
2013-06-24 13:00:00,0.0154041835
2013-06-24 14:00:00,0.0308565606
2013-06-24 15:00:00,0.0721860867
2013-06-24 16:00:00,0.2184544700
2013-06-24 17:00:00,0.4316538191
2013-06-24 18:00:00,0.5080932574
2013-06-24 19:00:00,0.4647095219
2013-06-24 20:00:00,0.4279421046
2013-06-24 21:00:00,0.4124813516
2013-06-24 22:00:00,0.5279724816
2013-06-24 23:00:00,0.4705069346
2013-06-25 00:00:00,0.4605735050
2013-06-25 01:00:00,0.4479322932
2013-06-25 02:00:00,0.4014474987
2013-06-25 03:00:00,0.2907258732
2013-06-25 04:00:00,0.1879384564
2013-06-25 05:00:00,0.1503868547
2013-06-25 06:00:00,0.0616085062
2013-06-25 07:00:00,0.0000000000
2013-06-25 08:00:00,0.0000000000
2013-06-25 09:00:00,0.0000000000
2013-06-25 10:00:00,0.0000000000
2013-06-25 11:00:00,0.0000000000
2013-06-25 12:00:00,0.0000000000
2013-06-25 13:00:00,0.0624904913
2013-06-25 14:00:00,0.2896714304
2013-06-25 15:00:00,0.8401946367
2013-06-25 16:00:00,0.9715562303
2013-06-25 17:00:00,0.9443880405
2013-06-25 18:00:00,0.8429974575
2013-06-25 19:00:00,0.7352340549
2013-06-25 20:00:00,0.8016704298
2013-06-25 21:00:00,0.7732263640
2013-06-25 22:00:00,0.7126214270
2013-06-25 23:00:00,0.5177917512
2013-06-26 00:00:00,0.4712002729
2013-06-26 01:00:00,0.3733750901
2013-06-26 02:00:00,0.2110343478
2013-06-26 03:00:00,0.1374473174
2013-06-26 04:00:00,0.1082668468
2013-06-26 05:00:00,0.0983876574
2013-06-26 06:00:00,0.0488775856
2013-06-26 07:00:00,0.0000000000
2013-06-26 08:00:00,0.0000000000
2013-06-26 09:00:00,0.0000000000
2013-06-26 10:00:00,0.0291730921
2013-06-26 11:00:00,0.0664786498
2013-06-26 12:00:00,0.1129693728
2013-06-26 13:00:00,0.1916350757
2013-06-26 14:00:00,0.3675520217
2013-06-26 15:00:00,0.5595832635
2013-06-26 16:00:00,0.7771626828
2013-06-26 17:00:00,0.7844763270
2013-06-26 18:00:00,0.5146254044
2013-06-26 19:00:00,0.3439330992
2013-06-26 20:00:00,0.3298082383
2013-06-26 21:00:00,0.4099339286
2013-06-26 22:00:00,0.4544583645
2013-06-26 23:00:00,0.5159258842
2013-06-27 00:00:00,0.4168963869
2013-06-27 01:00:00,0.2548944187
2013-06-27 02:00:00,0.1321208360
2013-06-27 03:00:00,0.1234219588
2013-06-27 04:00:00,0.2377396939
2013-06-27 05:00:00,0.2043549469
2013-06-27 06:00:00,0.1452526859
2013-06-27 07:00:00,0.1349857508
2013-06-27 08:00:00,0.1787681735
2013-06-27 09:00:00,0.1940764539
2013-06-27 10:00:00,0.1648999546
2013-06-27 11:00:00,0.1796988568
2013-06-27 12:00:00,0.1750074243
2013-06-27 13:00:00,0.1982010798
2013-06-27 14:00:00,0.3162506920
2013-06-27 15:00:00,0.6819056530
2013-06-27 16:00:00,0.6198413388
2013-06-27 17:00:00,0.3494752934
2013-06-27 18:00:00,0.2204394185
2013-06-27 19:00:00,0.2479059743
2013-06-27 20:00:00,0.3219848474
2013-06-27 21:00:00,0.4030483720
2013-06-27 22:00:00,0.4237187376
2013-06-27 23:00:00,0.3551779557
2013-06-28 00:00:00,0.2923621041
2013-06-28 01:00:00,0.2425261666
2013-06-28 02:00:00,0.1908558054
2013-06-28 03:00:00,0.1149104506
2013-06-28 04:00:00,0.0886765882
2013-06-28 05:00:00,0.0782550784
2013-06-28 06:00:00,0.0868496007
2013-06-28 07:00:00,0.1032240835
2013-06-28 08:00:00,0.0921343822
2013-06-28 09:00:00,0.0860782464
2013-06-28 10:00:00,0.0570166111
2013-06-28 11:00:00,0.0578955342
2013-06-28 12:00:00,0.0710159190
2013-06-28 13:00:00,0.0923516470
2013-06-28 14:00:00,0.1040002762
2013-06-28 15:00:00,0.1375074480
2013-06-28 16:00:00,0.1697656921
2013-06-28 17:00:00,0.2470127741
2013-06-28 18:00:00,0.3394561764
2013-06-28 19:00:00,0.4107048496
2013-06-28 20:00:00,0.3968491445
2013-06-28 21:00:00,0.3475283626
2013-06-28 22:00:00,0.3661278759
2013-06-28 23:00:00,0.2577670602
2013-06-29 00:00:00,0.1622860104
2013-06-29 01:00:00,0.0937963701
2013-06-29 02:00:00,0.0470272513
2013-06-29 03:00:00,0.0000000000
2013-06-29 04:00:00,0.0000000000
2013-06-29 05:00:00,0.0000000000
2013-06-29 06:00:00,0.0000000000
2013-06-29 07:00:00,0.0214634433
2013-06-29 08:00:00,0.0000000000
2013-06-29 09:00:00,0.0000000000
2013-06-29 10:00:00,0.0000000000
2013-06-29 11:00:00,0.0000000000
2013-06-29 12:00:00,0.0000000000
2013-06-29 13:00:00,0.0000000000
2013-06-29 14:00:00,0.0000000000
2013-06-29 15:00:00,0.0000000000
2013-06-29 16:00:00,0.0000000000
2013-06-29 17:00:00,0.0489229003
2013-06-29 18:00:00,0.1246957802
2013-06-29 19:00:00,0.1406290835
2013-06-29 20:00:00,0.0472863846
2013-06-29 21:00:00,0.0000000000
2013-06-29 22:00:00,0.2628039535
2013-06-29 23:00:00,0.3591452767
2013-06-30 00:00:00,0.3471592345
2013-06-30 01:00:00,0.2453536863
2013-06-30 02:00:00,0.1415715031
2013-06-30 03:00:00,0.0590062843
2013-06-30 04:00:00,0.0000000000
2013-06-30 05:00:00,0.0000000000
2013-06-30 06:00:00,0.0000000000
2013-06-30 07:00:00,0.0000000000
2013-06-30 08:00:00,0.0000000000
2013-06-30 09:00:00,0.0000000000
2013-06-30 10:00:00,0.0000000000
2013-06-30 11:00:00,0.0000000000
2013-06-30 12:00:00,0.0000000000
2013-06-30 13:00:00,0.0000000000
2013-06-30 14:00:00,0.0000000000
2013-06-30 15:00:00,0.0859681531
2013-06-30 16:00:00,0.3225891481
2013-06-30 17:00:00,0.4725299630
2013-06-30 18:00:00,0.4224282542
2013-06-30 19:00:00,0.3602862046
2013-06-30 20:00:00,0.2866576201
2013-06-30 21:00:00,0.2076505617
2013-06-30 22:00:00,0.1024117423
2013-06-30 23:00:00,0.0756758101
2013-07-01 00:00:00,0.0556107128
2013-07-01 01:00:00,0.0507859623
2013-07-01 02:00:00,0.0498761383
2013-07-01 03:00:00,0.0117075369
2013-07-01 04:00:00,0.0000000000
2013-07-01 05:00:00,0.0000000000
2013-07-01 06:00:00,0.0000000000
2013-07-01 07:00:00,0.0000000000
2013-07-01 08:00:00,0.0000000000
2013-07-01 09:00:00,0.0000000000
2013-07-01 10:00:00,0.0000000000
2013-07-01 11:00:00,0.0653075471
2013-07-01 12:00:00,0.1494325844
2013-07-01 13:00:00,0.2930809750
2013-07-01 14:00:00,0.4383102819
2013-07-01 15:00:00,0.5916124855
2013-07-01 16:00:00,0.5797083549
2013-07-01 17:00:00,0.5311282554
2013-07-01 18:00:00,0.5533718907
2013-07-01 19:00:00,0.5576871112
2013-07-01 20:00:00,0.5195531424
2013-07-01 21:00:00,0.4765394622
2013-07-01 22:00:00,0.1684112642
2013-07-01 23:00:00,0.1318202884
2013-07-02 00:00:00,0.1227859072
2013-07-02 01:00:00,0.1074597649
2013-07-02 02:00:00,0.0841809955
2013-07-02 03:00:00,0.0598283609
2013-07-02 04:00:00,0.0395191857
2013-07-02 05:00:00,0.0772594704
2013-07-02 06:00:00,0.0980128494
2013-07-02 07:00:00,0.0543902668
2013-07-02 08:00:00,0.0411168602
2013-07-02 09:00:00,0.0523412228
2013-07-02 10:00:00,0.0528602273
2013-07-02 11:00:00,0.0891546876
2013-07-02 12:00:00,0.1658356423
2013-07-02 13:00:00,0.3239281894
2013-07-02 14:00:00,0.5711180556
2013-07-02 15:00:00,0.8688614665
2013-07-02 16:00:00,0.9646625706
2013-07-02 17:00:00,0.9569608215
2013-07-02 18:00:00,0.9152383555
2013-07-02 19:00:00,0.8750425725
2013-07-02 20:00:00,0.8647225698
2013-07-02 21:00:00,0.7508607378
2013-07-02 22:00:00,0.4767695595
2013-07-02 23:00:00,0.4999400354
2013-07-03 00:00:00,0.6080594250
2013-07-03 01:00:00,0.5905634282
2013-07-03 02:00:00,0.4409702011
2013-07-03 03:00:00,0.3469384901
2013-07-03 04:00:00,0.3521864071
2013-07-03 05:00:00,0.2708172923
2013-07-03 06:00:00,0.2312503142
2013-07-03 07:00:00,0.2053679391
2013-07-03 08:00:00,0.1522938878
2013-07-03 09:00:00,0.1211928854
2013-07-03 10:00:00,0.1394422498
2013-07-03 11:00:00,0.0993524463
2013-07-03 12:00:00,0.0911125015
2013-07-03 13:00:00,0.0775233905
2013-07-03 14:00:00,0.0817429084
2013-07-03 15:00:00,0.0696713083
2013-07-03 16:00:00,0.0455688086
2013-07-03 17:00:00,0.0208976701
2013-07-03 18:00:00,0.0000000000
2013-07-03 19:00:00,0.0000000000
2013-07-03 20:00:00,0.0000000000
2013-07-03 21:00:00,0.0000000000
2013-07-03 22:00:00,0.0000000000
2013-07-03 23:00:00,0.0000000000
2013-07-04 00:00:00,0.0000000000
2013-07-04 01:00:00,0.0000000000
2013-07-04 02:00:00,0.0000000000
2013-07-04 03:00:00,0.0000000000
2013-07-04 04:00:00,0.0000000000
2013-07-04 05:00:00,0.0000000000
2013-07-04 06:00:00,0.0000000000
2013-07-04 07:00:00,0.0144310523
2013-07-04 08:00:00,0.0186283639
2013-07-04 09:00:00,0.0000000000
2013-07-04 10:00:00,0.0000000000
2013-07-04 11:00:00,0.0000000000
2013-07-04 12:00:00,0.0000000000
2013-07-04 13:00:00,0.0000000000
2013-07-04 14:00:00,0.0000000000
2013-07-04 15:00:00,0.0000000000
2013-07-04 16:00:00,0.0000000000
2013-07-04 17:00:00,0.0000000000
2013-07-04 18:00:00,0.0000000000
2013-07-04 19:00:00,0.0704230748
2013-07-04 20:00:00,0.2460350149
2013-07-04 21:00:00,0.4183258060
2013-07-04 22:00:00,0.4996789359
2013-07-04 23:00:00,0.4213448927
2013-07-05 00:00:00,0.2852178648
2013-07-05 01:00:00,0.3275389796
2013-07-05 02:00:00,0.4416705191
2013-07-05 03:00:00,0.4302808677
2013-07-05 04:00:00,0.4018781481
2013-07-05 05:00:00,0.3792571164
2013-07-05 06:00:00,0.3259160612
2013-07-05 07:00:00,0.2111363162
2013-07-05 08:00:00,0.0922992884
2013-07-05 09:00:00,0.0136289558
2013-07-05 10:00:00,0.0000000000
2013-07-05 11:00:00,0.0000000000
2013-07-05 12:00:00,0.0233599509
2013-07-05 13:00:00,0.0442310583
2013-07-05 14:00:00,0.0433736260
2013-07-05 15:00:00,0.0596719630
2013-07-05 16:00:00,0.1261307796
2013-07-05 17:00:00,0.2560617254
2013-07-05 18:00:00,0.3595843487
2013-07-05 19:00:00,0.3874616467
2013-07-05 20:00:00,0.2776723251
2013-07-05 21:00:00,0.1519491626
2013-07-05 22:00:00,0.0967066662
2013-07-05 23:00:00,0.1465951929
2013-07-06 00:00:00,0.1828495724
2013-07-06 01:00:00,0.1673137324
2013-07-06 02:00:00,0.1515879584
2013-07-06 03:00:00,0.1825367391
2013-07-06 04:00:00,0.1501827965
2013-07-06 05:00:00,0.1487813861
2013-07-06 06:00:00,0.1565933461
2013-07-06 07:00:00,0.2328886175
2013-07-06 08:00:00,0.2834346029
2013-07-06 09:00:00,0.2876684806
2013-07-06 10:00:00,0.4193325588
2013-07-06 11:00:00,0.3411943741
2013-07-06 12:00:00,0.2702548675
2013-07-06 13:00:00,0.2559846273
2013-07-06 14:00:00,0.2900730270
2013-07-06 15:00:00,0.3560814406
2013-07-06 16:00:00,0.3579986360
2013-07-06 17:00:00,0.3974078901
2013-07-06 18:00:00,0.4188663882
2013-07-06 19:00:00,0.4239079890
2013-07-06 20:00:00,0.4078770650
2013-07-06 21:00:00,0.4898349288
2013-07-06 22:00:00,0.6569651622
2013-07-06 23:00:00,0.6538075466
2013-07-07 00:00:00,0.5753872208
2013-07-07 01:00:00,0.4772252740
2013-07-07 02:00:00,0.4370721649
2013-07-07 03:00:00,0.3498585567
2013-07-07 04:00:00,0.2234767372
2013-07-07 05:00:00,0.2233349763
2013-07-07 06:00:00,0.3192023982
2013-07-07 07:00:00,0.5479999072
2013-07-07 08:00:00,0.5933002241
2013-07-07 09:00:00,0.5496147100
2013-07-07 10:00:00,0.5011179400
2013-07-07 11:00:00,0.4601643833
2013-07-07 12:00:00,0.4411176326
2013-07-07 13:00:00,0.4625214471
2013-07-07 14:00:00,0.5069569279
2013-07-07 15:00:00,0.5418720432
2013-07-07 16:00:00,0.5397045768
2013-07-07 17:00:00,0.5387562319
2013-07-07 18:00:00,0.5365312411
2013-07-07 19:00:00,0.4345182235
2013-07-07 20:00:00,0.3763683232
2013-07-07 21:00:00,0.5508080261
2013-07-07 22:00:00,0.6605936125
2013-07-07 23:00:00,0.4494231043
2013-07-08 00:00:00,0.1791997922
2013-07-08 01:00:00,0.3808056233
2013-07-08 02:00:00,0.7418964236
2013-07-08 03:00:00,0.7720960075
2013-07-08 04:00:00,0.6491920714
2013-07-08 05:00:00,0.6271100122
2013-07-08 06:00:00,0.6215831969
2013-07-08 07:00:00,0.4085592195
2013-07-08 08:00:00,0.2454429234
2013-07-08 09:00:00,0.1094836230
2013-07-08 10:00:00,0.0591614433
2013-07-08 11:00:00,0.0000000000
2013-07-08 12:00:00,0.0000000000
2013-07-08 13:00:00,0.0000000000
2013-07-08 14:00:00,0.0000000000
2013-07-08 15:00:00,0.0321981069
2013-07-08 16:00:00,0.1461650227
2013-07-08 17:00:00,0.3291265232
2013-07-08 18:00:00,0.4086621945
2013-07-08 19:00:00,0.4481980801
2013-07-08 20:00:00,0.4673042095
2013-07-08 21:00:00,0.4630479470
2013-07-08 22:00:00,0.4178504071
2013-07-08 23:00:00,0.4518276570
2013-07-09 00:00:00,0.4435440637
2013-07-09 01:00:00,0.4445913181
2013-07-09 02:00:00,0.4502701993
2013-07-09 03:00:00,0.3958675129
2013-07-09 04:00:00,0.2925659223
2013-07-09 05:00:00,0.3893813323
2013-07-09 06:00:00,0.4599113480
2013-07-09 07:00:00,0.3098983936
2013-07-09 08:00:00,0.1694609722
2013-07-09 09:00:00,0.0896225490
2013-07-09 10:00:00,0.0872010811
2013-07-09 11:00:00,0.0756601960
2013-07-09 12:00:00,0.0629904691
2013-07-09 13:00:00,0.0637046730
2013-07-09 14:00:00,0.0736511221
2013-07-09 15:00:00,0.0791111179
2013-07-09 16:00:00,0.0661238736
2013-07-09 17:00:00,0.0427634194
2013-07-09 18:00:00,0.0289795527
2013-07-09 19:00:00,0.0513897924
2013-07-09 20:00:00,0.1383783771
2013-07-09 21:00:00,0.3886135606
2013-07-09 22:00:00,0.5744446103
2013-07-09 23:00:00,0.6697727278
2013-07-10 00:00:00,0.6250409285
2013-07-10 01:00:00,0.5224395733
2013-07-10 02:00:00,0.3850363142
2013-07-10 03:00:00,0.1849191391
2013-07-10 04:00:00,0.1020636862
2013-07-10 05:00:00,0.0660728006
2013-07-10 06:00:00,0.0188754201
2013-07-10 07:00:00,0.0000000000
2013-07-10 08:00:00,0.0000000000
2013-07-10 09:00:00,0.0000000000
2013-07-10 10:00:00,0.0000000000
2013-07-10 11:00:00,0.0000000000
2013-07-10 12:00:00,0.0150501389
2013-07-10 13:00:00,0.0159579699
2013-07-10 14:00:00,0.0000000000
2013-07-10 15:00:00,0.0000000000
2013-07-10 16:00:00,0.0300076129
2013-07-10 17:00:00,0.0691787636
2013-07-10 18:00:00,0.1478837051
2013-07-10 19:00:00,0.3327559895
2013-07-10 20:00:00,0.5836993962
2013-07-10 21:00:00,0.6049663724
2013-07-10 22:00:00,0.5902715057
2013-07-10 23:00:00,0.4270686480
2013-07-11 00:00:00,0.2635987974
2013-07-11 01:00:00,0.1565913126
2013-07-11 02:00:00,0.1198105835
2013-07-11 03:00:00,0.0840278233
2013-07-11 04:00:00,0.0281730049
2013-07-11 05:00:00,0.0000000000
2013-07-11 06:00:00,0.0000000000
2013-07-11 07:00:00,0.0000000000
2013-07-11 08:00:00,0.0000000000
2013-07-11 09:00:00,0.0000000000
2013-07-11 10:00:00,0.0400711984
2013-07-11 11:00:00,0.0586557856
2013-07-11 12:00:00,0.0938190666
2013-07-11 13:00:00,0.1786223268
2013-07-11 14:00:00,0.2001790408
2013-07-11 15:00:00,0.1874898431
2013-07-11 16:00:00,0.1715903002
2013-07-11 17:00:00,0.3006134314
2013-07-11 18:00:00,0.7474429654
2013-07-11 19:00:00,0.8509877523
2013-07-11 20:00:00,0.7142565858
2013-07-11 21:00:00,0.5700865602
2013-07-11 22:00:00,0.4118765382
2013-07-11 23:00:00,0.2842998536
2013-07-12 00:00:00,0.1157776982
2013-07-12 01:00:00,0.0896275277
2013-07-12 02:00:00,0.0956959818
2013-07-12 03:00:00,0.0720530398
2013-07-12 04:00:00,0.0459832615
2013-07-12 05:00:00,0.0337420160
2013-07-12 06:00:00,0.0000000000
2013-07-12 07:00:00,0.0000000000
2013-07-12 08:00:00,0.0000000000
2013-07-12 09:00:00,0.0000000000
2013-07-12 10:00:00,0.0000000000
2013-07-12 11:00:00,0.0386352379
2013-07-12 12:00:00,0.1174793758
2013-07-12 13:00:00,0.1609300398
2013-07-12 14:00:00,0.1570248136
2013-07-12 15:00:00,0.1566225173
2013-07-12 16:00:00,0.1284760470
2013-07-12 17:00:00,0.0977119745
2013-07-12 18:00:00,0.0656153875
2013-07-12 19:00:00,0.0575317589
2013-07-12 20:00:00,0.1604470669
2013-07-12 21:00:00,0.4985596308
2013-07-12 22:00:00,0.6578540148
2013-07-12 23:00:00,0.4881163672
2013-07-13 00:00:00,0.2269626100
2013-07-13 01:00:00,0.1100369294
2013-07-13 02:00:00,0.0815097023
2013-07-13 03:00:00,0.0698298566
2013-07-13 04:00:00,0.0465620043
2013-07-13 05:00:00,0.0631844764
2013-07-13 06:00:00,0.1196530870
2013-07-13 07:00:00,0.1632436818
2013-07-13 08:00:00,0.1896604307
2013-07-13 09:00:00,0.2232701950
2013-07-13 10:00:00,0.2663473834
2013-07-13 11:00:00,0.3446203805
2013-07-13 12:00:00,0.3426266496
2013-07-13 13:00:00,0.3260837069
2013-07-13 14:00:00,0.3713756465
2013-07-13 15:00:00,0.4541840039
2013-07-13 16:00:00,0.4519823096
2013-07-13 17:00:00,0.4050258437
2013-07-13 18:00:00,0.3747571231
2013-07-13 19:00:00,0.3437145520
2013-07-13 20:00:00,0.3068257687
2013-07-13 21:00:00,0.2953667952
2013-07-13 22:00:00,0.2472992567
2013-07-13 23:00:00,0.2056756207
2013-07-14 00:00:00,0.1657130321
2013-07-14 01:00:00,0.1429741406
2013-07-14 02:00:00,0.1178176146
2013-07-14 03:00:00,0.0736812984
2013-07-14 04:00:00,0.0304295561
2013-07-14 05:00:00,0.0438328853
2013-07-14 06:00:00,0.0339184735
2013-07-14 07:00:00,0.0000000000
2013-07-14 08:00:00,0.0000000000
2013-07-14 09:00:00,0.0000000000
2013-07-14 10:00:00,0.0000000000
2013-07-14 11:00:00,0.0000000000
2013-07-14 12:00:00,0.0000000000
2013-07-14 13:00:00,0.0000000000
2013-07-14 14:00:00,0.0000000000
2013-07-14 15:00:00,0.0000000000
2013-07-14 16:00:00,0.0000000000
2013-07-14 17:00:00,0.0528128241
2013-07-14 18:00:00,0.1370320834
2013-07-14 19:00:00,0.3244750702
2013-07-14 20:00:00,0.4515187101
2013-07-14 21:00:00,0.4558885877
2013-07-14 22:00:00,0.4198048816
2013-07-14 23:00:00,0.2813261319
2013-07-15 00:00:00,0.2047587345
2013-07-15 01:00:00,0.2091635068
2013-07-15 02:00:00,0.2513347638
2013-07-15 03:00:00,0.1938944268
2013-07-15 04:00:00,0.0991473011
2013-07-15 05:00:00,0.0790423272
2013-07-15 06:00:00,0.0455601772
2013-07-15 07:00:00,0.0000000000
2013-07-15 08:00:00,0.0000000000
2013-07-15 09:00:00,0.0000000000
2013-07-15 10:00:00,0.0000000000
2013-07-15 11:00:00,0.0000000000
2013-07-15 12:00:00,0.0000000000
2013-07-15 13:00:00,0.0000000000
2013-07-15 14:00:00,0.0000000000
2013-07-15 15:00:00,0.0499477573
2013-07-15 16:00:00,0.1097869756
2013-07-15 17:00:00,0.1877759703
2013-07-15 18:00:00,0.2422392696
2013-07-15 19:00:00,0.2687033734
2013-07-15 20:00:00,0.2534146932
2013-07-15 21:00:00,0.2441486003
2013-07-15 22:00:00,0.2539077179
2013-07-15 23:00:00,0.2451723105
2013-07-16 00:00:00,0.2491764929
2013-07-16 01:00:00,0.2177536005
2013-07-16 02:00:00,0.1584109372
2013-07-16 03:00:00,0.0893016656
2013-07-16 04:00:00,0.0208611110
2013-07-16 05:00:00,0.0000000000
2013-07-16 06:00:00,0.0000000000
2013-07-16 07:00:00,0.0000000000
2013-07-16 08:00:00,0.0000000000
2013-07-16 09:00:00,0.0000000000
2013-07-16 10:00:00,0.0000000000
2013-07-16 11:00:00,0.0000000000
2013-07-16 12:00:00,0.0000000000
2013-07-16 13:00:00,0.0000000000
2013-07-16 14:00:00,0.0000000000
2013-07-16 15:00:00,0.0000000000
2013-07-16 16:00:00,0.0119192881
2013-07-16 17:00:00,0.0275915281
2013-07-16 18:00:00,0.0422179368
2013-07-16 19:00:00,0.2425133761
2013-07-16 20:00:00,0.8050593395
2013-07-16 21:00:00,0.9702542966
2013-07-16 22:00:00,0.9675017120
2013-07-16 23:00:00,0.8769153084
2013-07-17 00:00:00,0.7556709869
2013-07-17 01:00:00,0.5767764063
2013-07-17 02:00:00,0.4127467723
2013-07-17 03:00:00,0.2362747722
2013-07-17 04:00:00,0.1043741025
2013-07-17 05:00:00,0.0655576996
2013-07-17 06:00:00,0.0539762366
2013-07-17 07:00:00,0.0632706577
2013-07-17 08:00:00,0.0713152745
2013-07-17 09:00:00,0.0888315369
2013-07-17 10:00:00,0.1808979028
2013-07-17 11:00:00,0.2722835759
2013-07-17 12:00:00,0.3074753316
2013-07-17 13:00:00,0.3015328093
2013-07-17 14:00:00,0.3159206007
2013-07-17 15:00:00,0.3735102174
2013-07-17 16:00:00,0.3611365175
2013-07-17 17:00:00,0.3176837731
2013-07-17 18:00:00,0.2998062567
2013-07-17 19:00:00,0.3267390557
2013-07-17 20:00:00,0.7198206023
2013-07-17 21:00:00,0.7617160479
2013-07-17 22:00:00,0.6361848778
2013-07-17 23:00:00,0.5974475309
2013-07-18 00:00:00,0.5172100566
2013-07-18 01:00:00,0.4108912446
2013-07-18 02:00:00,0.2989482537
2013-07-18 03:00:00,0.1592682623
2013-07-18 04:00:00,0.1120855060
2013-07-18 05:00:00,0.1136541600
2013-07-18 06:00:00,0.0894030636
2013-07-18 07:00:00,0.0685835586
2013-07-18 08:00:00,0.0508530000
2013-07-18 09:00:00,0.0476953469
2013-07-18 10:00:00,0.0000000000
2013-07-18 11:00:00,0.0000000000
2013-07-18 12:00:00,0.0000000000
2013-07-18 13:00:00,0.0229172991
2013-07-18 14:00:00,0.0492793906
2013-07-18 15:00:00,0.0841832628
2013-07-18 16:00:00,0.1640586876
2013-07-18 17:00:00,0.3101022197
2013-07-18 18:00:00,0.4983607149
2013-07-18 19:00:00,0.7746999311
2013-07-18 20:00:00,0.9230529685
2013-07-18 21:00:00,0.8212980289
2013-07-18 22:00:00,0.5738811945
2013-07-18 23:00:00,0.4944947576
2013-07-19 00:00:00,0.5139234643
2013-07-19 01:00:00,0.5504281147
2013-07-19 02:00:00,0.5688853591
2013-07-19 03:00:00,0.4837230140
2013-07-19 04:00:00,0.4275852076
2013-07-19 05:00:00,0.3711413527
2013-07-19 06:00:00,0.2847358542
2013-07-19 07:00:00,0.2255581469
2013-07-19 08:00:00,0.1384540750
2013-07-19 09:00:00,0.0776086368
2013-07-19 10:00:00,0.0291402500
2013-07-19 11:00:00,0.0000000000
2013-07-19 12:00:00,0.0000000000
2013-07-19 13:00:00,0.0138701937
2013-07-19 14:00:00,0.0305879938
2013-07-19 15:00:00,0.0641471031
2013-07-19 16:00:00,0.3489533141
2013-07-19 17:00:00,0.9996697918
2013-07-19 18:00:00,1.0000000000
2013-07-19 19:00:00,0.9999968149
2013-07-19 20:00:00,0.9815225477
2013-07-19 21:00:00,0.9115693896
2013-07-19 22:00:00,0.9324611776
2013-07-19 23:00:00,0.9171373829
2013-07-20 00:00:00,0.9284846487
2013-07-20 01:00:00,0.8955325270
2013-07-20 02:00:00,0.7752100346
2013-07-20 03:00:00,0.6644586582
2013-07-20 04:00:00,0.6594573657
2013-07-20 05:00:00,0.6128210414
2013-07-20 06:00:00,0.5425012267
2013-07-20 07:00:00,0.4853319031
2013-07-20 08:00:00,0.3902366987
2013-07-20 09:00:00,0.3441237422
2013-07-20 10:00:00,0.1117411665
2013-07-20 11:00:00,0.0985543751
2013-07-20 12:00:00,0.1102725431
2013-07-20 13:00:00,0.1079443156
2013-07-20 14:00:00,0.0851082568
2013-07-20 15:00:00,0.0654413186
2013-07-20 16:00:00,0.0504865600
2013-07-20 17:00:00,0.0666337855
2013-07-20 18:00:00,0.1100981469
2013-07-20 19:00:00,0.2201181767
2013-07-20 20:00:00,0.3974886735
2013-07-20 21:00:00,0.4911592427
2013-07-20 22:00:00,0.5266506765
2013-07-20 23:00:00,0.4074877960
2013-07-21 00:00:00,0.2829315709
2013-07-21 01:00:00,0.1613664861
2013-07-21 02:00:00,0.0936433381
2013-07-21 03:00:00,0.0395661047
2013-07-21 04:00:00,0.0107874368
2013-07-21 05:00:00,0.0189223278
2013-07-21 06:00:00,0.0190980734
2013-07-21 07:00:00,0.0000000000
2013-07-21 08:00:00,0.0000000000
2013-07-21 09:00:00,0.0000000000
2013-07-21 10:00:00,0.0000000000
2013-07-21 11:00:00,0.0000000000
2013-07-21 12:00:00,0.0000000000
2013-07-21 13:00:00,0.0000000000
2013-07-21 14:00:00,0.0000000000
2013-07-21 15:00:00,0.0000000000
2013-07-21 16:00:00,0.0000000000
2013-07-21 17:00:00,0.0000000000
2013-07-21 18:00:00,0.0000000000
2013-07-21 19:00:00,0.0000000000
2013-07-21 20:00:00,0.0373079718
2013-07-21 21:00:00,0.0744816369
2013-07-21 22:00:00,0.1355038554
2013-07-21 23:00:00,0.2542721867
2013-07-22 00:00:00,0.3383248429
2013-07-22 01:00:00,0.3335535698
2013-07-22 02:00:00,0.2922834072
2013-07-22 03:00:00,0.2394374492
2013-07-22 04:00:00,0.1736432275
2013-07-22 05:00:00,0.1211490584
2013-07-22 06:00:00,0.1008167220
2013-07-22 07:00:00,0.0752229784
2013-07-22 08:00:00,0.0433107774
2013-07-22 09:00:00,0.0000000000
2013-07-22 10:00:00,0.0000000000
2013-07-22 11:00:00,0.0000000000
2013-07-22 12:00:00,0.0000000000
2013-07-22 13:00:00,0.0000000000
2013-07-22 14:00:00,0.0000000000
2013-07-22 15:00:00,0.0000000000
2013-07-22 16:00:00,0.0389871134
2013-07-22 17:00:00,0.0652012872
2013-07-22 18:00:00,0.0594566850
2013-07-22 19:00:00,0.0374424586
2013-07-22 20:00:00,0.0173572130
2013-07-22 21:00:00,0.0000000000
2013-07-22 22:00:00,0.0000000000
2013-07-22 23:00:00,0.0000000000
2013-07-23 00:00:00,0.0000000000
2013-07-23 01:00:00,0.0110264152
2013-07-23 02:00:00,0.0165491965
2013-07-23 03:00:00,0.0334751213
2013-07-23 04:00:00,0.0316480714
2013-07-23 05:00:00,0.0693344135
2013-07-23 06:00:00,0.1164740207
2013-07-23 07:00:00,0.1434312030
2013-07-23 08:00:00,0.1356941695
2013-07-23 09:00:00,0.1263678658
2013-07-23 10:00:00,0.1141007040
2013-07-23 11:00:00,0.1120176619
2013-07-23 12:00:00,0.0935161114
2013-07-23 13:00:00,0.0899822572
2013-07-23 14:00:00,0.1075431062
2013-07-23 15:00:00,0.1638434097
2013-07-23 16:00:00,0.3749096814
2013-07-23 17:00:00,0.7446692037
2013-07-23 18:00:00,0.8728739982
2013-07-23 19:00:00,0.8491107529
2013-07-23 20:00:00,0.7605615410
2013-07-23 21:00:00,0.7830009928
2013-07-23 22:00:00,0.7788549779
2013-07-23 23:00:00,0.7943609088
2013-07-24 00:00:00,0.7527185515
2013-07-24 01:00:00,0.6845307818
2013-07-24 02:00:00,0.6480762444
2013-07-24 03:00:00,0.5770260368
2013-07-24 04:00:00,0.4697761427
2013-07-24 05:00:00,0.5785653950
2013-07-24 06:00:00,0.6701907457
2013-07-24 07:00:00,0.6595863641
2013-07-24 08:00:00,0.5431841713
2013-07-24 09:00:00,0.4936026826
2013-07-24 10:00:00,0.4607763633
2013-07-24 11:00:00,0.4754210531
2013-07-24 12:00:00,0.4605874828
2013-07-24 13:00:00,0.4090546860
2013-07-24 14:00:00,0.3024882211
2013-07-24 15:00:00,0.1534652593
2013-07-24 16:00:00,0.1464944610
2013-07-24 17:00:00,0.1691983260
2013-07-24 18:00:00,0.1569855798
2013-07-24 19:00:00,0.1612860198
2013-07-24 20:00:00,0.1785495515
2013-07-24 21:00:00,0.2066376879
2013-07-24 22:00:00,0.2383053163
2013-07-24 23:00:00,0.2488075238
2013-07-25 00:00:00,0.2713502871
2013-07-25 01:00:00,0.3032263307
2013-07-25 02:00:00,0.2932149195
2013-07-25 03:00:00,0.2141368623
2013-07-25 04:00:00,0.2059718144
2013-07-25 05:00:00,0.2360144035
2013-07-25 06:00:00,0.2735467518
2013-07-25 07:00:00,0.3206654343
2013-07-25 08:00:00,0.3858453931
2013-07-25 09:00:00,0.4217221503
2013-07-25 10:00:00,0.4893078913
2013-07-25 11:00:00,0.4927066650
2013-07-25 12:00:00,0.4907015570
2013-07-25 13:00:00,0.5192927597
2013-07-25 14:00:00,0.5343626995
2013-07-25 15:00:00,0.5850674358
2013-07-25 16:00:00,0.6244318158
2013-07-25 17:00:00,0.8087893000
2013-07-25 18:00:00,0.9815813108
2013-07-25 19:00:00,0.9977458630
2013-07-25 20:00:00,0.9910571871
2013-07-25 21:00:00,0.9801727619
2013-07-25 22:00:00,0.8972558040
2013-07-25 23:00:00,0.8555103626
2013-07-26 00:00:00,0.7594965673
2013-07-26 01:00:00,0.7334885504
2013-07-26 02:00:00,0.6680468578
2013-07-26 03:00:00,0.5577794010
2013-07-26 04:00:00,0.5748972784
2013-07-26 05:00:00,0.4103238567
2013-07-26 06:00:00,0.2340021570
2013-07-26 07:00:00,0.1032717672
2013-07-26 08:00:00,0.0454796140
2013-07-26 09:00:00,0.0360145534
2013-07-26 10:00:00,0.0410798153
2013-07-26 11:00:00,0.0713672591
2013-07-26 12:00:00,0.1700220622
2013-07-26 13:00:00,0.6201956241
2013-07-26 14:00:00,0.9978651284
2013-07-26 15:00:00,0.9995148260
2013-07-26 16:00:00,0.9870190215
2013-07-26 17:00:00,0.9069928936
2013-07-26 18:00:00,0.7979542134
2013-07-26 19:00:00,0.6402493552
2013-07-26 20:00:00,0.3830622115
2013-07-26 21:00:00,0.1938342643
2013-07-26 22:00:00,0.1124957613
2013-07-26 23:00:00,0.1232071718
2013-07-27 00:00:00,0.1275785764
2013-07-27 01:00:00,0.1173172161
2013-07-27 02:00:00,0.1054617470
2013-07-27 03:00:00,0.0635678394
2013-07-27 04:00:00,0.0464987490
2013-07-27 05:00:00,0.0349333606
2013-07-27 06:00:00,0.0351406153
2013-07-27 07:00:00,0.0264690199
2013-07-27 08:00:00,0.0100719929
2013-07-27 09:00:00,0.0000000000
2013-07-27 10:00:00,0.0000000000
2013-07-27 11:00:00,0.0000000000
2013-07-27 12:00:00,0.0000000000
2013-07-27 13:00:00,0.0000000000
2013-07-27 14:00:00,0.0000000000
2013-07-27 15:00:00,0.0000000000
2013-07-27 16:00:00,0.0124148127
2013-07-27 17:00:00,0.0460533406
2013-07-27 18:00:00,0.0819395570
2013-07-27 19:00:00,0.1348299372
2013-07-27 20:00:00,0.2402013829
2013-07-27 21:00:00,0.4831803858
2013-07-27 22:00:00,0.7809378026
2013-07-27 23:00:00,0.8398190293
2013-07-28 00:00:00,0.8559435801
2013-07-28 01:00:00,0.8792916092
2013-07-28 02:00:00,0.8762728249
2013-07-28 03:00:00,0.8048969624
2013-07-28 04:00:00,0.8004896127
2013-07-28 05:00:00,0.8662626354
2013-07-28 06:00:00,0.8944645240
2013-07-28 07:00:00,0.8883217893
2013-07-28 08:00:00,0.8473827387
2013-07-28 09:00:00,0.7029218019
2013-07-28 10:00:00,0.6586551012
2013-07-28 11:00:00,0.5804703282
2013-07-28 12:00:00,0.5241604646
2013-07-28 13:00:00,0.5912530033
2013-07-28 14:00:00,0.6593972842
2013-07-28 15:00:00,0.7793580130
2013-07-28 16:00:00,0.8117513563
2013-07-28 17:00:00,0.8856330697
2013-07-28 18:00:00,0.9526367001
2013-07-28 19:00:00,0.9792899680
2013-07-28 20:00:00,0.9897046806
2013-07-28 21:00:00,0.9975157719
2013-07-28 22:00:00,0.9971958391
2013-07-28 23:00:00,0.9977540409
2013-07-29 00:00:00,0.9981643421
2013-07-29 01:00:00,0.9974964896
2013-07-29 02:00:00,0.9967433019
2013-07-29 03:00:00,0.9716383304
2013-07-29 04:00:00,0.9714183122
2013-07-29 05:00:00,0.9560117223
2013-07-29 06:00:00,0.8849132513
2013-07-29 07:00:00,0.8939346675
2013-07-29 08:00:00,0.8274732665
2013-07-29 09:00:00,0.5805475649
2013-07-29 10:00:00,0.4965541643
2013-07-29 11:00:00,0.3346539229
2013-07-29 12:00:00,0.2127882982
2013-07-29 13:00:00,0.1519283711
2013-07-29 14:00:00,0.1383823390
2013-07-29 15:00:00,0.1698579040
2013-07-29 16:00:00,0.3410689878
2013-07-29 17:00:00,0.1929444986
2013-07-29 18:00:00,0.1828040360
2013-07-29 19:00:00,0.0629417102
2013-07-29 20:00:00,0.0832959717
2013-07-29 21:00:00,0.2133478807
2013-07-29 22:00:00,0.3967068398
2013-07-29 23:00:00,0.2903692800
2013-07-30 00:00:00,0.3999936908
2013-07-30 01:00:00,0.4774275948
2013-07-30 02:00:00,0.5198334167
2013-07-30 03:00:00,0.5398565414
2013-07-30 04:00:00,0.5452571975
2013-07-30 05:00:00,0.6290778459
2013-07-30 06:00:00,0.6683904610
2013-07-30 07:00:00,0.6265532269
2013-07-30 08:00:00,0.5128251260
2013-07-30 09:00:00,0.4214905664
2013-07-30 10:00:00,0.2937952864
2013-07-30 11:00:00,0.2211152401
2013-07-30 12:00:00,0.1818781491
2013-07-30 13:00:00,0.1716457847
2013-07-30 14:00:00,0.2600254046
2013-07-30 15:00:00,0.5415817336
2013-07-30 16:00:00,0.9132458868
2013-07-30 17:00:00,0.9061229058
2013-07-30 18:00:00,0.6469113313
2013-07-30 19:00:00,0.6525900130
2013-07-30 20:00:00,0.6574799781
2013-07-30 21:00:00,0.4793692648
2013-07-30 22:00:00,0.2228410634
2013-07-30 23:00:00,0.1572713665
2013-07-31 00:00:00,0.1361796318
2013-07-31 01:00:00,0.1093095775
2013-07-31 02:00:00,0.0870840456
2013-07-31 03:00:00,0.0635727247
2013-07-31 04:00:00,0.0273917637
2013-07-31 05:00:00,0.0210349022
2013-07-31 06:00:00,0.0180928232
2013-07-31 07:00:00,0.0179356169
2013-07-31 08:00:00,0.0219411515
2013-07-31 09:00:00,0.0315685814
2013-07-31 10:00:00,0.0334841593
2013-07-31 11:00:00,0.0303652049
2013-07-31 12:00:00,0.0227272846
2013-07-31 13:00:00,0.0241749945
2013-07-31 14:00:00,0.0379768018
2013-07-31 15:00:00,0.0794014042
2013-07-31 16:00:00,0.1499231656
2013-07-31 17:00:00,0.2462685591
2013-07-31 18:00:00,0.2749685057
2013-07-31 19:00:00,0.2853396110
2013-07-31 20:00:00,0.2946148823
2013-07-31 21:00:00,0.2813209802
2013-07-31 22:00:00,0.2476679297
2013-07-31 23:00:00,0.2237456328
2013-08-01 00:00:00,0.2010032554
2013-08-01 01:00:00,0.1730125278
2013-08-01 02:00:00,0.1366445481
2013-08-01 03:00:00,0.0904145428
2013-08-01 04:00:00,0.0338062091
2013-08-01 05:00:00,0.0147225872
2013-08-01 06:00:00,0.0000000000
2013-08-01 07:00:00,0.0000000000
2013-08-01 08:00:00,0.0000000000
2013-08-01 09:00:00,0.0000000000
2013-08-01 10:00:00,0.0000000000
2013-08-01 11:00:00,0.0000000000
2013-08-01 12:00:00,0.0000000000
2013-08-01 13:00:00,0.0000000000
2013-08-01 14:00:00,0.0000000000
2013-08-01 15:00:00,0.0000000000
2013-08-01 16:00:00,0.0000000000
2013-08-01 17:00:00,0.0000000000
2013-08-01 18:00:00,0.0000000000
2013-08-01 19:00:00,0.0305294270
2013-08-01 20:00:00,0.0974454132
2013-08-01 21:00:00,0.2895449470
2013-08-01 22:00:00,0.5707021243
2013-08-01 23:00:00,0.5287780014
2013-08-02 00:00:00,0.3524658166
2013-08-02 01:00:00,0.3048428772
2013-08-02 02:00:00,0.2929573932
2013-08-02 03:00:00,0.2406610102
2013-08-02 04:00:00,0.1401990886
2013-08-02 05:00:00,0.1094559244
2013-08-02 06:00:00,0.0659865024
2013-08-02 07:00:00,0.0110576644
2013-08-02 08:00:00,0.0000000000
2013-08-02 09:00:00,0.0000000000
2013-08-02 10:00:00,0.0000000000
2013-08-02 11:00:00,0.0000000000
2013-08-02 12:00:00,0.0000000000
2013-08-02 13:00:00,0.0000000000
2013-08-02 14:00:00,0.0000000000
2013-08-02 15:00:00,0.0000000000
2013-08-02 16:00:00,0.0000000000
2013-08-02 17:00:00,0.0000000000
2013-08-02 18:00:00,0.0413899687
2013-08-02 19:00:00,0.1398534167
2013-08-02 20:00:00,0.2604598656
2013-08-02 21:00:00,0.3220272532
2013-08-02 22:00:00,0.3663521358
2013-08-02 23:00:00,0.2858836199
2013-08-03 00:00:00,0.2317675578
2013-08-03 01:00:00,0.1665167481
2013-08-03 02:00:00,0.1280383736
2013-08-03 03:00:00,0.1047768195
2013-08-03 04:00:00,0.0645058062
2013-08-03 05:00:00,0.0655087303
2013-08-03 06:00:00,0.0407128689
2013-08-03 07:00:00,0.0000000000
2013-08-03 08:00:00,0.0000000000
2013-08-03 09:00:00,0.0000000000
2013-08-03 10:00:00,0.0000000000
2013-08-03 11:00:00,0.0000000000
2013-08-03 12:00:00,0.0000000000
2013-08-03 13:00:00,0.0000000000
2013-08-03 14:00:00,0.0000000000
2013-08-03 15:00:00,0.0000000000
2013-08-03 16:00:00,0.0000000000
2013-08-03 17:00:00,0.0348572486
2013-08-03 18:00:00,0.0880199788
2013-08-03 19:00:00,0.1440364356
2013-08-03 20:00:00,0.1230552851
2013-08-03 21:00:00,0.1318108919
2013-08-03 22:00:00,0.1581304447
2013-08-03 23:00:00,0.1533095159
2013-08-04 00:00:00,0.2165057020
2013-08-04 01:00:00,0.2715412558
2013-08-04 02:00:00,0.3633597084
2013-08-04 03:00:00,0.4364507993
2013-08-04 04:00:00,0.4217647026
2013-08-04 05:00:00,0.4398647212
2013-08-04 06:00:00,0.4433056685
2013-08-04 07:00:00,0.4422519690
2013-08-04 08:00:00,0.4220535599
2013-08-04 09:00:00,0.3574524144
2013-08-04 10:00:00,0.4924760301
2013-08-04 11:00:00,0.3426549201
2013-08-04 12:00:00,0.2200311305
2013-08-04 13:00:00,0.1839151476
2013-08-04 14:00:00,0.1701028090
2013-08-04 15:00:00,0.3201548071
2013-08-04 16:00:00,0.5695589851
2013-08-04 17:00:00,0.7289213760
2013-08-04 18:00:00,0.6913900843
2013-08-04 19:00:00,0.5877922251
2013-08-04 20:00:00,0.5896960832
2013-08-04 21:00:00,0.6631083956
2013-08-04 22:00:00,0.3464279362
2013-08-04 23:00:00,0.2537976371
2013-08-05 00:00:00,0.1229503108
2013-08-05 01:00:00,0.0124857052
2013-08-05 02:00:00,0.0000000000
2013-08-05 03:00:00,0.0000000000
2013-08-05 04:00:00,0.0000000000
2013-08-05 05:00:00,0.0000000000
2013-08-05 06:00:00,0.0000000000
2013-08-05 07:00:00,0.1303727720
2013-08-05 08:00:00,0.5209455537
2013-08-05 09:00:00,0.9104756873
2013-08-05 10:00:00,0.3683731120
2013-08-05 11:00:00,0.3632593700
2013-08-05 12:00:00,0.6964669695
2013-08-05 13:00:00,0.7314520630
2013-08-05 14:00:00,0.7020170455
2013-08-05 15:00:00,0.7729936955
2013-08-05 16:00:00,0.7655832534
2013-08-05 17:00:00,0.7611325114
2013-08-05 18:00:00,0.7172437743
2013-08-05 19:00:00,0.7324716811
2013-08-05 20:00:00,0.8106027397
2013-08-05 21:00:00,0.8374719246
2013-08-05 22:00:00,0.6456987063
2013-08-05 23:00:00,0.5493815662
2013-08-06 00:00:00,0.6004572538
2013-08-06 01:00:00,0.7426690401
2013-08-06 02:00:00,0.7791165090
2013-08-06 03:00:00,0.7591421651
2013-08-06 04:00:00,0.9842300010
2013-08-06 05:00:00,1.0000000000
2013-08-06 06:00:00,1.0000000000
2013-08-06 07:00:00,1.0000000000
2013-08-06 08:00:00,1.0000000000
2013-08-06 09:00:00,1.0000000000
2013-08-06 10:00:00,1.0000000000
2013-08-06 11:00:00,1.0000000000
2013-08-06 12:00:00,1.0000000000
2013-08-06 13:00:00,1.0000000000
2013-08-06 14:00:00,1.0000000000
2013-08-06 15:00:00,1.0000000000
2013-08-06 16:00:00,0.9997159235
2013-08-06 17:00:00,0.9988768927
2013-08-06 18:00:00,0.9979097921
2013-08-06 19:00:00,0.9975333650
2013-08-06 20:00:00,0.9974789619
2013-08-06 21:00:00,0.9973322800
2013-08-06 22:00:00,0.9973723094
2013-08-06 23:00:00,0.9808366595
2013-08-07 00:00:00,0.9508582346
2013-08-07 01:00:00,0.8887006473
2013-08-07 02:00:00,0.8340107600
2013-08-07 03:00:00,0.6519283313
2013-08-07 04:00:00,0.5758911410
2013-08-07 05:00:00,0.5359316262
2013-08-07 06:00:00,0.5298222202
2013-08-07 07:00:00,0.4442126689
2013-08-07 08:00:00,0.3656418573
2013-08-07 09:00:00,0.3238821217
2013-08-07 10:00:00,0.2770760885
2013-08-07 11:00:00,0.2906795078
2013-08-07 12:00:00,0.3216948914
2013-08-07 13:00:00,0.3462504764
2013-08-07 14:00:00,0.3348954674
2013-08-07 15:00:00,0.3591194231
2013-08-07 16:00:00,0.3139988644
2013-08-07 17:00:00,0.3192382124
2013-08-07 18:00:00,0.3906638326
2013-08-07 19:00:00,0.4467261087
2013-08-07 20:00:00,0.4386507000
2013-08-07 21:00:00,0.3574369608
2013-08-07 22:00:00,0.3742557974
2013-08-07 23:00:00,0.2884293943
2013-08-08 00:00:00,0.2487483679
2013-08-08 01:00:00,0.2210920870
2013-08-08 02:00:00,0.1688452912
2013-08-08 03:00:00,0.0927773878
2013-08-08 04:00:00,0.0385038015
2013-08-08 05:00:00,0.0253444781
2013-08-08 06:00:00,0.0451925416
2013-08-08 07:00:00,0.0603161372
2013-08-08 08:00:00,0.1008401431
2013-08-08 09:00:00,0.1713017740
2013-08-08 10:00:00,0.2018557748
2013-08-08 11:00:00,0.3509844705
2013-08-08 12:00:00,0.9044130113
2013-08-08 13:00:00,0.9308778850
2013-08-08 14:00:00,0.6629515162
2013-08-08 15:00:00,0.4750690974
2013-08-08 16:00:00,0.2569982709
2013-08-08 17:00:00,0.2386289858
2013-08-08 18:00:00,0.2632368748
2013-08-08 19:00:00,0.2630247072
2013-08-08 20:00:00,0.2672768823
2013-08-08 21:00:00,0.3112052095
2013-08-08 22:00:00,0.2150873826
2013-08-08 23:00:00,0.1926346854
2013-08-09 00:00:00,0.1556902656
2013-08-09 01:00:00,0.1298535805
2013-08-09 02:00:00,0.1199321420
2013-08-09 03:00:00,0.0707629615
2013-08-09 04:00:00,0.0406490148
2013-08-09 05:00:00,0.0455744687
2013-08-09 06:00:00,0.0865046884
2013-08-09 07:00:00,0.1123458030
2013-08-09 08:00:00,0.1668672936
2013-08-09 09:00:00,0.2868097436
2013-08-09 10:00:00,0.3683424245
2013-08-09 11:00:00,0.4853836929
2013-08-09 12:00:00,0.5472547790
2013-08-09 13:00:00,0.5122785553
2013-08-09 14:00:00,0.5259105661
2013-08-09 15:00:00,0.5546854524
2013-08-09 16:00:00,0.5516531499
2013-08-09 17:00:00,0.5333906996
2013-08-09 18:00:00,0.5082049011
2013-08-09 19:00:00,0.4981350977
2013-08-09 20:00:00,0.4818996183
2013-08-09 21:00:00,0.4605172351
2013-08-09 22:00:00,0.4003141877
2013-08-09 23:00:00,0.3814313832
2013-08-10 00:00:00,0.2893103961
2013-08-10 01:00:00,0.2314588104
2013-08-10 02:00:00,0.1877199528
2013-08-10 03:00:00,0.1239515286
2013-08-10 04:00:00,0.0906851011
2013-08-10 05:00:00,0.1333327387
2013-08-10 06:00:00,0.2424470552
2013-08-10 07:00:00,0.3635502781
2013-08-10 08:00:00,0.4017326209
2013-08-10 09:00:00,0.4396885065
2013-08-10 10:00:00,0.4050853876
2013-08-10 11:00:00,0.3703230456
2013-08-10 12:00:00,0.3353979650
2013-08-10 13:00:00,0.3069965637
2013-08-10 14:00:00,0.2996115856
2013-08-10 15:00:00,0.2857005269
2013-08-10 16:00:00,0.2381764050
2013-08-10 17:00:00,0.2988911267
2013-08-10 18:00:00,0.4026002183
2013-08-10 19:00:00,0.4369656744
2013-08-10 20:00:00,0.3845015180
2013-08-10 21:00:00,0.3254111468
2013-08-10 22:00:00,0.2970008835
2013-08-10 23:00:00,0.2663078869
2013-08-11 00:00:00,0.2355651980
2013-08-11 01:00:00,0.1856096461
2013-08-11 02:00:00,0.1306610481
2013-08-11 03:00:00,0.0801343544
2013-08-11 04:00:00,0.0280934132
2013-08-11 05:00:00,0.0450947382
2013-08-11 06:00:00,0.0829038667
2013-08-11 07:00:00,0.1142929465
2013-08-11 08:00:00,0.1418038560
2013-08-11 09:00:00,0.1705280005
2013-08-11 10:00:00,0.1582425015
2013-08-11 11:00:00,0.1293262197
2013-08-11 12:00:00,0.0828315464
2013-08-11 13:00:00,0.2317525172
2013-08-11 14:00:00,0.4805208265
2013-08-11 15:00:00,0.2055491373
2013-08-11 16:00:00,0.1035553451
2013-08-11 17:00:00,0.0602042909
2013-08-11 18:00:00,0.0615319317
2013-08-11 19:00:00,0.0718978340
2013-08-11 20:00:00,0.0963808041
2013-08-11 21:00:00,0.1656975349
2013-08-11 22:00:00,0.2165164792
2013-08-11 23:00:00,0.1633568955
2013-08-12 00:00:00,0.1104346327
2013-08-12 01:00:00,0.0774138815
2013-08-12 02:00:00,0.0467496464
2013-08-12 03:00:00,0.0265354499
2013-08-12 04:00:00,0.0000000000
2013-08-12 05:00:00,0.0000000000
2013-08-12 06:00:00,0.0000000000
2013-08-12 07:00:00,0.0134682020
2013-08-12 08:00:00,0.0300343204
2013-08-12 09:00:00,0.0335647678
2013-08-12 10:00:00,0.0266865215
2013-08-12 11:00:00,0.0274847543
2013-08-12 12:00:00,0.0340221516
2013-08-12 13:00:00,0.0503778691
2013-08-12 14:00:00,0.0613178459
2013-08-12 15:00:00,0.0682142202
2013-08-12 16:00:00,0.0746446030
2013-08-12 17:00:00,0.0765532138
2013-08-12 18:00:00,0.0751156900
2013-08-12 19:00:00,0.0730083970
2013-08-12 20:00:00,0.0821088108
2013-08-12 21:00:00,0.1049232366
2013-08-12 22:00:00,0.0745004766
2013-08-12 23:00:00,0.0794353205
2013-08-13 00:00:00,0.0888299942
2013-08-13 01:00:00,0.1082409013
2013-08-13 02:00:00,0.1396620157
2013-08-13 03:00:00,0.1618114873
2013-08-13 04:00:00,0.0956944625
2013-08-13 05:00:00,0.0915765762
2013-08-13 06:00:00,0.1014330340
2013-08-13 07:00:00,0.0801192545
2013-08-13 08:00:00,0.0559246073
2013-08-13 09:00:00,0.0402635854
2013-08-13 10:00:00,0.0550359604
2013-08-13 11:00:00,0.0439211422
2013-08-13 12:00:00,0.0384979268
2013-08-13 13:00:00,0.0505528497
2013-08-13 14:00:00,0.0793921246
2013-08-13 15:00:00,0.1232100819
2013-08-13 16:00:00,0.1601091787
2013-08-13 17:00:00,0.1948160502
2013-08-13 18:00:00,0.2116211692
2013-08-13 19:00:00,0.1707344780
2013-08-13 20:00:00,0.1026214104
2013-08-13 21:00:00,0.0588762526
2013-08-13 22:00:00,0.0947539713
2013-08-13 23:00:00,0.2386574091
2013-08-14 00:00:00,0.3529304492
2013-08-14 01:00:00,0.4120874685
2013-08-14 02:00:00,0.4575877953
2013-08-14 03:00:00,0.4180404641
2013-08-14 04:00:00,0.2517705275
2013-08-14 05:00:00,0.2364917955
2013-08-14 06:00:00,0.2265206287
2013-08-14 07:00:00,0.2574654186
2013-08-14 08:00:00,0.3282680808
2013-08-14 09:00:00,0.3472827899
2013-08-14 10:00:00,0.4039914795
2013-08-14 11:00:00,0.3678826257
2013-08-14 12:00:00,0.3358996569
2013-08-14 13:00:00,0.3453312450
2013-08-14 14:00:00,0.3496410348
2013-08-14 15:00:00,0.4310227858
2013-08-14 16:00:00,0.6903115628
2013-08-14 17:00:00,0.9852809781
2013-08-14 18:00:00,0.9981999647
2013-08-14 19:00:00,0.9891186477
2013-08-14 20:00:00,0.9673358568
2013-08-14 21:00:00,0.8508976269
2013-08-14 22:00:00,0.7227347505
2013-08-14 23:00:00,0.6015387470
2013-08-15 00:00:00,0.4871760864
2013-08-15 01:00:00,0.4838593879
2013-08-15 02:00:00,0.5561522331
2013-08-15 03:00:00,0.5337829761
2013-08-15 04:00:00,0.3809304970
2013-08-15 05:00:00,0.3849925901
2013-08-15 06:00:00,0.4076491431
2013-08-15 07:00:00,0.4251202524
2013-08-15 08:00:00,0.3754635932
2013-08-15 09:00:00,0.3446214791
2013-08-15 10:00:00,0.3420312841
2013-08-15 11:00:00,0.3221423127
2013-08-15 12:00:00,0.3272548828
2013-08-15 13:00:00,0.3711829528
2013-08-15 14:00:00,0.4016942433
2013-08-15 15:00:00,0.3792131726
2013-08-15 16:00:00,0.3285387747
2013-08-15 17:00:00,0.3125431522
2013-08-15 18:00:00,0.3936739841
2013-08-15 19:00:00,0.6889124104
2013-08-15 20:00:00,0.8930460861
2013-08-15 21:00:00,0.8848477594
2013-08-15 22:00:00,0.8135807000
2013-08-15 23:00:00,0.6592808518
2013-08-16 00:00:00,0.6023892468
2013-08-16 01:00:00,0.5571459166
2013-08-16 02:00:00,0.5373242166
2013-08-16 03:00:00,0.5001109955
2013-08-16 04:00:00,0.3590878568
2013-08-16 05:00:00,0.3735534288
2013-08-16 06:00:00,0.3792380009
2013-08-16 07:00:00,0.3538286608
2013-08-16 08:00:00,0.3026208581
2013-08-16 09:00:00,0.2569633933
2013-08-16 10:00:00,0.2634786500
2013-08-16 11:00:00,0.2223091936
2013-08-16 12:00:00,0.2003031556
2013-08-16 13:00:00,0.1995967198
2013-08-16 14:00:00,0.2247001205
2013-08-16 15:00:00,0.2172133813
2013-08-16 16:00:00,0.2483313162
2013-08-16 17:00:00,0.3981320842
2013-08-16 18:00:00,0.7596970352
2013-08-16 19:00:00,0.9565034442
2013-08-16 20:00:00,0.9210697374
2013-08-16 21:00:00,0.7554355696
2013-08-16 22:00:00,0.5206392949
2013-08-16 23:00:00,0.4016298656
2013-08-17 00:00:00,0.3362733991
2013-08-17 01:00:00,0.3088553139
2013-08-17 02:00:00,0.3090792809
2013-08-17 03:00:00,0.3018705907
2013-08-17 04:00:00,0.1828748572
2013-08-17 05:00:00,0.1894401507
2013-08-17 06:00:00,0.1907939256
2013-08-17 07:00:00,0.2448440814
2013-08-17 08:00:00,0.2872826944
2013-08-17 09:00:00,0.2738809617
2013-08-17 10:00:00,0.2826755249
2013-08-17 11:00:00,0.2465105119
2013-08-17 12:00:00,0.2276435241
2013-08-17 13:00:00,0.2178882555
2013-08-17 14:00:00,0.2425886385
2013-08-17 15:00:00,0.2520296527
2013-08-17 16:00:00,0.3058709428
2013-08-17 17:00:00,0.4692847666
2013-08-17 18:00:00,0.7419496331
2013-08-17 19:00:00,0.8918949451
2013-08-17 20:00:00,0.8444489872
2013-08-17 21:00:00,0.6181673988
2013-08-17 22:00:00,0.4103787865
2013-08-17 23:00:00,0.2956138997
2013-08-18 00:00:00,0.2587855595
2013-08-18 01:00:00,0.2313236816
2013-08-18 02:00:00,0.2361740474
2013-08-18 03:00:00,0.1928473859
2013-08-18 04:00:00,0.1063364277
2013-08-18 05:00:00,0.1100067064
2013-08-18 06:00:00,0.1387748181
2013-08-18 07:00:00,0.1634881309
2013-08-18 08:00:00,0.2182958921
2013-08-18 09:00:00,0.1531755807
2013-08-18 10:00:00,0.1507383819
2013-08-18 11:00:00,0.1118670024
2013-08-18 12:00:00,0.0996307999
2013-08-18 13:00:00,0.1194718539
2013-08-18 14:00:00,0.1563847299
2013-08-18 15:00:00,0.1860242700
2013-08-18 16:00:00,0.2551264233
2013-08-18 17:00:00,0.4163740414
2013-08-18 18:00:00,0.7187342270
2013-08-18 19:00:00,0.8825607549
2013-08-18 20:00:00,0.8042568786
2013-08-18 21:00:00,0.6034218174
2013-08-18 22:00:00,0.4486502619
2013-08-18 23:00:00,0.3509823466
2013-08-19 00:00:00,0.2742396274
2013-08-19 01:00:00,0.2067065551
2013-08-19 02:00:00,0.1674808708
2013-08-19 03:00:00,0.1486182096
2013-08-19 04:00:00,0.0822280902
2013-08-19 05:00:00,0.0265985244
2013-08-19 06:00:00,0.0000000000
2013-08-19 07:00:00,0.0000000000
2013-08-19 08:00:00,0.0000000000
2013-08-19 09:00:00,0.0000000000
2013-08-19 10:00:00,0.0000000000
2013-08-19 11:00:00,0.0000000000
2013-08-19 12:00:00,0.0000000000
2013-08-19 13:00:00,0.0000000000
2013-08-19 14:00:00,0.0176029135
2013-08-19 15:00:00,0.0000000000
2013-08-19 16:00:00,0.0000000000
2013-08-19 17:00:00,0.0000000000
2013-08-19 18:00:00,0.0000000000
2013-08-19 19:00:00,0.0000000000
2013-08-19 20:00:00,0.0000000000
2013-08-19 21:00:00,0.0672765573
2013-08-19 22:00:00,0.1561292013
2013-08-19 23:00:00,0.2233381739
2013-08-20 00:00:00,0.2297820172
2013-08-20 01:00:00,0.1779410574
2013-08-20 02:00:00,0.1332884209
2013-08-20 03:00:00,0.0846478752
2013-08-20 04:00:00,0.0272742459
2013-08-20 05:00:00,0.0000000000
2013-08-20 06:00:00,0.0000000000
2013-08-20 07:00:00,0.0000000000
2013-08-20 08:00:00,0.0000000000
2013-08-20 09:00:00,0.0000000000
2013-08-20 10:00:00,0.0000000000
2013-08-20 11:00:00,0.0165565061
2013-08-20 12:00:00,0.0309151840
2013-08-20 13:00:00,0.0484640026
2013-08-20 14:00:00,0.0720177679
2013-08-20 15:00:00,0.1356618428
2013-08-20 16:00:00,0.2564182593
2013-08-20 17:00:00,0.2901202806
2013-08-20 18:00:00,0.2587361741
2013-08-20 19:00:00,0.2463410384
2013-08-20 20:00:00,0.2557525635
2013-08-20 21:00:00,0.3136737534
2013-08-20 22:00:00,0.4962597330
2013-08-20 23:00:00,0.6010953975
2013-08-21 00:00:00,0.5398042140
2013-08-21 01:00:00,0.4243486722
2013-08-21 02:00:00,0.3279119161
2013-08-21 03:00:00,0.2578434477
2013-08-21 04:00:00,0.1398733317
2013-08-21 05:00:00,0.1124833144
2013-08-21 06:00:00,0.0820569899
2013-08-21 07:00:00,0.0582975967
2013-08-21 08:00:00,0.0644549202
2013-08-21 09:00:00,0.0839546148
2013-08-21 10:00:00,0.0938946359
2013-08-21 11:00:00,0.1348790935
2013-08-21 12:00:00,0.1507481290
2013-08-21 13:00:00,0.1683986771
2013-08-21 14:00:00,0.1646399030
2013-08-21 15:00:00,0.1579145006
2013-08-21 16:00:00,0.2289933317
2013-08-21 17:00:00,0.4418506155
2013-08-21 18:00:00,0.6430555138
2013-08-21 19:00:00,0.6092617013
2013-08-21 20:00:00,0.5090104209
2013-08-21 21:00:00,0.4210619677
2013-08-21 22:00:00,0.2460919206
2013-08-21 23:00:00,0.2097118976
2013-08-22 00:00:00,0.2531942355
2013-08-22 01:00:00,0.2153355530
2013-08-22 02:00:00,0.1710393031
2013-08-22 03:00:00,0.1172982127
2013-08-22 04:00:00,0.0937166868
2013-08-22 05:00:00,0.0793314681
2013-08-22 06:00:00,0.0992014011
2013-08-22 07:00:00,0.1170040463
2013-08-22 08:00:00,0.1499321063
2013-08-22 09:00:00,0.1745624231
2013-08-22 10:00:00,0.1617043392
2013-08-22 11:00:00,0.1695761844
2013-08-22 12:00:00,0.1817857144
2013-08-22 13:00:00,0.3353157901
2013-08-22 14:00:00,0.6463817896
2013-08-22 15:00:00,0.6862458528
2013-08-22 16:00:00,0.5384548116
2013-08-22 17:00:00,0.2961059676
2013-08-22 18:00:00,0.1550907130
2013-08-22 19:00:00,0.1485769772
2013-08-22 20:00:00,0.1825858877
2013-08-22 21:00:00,0.2202222768
2013-08-22 22:00:00,0.2183413693
2013-08-22 23:00:00,0.2317169289
2013-08-23 00:00:00,0.2000930013
2013-08-23 01:00:00,0.1901144919
2013-08-23 02:00:00,0.1796741641
2013-08-23 03:00:00,0.1546248501
2013-08-23 04:00:00,0.0918167011
2013-08-23 05:00:00,0.0873542533
2013-08-23 06:00:00,0.0806902437
2013-08-23 07:00:00,0.0816519588
2013-08-23 08:00:00,0.0828458281
2013-08-23 09:00:00,0.0741460978
2013-08-23 10:00:00,0.0579780691
2013-08-23 11:00:00,0.0547477778
2013-08-23 12:00:00,0.0510145870
2013-08-23 13:00:00,0.0497143409
2013-08-23 14:00:00,0.0538018872
2013-08-23 15:00:00,0.0542598145
2013-08-23 16:00:00,0.0276862924
2013-08-23 17:00:00,0.0101542508
2013-08-23 18:00:00,0.0443317878
2013-08-23 19:00:00,0.0832330479
2013-08-23 20:00:00,0.0678467049
2013-08-23 21:00:00,0.0323769029
2013-08-23 22:00:00,0.0364425747
2013-08-23 23:00:00,0.0753907129
2013-08-24 00:00:00,0.1114710523
2013-08-24 01:00:00,0.1379359002
2013-08-24 02:00:00,0.1592235589
2013-08-24 03:00:00,0.1530696598
2013-08-24 04:00:00,0.0984273471
2013-08-24 05:00:00,0.0637776010
2013-08-24 06:00:00,0.0633293040
2013-08-24 07:00:00,0.0416040245
2013-08-24 08:00:00,0.0000000000
2013-08-24 09:00:00,0.0000000000
2013-08-24 10:00:00,0.0000000000
2013-08-24 11:00:00,0.0000000000
2013-08-24 12:00:00,0.0000000000
2013-08-24 13:00:00,0.0167033637
2013-08-24 14:00:00,0.0514765580
2013-08-24 15:00:00,0.1287263515
2013-08-24 16:00:00,0.2718334821
2013-08-24 17:00:00,0.3945242969
2013-08-24 18:00:00,0.4208004288
2013-08-24 19:00:00,0.3993869732
2013-08-24 20:00:00,0.3739412330
2013-08-24 21:00:00,0.3410916188
2013-08-24 22:00:00,0.3041711960
2013-08-24 23:00:00,0.3193253676
2013-08-25 00:00:00,0.3806176902
2013-08-25 01:00:00,0.4648788692
2013-08-25 02:00:00,0.5111051307
2013-08-25 03:00:00,0.5229834560
2013-08-25 04:00:00,0.4043422976
2013-08-25 05:00:00,0.3781927240
2013-08-25 06:00:00,0.4344674684
2013-08-25 07:00:00,0.4871873762
2013-08-25 08:00:00,0.4204737065
2013-08-25 09:00:00,0.3035320332
2013-08-25 10:00:00,0.3042261258
2013-08-25 11:00:00,0.2425058558
2013-08-25 12:00:00,0.2041434899
2013-08-25 13:00:00,0.2351436459
2013-08-25 14:00:00,0.3452803434
2013-08-25 15:00:00,0.5540392446
2013-08-25 16:00:00,0.8243032811
2013-08-25 17:00:00,0.8280793826
2013-08-25 18:00:00,0.7122662395
2013-08-25 19:00:00,0.7103100571
2013-08-25 20:00:00,0.8470022226
2013-08-25 21:00:00,0.8908254025
2013-08-25 22:00:00,0.8588387234
2013-08-25 23:00:00,0.8180171088
2013-08-26 00:00:00,0.7132850722
2013-08-26 01:00:00,0.6383110402
2013-08-26 02:00:00,0.6070304384
2013-08-26 03:00:00,0.5775120367
2013-08-26 04:00:00,0.4375757610
2013-08-26 05:00:00,0.3937885309
2013-08-26 06:00:00,0.3973693661
2013-08-26 07:00:00,0.3801958296
2013-08-26 08:00:00,0.2756250232
2013-08-26 09:00:00,0.1618321737
2013-08-26 10:00:00,0.0881391881
2013-08-26 11:00:00,0.0679295203
2013-08-26 12:00:00,0.0586632420
2013-08-26 13:00:00,0.0468209004
2013-08-26 14:00:00,0.0386544213
2013-08-26 15:00:00,0.0478675903
2013-08-26 16:00:00,0.0513129608
2013-08-26 17:00:00,0.0565921559
2013-08-26 18:00:00,0.0681710944
2013-08-26 19:00:00,0.0815399254
2013-08-26 20:00:00,0.0916347784
2013-08-26 21:00:00,0.0807916651
2013-08-26 22:00:00,0.0194857510
2013-08-26 23:00:00,0.0000000000
2013-08-27 00:00:00,0.0161982136
2013-08-27 01:00:00,0.1066776467
2013-08-27 02:00:00,0.2266501913
2013-08-27 03:00:00,0.2619098651
2013-08-27 04:00:00,0.1679090074
2013-08-27 05:00:00,0.1444272668
2013-08-27 06:00:00,0.1299245802
2013-08-27 07:00:00,0.1016945582
2013-08-27 08:00:00,0.0914238481
2013-08-27 09:00:00,0.0847494836
2013-08-27 10:00:00,0.1456467427
2013-08-27 11:00:00,0.1537362851
2013-08-27 12:00:00,0.1635970672
2013-08-27 13:00:00,0.1738963719
2013-08-27 14:00:00,0.2078033366
2013-08-27 15:00:00,0.2556492332
2013-08-27 16:00:00,0.3182324849
2013-08-27 17:00:00,0.3855851725
2013-08-27 18:00:00,0.3906703510
2013-08-27 19:00:00,0.3679513978
2013-08-27 20:00:00,0.3466185791
2013-08-27 21:00:00,0.2898545234
2013-08-27 22:00:00,0.1814966264
2013-08-27 23:00:00,0.1091358475
2013-08-28 00:00:00,0.0884299886
2013-08-28 01:00:00,0.0969046939
2013-08-28 02:00:00,0.1022442883
2013-08-28 03:00:00,0.0951592829
2013-08-28 04:00:00,0.0583466362
2013-08-28 05:00:00,0.0627362494
2013-08-28 06:00:00,0.1363632141
2013-08-28 07:00:00,0.2850890128
2013-08-28 08:00:00,0.3952155331
2013-08-28 09:00:00,0.5083884055
2013-08-28 10:00:00,0.5534329991
2013-08-28 11:00:00,0.6133900125
2013-08-28 12:00:00,0.6514111594
2013-08-28 13:00:00,0.6835435606
2013-08-28 14:00:00,0.7825022772
2013-08-28 15:00:00,0.8571881625
2013-08-28 16:00:00,0.9147491206
2013-08-28 17:00:00,0.8940665987
2013-08-28 18:00:00,0.8391276995
2013-08-28 19:00:00,0.7365422997
2013-08-28 20:00:00,0.5966283917
2013-08-28 21:00:00,0.4852663146
2013-08-28 22:00:00,0.4378078576
2013-08-28 23:00:00,0.4107600723
2013-08-29 00:00:00,0.4176606431
2013-08-29 01:00:00,0.4161267842
2013-08-29 02:00:00,0.3946359142
2013-08-29 03:00:00,0.3137276578
2013-08-29 04:00:00,0.1765267054
2013-08-29 05:00:00,0.2348338919
2013-08-29 06:00:00,0.2795886432
2013-08-29 07:00:00,0.2743842306
2013-08-29 08:00:00,0.2460877163
2013-08-29 09:00:00,0.1885972241
2013-08-29 10:00:00,0.1472951969
2013-08-29 11:00:00,0.1196069460
2013-08-29 12:00:00,0.1093761243
2013-08-29 13:00:00,0.1388554596
2013-08-29 14:00:00,0.1714374972
2013-08-29 15:00:00,0.2375182887
2013-08-29 16:00:00,0.3270121665
2013-08-29 17:00:00,0.4165756702
2013-08-29 18:00:00,0.4657571456
2013-08-29 19:00:00,0.5026028203
2013-08-29 20:00:00,0.5401866343
2013-08-29 21:00:00,0.5922429234
2013-08-29 22:00:00,0.6625686440
2013-08-29 23:00:00,0.7968613587
2013-08-30 00:00:00,0.8515870088
2013-08-30 01:00:00,0.8454176273
2013-08-30 02:00:00,0.8121927392
2013-08-30 03:00:00,0.7355809960
2013-08-30 04:00:00,0.5659249172
2013-08-30 05:00:00,0.6139335367
2013-08-30 06:00:00,0.7576491599
2013-08-30 07:00:00,0.7588454882
2013-08-30 08:00:00,0.7339405359
2013-08-30 09:00:00,0.7245648795
2013-08-30 10:00:00,0.7917583596
2013-08-30 11:00:00,0.7801021595
2013-08-30 12:00:00,0.7771935089
2013-08-30 13:00:00,0.7820184839
2013-08-30 14:00:00,0.8065922027
2013-08-30 15:00:00,0.7967955832
2013-08-30 16:00:00,0.8523717269
2013-08-30 17:00:00,0.8573125141
2013-08-30 18:00:00,0.8564978332
2013-08-30 19:00:00,0.8905071807
2013-08-30 20:00:00,0.9228214376
2013-08-30 21:00:00,0.8990756016
2013-08-30 22:00:00,0.8618151098
2013-08-30 23:00:00,0.8689956478
2013-08-31 00:00:00,0.9212328157
2013-08-31 01:00:00,0.9774174005
2013-08-31 02:00:00,0.9895320375
2013-08-31 03:00:00,0.9864078004
2013-08-31 04:00:00,0.9401928895
2013-08-31 05:00:00,0.9689150854
2013-08-31 06:00:00,0.9779242223
2013-08-31 07:00:00,0.9934716100
2013-08-31 08:00:00,0.9823029618
2013-08-31 09:00:00,0.9676509059
2013-08-31 10:00:00,0.9226680706
2013-08-31 11:00:00,0.8933574390
2013-08-31 12:00:00,0.8912995968
2013-08-31 13:00:00,0.9194112416
2013-08-31 14:00:00,0.9221822701
2013-08-31 15:00:00,0.9257877574
2013-08-31 16:00:00,0.9280956056
2013-08-31 17:00:00,0.9092545541
2013-08-31 18:00:00,0.8803243201
2013-08-31 19:00:00,0.8935768900
2013-08-31 20:00:00,0.9054718953
2013-08-31 21:00:00,0.8877347310
2013-08-31 22:00:00,0.8009914697
2013-08-31 23:00:00,0.7183507658
2013-09-01 00:00:00,0.7257460893
2013-09-01 01:00:00,0.7475862971
2013-09-01 02:00:00,0.7908865891
2013-09-01 03:00:00,0.8148516393
2013-09-01 04:00:00,0.7052740116
2013-09-01 05:00:00,0.5364509579
2013-09-01 06:00:00,0.4840052595
2013-09-01 07:00:00,0.5283394904
2013-09-01 08:00:00,0.5646389528
2013-09-01 09:00:00,0.5636708955
2013-09-01 10:00:00,0.5136732962
2013-09-01 11:00:00,0.4846007528
2013-09-01 12:00:00,0.5051815588
2013-09-01 13:00:00,0.5434499301
2013-09-01 14:00:00,0.5643006166
2013-09-01 15:00:00,0.5964947058
2013-09-01 16:00:00,0.6096883849
2013-09-01 17:00:00,0.5393859530
2013-09-01 18:00:00,0.4783972650
2013-09-01 19:00:00,0.4620005025
2013-09-01 20:00:00,0.4147383793
2013-09-01 21:00:00,0.3589436478
2013-09-01 22:00:00,0.2411587721
2013-09-01 23:00:00,0.2143607545
2013-09-02 00:00:00,0.2025539797
2013-09-02 01:00:00,0.1390337827
2013-09-02 02:00:00,0.1013094421
2013-09-02 03:00:00,0.1227542466
2013-09-02 04:00:00,0.1262178024
2013-09-02 05:00:00,0.0623955446
2013-09-02 06:00:00,0.0417040197
2013-09-02 07:00:00,0.0287130872
2013-09-02 08:00:00,0.0000000000
2013-09-02 09:00:00,0.0000000000
2013-09-02 10:00:00,0.0000000000
2013-09-02 11:00:00,0.0000000000
2013-09-02 12:00:00,0.0000000000
2013-09-02 13:00:00,0.0000000000
2013-09-02 14:00:00,0.0000000000
2013-09-02 15:00:00,0.0000000000
2013-09-02 16:00:00,0.0155752406
2013-09-02 17:00:00,0.0222585579
2013-09-02 18:00:00,0.0320408781
2013-09-02 19:00:00,0.0555449140
2013-09-02 20:00:00,0.1212227228
2013-09-02 21:00:00,0.2492438204
2013-09-02 22:00:00,0.6337385707
2013-09-02 23:00:00,0.6470038096
2013-09-03 00:00:00,0.4429581461
2013-09-03 01:00:00,0.2493619545
2013-09-03 02:00:00,0.1569467315
2013-09-03 03:00:00,0.1402657055
2013-09-03 04:00:00,0.0867082091
2013-09-03 05:00:00,0.0828038010
2013-09-03 06:00:00,0.0858754270
2013-09-03 07:00:00,0.0773167376
2013-09-03 08:00:00,0.0640699209
2013-09-03 09:00:00,0.0436158017
2013-09-03 10:00:00,0.0567653132
2013-09-03 11:00:00,0.0356101553
2013-09-03 12:00:00,0.0298748094
2013-09-03 13:00:00,0.0448110213
2013-09-03 14:00:00,0.0959366209
2013-09-03 15:00:00,0.3300264193
2013-09-03 16:00:00,0.6349103825
2013-09-03 17:00:00,0.8281812855
2013-09-03 18:00:00,0.8796829024
2013-09-03 19:00:00,0.8538789874
2013-09-03 20:00:00,0.7950559691
2013-09-03 21:00:00,0.7112686120
2013-09-03 22:00:00,0.7565451136
2013-09-03 23:00:00,0.5994395571
2013-09-04 00:00:00,0.5019472939
2013-09-04 01:00:00,0.4665777185
2013-09-04 02:00:00,0.4329167643
2013-09-04 03:00:00,0.3855830486
2013-09-04 04:00:00,0.3575855642
2013-09-04 05:00:00,0.2881504321
2013-09-04 06:00:00,0.3748322671
2013-09-04 07:00:00,0.4485404756
2013-09-04 08:00:00,0.4800819572
2013-09-04 09:00:00,0.4784460083
2013-09-04 10:00:00,0.2998599414
2013-09-04 11:00:00,0.2394185596
2013-09-04 12:00:00,0.1878826758
2013-09-04 13:00:00,0.1626876055
2013-09-04 14:00:00,0.2207640355
2013-09-04 15:00:00,0.3456553306
2013-09-04 16:00:00,0.2855523116
2013-09-04 17:00:00,0.1972300710
2013-09-04 18:00:00,0.1261386684
2013-09-04 19:00:00,0.0873691895
2013-09-04 20:00:00,0.0789093270
2013-09-04 21:00:00,0.0796580315
2013-09-04 22:00:00,0.1264051012
2013-09-04 23:00:00,0.0865516476
2013-09-05 00:00:00,0.0489809813
2013-09-05 01:00:00,0.0169780878
2013-09-05 02:00:00,0.0000000000
2013-09-05 03:00:00,0.0000000000
2013-09-05 04:00:00,0.0000000000
2013-09-05 05:00:00,0.0000000000
2013-09-05 06:00:00,0.0000000000
2013-09-05 07:00:00,0.0000000000
2013-09-05 08:00:00,0.0000000000
2013-09-05 09:00:00,0.0000000000
2013-09-05 10:00:00,0.0000000000
2013-09-05 11:00:00,0.0000000000
2013-09-05 12:00:00,0.0000000000
2013-09-05 13:00:00,0.0000000000
2013-09-05 14:00:00,0.0000000000
2013-09-05 15:00:00,0.1371358306
2013-09-05 16:00:00,0.3180987492
2013-09-05 17:00:00,0.4229391011
2013-09-05 18:00:00,0.3433426408
2013-09-05 19:00:00,0.3549636563
2013-09-05 20:00:00,0.4424596768
2013-09-05 21:00:00,0.4549182007
2013-09-05 22:00:00,0.7388250033
2013-09-05 23:00:00,0.8263914071
2013-09-06 00:00:00,0.8586080215
2013-09-06 01:00:00,0.9171855839
2013-09-06 02:00:00,0.6394690813
2013-09-06 03:00:00,0.3605771859
2013-09-06 04:00:00,0.6366190879
2013-09-06 05:00:00,0.6717238052
2013-09-06 06:00:00,0.5182057113
2013-09-06 07:00:00,0.2525975252
2013-09-06 08:00:00,0.2980961831
2013-09-06 09:00:00,0.3391334091
2013-09-06 10:00:00,0.1846613759
2013-09-06 11:00:00,0.1559628342
2013-09-06 12:00:00,0.1532342738
2013-09-06 13:00:00,0.1463807564
2013-09-06 14:00:00,0.1475983741
2013-09-06 15:00:00,0.1515957070
2013-09-06 16:00:00,0.1919143340
2013-09-06 17:00:00,0.2367277083
2013-09-06 18:00:00,0.2802268041
2013-09-06 19:00:00,0.3161179817
2013-09-06 20:00:00,0.3402426975
2013-09-06 21:00:00,0.3558219523
2013-09-06 22:00:00,0.4583877598
2013-09-06 23:00:00,0.4788515459
2013-09-07 00:00:00,0.4626956329
2013-09-07 01:00:00,0.4770645285
2013-09-07 02:00:00,0.4703411713
2013-09-07 03:00:00,0.4187477399
2013-09-07 04:00:00,0.2764205777
2013-09-07 05:00:00,0.1907312169
2013-09-07 06:00:00,0.1481850241
2013-09-07 07:00:00,0.1147977277
2013-09-07 08:00:00,0.0914245260
2013-09-07 09:00:00,0.0795126663
2013-09-07 10:00:00,0.0976019747
2013-09-07 11:00:00,0.0836003995
2013-09-07 12:00:00,0.0761221671
2013-09-07 13:00:00,0.0772766740
2013-09-07 14:00:00,0.0803923373
2013-09-07 15:00:00,0.0885360147
2013-09-07 16:00:00,0.0865377164
2013-09-07 17:00:00,0.0711727610
2013-09-07 18:00:00,0.0529009922
2013-09-07 19:00:00,0.0269139199
2013-09-07 20:00:00,0.0000000000
2013-09-07 21:00:00,0.0000000000
2013-09-07 22:00:00,0.0000000000
2013-09-07 23:00:00,0.0000000000
2013-09-08 00:00:00,0.0103947883
2013-09-08 01:00:00,0.0153923323
2013-09-08 02:00:00,0.0000000000
2013-09-08 03:00:00,0.0000000000
2013-09-08 04:00:00,0.0000000000
2013-09-08 05:00:00,0.0000000000
2013-09-08 06:00:00,0.0000000000
2013-09-08 07:00:00,0.0000000000
2013-09-08 08:00:00,0.0000000000
2013-09-08 09:00:00,0.0000000000
2013-09-08 10:00:00,0.0000000000
2013-09-08 11:00:00,0.0000000000
2013-09-08 12:00:00,0.0000000000
2013-09-08 13:00:00,0.0000000000
2013-09-08 14:00:00,0.0000000000
2013-09-08 15:00:00,0.0221503720
2013-09-08 16:00:00,0.1333748827
2013-09-08 17:00:00,0.2583924898
2013-09-08 18:00:00,0.3153118324
2013-09-08 19:00:00,0.3185803734
2013-09-08 20:00:00,0.3070629188
2013-09-08 21:00:00,0.2574022954
2013-09-08 22:00:00,0.3292865519
2013-09-08 23:00:00,0.2671782300
2013-09-09 00:00:00,0.1810888714
2013-09-09 01:00:00,0.1040624754
2013-09-09 02:00:00,0.0480975306
2013-09-09 03:00:00,0.0000000000
2013-09-09 04:00:00,0.0000000000
2013-09-09 05:00:00,0.0000000000
2013-09-09 06:00:00,0.0328853972
2013-09-09 07:00:00,0.0906959936
2013-09-09 08:00:00,0.1670162351
2013-09-09 09:00:00,0.2764184459
2013-09-09 10:00:00,0.4387785765
2013-09-09 11:00:00,0.4873662213
2013-09-09 12:00:00,0.4834151424
2013-09-09 13:00:00,0.4134651804
2013-09-09 14:00:00,0.3123548530
2013-09-09 15:00:00,0.2685489405
2013-09-09 16:00:00,0.2794831812
2013-09-09 17:00:00,0.3316072249
2013-09-09 18:00:00,0.3878276255
2013-09-09 19:00:00,0.4344320936
2013-09-09 20:00:00,0.4309328475
2013-09-09 21:00:00,0.4249001671
2013-09-09 22:00:00,0.4829807531
2013-09-09 23:00:00,0.4035603907
2013-09-10 00:00:00,0.3841274829
2013-09-10 01:00:00,0.5349296994
2013-09-10 02:00:00,0.6338102521
2013-09-10 03:00:00,0.6381627999
2013-09-10 04:00:00,0.5596952657
2013-09-10 05:00:00,0.5300024989
2013-09-10 06:00:00,0.4881943207
2013-09-10 07:00:00,0.5082523901
2013-09-10 08:00:00,0.5790189590
2013-09-10 09:00:00,0.6328375355
2013-09-10 10:00:00,0.6187240049
2013-09-10 11:00:00,0.5421352932
2013-09-10 12:00:00,0.5026633911
2013-09-10 13:00:00,0.4836409388
2013-09-10 14:00:00,0.4572774148
2013-09-10 15:00:00,0.3703831754
2013-09-10 16:00:00,0.3595919656
2013-09-10 17:00:00,0.3743502766
2013-09-10 18:00:00,0.4031906767
2013-09-10 19:00:00,0.4864531794
2013-09-10 20:00:00,0.5447880427
2013-09-10 21:00:00,0.4941092909
2013-09-10 22:00:00,0.3576203530
2013-09-10 23:00:00,0.2416946685
2013-09-11 00:00:00,0.1568112537
2013-09-11 01:00:00,0.0981492388
2013-09-11 02:00:00,0.0799045609
2013-09-11 03:00:00,0.0579017751
2013-09-11 04:00:00,0.0000000000
2013-09-11 05:00:00,0.0000000000
2013-09-11 06:00:00,0.0000000000
2013-09-11 07:00:00,0.0157203585
2013-09-11 08:00:00,0.0413105464
2013-09-11 09:00:00,0.0746573654
2013-09-11 10:00:00,0.0897006194
2013-09-11 11:00:00,0.1220037189
2013-09-11 12:00:00,0.1471512692
2013-09-11 13:00:00,0.1498172096
2013-09-11 14:00:00,0.1559309632
2013-09-11 15:00:00,0.1592939625
2013-09-11 16:00:00,0.1521836893
2013-09-11 17:00:00,0.1466799367
2013-09-11 18:00:00,0.1610704614
2013-09-11 19:00:00,0.2252936924
2013-09-11 20:00:00,0.2669418435
2013-09-11 21:00:00,0.2527384571
2013-09-11 22:00:00,0.2142352185
2013-09-11 23:00:00,0.1571025451
2013-09-12 00:00:00,0.1269633162
2013-09-12 01:00:00,0.0842186049
2013-09-12 02:00:00,0.0756950939
2013-09-12 03:00:00,0.0458535310
2013-09-12 04:00:00,0.0000000000
2013-09-12 05:00:00,0.0000000000
2013-09-12 06:00:00,0.0000000000
2013-09-12 07:00:00,0.0378267130
2013-09-12 08:00:00,0.1037365782
2013-09-12 09:00:00,0.1904972581
2013-09-12 10:00:00,0.2971958475
2013-09-12 11:00:00,0.4161384293
2013-09-12 12:00:00,0.4539723646
2013-09-12 13:00:00,0.4282031309
2013-09-12 14:00:00,0.3548231826
2013-09-12 15:00:00,0.2786037782
2013-09-12 16:00:00,0.2345813988
2013-09-12 17:00:00,0.2316796234
2013-09-12 18:00:00,0.2350661334
2013-09-12 19:00:00,0.2438042055
2013-09-12 20:00:00,0.2379023577
2013-09-12 21:00:00,0.2298465617
2013-09-12 22:00:00,0.2577365645
2013-09-12 23:00:00,0.2172384293
2013-09-13 00:00:00,0.1501423705
2013-09-13 01:00:00,0.1095654567
2013-09-13 02:00:00,0.0813348621
2013-09-13 03:00:00,0.0478384199
2013-09-13 04:00:00,0.0000000000
2013-09-13 05:00:00,0.0000000000
2013-09-13 06:00:00,0.0000000000
2013-09-13 07:00:00,0.0000000000
2013-09-13 08:00:00,0.0000000000
2013-09-13 09:00:00,0.0150661476
2013-09-13 10:00:00,0.0555009935
2013-09-13 11:00:00,0.0975826207
2013-09-13 12:00:00,0.1304687004
2013-09-13 13:00:00,0.1417207250
2013-09-13 14:00:00,0.1527541759
2013-09-13 15:00:00,0.1468569625
2013-09-13 16:00:00,0.1076064273
2013-09-13 17:00:00,0.0943491973
2013-09-13 18:00:00,0.1157909865
2013-09-13 19:00:00,0.1611376744
2013-09-13 20:00:00,0.2466493713
2013-09-13 21:00:00,0.3275657853
2013-09-13 22:00:00,0.3300891858
2013-09-13 23:00:00,0.2717974202
2013-09-14 00:00:00,0.2028568056
2013-09-14 01:00:00,0.1507372248
2013-09-14 02:00:00,0.1145248436
2013-09-14 03:00:00,0.0944076800
2013-09-14 04:00:00,0.0658544138
2013-09-14 05:00:00,0.0160593998
2013-09-14 06:00:00,0.0000000000
2013-09-14 07:00:00,0.0000000000
2013-09-14 08:00:00,0.0000000000
2013-09-14 09:00:00,0.0000000000
2013-09-14 10:00:00,0.0000000000
2013-09-14 11:00:00,0.0000000000
2013-09-14 12:00:00,0.0000000000
2013-09-14 13:00:00,0.0000000000
2013-09-14 14:00:00,0.0481609667
2013-09-14 15:00:00,0.1037725163
2013-09-14 16:00:00,0.1648957122
2013-09-14 17:00:00,0.2158028191
2013-09-14 18:00:00,0.2438149826
2013-09-14 19:00:00,0.2731091524
2013-09-14 20:00:00,0.3219521825
2013-09-14 21:00:00,0.3438576624
2013-09-14 22:00:00,0.4280050175
2013-09-14 23:00:00,0.5691855250
2013-09-15 00:00:00,0.6936665049
2013-09-15 01:00:00,0.7311834635
2013-09-15 02:00:00,0.7490003717
2013-09-15 03:00:00,0.7507861268
2013-09-15 04:00:00,0.7217734468
2013-09-15 05:00:00,0.6211873363
2013-09-15 06:00:00,0.7038432477
2013-09-15 07:00:00,0.7243341745
2013-09-15 08:00:00,0.6216609712
2013-09-15 09:00:00,0.5188026381
2013-09-15 10:00:00,0.5182659236
2013-09-15 11:00:00,0.4646213538
2013-09-15 12:00:00,0.4868160665
2013-09-15 13:00:00,0.5927441556
2013-09-15 14:00:00,0.6782192810
2013-09-15 15:00:00,0.8436654533
2013-09-15 16:00:00,0.9046959410
2013-09-15 17:00:00,0.9190820058
2013-09-15 18:00:00,0.9242305195
2013-09-15 19:00:00,0.9701652122
2013-09-15 20:00:00,0.9932648310
2013-09-15 21:00:00,0.9977192442
2013-09-15 22:00:00,0.9989746069
2013-09-15 23:00:00,0.9991620101
2013-09-16 00:00:00,0.9992600453
2013-09-16 01:00:00,0.9989008280
2013-09-16 02:00:00,0.9988391540
2013-09-16 03:00:00,0.9982328259
2013-09-16 04:00:00,0.9839488354
2013-09-16 05:00:00,0.9764367989
2013-09-16 06:00:00,0.9877663656
2013-09-16 07:00:00,0.9972635282
2013-09-16 08:00:00,0.9970205313
2013-09-16 09:00:00,0.9858894223
2013-09-16 10:00:00,0.9843747070
2013-09-16 11:00:00,0.9907737215
2013-09-16 12:00:00,0.9954768785
2013-09-16 13:00:00,0.9940824945
2013-09-16 14:00:00,0.9825889519
2013-09-16 15:00:00,0.9665534263
2013-09-16 16:00:00,0.8798028722
2013-09-16 17:00:00,0.9693854712
2013-09-16 18:00:00,0.9720592655
2013-09-16 19:00:00,0.9789367719
2013-09-16 20:00:00,0.9793373993
2013-09-16 21:00:00,0.9790459116
2013-09-16 22:00:00,0.9868164218
2013-09-16 23:00:00,0.9795313037
2013-09-17 00:00:00,0.9441716687
2013-09-17 01:00:00,0.9769402267
2013-09-17 02:00:00,0.9753595115
2013-09-17 03:00:00,0.9677473673
2013-09-17 04:00:00,0.9793651681
2013-09-17 05:00:00,0.9212229860
2013-09-17 06:00:00,0.9251554589
2013-09-17 07:00:00,0.9339820575
2013-09-17 08:00:00,0.9430864932
2013-09-17 09:00:00,0.9678092439
2013-09-17 10:00:00,0.9763671245
2013-09-17 11:00:00,0.9758006420
2013-09-17 12:00:00,0.9763444888
2013-09-17 13:00:00,0.9801592422
2013-09-17 14:00:00,0.9915415976
2013-09-17 15:00:00,0.9988311630
2013-09-17 16:00:00,0.9998488831
2013-09-17 17:00:00,0.9998657937
2013-09-17 18:00:00,0.9988068070
2013-09-17 19:00:00,0.9975189758
2013-09-17 20:00:00,0.9933955965
2013-09-17 21:00:00,0.9880405750
2013-09-17 22:00:00,0.9928163235
2013-09-17 23:00:00,0.9968558698
2013-09-18 00:00:00,0.9971596525
2013-09-18 01:00:00,0.9965608977
2013-09-18 02:00:00,0.9919204307
2013-09-18 03:00:00,0.9826237049
2013-09-18 04:00:00,0.9729249212
2013-09-18 05:00:00,0.8896393246
2013-09-18 06:00:00,0.9202606226
2013-09-18 07:00:00,0.9369610493
2013-09-18 08:00:00,0.9520272585
2013-09-18 09:00:00,0.9717554641
2013-09-18 10:00:00,0.9881797273
2013-09-18 11:00:00,0.9845564100
2013-09-18 12:00:00,0.9807441531
2013-09-18 13:00:00,0.9793989393
2013-09-18 14:00:00,0.9725643763
2013-09-18 15:00:00,0.9838488679
2013-09-18 16:00:00,0.9964370883
2013-09-18 17:00:00,0.9961052097
2013-09-18 18:00:00,0.9962316837
2013-09-18 19:00:00,0.9904682652
2013-09-18 20:00:00,0.9795191865
2013-09-18 21:00:00,0.9708257999
2013-09-18 22:00:00,0.9595182020
2013-09-18 23:00:00,0.9389840731
2013-09-19 00:00:00,0.9268709195
2013-09-19 01:00:00,0.8844015146
2013-09-19 02:00:00,0.8500351002
2013-09-19 03:00:00,0.7764169656
2013-09-19 04:00:00,0.6981745795
2013-09-19 05:00:00,0.4812084304
2013-09-19 06:00:00,0.3649093139
2013-09-19 07:00:00,0.2152403944
2013-09-19 08:00:00,0.1117900774
2013-09-19 09:00:00,0.0634872680
2013-09-19 10:00:00,0.0317084910
2013-09-19 11:00:00,0.0116916638
2013-09-19 12:00:00,0.0413774735
2013-09-19 13:00:00,0.1042254766
2013-09-19 14:00:00,0.1977251090
2013-09-19 15:00:00,0.2674500864
2013-09-19 16:00:00,0.3192754914
2013-09-19 17:00:00,0.2953546561
2013-09-19 18:00:00,0.2595823575
2013-09-19 19:00:00,0.2181412815
2013-09-19 20:00:00,0.1813957831
2013-09-19 21:00:00,0.1555241790
2013-09-19 22:00:00,0.1190071129
2013-09-19 23:00:00,0.1069680967
2013-09-20 00:00:00,0.1227917624
2013-09-20 01:00:00,0.1252857961
2013-09-20 02:00:00,0.1237674204
2013-09-20 03:00:00,0.1338235654
2013-09-20 04:00:00,0.1170601097
2013-09-20 05:00:00,0.0480323999
2013-09-20 06:00:00,0.0277655226
2013-09-20 07:00:00,0.0151186928
2013-09-20 08:00:00,0.0118430970
2013-09-20 09:00:00,0.0000000000
2013-09-20 10:00:00,0.0000000000
2013-09-20 11:00:00,0.0000000000
2013-09-20 12:00:00,0.0000000000
2013-09-20 13:00:00,0.0000000000
2013-09-20 14:00:00,0.0425883855
2013-09-20 15:00:00,0.0976629818
2013-09-20 16:00:00,0.2050887993
2013-09-20 17:00:00,0.3933360561
2013-09-20 18:00:00,0.5684303614
2013-09-20 19:00:00,0.6758183779
2013-09-20 20:00:00,0.6556366939
2013-09-20 21:00:00,0.6047015097
2013-09-20 22:00:00,0.5141942408
2013-09-20 23:00:00,0.4263076876
2013-09-21 00:00:00,0.3824404065
2013-09-21 01:00:00,0.3641079251
2013-09-21 02:00:00,0.3869806084
2013-09-21 03:00:00,0.4262384761
2013-09-21 04:00:00,0.4260734670
2013-09-21 05:00:00,0.3337449451
2013-09-21 06:00:00,0.3241038182
2013-09-21 07:00:00,0.2825665692
2013-09-21 08:00:00,0.2279754246
2013-09-21 09:00:00,0.1918370583
2013-09-21 10:00:00,0.1685727928
2013-09-21 11:00:00,0.1430968210
2013-09-21 12:00:00,0.1391059394
2013-09-21 13:00:00,0.1565555147
2013-09-21 14:00:00,0.2358050783
2013-09-21 15:00:00,0.3936456403
2013-09-21 16:00:00,0.5211930337
2013-09-21 17:00:00,0.5735989490
2013-09-21 18:00:00,0.6485900785
2013-09-21 19:00:00,0.7556623478
2013-09-21 20:00:00,0.8051912831
2013-09-21 21:00:00,0.8026698243
2013-09-21 22:00:00,0.6826884793
2013-09-21 23:00:00,0.6295584697
2013-09-22 00:00:00,0.6171699521
2013-09-22 01:00:00,0.6344725883
2013-09-22 02:00:00,0.6988231061
2013-09-22 03:00:00,0.7150400012
2013-09-22 04:00:00,0.6404009333
2013-09-22 05:00:00,0.4895231147
2013-09-22 06:00:00,0.4730786841
2013-09-22 07:00:00,0.4634896836
2013-09-22 08:00:00,0.4945083771
2013-09-22 09:00:00,0.5394877406
2013-09-22 10:00:00,0.6572626245
2013-09-22 11:00:00,0.5920540429
2013-09-22 12:00:00,0.5277619175
2013-09-22 13:00:00,0.5168303243
2013-09-22 14:00:00,0.5552875762
2013-09-22 15:00:00,0.6758456698
2013-09-22 16:00:00,0.7296755361
2013-09-22 17:00:00,0.7287478073
2013-09-22 18:00:00,0.7244244931
2013-09-22 19:00:00,0.7036594690
2013-09-22 20:00:00,0.6863815270
2013-09-22 21:00:00,0.6767688826
2013-09-22 22:00:00,0.6441104739
2013-09-22 23:00:00,0.5475370245
2013-09-23 00:00:00,0.4603901798
2013-09-23 01:00:00,0.3597696451
2013-09-23 02:00:00,0.2814375154
2013-09-23 03:00:00,0.2189730756
2013-09-23 04:00:00,0.1613755320
2013-09-23 05:00:00,0.0847946896
2013-09-23 06:00:00,0.0615347133
2013-09-23 07:00:00,0.0344204264
2013-09-23 08:00:00,0.0000000000
2013-09-23 09:00:00,0.0000000000
2013-09-23 10:00:00,0.0000000000
2013-09-23 11:00:00,0.0648972801
2013-09-23 12:00:00,0.0913966871
2013-09-23 13:00:00,0.1137404115
2013-09-23 14:00:00,0.2089981783
2013-09-23 15:00:00,0.3508983406
2013-09-23 16:00:00,0.4782429708
2013-09-23 17:00:00,0.5461211376
2013-09-23 18:00:00,0.5508702097
2013-09-23 19:00:00,0.4258442268
2013-09-23 20:00:00,0.2935416683
2013-09-23 21:00:00,0.2070007948
2013-09-23 22:00:00,0.1949331776
2013-09-23 23:00:00,0.2047754924
2013-09-24 00:00:00,0.1692191877
2013-09-24 01:00:00,0.1272325189
2013-09-24 02:00:00,0.1048775163
2013-09-24 03:00:00,0.0661970821
2013-09-24 04:00:00,0.0206103718
2013-09-24 05:00:00,0.0000000000
2013-09-24 06:00:00,0.0000000000
2013-09-24 07:00:00,0.0000000000
2013-09-24 08:00:00,0.0000000000
2013-09-24 09:00:00,0.0141144594
2013-09-24 10:00:00,0.0479475661
2013-09-24 11:00:00,0.0728624241
2013-09-24 12:00:00,0.1337728313
2013-09-24 13:00:00,0.1292657735
2013-09-24 14:00:00,0.1037252884
2013-09-24 15:00:00,0.0759705375
2013-09-24 16:00:00,0.0570523973
2013-09-24 17:00:00,0.0689107297
2013-09-24 18:00:00,0.0775453624
2013-09-24 19:00:00,0.1106668454
2013-09-24 20:00:00,0.1292415811
2013-09-24 21:00:00,0.1761302605
2013-09-24 22:00:00,0.2466948484
2013-09-24 23:00:00,0.3146981570
2013-09-25 00:00:00,0.3904759728
2013-09-25 01:00:00,0.4495397658
2013-09-25 02:00:00,0.4594850229
2013-09-25 03:00:00,0.4780148447
2013-09-25 04:00:00,0.4755378938
2013-09-25 05:00:00,0.6639108564
2013-09-25 06:00:00,0.6115992319
2013-09-25 07:00:00,0.5732020132
2013-09-25 08:00:00,0.5105504958
2013-09-25 09:00:00,0.4018289310
2013-09-25 10:00:00,0.3628676841
2013-09-25 11:00:00,0.3822690256
2013-09-25 12:00:00,0.5037348489
2013-09-25 13:00:00,0.5100825955
2013-09-25 14:00:00,0.5458306487
2013-09-25 15:00:00,0.8201627638
2013-09-25 16:00:00,0.9340876972
2013-09-25 17:00:00,0.8588476056
2013-09-25 18:00:00,0.5207434121
2013-09-25 19:00:00,0.2124813273
2013-09-25 20:00:00,0.0721317647
2013-09-25 21:00:00,0.0000000000
2013-09-25 22:00:00,0.0000000000
2013-09-25 23:00:00,0.0000000000
2013-09-26 00:00:00,0.0000000000
2013-09-26 01:00:00,0.0000000000
2013-09-26 02:00:00,0.0000000000
2013-09-26 03:00:00,0.0000000000
2013-09-26 04:00:00,0.0210098328
2013-09-26 05:00:00,0.0000000000
2013-09-26 06:00:00,0.0000000000
2013-09-26 07:00:00,0.0100320671
2013-09-26 08:00:00,0.1192361000
2013-09-26 09:00:00,0.1224908642
2013-09-26 10:00:00,0.1784366876
2013-09-26 11:00:00,0.4211480244
2013-09-26 12:00:00,0.5378198935
2013-09-26 13:00:00,0.5304612599
2013-09-26 14:00:00,0.4014329240
2013-09-26 15:00:00,0.2771224539
2013-09-26 16:00:00,0.2865923651
2013-09-26 17:00:00,0.4075797851
2013-09-26 18:00:00,0.4882470065
2013-09-26 19:00:00,0.4623064029
2013-09-26 20:00:00,0.3684666391
2013-09-26 21:00:00,0.2739629153
2013-09-26 22:00:00,0.1921517865
2013-09-26 23:00:00,0.1272172671
2013-09-27 00:00:00,0.0772780297
2013-09-27 01:00:00,0.0286187183
2013-09-27 02:00:00,0.0000000000
2013-09-27 03:00:00,0.0000000000
2013-09-27 04:00:00,0.0000000000
2013-09-27 05:00:00,0.0128487765
2013-09-27 06:00:00,0.0801763581
2013-09-27 07:00:00,0.1341485860
2013-09-27 08:00:00,0.1667814979
2013-09-27 09:00:00,0.2098400982
2013-09-27 10:00:00,0.2229018772
2013-09-27 11:00:00,0.2623304105
2013-09-27 12:00:00,0.3338544384
2013-09-27 13:00:00,0.4153594519
2013-09-27 14:00:00,0.4753040332
2013-09-27 15:00:00,0.6280558483
2013-09-27 16:00:00,0.7574685228
2013-09-27 17:00:00,0.8061830203
2013-09-27 18:00:00,0.8286075499
2013-09-27 19:00:00,0.8026156332
2013-09-27 20:00:00,0.7788376995
2013-09-27 21:00:00,0.7720047072
2013-09-27 22:00:00,0.7333727070
2013-09-27 23:00:00,0.7513313761
2013-09-28 00:00:00,0.7229124425
2013-09-28 01:00:00,0.7163800539
2013-09-28 02:00:00,0.7100106314
2013-09-28 03:00:00,0.6963599616
2013-09-28 04:00:00,0.6618926291
2013-09-28 05:00:00,0.4675224794
2013-09-28 06:00:00,0.4393775307
2013-09-28 07:00:00,0.3653823690
2013-09-28 08:00:00,0.2583379527
2013-09-28 09:00:00,0.1506461349
2013-09-28 10:00:00,0.1574946034
2013-09-28 11:00:00,0.1283634995
2013-09-28 12:00:00,0.1394619544
2013-09-28 13:00:00,0.1647366028
2013-09-28 14:00:00,0.2062354399
2013-09-28 15:00:00,0.3101049295
2013-09-28 16:00:00,0.4429190361
2013-09-28 17:00:00,0.5361382478
2013-09-28 18:00:00,0.5679739301
2013-09-28 19:00:00,0.5909431604
2013-09-28 20:00:00,0.6540019278
2013-09-28 21:00:00,0.6656991641
2013-09-28 22:00:00,0.5222198698
2013-09-28 23:00:00,0.2741505087
2013-09-29 00:00:00,0.1028022229
2013-09-29 01:00:00,0.0697006198
2013-09-29 02:00:00,0.0881694812
2013-09-29 03:00:00,0.1453798191
2013-09-29 04:00:00,0.2555033272
2013-09-29 05:00:00,0.2124089073
2013-09-29 06:00:00,0.3053979609
2013-09-29 07:00:00,0.4039880372
2013-09-29 08:00:00,0.4573605653
2013-09-29 09:00:00,0.6228168338
2013-09-29 10:00:00,0.6986499300
2013-09-29 11:00:00,0.7639416152
2013-09-29 12:00:00,0.7437373517
2013-09-29 13:00:00,0.6727536332
2013-09-29 14:00:00,0.5575777970
2013-09-29 15:00:00,0.4894904997
2013-09-29 16:00:00,0.4087232032
2013-09-29 17:00:00,0.3447088541
2013-09-29 18:00:00,0.2795794057
2013-09-29 19:00:00,0.2229031208
2013-09-29 20:00:00,0.1884966769
2013-09-29 21:00:00,0.1546087569
2013-09-29 22:00:00,0.1134606904
2013-09-29 23:00:00,0.1039063814
2013-09-30 00:00:00,0.1489267863
2013-09-30 01:00:00,0.2031527625
2013-09-30 02:00:00,0.1486155099
2013-09-30 03:00:00,0.1082188125
2013-09-30 04:00:00,0.0749032638
2013-09-30 05:00:00,0.0950639388
2013-09-30 06:00:00,0.0932707506
2013-09-30 07:00:00,0.0575640622
2013-09-30 08:00:00,0.0166415093
2013-09-30 09:00:00,0.0000000000
2013-09-30 10:00:00,0.0000000000
2013-09-30 11:00:00,0.0000000000
2013-09-30 12:00:00,0.0000000000
2013-09-30 13:00:00,0.0000000000
2013-09-30 14:00:00,0.0000000000
2013-09-30 15:00:00,0.0270768766
2013-09-30 16:00:00,0.0459473690
2013-09-30 17:00:00,0.0670297707
2013-09-30 18:00:00,0.0847672014
2013-09-30 19:00:00,0.1307319777
2013-09-30 20:00:00,0.2005769069
2013-09-30 21:00:00,0.2491125998
2013-09-30 22:00:00,0.2577420122
2013-09-30 23:00:00,0.2540860737
2013-10-01 00:00:00,0.2223955292
2013-10-01 01:00:00,0.2030910604
2013-10-01 02:00:00,0.2193527035
2013-10-01 03:00:00,0.2063944916
2013-10-01 04:00:00,0.1732200174
2013-10-01 05:00:00,0.1217876696
2013-10-01 06:00:00,0.1045494804
2013-10-01 07:00:00,0.0982481475
2013-10-01 08:00:00,0.0926837500
2013-10-01 09:00:00,0.0913164896
2013-10-01 10:00:00,0.1482841080
2013-10-01 11:00:00,0.1451237646
2013-10-01 12:00:00,0.1545962399
2013-10-01 13:00:00,0.1745211502
2013-10-01 14:00:00,0.2592878217
2013-10-01 15:00:00,0.4662938601
2013-10-01 16:00:00,0.6522169581
2013-10-01 17:00:00,0.7550230494
2013-10-01 18:00:00,0.8125296668
2013-10-01 19:00:00,0.8422629319
2013-10-01 20:00:00,0.8557076672
2013-10-01 21:00:00,0.8805292042
2013-10-01 22:00:00,0.8927135343
2013-10-01 23:00:00,0.9189143087
2013-10-02 00:00:00,0.9360490188
2013-10-02 01:00:00,0.9621859594
2013-10-02 02:00:00,0.9753027679
2013-10-02 03:00:00,0.9836857895
2013-10-02 04:00:00,0.9970749562
2013-10-02 05:00:00,0.9876507466
2013-10-02 06:00:00,0.9974997620
2013-10-02 07:00:00,0.9993592275
2013-10-02 08:00:00,1.0000000000
2013-10-02 09:00:00,1.0000000000
2013-10-02 10:00:00,1.0000000000
2013-10-02 11:00:00,1.0000000000
2013-10-02 12:00:00,1.0000000000
2013-10-02 13:00:00,1.0000000000
2013-10-02 14:00:00,1.0000000000
2013-10-02 15:00:00,1.0000000000
2013-10-02 16:00:00,1.0000000000
2013-10-02 17:00:00,1.0000000000
2013-10-02 18:00:00,1.0000000000
2013-10-02 19:00:00,1.0000000000
2013-10-02 20:00:00,0.9984288247
2013-10-02 21:00:00,0.9965920043
2013-10-02 22:00:00,0.9728029070
2013-10-02 23:00:00,0.7298178860
2013-10-03 00:00:00,0.4307630047
2013-10-03 01:00:00,0.3924305938
2013-10-03 02:00:00,0.4512368230
2013-10-03 03:00:00,0.4208331669
2013-10-03 04:00:00,0.3121608410
2013-10-03 05:00:00,0.1878717211
2013-10-03 06:00:00,0.2362929512
2013-10-03 07:00:00,0.5464211243
2013-10-03 08:00:00,0.6305514364
2013-10-03 09:00:00,0.5818179386
2013-10-03 10:00:00,0.4970856819
2013-10-03 11:00:00,0.5465791818
2013-10-03 12:00:00,0.5329534431
2013-10-03 13:00:00,0.4717504277
2013-10-03 14:00:00,0.4372281654
2013-10-03 15:00:00,0.4004991179
2013-10-03 16:00:00,0.3335099922
2013-10-03 17:00:00,0.2764051225
2013-10-03 18:00:00,0.1981871642
2013-10-03 19:00:00,0.1591862183
2013-10-03 20:00:00,0.1289120375
2013-10-03 21:00:00,0.0923016960
2013-10-03 22:00:00,0.0686336265
2013-10-03 23:00:00,0.0312978002
2013-10-04 00:00:00,0.0000000000
2013-10-04 01:00:00,0.0000000000
2013-10-04 02:00:00,0.0000000000
2013-10-04 03:00:00,0.0000000000
2013-10-04 04:00:00,0.0107360213
2013-10-04 05:00:00,0.0602449857
2013-10-04 06:00:00,0.0000000000
2013-10-04 07:00:00,0.0000000000
2013-10-04 08:00:00,0.0259514424
2013-10-04 09:00:00,0.0439977626
2013-10-04 10:00:00,0.0321154423
2013-10-04 11:00:00,0.0711635749
2013-10-04 12:00:00,0.1748982909
2013-10-04 13:00:00,0.4197810055
2013-10-04 14:00:00,0.6223104047
2013-10-04 15:00:00,0.6235886633
2013-10-04 16:00:00,0.5325977241
2013-10-04 17:00:00,0.5293254681
2013-10-04 18:00:00,0.5588565932
2013-10-04 19:00:00,0.5625340284
2013-10-04 20:00:00,0.6345591436
2013-10-04 21:00:00,0.6198436684
2013-10-04 22:00:00,0.4680900169
2013-10-04 23:00:00,0.4699969214
2013-10-05 00:00:00,0.3838749524
2013-10-05 01:00:00,0.3221157267
2013-10-05 02:00:00,0.3473418943
2013-10-05 03:00:00,0.3647864177
2013-10-05 04:00:00,0.3448188601
2013-10-05 05:00:00,0.3481565394
2013-10-05 06:00:00,0.2899560180
2013-10-05 07:00:00,0.2139355310
2013-10-05 08:00:00,0.1589592999
2013-10-05 09:00:00,0.1267086641
2013-10-05 10:00:00,0.1626955645
2013-10-05 11:00:00,0.2140209784
2013-10-05 12:00:00,0.2654996604
2013-10-05 13:00:00,0.3079866179
2013-10-05 14:00:00,0.3438931836
2013-10-05 15:00:00,0.4386312915
2013-10-05 16:00:00,0.5077771424
2013-10-05 17:00:00,0.5425562422
2013-10-05 18:00:00,0.5211405271
2013-10-05 19:00:00,0.4469557884
2013-10-05 20:00:00,0.3228468053
2013-10-05 21:00:00,0.2909092030
2013-10-05 22:00:00,0.2776526657
2013-10-05 23:00:00,0.2897322443
2013-10-06 00:00:00,0.2753950911
2013-10-06 01:00:00,0.2678559465
2013-10-06 02:00:00,0.2462314313
2013-10-06 03:00:00,0.2107853484
2013-10-06 04:00:00,0.2606983247
2013-10-06 05:00:00,0.2538781104
2013-10-06 06:00:00,0.2169390379
2013-10-06 07:00:00,0.2080820620
2013-10-06 08:00:00,0.2263773282
2013-10-06 09:00:00,0.2796243499
2013-10-06 10:00:00,0.3240962745
2013-10-06 11:00:00,0.4114699114
2013-10-06 12:00:00,0.5085993281
2013-10-06 13:00:00,0.5331589895
2013-10-06 14:00:00,0.4684654482
2013-10-06 15:00:00,0.4841582993
2013-10-06 16:00:00,0.5073701712
2013-10-06 17:00:00,0.6024446207
2013-10-06 18:00:00,0.7278505120
2013-10-06 19:00:00,0.7860983306
2013-10-06 20:00:00,0.7230029574
2013-10-06 21:00:00,0.7730217728
2013-10-06 22:00:00,0.7043712186
2013-10-06 23:00:00,0.6699541503
2013-10-07 00:00:00,0.6151721914
2013-10-07 01:00:00,0.5000219314
2013-10-07 02:00:00,0.5522837670
2013-10-07 03:00:00,0.6080013630
2013-10-07 04:00:00,0.7307220534
2013-10-07 05:00:00,0.9151753507
2013-10-07 06:00:00,0.9044902278
2013-10-07 07:00:00,0.6134358886
2013-10-07 08:00:00,0.3007514150
2013-10-07 09:00:00,0.3089065084
2013-10-07 10:00:00,0.4457348827
2013-10-07 11:00:00,0.5248624047
2013-10-07 12:00:00,0.6123527826
2013-10-07 13:00:00,0.6674904169
2013-10-07 14:00:00,0.5935985980
2013-10-07 15:00:00,0.5762927361
2013-10-07 16:00:00,0.5547076736
2013-10-07 17:00:00,0.6105084201
2013-10-07 18:00:00,0.6879485542
2013-10-07 19:00:00,0.6800957474
2013-10-07 20:00:00,0.5070918682
2013-10-07 21:00:00,0.4474943198
2013-10-07 22:00:00,0.5104078499
2013-10-07 23:00:00,0.4919823245
2013-10-08 00:00:00,0.3977915197
2013-10-08 01:00:00,0.3493986847
2013-10-08 02:00:00,0.3245316845
2013-10-08 03:00:00,0.3311325584
2013-10-08 04:00:00,0.2553725804
2013-10-08 05:00:00,0.2332064248
2013-10-08 06:00:00,0.2014178793
2013-10-08 07:00:00,0.1645163111
2013-10-08 08:00:00,0.1471081084
2013-10-08 09:00:00,0.1222095653
2013-10-08 10:00:00,0.1144661506
2013-10-08 11:00:00,0.0998630126
2013-10-08 12:00:00,0.0809971959
2013-10-08 13:00:00,0.0558984046
2013-10-08 14:00:00,0.0346742272
2013-10-08 15:00:00,0.0187710528
2013-10-08 16:00:00,0.0000000000
2013-10-08 17:00:00,0.0000000000
2013-10-08 18:00:00,0.0000000000
2013-10-08 19:00:00,0.0000000000
2013-10-08 20:00:00,0.0000000000
2013-10-08 21:00:00,0.0000000000
2013-10-08 22:00:00,0.0000000000
2013-10-08 23:00:00,0.0000000000
2013-10-09 00:00:00,0.0000000000
2013-10-09 01:00:00,0.0000000000
2013-10-09 02:00:00,0.0000000000
2013-10-09 03:00:00,0.0471608456
2013-10-09 04:00:00,0.0909621342
2013-10-09 05:00:00,0.1357651341
2013-10-09 06:00:00,0.1230697305
2013-10-09 07:00:00,0.2263142642
2013-10-09 08:00:00,0.4174901411
2013-10-09 09:00:00,0.5642420170
2013-10-09 10:00:00,0.6567134483
2013-10-09 11:00:00,0.7276877422
2013-10-09 12:00:00,0.6688557980
2013-10-09 13:00:00,0.4938722046
2013-10-09 14:00:00,0.3417123985
2013-10-09 15:00:00,0.2419619654
2013-10-09 16:00:00,0.2051176370
2013-10-09 17:00:00,0.1672148938
2013-10-09 18:00:00,0.1302585064
2013-10-09 19:00:00,0.0918856789
2013-10-09 20:00:00,0.0596121012
2013-10-09 21:00:00,0.0323649953
2013-10-09 22:00:00,0.0000000000
2013-10-09 23:00:00,0.0000000000
2013-10-10 00:00:00,0.0000000000
2013-10-10 01:00:00,0.0000000000
2013-10-10 02:00:00,0.0000000000
2013-10-10 03:00:00,0.0000000000
2013-10-10 04:00:00,0.0000000000
2013-10-10 05:00:00,0.0000000000
2013-10-10 06:00:00,0.0000000000
2013-10-10 07:00:00,0.0000000000
2013-10-10 08:00:00,0.0000000000
2013-10-10 09:00:00,0.0155552778
2013-10-10 10:00:00,0.0281441282
2013-10-10 11:00:00,0.0423390133
2013-10-10 12:00:00,0.0682299745
2013-10-10 13:00:00,0.0864268050
2013-10-10 14:00:00,0.1307507005
2013-10-10 15:00:00,0.2072662559
2013-10-10 16:00:00,0.2844946120
2013-10-10 17:00:00,0.3492238615
2013-10-10 18:00:00,0.3837990028
2013-10-10 19:00:00,0.3756461798
2013-10-10 20:00:00,0.3808200515
2013-10-10 21:00:00,0.4077915943
2013-10-10 22:00:00,0.4780243425
2013-10-10 23:00:00,0.5570364232
2013-10-11 00:00:00,0.5867764997
2013-10-11 01:00:00,0.6004913025
2013-10-11 02:00:00,0.5896772668
2013-10-11 03:00:00,0.5374507343
2013-10-11 04:00:00,0.4631766151
2013-10-11 05:00:00,0.2941586893
2013-10-11 06:00:00,0.1936151093
2013-10-11 07:00:00,0.1782205526
2013-10-11 08:00:00,0.2000809807
2013-10-11 09:00:00,0.2909366788
2013-10-11 10:00:00,0.3390852174
2013-10-11 11:00:00,0.3739784387
2013-10-11 12:00:00,0.4052720023
2013-10-11 13:00:00,0.4420213372
2013-10-11 14:00:00,0.5830202149
2013-10-11 15:00:00,0.7285373258
2013-10-11 16:00:00,0.7630576713
2013-10-11 17:00:00,0.7064220391
2013-10-11 18:00:00,0.6625256445
2013-10-11 19:00:00,0.6703839489
2013-10-11 20:00:00,0.7140135111
2013-10-11 21:00:00,0.7237231498
2013-10-11 22:00:00,0.7530849307
2013-10-11 23:00:00,0.6966713644
2013-10-12 00:00:00,0.6512957087
2013-10-12 01:00:00,0.6493852746
2013-10-12 02:00:00,0.6696992949
2013-10-12 03:00:00,0.7067646606
2013-10-12 04:00:00,0.6911809772
2013-10-12 05:00:00,0.5390633867
2013-10-12 06:00:00,0.4785499464
2013-10-12 07:00:00,0.4409089727
2013-10-12 08:00:00,0.4662707429
2013-10-12 09:00:00,0.4231361159
2013-10-12 10:00:00,0.3463571866
2013-10-12 11:00:00,0.2732673159
2013-10-12 12:00:00,0.2397476770
2013-10-12 13:00:00,0.2445538683
2013-10-12 14:00:00,0.3432847082
2013-10-12 15:00:00,0.4390927748
2013-10-12 16:00:00,0.4336296063
2013-10-12 17:00:00,0.3448745955
2013-10-12 18:00:00,0.2538476146
2013-10-12 19:00:00,0.1804167804
2013-10-12 20:00:00,0.1306344364
2013-10-12 21:00:00,0.0920692846
2013-10-12 22:00:00,0.0708220987
2013-10-12 23:00:00,0.0645393718
2013-10-13 00:00:00,0.0603389974
2013-10-13 01:00:00,0.0549667489
2013-10-13 02:00:00,0.0529086824
2013-10-13 03:00:00,0.0435586470
2013-10-13 04:00:00,0.0331493320
2013-10-13 05:00:00,0.0203928815
2013-10-13 06:00:00,0.0000000000
2013-10-13 07:00:00,0.0000000000
2013-10-13 08:00:00,0.0000000000
2013-10-13 09:00:00,0.0000000000
2013-10-13 10:00:00,0.0000000000
2013-10-13 11:00:00,0.0000000000
2013-10-13 12:00:00,0.0000000000
2013-10-13 13:00:00,0.0000000000
2013-10-13 14:00:00,0.0000000000
2013-10-13 15:00:00,0.0000000000
2013-10-13 16:00:00,0.0000000000
2013-10-13 17:00:00,0.0000000000
2013-10-13 18:00:00,0.0000000000
2013-10-13 19:00:00,0.0167411091
2013-10-13 20:00:00,0.0208478251
2013-10-13 21:00:00,0.0170915384
2013-10-13 22:00:00,0.0000000000
2013-10-13 23:00:00,0.0000000000
2013-10-14 00:00:00,0.0000000000
2013-10-14 01:00:00,0.0000000000
2013-10-14 02:00:00,0.0000000000
2013-10-14 03:00:00,0.0000000000
2013-10-14 04:00:00,0.0000000000
2013-10-14 05:00:00,0.0000000000
2013-10-14 06:00:00,0.0000000000
2013-10-14 07:00:00,0.0000000000
2013-10-14 08:00:00,0.0455730452
2013-10-14 09:00:00,0.0905507219
2013-10-14 10:00:00,0.1541138280
2013-10-14 11:00:00,0.2223880088
2013-10-14 12:00:00,0.2597115055
2013-10-14 13:00:00,0.2567490347
2013-10-14 14:00:00,0.2618685330
2013-10-14 15:00:00,0.3015150120
2013-10-14 16:00:00,0.3610287819
2013-10-14 17:00:00,0.4136145894
2013-10-14 18:00:00,0.4365842420
2013-10-14 19:00:00,0.4730204430
2013-10-14 20:00:00,0.4722172528
2013-10-14 21:00:00,0.4580504988
2013-10-14 22:00:00,0.5372378405
2013-10-14 23:00:00,0.4792676564
2013-10-15 00:00:00,0.4072970799
2013-10-15 01:00:00,0.3254422736
2013-10-15 02:00:00,0.2795213749
2013-10-15 03:00:00,0.2400273498
2013-10-15 04:00:00,0.1661867838
2013-10-15 05:00:00,0.1034408691
2013-10-15 06:00:00,0.2642853961
2013-10-15 07:00:00,0.2714015082
2013-10-15 08:00:00,0.2170195112
2013-10-15 09:00:00,0.1758193222
2013-10-15 10:00:00,0.1479335626
2013-10-15 11:00:00,0.1158581995
2013-10-15 12:00:00,0.0912879495
2013-10-15 13:00:00,0.0641376598
2013-10-15 14:00:00,0.0465564346
2013-10-15 15:00:00,0.0248980078
2013-10-15 16:00:00,0.0000000000
2013-10-15 17:00:00,0.0000000000
2013-10-15 18:00:00,0.0000000000
2013-10-15 19:00:00,0.0421020459
2013-10-15 20:00:00,0.0952510506
2013-10-15 21:00:00,0.1586368037
2013-10-15 22:00:00,0.2163502625
2013-10-15 23:00:00,0.2365749926
2013-10-16 00:00:00,0.2755926918
2013-10-16 01:00:00,0.3264964126
2013-10-16 02:00:00,0.3561083195
2013-10-16 03:00:00,0.3750270114
2013-10-16 04:00:00,0.3522591342
2013-10-16 05:00:00,0.2622929274
2013-10-16 06:00:00,0.2484168819
2013-10-16 07:00:00,0.2892295083
2013-10-16 08:00:00,0.3057086437
2013-10-16 09:00:00,0.2783858667
2013-10-16 10:00:00,0.2435983147
2013-10-16 11:00:00,0.2208835907
2013-10-16 12:00:00,0.2267330332
2013-10-16 13:00:00,0.2812707658
2013-10-16 14:00:00,0.4194438831
2013-10-16 15:00:00,0.6361341632
2013-10-16 16:00:00,0.8283780229
2013-10-16 17:00:00,0.8905504077
2013-10-16 18:00:00,0.9064845914
2013-10-16 19:00:00,0.8786572974
2013-10-16 20:00:00,0.8537237255
2013-10-16 21:00:00,0.8139955764
2013-10-16 22:00:00,0.7596414697
2013-10-16 23:00:00,0.7256267118
2013-10-17 00:00:00,0.7160003232
2013-10-17 01:00:00,0.7021103092
2013-10-17 02:00:00,0.7208569097
2013-10-17 03:00:00,0.7459207049
2013-10-17 04:00:00,0.7684390872
2013-10-17 05:00:00,0.5711200268
2013-10-17 06:00:00,0.5271499375
2013-10-17 07:00:00,0.5130634666
2013-10-17 08:00:00,0.4774693492
2013-10-17 09:00:00,0.4207163496
2013-10-17 10:00:00,0.3695504400
2013-10-17 11:00:00,0.3947641569
2013-10-17 12:00:00,0.4407960371
2013-10-17 13:00:00,0.5363436150
2013-10-17 14:00:00,0.7058811094
2013-10-17 15:00:00,0.8284530266
2013-10-17 16:00:00,0.8736456890
2013-10-17 17:00:00,0.8971976548
2013-10-17 18:00:00,0.9111417384
2013-10-17 19:00:00,0.8951489318
2013-10-17 20:00:00,0.8810185576
2013-10-17 21:00:00,0.8510904312
2013-10-17 22:00:00,0.8286201159
2013-10-17 23:00:00,0.7915541611
2013-10-18 00:00:00,0.7767103046
2013-10-18 01:00:00,0.7914732671
2013-10-18 02:00:00,0.7997065899
2013-10-18 03:00:00,0.7948951628
2013-10-18 04:00:00,0.7869620510
2013-10-18 05:00:00,0.7214693088
2013-10-18 06:00:00,0.6067679053
2013-10-18 07:00:00,0.6306077063
2013-10-18 08:00:00,0.6737600962
2013-10-18 09:00:00,0.7052612492
2013-10-18 10:00:00,0.8265386656
2013-10-18 11:00:00,0.8971122667
2013-10-18 12:00:00,0.9012073442
2013-10-18 13:00:00,0.9657463248
2013-10-18 14:00:00,0.9793556594
2013-10-18 15:00:00,0.9851617408
2013-10-18 16:00:00,0.9870749237
2013-10-18 17:00:00,0.9924369575
2013-10-18 18:00:00,0.9970319661
2013-10-18 19:00:00,0.9970895917
2013-10-18 20:00:00,0.9968726121
2013-10-18 21:00:00,0.9947488885
2013-10-18 22:00:00,0.9939053635
2013-10-18 23:00:00,0.9874321589
2013-10-19 00:00:00,0.9818053401
2013-10-19 01:00:00,0.9846537970
2013-10-19 02:00:00,0.9917502279
2013-10-19 03:00:00,0.9970348209
2013-10-19 04:00:00,0.9976553979
2013-10-19 05:00:00,0.9978215149
2013-10-19 06:00:00,0.9967670285
2013-10-19 07:00:00,0.9977694150
2013-10-19 08:00:00,0.9985561309
2013-10-19 09:00:00,0.9985661694
2013-10-19 10:00:00,1.0000000000
2013-10-19 11:00:00,1.0000000000
2013-10-19 12:00:00,1.0000000000
2013-10-19 13:00:00,1.0000000000
2013-10-19 14:00:00,1.0000000000
2013-10-19 15:00:00,1.0000000000
2013-10-19 16:00:00,1.0000000000
2013-10-19 17:00:00,1.0000000000
2013-10-19 18:00:00,0.9994321991
2013-10-19 19:00:00,0.9972786872
2013-10-19 20:00:00,0.9969533316
2013-10-19 21:00:00,0.9989641788
2013-10-19 22:00:00,1.0000000000
2013-10-19 23:00:00,0.9494338752
2013-10-20 00:00:00,0.6490687669
2013-10-20 01:00:00,0.5011776148
2013-10-20 02:00:00,0.3806507213
2013-10-20 03:00:00,0.5217043013
2013-10-20 04:00:00,0.5355934692
2013-10-20 05:00:00,0.5268965438
2013-10-20 06:00:00,0.6111820461
2013-10-20 07:00:00,0.6695009867
2013-10-20 08:00:00,0.7741733345
2013-10-20 09:00:00,0.9166584514
2013-10-20 10:00:00,0.9971210941
2013-10-20 11:00:00,0.9992857073
2013-10-20 12:00:00,0.9977702845
2013-10-20 13:00:00,0.9804585837
2013-10-20 14:00:00,0.9821902599
2013-10-20 15:00:00,0.9564802319
2013-10-20 16:00:00,0.8508123572
2013-10-20 17:00:00,0.8400729030
2013-10-20 18:00:00,0.8646689209
2013-10-20 19:00:00,0.8769580617
2013-10-20 20:00:00,0.9024006463
2013-10-20 21:00:00,0.8622920279
2013-10-20 22:00:00,0.6709056368
2013-10-20 23:00:00,0.6406449898
2013-10-21 00:00:00,0.6436463150
2013-10-21 01:00:00,0.6601932657
2013-10-21 02:00:00,0.6694310880
2013-10-21 03:00:00,0.6901022593
2013-10-21 04:00:00,0.7477547608
2013-10-21 05:00:00,0.7435074320
2013-10-21 06:00:00,0.6646261402
2013-10-21 07:00:00,0.5095928323
2013-10-21 08:00:00,0.3428560363
2013-10-21 09:00:00,0.3206522512
2013-10-21 10:00:00,0.3445710170
2013-10-21 11:00:00,0.3397089999
2013-10-21 12:00:00,0.3011188585
2013-10-21 13:00:00,0.2784198562
2013-10-21 14:00:00,0.3091016190
2013-10-21 15:00:00,0.3235412641
2013-10-21 16:00:00,0.3125180310
2013-10-21 17:00:00,0.2785266209
2013-10-21 18:00:00,0.2141179135
2013-10-21 19:00:00,0.1269443479
2013-10-21 20:00:00,0.0693227731
2013-10-21 21:00:00,0.0263561906
2013-10-21 22:00:00,0.0000000000
2013-10-21 23:00:00,0.0000000000
2013-10-22 00:00:00,0.0000000000
2013-10-22 01:00:00,0.0000000000
2013-10-22 02:00:00,0.0000000000
2013-10-22 03:00:00,0.0000000000
2013-10-22 04:00:00,0.0255699107
2013-10-22 05:00:00,0.0443401820
2013-10-22 06:00:00,0.0000000000
2013-10-22 07:00:00,0.0000000000
2013-10-22 08:00:00,0.0000000000
2013-10-22 09:00:00,0.0000000000
2013-10-22 10:00:00,0.0199937030
2013-10-22 11:00:00,0.0000000000
2013-10-22 12:00:00,0.0000000000
2013-10-22 13:00:00,0.0000000000
2013-10-22 14:00:00,0.0000000000
2013-10-22 15:00:00,0.0111824126
2013-10-22 16:00:00,0.0306307214
2013-10-22 17:00:00,0.0381576879
2013-10-22 18:00:00,0.0306857633
2013-10-22 19:00:00,0.0112047254
2013-10-22 20:00:00,0.0000000000
2013-10-22 21:00:00,0.0000000000
2013-10-22 22:00:00,0.0000000000
2013-10-22 23:00:00,0.0260166748
2013-10-23 00:00:00,0.0410367940
2013-10-23 01:00:00,0.0371078798
2013-10-23 02:00:00,0.0323279165
2013-10-23 03:00:00,0.0320501308
2013-10-23 04:00:00,0.0388928348
2013-10-23 05:00:00,0.0518204418
2013-10-23 06:00:00,0.0554339558
2013-10-23 07:00:00,0.0334365399
2013-10-23 08:00:00,0.0247682660
2013-10-23 09:00:00,0.0000000000
2013-10-23 10:00:00,0.0000000000
2013-10-23 11:00:00,0.0000000000
2013-10-23 12:00:00,0.0378078347
2013-10-23 13:00:00,0.0762222094
2013-10-23 14:00:00,0.1249103920
2013-10-23 15:00:00,0.1586530372
2013-10-23 16:00:00,0.1816561518
2013-10-23 17:00:00,0.2067461107
2013-10-23 18:00:00,0.2529238003
2013-10-23 19:00:00,0.3293096224
2013-10-23 20:00:00,0.4184973333
2013-10-23 21:00:00,0.5122592013
2013-10-23 22:00:00,0.6597165407
2013-10-23 23:00:00,0.7209904241
2013-10-24 00:00:00,0.7692193611
2013-10-24 01:00:00,0.8720981623
2013-10-24 02:00:00,0.9473027248
2013-10-24 03:00:00,0.9384193981
2013-10-24 04:00:00,0.9054281945
2013-10-24 05:00:00,0.8486213996
2013-10-24 06:00:00,0.8466530906
2013-10-24 07:00:00,0.8528885561
2013-10-24 08:00:00,0.8456123265
2013-10-24 09:00:00,0.8140570323
2013-10-24 10:00:00,0.8660613041
2013-10-24 11:00:00,0.7762842365
2013-10-24 12:00:00,0.7271352282
2013-10-24 13:00:00,0.6313562393
2013-10-24 14:00:00,0.5842000908
2013-10-24 15:00:00,0.6344604025
2013-10-24 16:00:00,0.6296686799
2013-10-24 17:00:00,0.6256507581
2013-10-24 18:00:00,0.6349308117
2013-10-24 19:00:00,0.6136064903
2013-10-24 20:00:00,0.5782754437
2013-10-24 21:00:00,0.5859829865
2013-10-24 22:00:00,0.6681200944
2013-10-24 23:00:00,0.7108759226
2013-10-25 00:00:00,0.7356980174
2013-10-25 01:00:00,0.6945200153
2013-10-25 02:00:00,0.6787046451
2013-10-25 03:00:00,0.6364065526
2013-10-25 04:00:00,0.5511725261
2013-10-25 05:00:00,0.5328407241
2013-10-25 06:00:00,0.5561753504
2013-10-25 07:00:00,0.5255279666
2013-10-25 08:00:00,0.4792927449
2013-10-25 09:00:00,0.4244239626
2013-10-25 10:00:00,0.4418684860
2013-10-25 11:00:00,0.3944055754
2013-10-25 12:00:00,0.3720856321
2013-10-25 13:00:00,0.2671102511
2013-10-25 14:00:00,0.1607839383
2013-10-25 15:00:00,0.1277380364
2013-10-25 16:00:00,0.0824683554
2013-10-25 17:00:00,0.0475780890
2013-10-25 18:00:00,0.0280366427
2013-10-25 19:00:00,0.0192936012
2013-10-25 20:00:00,0.0182922825
2013-10-25 21:00:00,0.0237170910
2013-10-25 22:00:00,0.0306366187
2013-10-25 23:00:00,0.0246150365
2013-10-26 00:00:00,0.0176872050
2013-10-26 01:00:00,0.0253955547
2013-10-26 02:00:00,0.0344303570
2013-10-26 03:00:00,0.0436553885
2013-10-26 04:00:00,0.0560007610
2013-10-26 05:00:00,0.0589631586
2013-10-26 06:00:00,0.0332748598
2013-10-26 07:00:00,0.0643783223
2013-10-26 08:00:00,0.0722891910
2013-10-26 09:00:00,0.0900568682
2013-10-26 10:00:00,0.1191620149
2013-10-26 11:00:00,0.1234586332
2013-10-26 12:00:00,0.1275772791
2013-10-26 13:00:00,0.1551481088
2013-10-26 14:00:00,0.2717350075
2013-10-26 15:00:00,0.3731563232
2013-10-26 16:00:00,0.4065471786
2013-10-26 17:00:00,0.4199622737
2013-10-26 18:00:00,0.4305820294
2013-10-26 19:00:00,0.4052415346
2013-10-26 20:00:00,0.3472047164
2013-10-26 21:00:00,0.2840187596
2013-10-26 22:00:00,0.2812892409
2013-10-26 23:00:00,0.3371986361
2013-10-27 00:00:00,0.3890826609
2013-10-27 01:00:00,0.4034367621
2013-10-27 02:00:00,0.4545241322
2013-10-27 03:00:00,0.5597954404
2013-10-27 04:00:00,0.6495317478
2013-10-27 05:00:00,0.6285386226
2013-10-27 06:00:00,0.5417267092
2013-10-27 07:00:00,0.6324954360
2013-10-27 08:00:00,0.7296458880
2013-10-27 09:00:00,0.8009176441
2013-10-27 10:00:00,0.7372746655
2013-10-27 11:00:00,0.5836707237
2013-10-27 12:00:00,0.4876477500
2013-10-27 13:00:00,0.4483220749
2013-10-27 14:00:00,0.5116074381
2013-10-27 15:00:00,0.5630411743
2013-10-27 16:00:00,0.6630689303
2013-10-27 17:00:00,0.7745128145
2013-10-27 18:00:00,0.8144377447
2013-10-27 19:00:00,0.7268206839
2013-10-27 20:00:00,0.5957418719
2013-10-27 21:00:00,0.4877153097
2013-10-27 22:00:00,0.3391849699
2013-10-27 23:00:00,0.2981498678
2013-10-28 00:00:00,0.2998179751
2013-10-28 01:00:00,0.3430515863
2013-10-28 02:00:00,0.3865044039
2013-10-28 03:00:00,0.4041258011
2013-10-28 04:00:00,0.4044383149
2013-10-28 05:00:00,0.3047883137
2013-10-28 06:00:00,0.3233665142
2013-10-28 07:00:00,0.3062726625
2013-10-28 08:00:00,0.2373069501
2013-10-28 09:00:00,0.1553069026
2013-10-28 10:00:00,0.1122624968
2013-10-28 11:00:00,0.0808325001
2013-10-28 12:00:00,0.0616126668
2013-10-28 13:00:00,0.0666602920
2013-10-28 14:00:00,0.0731742148
2013-10-28 15:00:00,0.0669698388
2013-10-28 16:00:00,0.0711645566
2013-10-28 17:00:00,0.0949101588
2013-10-28 18:00:00,0.1111003114
2013-10-28 19:00:00,0.0933092014
2013-10-28 20:00:00,0.0892017869
2013-10-28 21:00:00,0.0701391229
2013-10-28 22:00:00,0.0364049424
2013-10-28 23:00:00,0.0101315200
2013-10-29 00:00:00,0.0000000000
2013-10-29 01:00:00,0.0126788040
2013-10-29 02:00:00,0.0157802245
2013-10-29 03:00:00,0.0000000000
2013-10-29 04:00:00,0.0000000000
2013-10-29 05:00:00,0.0000000000
2013-10-29 06:00:00,0.0000000000
2013-10-29 07:00:00,0.0000000000
2013-10-29 08:00:00,0.0000000000
2013-10-29 09:00:00,0.0000000000
2013-10-29 10:00:00,0.0000000000
2013-10-29 11:00:00,0.0000000000
2013-10-29 12:00:00,0.0168602537
2013-10-29 13:00:00,0.0280670672
2013-10-29 14:00:00,0.0243383693
2013-10-29 15:00:00,0.0165714189
2013-10-29 16:00:00,0.0225413146
2013-10-29 17:00:00,0.0375577394
2013-10-29 18:00:00,0.0351946743
2013-10-29 19:00:00,0.0192791177
2013-10-29 20:00:00,0.0000000000
2013-10-29 21:00:00,0.0000000000
2013-10-29 22:00:00,0.0525166007
2013-10-29 23:00:00,0.0777013395
2013-10-30 00:00:00,0.0841700797
2013-10-30 01:00:00,0.0686505729
2013-10-30 02:00:00,0.0423737535
2013-10-30 03:00:00,0.0000000000
2013-10-30 04:00:00,0.0000000000
2013-10-30 05:00:00,0.0000000000
2013-10-30 06:00:00,0.0000000000
2013-10-30 07:00:00,0.0000000000
2013-10-30 08:00:00,0.0000000000
2013-10-30 09:00:00,0.0000000000
2013-10-30 10:00:00,0.0000000000
2013-10-30 11:00:00,0.0000000000
2013-10-30 12:00:00,0.0000000000
2013-10-30 13:00:00,0.0000000000
2013-10-30 14:00:00,0.0000000000
2013-10-30 15:00:00,0.0000000000
2013-10-30 16:00:00,0.0000000000
2013-10-30 17:00:00,0.0000000000
2013-10-30 18:00:00,0.0000000000
2013-10-30 19:00:00,0.0000000000
2013-10-30 20:00:00,0.0000000000
2013-10-30 21:00:00,0.0000000000
2013-10-30 22:00:00,0.0000000000
2013-10-30 23:00:00,0.0000000000
2013-10-31 00:00:00,0.0000000000
2013-10-31 01:00:00,0.0000000000
2013-10-31 02:00:00,0.0000000000
2013-10-31 03:00:00,0.0000000000
2013-10-31 04:00:00,0.0000000000
2013-10-31 05:00:00,0.0229053914
2013-10-31 06:00:00,0.0180845872
2013-10-31 07:00:00,0.0227201671
2013-10-31 08:00:00,0.0286614120
2013-10-31 09:00:00,0.0000000000
2013-10-31 10:00:00,0.0000000000
2013-10-31 11:00:00,0.0000000000
2013-10-31 12:00:00,0.0000000000
2013-10-31 13:00:00,0.0394007754
2013-10-31 14:00:00,0.1226820198
2013-10-31 15:00:00,0.2073222142
2013-10-31 16:00:00,0.2649372356
2013-10-31 17:00:00,0.2927377053
2013-10-31 18:00:00,0.3173758734
2013-10-31 19:00:00,0.3189612931
2013-10-31 20:00:00,0.3234244468
2013-10-31 21:00:00,0.3327510824
2013-10-31 22:00:00,0.4031633583
2013-10-31 23:00:00,0.3521843564
2013-11-01 00:00:00,0.3340921012
2013-11-01 01:00:00,0.2907303143
2013-11-01 02:00:00,0.2858578613
2013-11-01 03:00:00,0.2923895206
2013-11-01 04:00:00,0.3197763776
2013-11-01 05:00:00,0.2994174272
2013-11-01 06:00:00,0.2093499159
2013-11-01 07:00:00,0.2189062218
2013-11-01 08:00:00,0.2766472530
2013-11-01 09:00:00,0.2746234002
2013-11-01 10:00:00,0.2336121665
2013-11-01 11:00:00,0.1856256342
2013-11-01 12:00:00,0.1479457290
2013-11-01 13:00:00,0.1722394158
2013-11-01 14:00:00,0.4184751417
2013-11-01 15:00:00,0.6319286153
2013-11-01 16:00:00,0.6756483433
2013-11-01 17:00:00,0.6512627228
2013-11-01 18:00:00,0.5962128187
2013-11-01 19:00:00,0.5172077269
2013-11-01 20:00:00,0.4475050128
2013-11-01 21:00:00,0.3651856472
2013-11-01 22:00:00,0.2864209375
2013-11-01 23:00:00,0.2065153496
2013-11-02 00:00:00,0.1715509214
2013-11-02 01:00:00,0.1746656349
2013-11-02 02:00:00,0.1797619209
2013-11-02 03:00:00,0.1762575729
2013-11-02 04:00:00,0.1549840207
2013-11-02 05:00:00,0.0929420368
2013-11-02 06:00:00,0.0550829429
2013-11-02 07:00:00,0.0660933934
2013-11-02 08:00:00,0.0620233545
2013-11-02 09:00:00,0.0477617543
2013-11-02 10:00:00,0.0610867669
2013-11-02 11:00:00,0.0680605804
2013-11-02 12:00:00,0.0756474570
2013-11-02 13:00:00,0.1159940631
2013-11-02 14:00:00,0.1609466590
2013-11-02 15:00:00,0.1933608398
2013-11-02 16:00:00,0.2470034774
2013-11-02 17:00:00,0.3119047218
2013-11-02 18:00:00,0.3437789297
2013-11-02 19:00:00,0.3221023239
2013-11-02 20:00:00,0.2922424896
2013-11-02 21:00:00,0.2721944572
2013-11-02 22:00:00,0.2680300388
2013-11-02 23:00:00,0.2493279650
2013-11-03 00:00:00,0.2530673968
2013-11-03 01:00:00,0.2941480306
2013-11-03 02:00:00,0.3344205813
2013-11-03 03:00:00,0.3765837211
2013-11-03 04:00:00,0.4169509504
2013-11-03 05:00:00,0.3686916314
2013-11-03 06:00:00,0.2199890286
2013-11-03 07:00:00,0.2036647360
2013-11-03 08:00:00,0.1818339155
2013-11-03 09:00:00,0.1634423406
2013-11-03 10:00:00,0.1748477805
2013-11-03 11:00:00,0.1848020117
2013-11-03 12:00:00,0.1865414545
2013-11-03 13:00:00,0.2045577585
2013-11-03 14:00:00,0.2716677391
2013-11-03 15:00:00,0.3582062706
2013-11-03 16:00:00,0.4391961160
2013-11-03 17:00:00,0.4879111792
2013-11-03 18:00:00,0.5417347733
2013-11-03 19:00:00,0.5674952775
2013-11-03 20:00:00,0.5738484002
2013-11-03 21:00:00,0.5578729452
2013-11-03 22:00:00,0.5581501730
2013-11-03 23:00:00,0.5403620745
2013-11-04 00:00:00,0.5576043191
2013-11-04 01:00:00,0.5859243870
2013-11-04 02:00:00,0.6158126647
2013-11-04 03:00:00,0.6073402813
2013-11-04 04:00:00,0.5978908804
2013-11-04 05:00:00,0.5291473398
2013-11-04 06:00:00,0.3773644563
2013-11-04 07:00:00,0.3332200362
2013-11-04 08:00:00,0.2733519934
2013-11-04 09:00:00,0.2030073303
2013-11-04 10:00:00,0.1626926894
2013-11-04 11:00:00,0.1649207812
2013-11-04 12:00:00,0.1914010578
2013-11-04 13:00:00,0.3187190894
2013-11-04 14:00:00,0.4882070442
2013-11-04 15:00:00,0.5528563222
2013-11-04 16:00:00,0.5523301807
2013-11-04 17:00:00,0.5476551196
2013-11-04 18:00:00,0.5140687983
2013-11-04 19:00:00,0.4100075345
2013-11-04 20:00:00,0.3238224313
2013-11-04 21:00:00,0.2802104015
2013-11-04 22:00:00,0.3396631518
2013-11-04 23:00:00,0.3624243643
2013-11-05 00:00:00,0.3495049555
2013-11-05 01:00:00,0.3022110821
2013-11-05 02:00:00,0.2600157526
2013-11-05 03:00:00,0.2353892700
2013-11-05 04:00:00,0.2324437939
2013-11-05 05:00:00,0.1969458387
2013-11-05 06:00:00,0.1289047447
2013-11-05 07:00:00,0.0945472951
2013-11-05 08:00:00,0.1500272985
2013-11-05 09:00:00,0.1787017342
2013-11-05 10:00:00,0.1580419143
2013-11-05 11:00:00,0.1255514575
2013-11-05 12:00:00,0.1243274936
2013-11-05 13:00:00,0.2069969458
2013-11-05 14:00:00,0.3348036249
2013-11-05 15:00:00,0.4251302862
2013-11-05 16:00:00,0.4217316715
2013-11-05 17:00:00,0.3635802331
2013-11-05 18:00:00,0.2870695201
2013-11-05 19:00:00,0.2514479830
2013-11-05 20:00:00,0.2485715517
2013-11-05 21:00:00,0.2466717546
2013-11-05 22:00:00,0.3285118957
2013-11-05 23:00:00,0.3476452531
2013-11-06 00:00:00,0.3802310579
2013-11-06 01:00:00,0.3930715143
2013-11-06 02:00:00,0.3873115053
2013-11-06 03:00:00,0.4076974813
2013-11-06 04:00:00,0.4637502455
2013-11-06 05:00:00,0.4802554261
2013-11-06 06:00:00,0.3944969785
2013-11-06 07:00:00,0.3503885191
2013-11-06 08:00:00,0.4199162792
2013-11-06 09:00:00,0.4382192450
2013-11-06 10:00:00,0.4350921297
2013-11-06 11:00:00,0.4709248371
2013-11-06 12:00:00,0.5310823793
2013-11-06 13:00:00,0.6972829781
2013-11-06 14:00:00,0.8283905889
2013-11-06 15:00:00,0.8545180364
2013-11-06 16:00:00,0.8348648595
2013-11-06 17:00:00,0.8150509292
2013-11-06 18:00:00,0.8134202864
2013-11-06 19:00:00,0.8208387786
2013-11-06 20:00:00,0.8568457809
2013-11-06 21:00:00,0.8772782968
2013-11-06 22:00:00,0.9036793366
2013-11-06 23:00:00,0.9118620305
2013-11-07 00:00:00,0.9086258084
2013-11-07 01:00:00,0.9044125376
2013-11-07 02:00:00,0.8929674485
2013-11-07 03:00:00,0.9018311158
2013-11-07 04:00:00,0.9395453135
2013-11-07 05:00:00,0.9486113779
2013-11-07 06:00:00,0.7613139340
2013-11-07 07:00:00,0.7507939806
2013-11-07 08:00:00,0.7977433392
2013-11-07 09:00:00,0.8232510698
2013-11-07 10:00:00,0.8463880439
2013-11-07 11:00:00,0.8012196223
2013-11-07 12:00:00,0.7521943111
2013-11-07 13:00:00,0.9228261748
2013-11-07 14:00:00,0.9795663933
2013-11-07 15:00:00,0.9883967443
2013-11-07 16:00:00,0.9881914519
2013-11-07 17:00:00,0.9833304898
2013-11-07 18:00:00,0.9761149338
2013-11-07 19:00:00,0.9723047244
2013-11-07 20:00:00,0.9718559926
2013-11-07 21:00:00,0.9688726188
2013-11-07 22:00:00,0.9535236234
2013-11-07 23:00:00,0.9222112855
2013-11-08 00:00:00,0.9141621808
2013-11-08 01:00:00,0.9233912050
2013-11-08 02:00:00,0.9459932427
2013-11-08 03:00:00,0.9548167621
2013-11-08 04:00:00,0.9701295896
2013-11-08 05:00:00,0.9729547937
2013-11-08 06:00:00,0.8751371982
2013-11-08 07:00:00,0.8485105490
2013-11-08 08:00:00,0.8300748339
2013-11-08 09:00:00,0.7942448691
2013-11-08 10:00:00,0.7497352899
2013-11-08 11:00:00,0.6482441192
2013-11-08 12:00:00,0.5824241841
2013-11-08 13:00:00,0.6787368457
2013-11-08 14:00:00,0.7604796653
2013-11-08 15:00:00,0.8427123649
2013-11-08 16:00:00,0.8233290186
2013-11-08 17:00:00,0.7643814274
2013-11-08 18:00:00,0.7018169702
2013-11-08 19:00:00,0.6122732162
2013-11-08 20:00:00,0.4389990280
2013-11-08 21:00:00,0.2616424498
2013-11-08 22:00:00,0.1413941968
2013-11-08 23:00:00,0.0902845813
2013-11-09 00:00:00,0.0612416922
2013-11-09 01:00:00,0.0387942857
2013-11-09 02:00:00,0.0000000000
2013-11-09 03:00:00,0.0000000000
2013-11-09 04:00:00,0.0000000000
2013-11-09 05:00:00,0.0000000000
2013-11-09 06:00:00,0.0000000000
2013-11-09 07:00:00,0.0000000000
2013-11-09 08:00:00,0.0464674433
2013-11-09 09:00:00,0.0970616995
2013-11-09 10:00:00,0.1362234237
2013-11-09 11:00:00,0.2279796289
2013-11-09 12:00:00,0.3083662192
2013-11-09 13:00:00,0.3380145995
2013-11-09 14:00:00,0.3991137159
2013-11-09 15:00:00,0.4859358189
2013-11-09 16:00:00,0.5186719988
2013-11-09 17:00:00,0.4483874779
2013-11-09 18:00:00,0.3603349823
2013-11-09 19:00:00,0.2803220219
2013-11-09 20:00:00,0.2647112117
2013-11-09 21:00:00,0.2758950439
2013-11-09 22:00:00,0.2809328846
2013-11-09 23:00:00,0.2174587686
2013-11-10 00:00:00,0.1432753544
2013-11-10 01:00:00,0.1226576169
2013-11-10 02:00:00,0.1280013837
2013-11-10 03:00:00,0.1365073873
2013-11-10 04:00:00,0.1222920301
2013-11-10 05:00:00,0.0926473561
2013-11-10 06:00:00,0.0379233754
2013-11-10 07:00:00,0.0407742940
2013-11-10 08:00:00,0.0533651838
2013-11-10 09:00:00,0.0682234530
2013-11-10 10:00:00,0.0519325686
2013-11-10 11:00:00,0.0291972803
2013-11-10 12:00:00,0.0383757092
2013-11-10 13:00:00,0.0757682557
2013-11-10 14:00:00,0.1198481345
2013-11-10 15:00:00,0.1637637148
2013-11-10 16:00:00,0.2345595484
2013-11-10 17:00:00,0.2959173754
2013-11-10 18:00:00,0.3766443636
2013-11-10 19:00:00,0.4424928544
2013-11-10 20:00:00,0.4427770244
2013-11-10 21:00:00,0.3636831349
2013-11-10 22:00:00,0.3784607080
2013-11-10 23:00:00,0.4650691833
2013-11-11 00:00:00,0.5857326392
2013-11-11 01:00:00,0.7389646044
2013-11-11 02:00:00,0.7976147334
2013-11-11 03:00:00,0.7973323897
2013-11-11 04:00:00,0.7822478145
2013-11-11 05:00:00,0.7803468050
2013-11-11 06:00:00,0.5967196062
2013-11-11 07:00:00,0.5447767529
2013-11-11 08:00:00,0.5530459195
2013-11-11 09:00:00,0.6502164018
2013-11-11 10:00:00,0.8197565266
2013-11-11 11:00:00,0.8863061082
2013-11-11 12:00:00,0.9126623814
2013-11-11 13:00:00,0.9738774736
2013-11-11 14:00:00,0.9836243336
2013-11-11 15:00:00,0.9921135217
2013-11-11 16:00:00,0.9977562225
2013-11-11 17:00:00,0.9986063826
2013-11-11 18:00:00,0.9988649219
2013-11-11 19:00:00,0.9990555726
2013-11-11 20:00:00,0.9985596339
2013-11-11 21:00:00,0.9982039788
2013-11-11 22:00:00,0.9981068848
2013-11-11 23:00:00,0.9984541905
2013-11-12 00:00:00,0.9983367764
2013-11-12 01:00:00,0.9979652361
2013-11-12 02:00:00,0.9975828875
2013-11-12 03:00:00,0.9974929305
2013-11-12 04:00:00,0.9970292359
2013-11-12 05:00:00,0.9954001919
2013-11-12 06:00:00,0.9376735251
2013-11-12 07:00:00,0.9066318001
2013-11-12 08:00:00,0.8698470421
2013-11-12 09:00:00,0.8195468304
2013-11-12 10:00:00,0.6909917009
2013-11-12 11:00:00,0.6465912894
2013-11-12 12:00:00,0.6255849904
2013-11-12 13:00:00,0.7761905801
2013-11-12 14:00:00,0.8605011273
2013-11-12 15:00:00,0.8911186355
2013-11-12 16:00:00,0.8984421188
2013-11-12 17:00:00,0.9096749811
2013-11-12 18:00:00,0.9215795791
2013-11-12 19:00:00,0.9037166421
2013-11-12 20:00:00,0.8771617615
2013-11-12 21:00:00,0.8087300039
2013-11-12 22:00:00,0.6792475382
2013-11-12 23:00:00,0.5974012964
2013-11-13 00:00:00,0.5564601047
2013-11-13 01:00:00,0.5221182614
2013-11-13 02:00:00,0.5644081387
2013-11-13 03:00:00,0.6639359886
2013-11-13 04:00:00,0.6858877201
2013-11-13 05:00:00,0.6399265645
2013-11-13 06:00:00,0.4548524330
2013-11-13 07:00:00,0.4002240296
2013-11-13 08:00:00,0.3272559814
2013-11-13 09:00:00,0.2988635154
2013-11-13 10:00:00,0.2914102810
2013-11-13 11:00:00,0.3095766516
2013-11-13 12:00:00,0.3460337601
2013-11-13 13:00:00,0.5164522049
2013-11-13 14:00:00,0.6976106775
2013-11-13 15:00:00,0.7795893071
2013-11-13 16:00:00,0.7625240064
2013-11-13 17:00:00,0.6940120716
2013-11-13 18:00:00,0.6117517340
2013-11-13 19:00:00,0.5665707666
2013-11-13 20:00:00,0.5251758317
2013-11-13 21:00:00,0.4803577513
2013-11-13 22:00:00,0.4404978783
2013-11-13 23:00:00,0.3806026761
2013-11-14 00:00:00,0.3861122053
2013-11-14 01:00:00,0.4191416229
2013-11-14 02:00:00,0.4316761572
2013-11-14 03:00:00,0.4869148077
2013-11-14 04:00:00,0.5321231932
2013-11-14 05:00:00,0.4840882308
2013-11-14 06:00:00,0.3243473402
2013-11-14 07:00:00,0.2816043835
2013-11-14 08:00:00,0.2622746299
2013-11-14 09:00:00,0.2327634369
2013-11-14 10:00:00,0.1646560664
2013-11-14 11:00:00,0.1281245550
2013-11-14 12:00:00,0.1022369955
2013-11-14 13:00:00,0.1322498625
2013-11-14 14:00:00,0.1926924793
2013-11-14 15:00:00,0.2816274182
2013-11-14 16:00:00,0.3034710245
2013-11-14 17:00:00,0.2350181692
2013-11-14 18:00:00,0.1715207334
2013-11-14 19:00:00,0.1355700516
2013-11-14 20:00:00,0.1240269460
2013-11-14 21:00:00,0.0872152459
2013-11-14 22:00:00,0.0760138269
2013-11-14 23:00:00,0.0452019074
2013-11-15 00:00:00,0.0000000000
2013-11-15 01:00:00,0.0000000000
2013-11-15 02:00:00,0.0000000000
2013-11-15 03:00:00,0.0000000000
2013-11-15 04:00:00,0.0000000000
2013-11-15 05:00:00,0.0000000000
2013-11-15 06:00:00,0.0000000000
2013-11-15 07:00:00,0.0000000000
2013-11-15 08:00:00,0.0000000000
2013-11-15 09:00:00,0.0000000000
2013-11-15 10:00:00,0.0322846466
2013-11-15 11:00:00,0.0758640205
2013-11-15 12:00:00,0.0843487066
2013-11-15 13:00:00,0.0949453606
2013-11-15 14:00:00,0.1280316769
2013-11-15 15:00:00,0.1515927268
2013-11-15 16:00:00,0.1482702237
2013-11-15 17:00:00,0.1443704320
2013-11-15 18:00:00,0.2234567817
2013-11-15 19:00:00,0.3542790849
2013-11-15 20:00:00,0.4688674017
2013-11-15 21:00:00,0.5170984128
2013-11-15 22:00:00,0.5540885255
2013-11-15 23:00:00,0.6283635407
2013-11-16 00:00:00,0.5410115080
2013-11-16 01:00:00,0.3817247082
2013-11-16 02:00:00,0.2664863611
2013-11-16 03:00:00,0.1919596928
2013-11-16 04:00:00,0.1326581544
2013-11-16 05:00:00,0.0784132995
2013-11-16 06:00:00,0.0608954710
2013-11-16 07:00:00,0.0592274993
2013-11-16 08:00:00,0.0718551757
2013-11-16 09:00:00,0.1347096761
2013-11-16 10:00:00,0.1337991976
2013-11-16 11:00:00,0.1416794927
2013-11-16 12:00:00,0.1362857281
2013-11-16 13:00:00,0.0950116036
2013-11-16 14:00:00,0.0648335850
2013-11-16 15:00:00,0.0228741761
2013-11-16 16:00:00,0.0000000000
2013-11-16 17:00:00,0.0000000000
2013-11-16 18:00:00,0.0000000000
2013-11-16 19:00:00,0.0000000000
2013-11-16 20:00:00,0.0000000000
2013-11-16 21:00:00,0.0118570947
2013-11-16 22:00:00,0.0439476464
2013-11-16 23:00:00,0.0471137571
2013-11-17 00:00:00,0.0413506982
2013-11-17 01:00:00,0.0280124319
2013-11-17 02:00:00,0.0101235326
2013-11-17 03:00:00,0.0000000000
2013-11-17 04:00:00,0.0000000000
2013-11-17 05:00:00,0.0000000000
2013-11-17 06:00:00,0.0000000000
2013-11-17 07:00:00,0.0000000000
2013-11-17 08:00:00,0.0000000000
2013-11-17 09:00:00,0.0000000000
2013-11-17 10:00:00,0.0000000000
2013-11-17 11:00:00,0.0000000000
2013-11-17 12:00:00,0.0000000000
2013-11-17 13:00:00,0.0000000000
2013-11-17 14:00:00,0.0000000000
2013-11-17 15:00:00,0.0000000000
2013-11-17 16:00:00,0.0000000000
2013-11-17 17:00:00,0.0000000000
2013-11-17 18:00:00,0.0514389253
2013-11-17 19:00:00,0.0920917941
2013-11-17 20:00:00,0.1146518366
2013-11-17 21:00:00,0.1146096225
2013-11-17 22:00:00,0.0941591871
2013-11-17 23:00:00,0.1220200576
2013-11-18 00:00:00,0.1166472949
2013-11-18 01:00:00,0.1194596875
2013-11-18 02:00:00,0.1264649162
2013-11-18 03:00:00,0.1026873612
2013-11-18 04:00:00,0.0886658126
2013-11-18 05:00:00,0.0985062005
2013-11-18 06:00:00,0.1181495073
2013-11-18 07:00:00,0.1327850421
2013-11-18 08:00:00,0.1446870729
2013-11-18 09:00:00,0.1602730915
2013-11-18 10:00:00,0.1918804038
2013-11-18 11:00:00,0.2048111398
2013-11-18 12:00:00,0.2339827344
2013-11-18 13:00:00,0.2624406690
2013-11-18 14:00:00,0.3032266237
2013-11-18 15:00:00,0.3328280574
2013-11-18 16:00:00,0.3964585572
2013-11-18 17:00:00,0.4855659429
2013-11-18 18:00:00,0.5520434551
2013-11-18 19:00:00,0.5612987786
2013-11-18 20:00:00,0.5168794261
2013-11-18 21:00:00,0.4841278347
2013-11-18 22:00:00,0.5740774223
2013-11-18 23:00:00,0.5323919985
2013-11-19 00:00:00,0.5343252459
2013-11-19 01:00:00,0.5564384211
2013-11-19 02:00:00,0.5836083609
2013-11-19 03:00:00,0.5609244225
2013-11-19 04:00:00,0.5603432655
2013-11-19 05:00:00,0.6030517622
2013-11-19 06:00:00,0.7225499901
2013-11-19 07:00:00,0.6983363675
2013-11-19 08:00:00,0.6735555050
2013-11-19 09:00:00,0.7348130918
2013-11-19 10:00:00,0.6117157141
2013-11-19 11:00:00,0.5780496473
2013-11-19 12:00:00,0.5596569161
2013-11-19 13:00:00,0.4873950731
2013-11-19 14:00:00,0.5202074144
2013-11-19 15:00:00,0.4866615931
2013-11-19 16:00:00,0.4682009438
2013-11-19 17:00:00,0.4162474099
2013-11-19 18:00:00,0.2857799935
2013-11-19 19:00:00,0.1730073168
2013-11-19 20:00:00,0.1226652604
2013-11-19 21:00:00,0.0890739058
2013-11-19 22:00:00,0.0707600163
2013-11-19 23:00:00,0.1432247606
2013-11-20 00:00:00,0.3302635695
2013-11-20 01:00:00,0.5734344401
2013-11-20 02:00:00,0.6595182325
2013-11-20 03:00:00,0.4739849162
2013-11-20 04:00:00,0.3424550490
2013-11-20 05:00:00,0.2740343287
2013-11-20 06:00:00,0.2945302639
2013-11-20 07:00:00,0.5323792751
2013-11-20 08:00:00,0.6853432562
2013-11-20 09:00:00,0.7953732621
2013-11-20 10:00:00,0.9033502192
2013-11-20 11:00:00,0.9521377539
2013-11-20 12:00:00,0.9580062043
2013-11-20 13:00:00,0.9846380333
2013-11-20 14:00:00,0.9979017170
2013-11-20 15:00:00,0.9984988013
2013-11-20 16:00:00,0.9985159176
2013-11-20 17:00:00,0.9979758699
2013-11-20 18:00:00,0.9983347008
2013-11-20 19:00:00,0.9990474383
2013-11-20 20:00:00,0.9995800997
2013-11-20 21:00:00,1.0000000000
2013-11-20 22:00:00,1.0000000000
2013-11-20 23:00:00,1.0000000000
2013-11-21 00:00:00,1.0000000000
2013-11-21 01:00:00,1.0000000000
2013-11-21 02:00:00,1.0000000000
2013-11-21 03:00:00,1.0000000000
2013-11-21 04:00:00,1.0000000000
2013-11-21 05:00:00,1.0000000000
2013-11-21 06:00:00,1.0000000000
2013-11-21 07:00:00,1.0000000000
2013-11-21 08:00:00,1.0000000000
2013-11-21 09:00:00,1.0000000000
2013-11-21 10:00:00,1.0000000000
2013-11-21 11:00:00,1.0000000000
2013-11-21 12:00:00,1.0000000000
2013-11-21 13:00:00,1.0000000000
2013-11-21 14:00:00,1.0000000000
2013-11-21 15:00:00,1.0000000000
2013-11-21 16:00:00,1.0000000000
2013-11-21 17:00:00,1.0000000000
2013-11-21 18:00:00,1.0000000000
2013-11-21 19:00:00,1.0000000000
2013-11-21 20:00:00,1.0000000000
2013-11-21 21:00:00,1.0000000000
2013-11-21 22:00:00,1.0000000000
2013-11-21 23:00:00,1.0000000000
2013-11-22 00:00:00,1.0000000000
2013-11-22 01:00:00,1.0000000000
2013-11-22 02:00:00,1.0000000000
2013-11-22 03:00:00,1.0000000000
2013-11-22 04:00:00,1.0000000000
2013-11-22 05:00:00,1.0000000000
2013-11-22 06:00:00,0.9985795987
2013-11-22 07:00:00,0.9986631044
2013-11-22 08:00:00,0.9975471902
2013-11-22 09:00:00,0.9916430517
2013-11-22 10:00:00,0.9906646379
2013-11-22 11:00:00,0.9736482552
2013-11-22 12:00:00,0.9346122243
2013-11-22 13:00:00,0.9673867942
2013-11-22 14:00:00,0.9780823359
2013-11-22 15:00:00,0.9855228468
2013-11-22 16:00:00,0.9880733085
2013-11-22 17:00:00,0.9824182722
2013-11-22 18:00:00,0.9677908436
2013-11-22 19:00:00,0.8901042814
2013-11-22 20:00:00,0.7940546111
2013-11-22 21:00:00,0.7098374554
2013-11-22 22:00:00,0.6990316241
2013-11-22 23:00:00,0.6179080913
2013-11-23 00:00:00,0.5157988290
2013-11-23 01:00:00,0.4377848603
2013-11-23 02:00:00,0.4237534532
2013-11-23 03:00:00,0.4312882797
2013-11-23 04:00:00,0.4081411673
2013-11-23 05:00:00,0.3070391892
2013-11-23 06:00:00,0.1646837651
2013-11-23 07:00:00,0.1428444128
2013-11-23 08:00:00,0.1221787462
2013-11-23 09:00:00,0.1053243057
2013-11-23 10:00:00,0.1144859954
2013-11-23 11:00:00,0.0920626696
2013-11-23 12:00:00,0.0708787114
2013-11-23 13:00:00,0.0769176670
2013-11-23 14:00:00,0.0880489630
2013-11-23 15:00:00,0.0748690904
2013-11-23 16:00:00,0.0634296034
2013-11-23 17:00:00,0.0596211938
2013-11-23 18:00:00,0.0534861228
2013-11-23 19:00:00,0.0347182088
2013-11-23 20:00:00,0.0124849708
2013-11-23 21:00:00,0.0000000000
2013-11-23 22:00:00,0.0000000000
2013-11-23 23:00:00,0.0197783818
2013-11-24 00:00:00,0.0211843357
2013-11-24 01:00:00,0.0000000000
2013-11-24 02:00:00,0.0000000000
2013-11-24 03:00:00,0.0000000000
2013-11-24 04:00:00,0.0243307886
2013-11-24 05:00:00,0.0494159437
2013-11-24 06:00:00,0.0331438640
2013-11-24 07:00:00,0.0000000000
2013-11-24 08:00:00,0.0000000000
2013-11-24 09:00:00,0.0000000000
2013-11-24 10:00:00,0.0000000000
2013-11-24 11:00:00,0.0000000000
2013-11-24 12:00:00,0.0000000000
2013-11-24 13:00:00,0.0000000000
2013-11-24 14:00:00,0.0000000000
2013-11-24 15:00:00,0.0233563695
2013-11-24 16:00:00,0.0274711972
2013-11-24 17:00:00,0.0000000000
2013-11-24 18:00:00,0.0000000000
2013-11-24 19:00:00,0.0000000000
2013-11-24 20:00:00,0.0000000000
2013-11-24 21:00:00,0.0000000000
2013-11-24 22:00:00,0.0000000000
2013-11-24 23:00:00,0.0000000000
2013-11-25 00:00:00,0.0000000000
2013-11-25 01:00:00,0.0000000000
2013-11-25 02:00:00,0.0000000000
2013-11-25 03:00:00,0.0000000000
2013-11-25 04:00:00,0.0000000000
2013-11-25 05:00:00,0.0000000000
2013-11-25 06:00:00,0.0000000000
2013-11-25 07:00:00,0.0000000000
2013-11-25 08:00:00,0.0000000000
2013-11-25 09:00:00,0.0000000000
2013-11-25 10:00:00,0.0000000000
2013-11-25 11:00:00,0.0000000000
2013-11-25 12:00:00,0.0000000000
2013-11-25 13:00:00,0.0000000000
2013-11-25 14:00:00,0.0000000000
2013-11-25 15:00:00,0.0000000000
2013-11-25 16:00:00,0.0000000000
2013-11-25 17:00:00,0.0000000000
2013-11-25 18:00:00,0.0000000000
2013-11-25 19:00:00,0.0000000000
2013-11-25 20:00:00,0.0000000000
2013-11-25 21:00:00,0.0000000000
2013-11-25 22:00:00,0.0000000000
2013-11-25 23:00:00,0.0000000000
2013-11-26 00:00:00,0.0000000000
2013-11-26 01:00:00,0.0000000000
2013-11-26 02:00:00,0.0000000000
2013-11-26 03:00:00,0.0000000000
2013-11-26 04:00:00,0.0000000000
2013-11-26 05:00:00,0.0000000000
2013-11-26 06:00:00,0.0312209199
2013-11-26 07:00:00,0.0485641446
2013-11-26 08:00:00,0.0440367055
2013-11-26 09:00:00,0.0340577278
2013-11-26 10:00:00,0.0314447821
2013-11-26 11:00:00,0.0489585104
2013-11-26 12:00:00,0.0849024221
2013-11-26 13:00:00,0.1339001048
2013-11-26 14:00:00,0.1810751927
2013-11-26 15:00:00,0.2162209960
2013-11-26 16:00:00,0.2288654863
2013-11-26 17:00:00,0.2269936979
2013-11-26 18:00:00,0.2347875857
2013-11-26 19:00:00,0.2476940436
2013-11-26 20:00:00,0.2614628505
2013-11-26 21:00:00,0.2781816339
2013-11-26 22:00:00,0.2991206599
2013-11-26 23:00:00,0.3291069682
2013-11-27 00:00:00,0.3331944755
2013-11-27 01:00:00,0.3408245137
2013-11-27 02:00:00,0.3894459297
2013-11-27 03:00:00,0.4492793177
2013-11-27 04:00:00,0.5159171033
2013-11-27 05:00:00,0.5501569798
2013-11-27 06:00:00,0.4640441393
2013-11-27 07:00:00,0.3002386639
2013-11-27 08:00:00,0.2862048024
2013-11-27 09:00:00,0.3562654187
2013-11-27 10:00:00,0.3618928638
2013-11-27 11:00:00,0.2979752643
2013-11-27 12:00:00,0.3893949549
2013-11-27 13:00:00,0.6198390091
2013-11-27 14:00:00,0.7432097734
2013-11-27 15:00:00,0.7341885193
2013-11-27 16:00:00,0.7281819418
2013-11-27 17:00:00,0.7141866871
2013-11-27 18:00:00,0.6741716347
2013-11-27 19:00:00,0.5747132364
2013-11-27 20:00:00,0.4972571797
2013-11-27 21:00:00,0.4729408766
2013-11-27 22:00:00,0.4546069242
2013-11-27 23:00:00,0.3465740494
2013-11-28 00:00:00,0.2246528669
2013-11-28 01:00:00,0.1412309852
2013-11-28 02:00:00,0.1061010594
2013-11-28 03:00:00,0.1152523709
2013-11-28 04:00:00,0.1499643630
2013-11-28 05:00:00,0.1927600437
2013-11-28 06:00:00,0.1459108965
2013-11-28 07:00:00,0.1369856619
2013-11-28 08:00:00,0.2064137957
2013-11-28 09:00:00,0.3819776781
2013-11-28 10:00:00,0.6961995480
2013-11-28 11:00:00,0.7006102356
2013-11-28 12:00:00,0.6716332903
2013-11-28 13:00:00,0.6597381386
2013-11-28 14:00:00,0.5987288360
2013-11-28 15:00:00,0.5053983950
2013-11-28 16:00:00,0.4077368842
2013-11-28 17:00:00,0.3456786941
2013-11-28 18:00:00,0.2953538863
2013-11-28 19:00:00,0.2978555907
2013-11-28 20:00:00,0.2542884708
2013-11-28 21:00:00,0.2149803218
2013-11-28 22:00:00,0.2216454518
2013-11-28 23:00:00,0.1898724207
2013-11-29 00:00:00,0.1538955347
2013-11-29 01:00:00,0.0984174247
2013-11-29 02:00:00,0.0603507079
2013-11-29 03:00:00,0.0541953012
2013-11-29 04:00:00,0.0205929961
2013-11-29 05:00:00,0.0000000000
2013-11-29 06:00:00,0.0000000000
2013-11-29 07:00:00,0.0000000000
2013-11-29 08:00:00,0.0000000000
2013-11-29 09:00:00,0.0000000000
2013-11-29 10:00:00,0.0000000000
2013-11-29 11:00:00,0.0000000000
2013-11-29 12:00:00,0.0000000000
2013-11-29 13:00:00,0.0395338613
2013-11-29 14:00:00,0.1239197278
2013-11-29 15:00:00,0.2273650356
2013-11-29 16:00:00,0.3033098972
2013-11-29 17:00:00,0.3993270631
2013-11-29 18:00:00,0.4936154060
2013-11-29 19:00:00,0.5749488890
2013-11-29 20:00:00,0.6592930251
2013-11-29 21:00:00,0.7031405299
2013-11-29 22:00:00,0.7166296080
2013-11-29 23:00:00,0.7562947741
2013-11-30 00:00:00,0.8433162028
2013-11-30 01:00:00,0.8782574772
2013-11-30 02:00:00,0.8366144872
2013-11-30 03:00:00,0.8245385020
2013-11-30 04:00:00,0.7772551611
2013-11-30 05:00:00,0.6960630884
2013-11-30 06:00:00,0.5644914683
2013-11-30 07:00:00,0.2943982143
2013-11-30 08:00:00,0.1272856722
2013-11-30 09:00:00,0.0459971463
2013-11-30 10:00:00,0.0428973074
2013-11-30 11:00:00,0.0357487206
2013-11-30 12:00:00,0.1582225514
2013-11-30 13:00:00,0.2803794013
2013-11-30 14:00:00,0.3934526537
2013-11-30 15:00:00,0.8438297160
2013-11-30 16:00:00,0.9701943273
2013-11-30 17:00:00,0.9514861512
2013-11-30 18:00:00,0.9794707735
2013-11-30 19:00:00,0.9943725798
2013-11-30 20:00:00,0.9798417247
2013-11-30 21:00:00,0.8905359592
2013-11-30 22:00:00,0.6390673600
2013-11-30 23:00:00,0.7151796023
2013-12-01 00:00:00,0.7849029840
2013-12-01 01:00:00,0.7369065191
2013-12-01 02:00:00,0.7350922940
2013-12-01 03:00:00,0.6186675558
2013-12-01 04:00:00,0.4435157199
2013-12-01 05:00:00,0.2261479290
2013-12-01 06:00:00,0.1449642345
2013-12-01 07:00:00,0.2133073776
2013-12-01 08:00:00,0.3624391587
2013-12-01 09:00:00,0.5944168412
2013-12-01 10:00:00,0.7016029545
2013-12-01 11:00:00,0.6689665364
2013-12-01 12:00:00,0.4824228926
2013-12-01 13:00:00,0.2967851926
2013-12-01 14:00:00,0.1271024405
2013-12-01 15:00:00,0.0646664816
2013-12-01 16:00:00,0.1040073236
2013-12-01 17:00:00,0.1698177585
2013-12-01 18:00:00,0.2340000252
2013-12-01 19:00:00,0.2999621108
2013-12-01 20:00:00,0.3914962750
2013-12-01 21:00:00,0.4034403508
2013-12-01 22:00:00,0.4860682503
2013-12-01 23:00:00,0.5468413565
2013-12-02 00:00:00,0.5419804614
2013-12-02 01:00:00,0.6257421518
2013-12-02 02:00:00,0.6876377405
2013-12-02 03:00:00,0.6496578011
2013-12-02 04:00:00,0.6350813426
2013-12-02 05:00:00,0.6490654291
2013-12-02 06:00:00,0.7054572012
2013-12-02 07:00:00,0.6712651440
2013-12-02 08:00:00,0.4627628342
2013-12-02 09:00:00,0.3071727051
2013-12-02 10:00:00,0.2876820408
2013-12-02 11:00:00,0.2137835260
2013-12-02 12:00:00,0.1955774376
2013-12-02 13:00:00,0.2466069733
2013-12-02 14:00:00,0.2658569641
2013-12-02 15:00:00,0.2200712192
2013-12-02 16:00:00,0.2006011259
2013-12-02 17:00:00,0.2784762881
2013-12-02 18:00:00,0.3781635746
2013-12-02 19:00:00,0.4427554919
2013-12-02 20:00:00,0.4690451716
2013-12-02 21:00:00,0.5025581986
2013-12-02 22:00:00,0.6281087134
2013-12-02 23:00:00,0.7345633413
2013-12-03 00:00:00,0.8425869007
2013-12-03 01:00:00,0.8853096370
2013-12-03 02:00:00,0.8947510065
2013-12-03 03:00:00,0.8965636983
2013-12-03 04:00:00,0.9059066523
2013-12-03 05:00:00,0.9060255562
2013-12-03 06:00:00,0.8894085043
2013-12-03 07:00:00,0.7285233853
2013-12-03 08:00:00,0.4541237915
2013-12-03 09:00:00,0.3810664298
2013-12-03 10:00:00,0.5321249853
2013-12-03 11:00:00,0.6358857872
2013-12-03 12:00:00,0.7271287488
2013-12-03 13:00:00,0.5242312500
2013-12-03 14:00:00,0.4038706340
2013-12-03 15:00:00,0.5816061201
2013-12-03 16:00:00,1.0000000000
2013-12-03 17:00:00,1.0000000000
2013-12-03 18:00:00,1.0000000000
2013-12-03 19:00:00,1.0000000000
2013-12-03 20:00:00,1.0000000000
2013-12-03 21:00:00,1.0000000000
2013-12-03 22:00:00,0.9852814269
2013-12-03 23:00:00,0.9135532130
2013-12-04 00:00:00,0.8682128246
2013-12-04 01:00:00,0.5971151084
2013-12-04 02:00:00,0.3916713179
2013-12-04 03:00:00,0.3891117370
2013-12-04 04:00:00,0.4732924739
2013-12-04 05:00:00,0.5133847785
2013-12-04 06:00:00,0.6910178147
2013-12-04 07:00:00,0.6625223066
2013-12-04 08:00:00,0.6849902284
2013-12-04 09:00:00,0.7530774696
2013-12-04 10:00:00,0.8509801727
2013-12-04 11:00:00,0.7902084145
2013-12-04 12:00:00,0.6651547002
2013-12-04 13:00:00,0.6378480593
2013-12-04 14:00:00,0.6291364455
2013-12-04 15:00:00,0.5932831998
2013-12-04 16:00:00,0.6089790974
2013-12-04 17:00:00,0.6728875403
2013-12-04 18:00:00,0.7499901454
2013-12-04 19:00:00,0.6195913499
2013-12-04 20:00:00,0.3830652876
2013-12-04 21:00:00,0.2266511979
2013-12-04 22:00:00,0.1569592485
2013-12-04 23:00:00,0.0884646762
2013-12-05 00:00:00,0.0512329270
2013-12-05 01:00:00,0.0285056292
2013-12-05 02:00:00,0.0285641734
2013-12-05 03:00:00,0.0484169932
2013-12-05 04:00:00,0.0616183935
2013-12-05 05:00:00,0.0926007710
2013-12-05 06:00:00,0.1460762117
2013-12-05 07:00:00,0.1714578329
2013-12-05 08:00:00,0.2897317706
2013-12-05 09:00:00,0.3233305535
2013-12-05 10:00:00,0.3164158475
2013-12-05 11:00:00,0.3833363477
2013-12-05 12:00:00,0.4156715995
2013-12-05 13:00:00,0.5355579869
2013-12-05 14:00:00,0.6473114818
2013-12-05 15:00:00,0.7204239696
2013-12-05 16:00:00,0.7884542708
2013-12-05 17:00:00,0.8638879926
2013-12-05 18:00:00,0.8738915500
2013-12-05 19:00:00,0.8511160121
2013-12-05 20:00:00,0.8124676218
2013-12-05 21:00:00,0.8102016075
2013-12-05 22:00:00,0.8078073801
2013-12-05 23:00:00,0.8514509326
2013-12-06 00:00:00,0.8488939073
2013-12-06 01:00:00,0.8446806365
2013-12-06 02:00:00,0.8438830095
2013-12-06 03:00:00,0.8386215229
2013-12-06 04:00:00,0.8104480201
2013-12-06 05:00:00,0.7781442100
2013-12-06 06:00:00,0.5380288448
2013-12-06 07:00:00,0.4738861751
2013-12-06 08:00:00,0.3525576591
2013-12-06 09:00:00,0.2002428155
2013-12-06 10:00:00,0.1025799326
2013-12-06 11:00:00,0.0542538306
2013-12-06 12:00:00,0.0215549087
2013-12-06 13:00:00,0.0000000000
2013-12-06 14:00:00,0.0000000000
2013-12-06 15:00:00,0.0000000000
2013-12-06 16:00:00,0.0000000000
2013-12-06 17:00:00,0.0000000000
2013-12-06 18:00:00,0.0000000000
2013-12-06 19:00:00,0.0000000000
2013-12-06 20:00:00,0.0000000000
2013-12-06 21:00:00,0.0000000000
2013-12-06 22:00:00,0.0000000000
2013-12-06 23:00:00,0.0000000000
2013-12-07 00:00:00,0.0000000000
2013-12-07 01:00:00,0.0000000000
2013-12-07 02:00:00,0.0000000000
2013-12-07 03:00:00,0.0000000000
2013-12-07 04:00:00,0.0574118016
2013-12-07 05:00:00,0.1159190313
2013-12-07 06:00:00,0.1574111219
2013-12-07 07:00:00,0.1544319765
2013-12-07 08:00:00,0.2204655915
2013-12-07 09:00:00,0.2553742384
2013-12-07 10:00:00,0.3679081131
2013-12-07 11:00:00,0.4450394718
2013-12-07 12:00:00,0.5577494740
2013-12-07 13:00:00,0.7534577893
2013-12-07 14:00:00,0.8956143622
2013-12-07 15:00:00,0.9717902452
2013-12-07 16:00:00,0.9895636490
2013-12-07 17:00:00,0.9968811079
2013-12-07 18:00:00,0.9968699100
2013-12-07 19:00:00,0.9926215776
2013-12-07 20:00:00,0.9915276571
2013-12-07 21:00:00,0.9951326582
2013-12-07 22:00:00,0.9971711932
2013-12-07 23:00:00,0.9960321694
2013-12-08 00:00:00,0.9828247899
2013-12-08 01:00:00,0.9766858481
2013-12-08 02:00:00,0.9719598870
2013-12-08 03:00:00,0.9672381893
2013-12-08 04:00:00,0.9425473992
2013-12-08 05:00:00,0.8795990539
2013-12-08 06:00:00,0.8112487138
2013-12-08 07:00:00,0.6213624181
2013-12-08 08:00:00,0.5262462142
2013-12-08 09:00:00,0.4912850436
2013-12-08 10:00:00,0.5099412039
2013-12-08 11:00:00,0.4999656615
2013-12-08 12:00:00,0.5645267714
2013-12-08 13:00:00,0.5906234613
2013-12-08 14:00:00,0.5998558468
2013-12-08 15:00:00,0.6257762005
2013-12-08 16:00:00,0.6784943599
2013-12-08 17:00:00,0.7167195339
2013-12-08 18:00:00,0.7277446822
2013-12-08 19:00:00,0.7872373263
2013-12-08 20:00:00,0.6747985634
2013-12-08 21:00:00,0.4230091915
2013-12-08 22:00:00,0.2813965978
2013-12-08 23:00:00,0.1617038484
2013-12-09 00:00:00,0.2016484628
2013-12-09 01:00:00,0.4268457064
2013-12-09 02:00:00,0.4982374229
2013-12-09 03:00:00,0.4799013200
2013-12-09 04:00:00,0.6223501879
2013-12-09 05:00:00,0.6094586460
2013-12-09 06:00:00,0.4529872829
2013-12-09 07:00:00,0.3338940611
2013-12-09 08:00:00,0.2894019426
2013-12-09 09:00:00,0.2781702646
2013-12-09 10:00:00,0.1553400007
2013-12-09 11:00:00,0.1422015943
2013-12-09 12:00:00,0.0897658105
2013-12-09 13:00:00,0.0662808091
2013-12-09 14:00:00,0.0648375352
2013-12-09 15:00:00,0.0796392852
2013-12-09 16:00:00,0.0925424520
2013-12-09 17:00:00,0.1094224056
2013-12-09 18:00:00,0.1583639196
2013-12-09 19:00:00,0.2398254856
2013-12-09 20:00:00,0.2337905223
2013-12-09 21:00:00,0.1712919567
2013-12-09 22:00:00,0.1369497589
2013-12-09 23:00:00,0.1514034996
2013-12-10 00:00:00,0.1556564663
2013-12-10 01:00:00,0.1815643092
2013-12-10 02:00:00,0.2117490145
2013-12-10 03:00:00,0.1497673871
2013-12-10 04:00:00,0.1522658385
2013-12-10 05:00:00,0.1268713147
2013-12-10 06:00:00,0.0876712799
2013-12-10 07:00:00,0.0429491296
2013-12-10 08:00:00,0.0000000000
2013-12-10 09:00:00,0.0000000000
2013-12-10 10:00:00,0.0000000000
2013-12-10 11:00:00,0.0000000000
2013-12-10 12:00:00,0.0000000000
2013-12-10 13:00:00,0.0000000000
2013-12-10 14:00:00,0.0000000000
2013-12-10 15:00:00,0.0000000000
2013-12-10 16:00:00,0.0256627658
2013-12-10 17:00:00,0.0422030917
2013-12-10 18:00:00,0.0730878232
2013-12-10 19:00:00,0.1281516225
2013-12-10 20:00:00,0.1845990225
2013-12-10 21:00:00,0.2338672650
2013-12-10 22:00:00,0.3043074951
2013-12-10 23:00:00,0.3777647112
2013-12-11 00:00:00,0.4244312866
2013-12-11 01:00:00,0.4632952478
2013-12-11 02:00:00,0.5035540325
2013-12-11 03:00:00,0.5590524627
2013-12-11 04:00:00,0.5931862507
2013-12-11 05:00:00,0.6598508405
2013-12-11 06:00:00,0.7662182322
2013-12-11 07:00:00,0.5769142138
2013-12-11 08:00:00,0.4713473990
2013-12-11 09:00:00,0.4137301616
2013-12-11 10:00:00,0.5805898570
2013-12-11 11:00:00,0.6002004552
2013-12-11 12:00:00,0.5641226675
2013-12-11 13:00:00,0.5070624788
2013-12-11 14:00:00,0.4203290581
2013-12-11 15:00:00,0.3646896680
2013-12-11 16:00:00,0.2871890754
2013-12-11 17:00:00,0.2156650849
2013-12-11 18:00:00,0.1502042541
2013-12-11 19:00:00,0.0920426612
2013-12-11 20:00:00,0.0529911238
2013-12-11 21:00:00,0.0807808427
2013-12-11 22:00:00,0.1455198199
2013-12-11 23:00:00,0.1490642276
2013-12-12 00:00:00,0.1166679111
2013-12-12 01:00:00,0.0933955931
2013-12-12 02:00:00,0.1444693757
2013-12-12 03:00:00,0.3139060697
2013-12-12 04:00:00,0.5226271994
2013-12-12 05:00:00,0.5871802452
2013-12-12 06:00:00,0.5318957840
2013-12-12 07:00:00,0.5874585482
2013-12-12 08:00:00,0.6669457567
2013-12-12 09:00:00,0.8047854386
2013-12-12 10:00:00,0.9189835904
2013-12-12 11:00:00,0.9020935570
2013-12-12 12:00:00,0.9881919287
2013-12-12 13:00:00,0.9992503871
2013-12-12 14:00:00,1.0000000000
2013-12-12 15:00:00,1.0000000000
2013-12-12 16:00:00,1.0000000000
2013-12-12 17:00:00,0.9994310865
2013-12-12 18:00:00,0.9974047779
2013-12-12 19:00:00,0.9974545124
2013-12-12 20:00:00,0.9895832554
2013-12-12 21:00:00,0.9867432133
2013-12-12 22:00:00,0.9642466439
2013-12-12 23:00:00,0.9291734384
2013-12-13 00:00:00,0.8846124387
2013-12-13 01:00:00,0.7595401558
2013-12-13 02:00:00,0.5878612185
2013-12-13 03:00:00,0.4789886366
2013-12-13 04:00:00,0.4155392553
2013-12-13 05:00:00,0.3756841180
2013-12-13 06:00:00,0.1995154767
2013-12-13 07:00:00,0.1228784346
2013-12-13 08:00:00,0.0647293820
2013-12-13 09:00:00,0.0260511325
2013-12-13 10:00:00,0.0000000000
2013-12-13 11:00:00,0.0000000000
2013-12-13 12:00:00,0.0000000000
2013-12-13 13:00:00,0.0000000000
2013-12-13 14:00:00,0.0000000000
2013-12-13 15:00:00,0.0000000000
2013-12-13 16:00:00,0.0000000000
2013-12-13 17:00:00,0.0000000000
2013-12-13 18:00:00,0.0000000000
2013-12-13 19:00:00,0.0000000000
2013-12-13 20:00:00,0.0000000000
2013-12-13 21:00:00,0.0000000000
2013-12-13 22:00:00,0.0000000000
2013-12-13 23:00:00,0.0000000000
2013-12-14 00:00:00,0.0000000000
2013-12-14 01:00:00,0.0000000000
2013-12-14 02:00:00,0.0854645991
2013-12-14 03:00:00,0.0369934915
2013-12-14 04:00:00,0.0000000000
2013-12-14 05:00:00,0.0207271101
2013-12-14 06:00:00,0.0000000000
2013-12-14 07:00:00,0.0000000000
2013-12-14 08:00:00,0.0000000000
2013-12-14 09:00:00,0.0000000000
2013-12-14 10:00:00,0.0000000000
2013-12-14 11:00:00,0.0000000000
2013-12-14 12:00:00,0.0000000000
2013-12-14 13:00:00,0.0246511098
2013-12-14 14:00:00,0.0425366876
2013-12-14 15:00:00,0.0670258672
2013-12-14 16:00:00,0.0879898258
2013-12-14 17:00:00,0.1083601807
2013-12-14 18:00:00,0.1592750643
2013-12-14 19:00:00,0.2044589286
2013-12-14 20:00:00,0.2137269163
2013-12-14 21:00:00,0.1955969193
2013-12-14 22:00:00,0.2000882641
2013-12-14 23:00:00,0.2364430615
2013-12-15 00:00:00,0.2813447254
2013-12-15 01:00:00,0.3091034500
2013-12-15 02:00:00,0.3423804910
2013-12-15 03:00:00,0.3571955628
2013-12-15 04:00:00,0.4709981314
2013-12-15 05:00:00,0.6673162591
2013-12-15 06:00:00,0.7266852061
2013-12-15 07:00:00,0.7151466164
2013-12-15 08:00:00,0.7580084707
2013-12-15 09:00:00,0.7064944903
2013-12-15 10:00:00,0.6868576629
2013-12-15 11:00:00,0.6119096123
2013-12-15 12:00:00,0.4726740426
2013-12-15 13:00:00,0.5111431218
2013-12-15 14:00:00,0.5364317832
2013-12-15 15:00:00,0.5715585378
2013-12-15 16:00:00,0.5323679852
2013-12-15 17:00:00,0.4620112547
2013-12-15 18:00:00,0.4652752674
2013-12-15 19:00:00,0.5705877924
2013-12-15 20:00:00,0.6304935536
2013-12-15 21:00:00,0.6773259126
2013-12-15 22:00:00,0.8049417290
2013-12-15 23:00:00,0.7827724475
2013-12-16 00:00:00,0.7513623986
2013-12-16 01:00:00,0.8080257154
2013-12-16 02:00:00,0.7210624826
2013-12-16 03:00:00,0.5492597078
2013-12-16 04:00:00,0.4865572967
2013-12-16 05:00:00,0.4893811855
2013-12-16 06:00:00,0.4041337842
2013-12-16 07:00:00,0.4641149247
2013-12-16 08:00:00,0.5096385292
2013-12-16 09:00:00,0.6305625470
2013-12-16 10:00:00,0.4914732073
2013-12-16 11:00:00,0.5417942689
2013-12-16 12:00:00,0.3224238461
2013-12-16 13:00:00,0.2653274037
2013-12-16 14:00:00,0.2664504768
2013-12-16 15:00:00,0.2712572603
2013-12-16 16:00:00,0.2870711189
2013-12-16 17:00:00,0.2963774672
2013-12-16 18:00:00,0.2790528061
2013-12-16 19:00:00,0.2562840780
2013-12-16 20:00:00,0.2298033939
2013-12-16 21:00:00,0.1797019952
2013-12-16 22:00:00,0.1649708140
2013-12-16 23:00:00,0.1397300702
2013-12-17 00:00:00,0.1431690127
2013-12-17 01:00:00,0.1489954369
2013-12-17 02:00:00,0.1556452115
2013-12-17 03:00:00,0.1412934649
2013-12-17 04:00:00,0.1162230150
2013-12-17 05:00:00,0.0808118371
2013-12-17 06:00:00,0.0472205986
2013-12-17 07:00:00,0.0181785834
2013-12-17 08:00:00,0.0352035204
2013-12-17 09:00:00,0.0452096914
2013-12-17 10:00:00,0.0845475992
2013-12-17 11:00:00,0.0789178586
2013-12-17 12:00:00,0.0634448201
2013-12-17 13:00:00,0.0453082518
2013-12-17 14:00:00,0.0378817211
2013-12-17 15:00:00,0.0162693434
2013-12-17 16:00:00,0.0000000000
2013-12-17 17:00:00,0.0000000000
2013-12-17 18:00:00,0.0000000000
2013-12-17 19:00:00,0.0000000000
2013-12-17 20:00:00,0.0000000000
2013-12-17 21:00:00,0.0000000000
2013-12-17 22:00:00,0.0310930310
2013-12-17 23:00:00,0.0412158273
2013-12-18 00:00:00,0.0615978241
2013-12-18 01:00:00,0.0747926095
2013-12-18 02:00:00,0.1170460500
2013-12-18 03:00:00,0.1636268345
2013-12-18 04:00:00,0.2506181430
2013-12-18 05:00:00,0.3597060730
2013-12-18 06:00:00,0.3816921166
2013-12-18 07:00:00,0.2674573699
2013-12-18 08:00:00,0.2976898493
2013-12-18 09:00:00,0.3253367352
2013-12-18 10:00:00,0.3212799153
2013-12-18 11:00:00,0.2773190480
2013-12-18 12:00:00,0.2707285881
2013-12-18 13:00:00,0.3959273497
2013-12-18 14:00:00,0.5749858049
2013-12-18 15:00:00,0.6746010406
2013-12-18 16:00:00,0.7335354768
2013-12-18 17:00:00,0.8221081472
2013-12-18 18:00:00,0.8699419047
2013-12-18 19:00:00,0.8776718401
2013-12-18 20:00:00,0.8796355304
2013-12-18 21:00:00,0.8816069185
2013-12-18 22:00:00,0.8474187415
2013-12-18 23:00:00,0.7512978011
2013-12-19 00:00:00,0.7036855829
2013-12-19 01:00:00,0.6820375966
2013-12-19 02:00:00,0.6409528583
2013-12-19 03:00:00,0.5778428464
2013-12-19 04:00:00,0.5255768891
2013-12-19 05:00:00,0.4647679422
2013-12-19 06:00:00,0.4269179939
2013-12-19 07:00:00,0.3321032041
2013-12-19 08:00:00,0.2469234778
2013-12-19 09:00:00,0.2473791378
2013-12-19 10:00:00,0.2803028954
2013-12-19 11:00:00,0.2311842301
2013-12-19 12:00:00,0.2067619804
2013-12-19 13:00:00,0.2287931847
2013-12-19 14:00:00,0.2600673289
2013-12-19 15:00:00,0.3136433589
2013-12-19 16:00:00,0.3679781303
2013-12-19 17:00:00,0.4128285078
2013-12-19 18:00:00,0.4046157747
2013-12-19 19:00:00,0.4036701770
2013-12-19 20:00:00,0.3863941049
2013-12-19 21:00:00,0.3350721948
2013-12-19 22:00:00,0.3553328576
2013-12-19 23:00:00,0.3012306955
2013-12-20 00:00:00,0.3384591645
2013-12-20 01:00:00,0.3276269405
2013-12-20 02:00:00,0.2682750708
2013-12-20 03:00:00,0.2731542743
2013-12-20 04:00:00,0.2956477115
2013-12-20 05:00:00,0.2884954191
2013-12-20 06:00:00,0.2623068429
2013-12-20 07:00:00,0.1723128425
2013-12-20 08:00:00,0.1475003771
2013-12-20 09:00:00,0.1478189464
2013-12-20 10:00:00,0.1694831311
2013-12-20 11:00:00,0.1657062652
2013-12-20 12:00:00,0.1644272197
2013-12-20 13:00:00,0.1638882885
2013-12-20 14:00:00,0.1327544334
2013-12-20 15:00:00,0.1079917889
2013-12-20 16:00:00,0.0794834249
2013-12-20 17:00:00,0.0577439514
2013-12-20 18:00:00,0.0403316309
2013-12-20 19:00:00,0.0488521320
2013-12-20 20:00:00,0.0496635951
2013-12-20 21:00:00,0.0447297349
2013-12-20 22:00:00,0.0667259039
2013-12-20 23:00:00,0.0532552775
2013-12-21 00:00:00,0.0336448792
2013-12-21 01:00:00,0.0322107603
2013-12-21 02:00:00,0.0336377504
2013-12-21 03:00:00,0.0000000000
2013-12-21 04:00:00,0.0000000000
2013-12-21 05:00:00,0.0000000000
2013-12-21 06:00:00,0.0000000000
2013-12-21 07:00:00,0.0000000000
2013-12-21 08:00:00,0.0000000000
2013-12-21 09:00:00,0.0000000000
2013-12-21 10:00:00,0.0000000000
2013-12-21 11:00:00,0.0000000000
2013-12-21 12:00:00,0.0000000000
2013-12-21 13:00:00,0.0000000000
2013-12-21 14:00:00,0.0000000000
2013-12-21 15:00:00,0.0000000000
2013-12-21 16:00:00,0.0603770275
2013-12-21 17:00:00,0.1046775252
2013-12-21 18:00:00,0.1557428229
2013-12-21 19:00:00,0.1703689613
2013-12-21 20:00:00,0.2147793458
2013-12-21 21:00:00,0.2418153489
2013-12-21 22:00:00,0.2146380587
2013-12-21 23:00:00,0.2591160388
2013-12-22 00:00:00,0.2911397865
2013-12-22 01:00:00,0.2950052280
2013-12-22 02:00:00,0.3559061780
2013-12-22 03:00:00,0.4805736916
2013-12-22 04:00:00,0.5704711309
2013-12-22 05:00:00,0.6145241915
2013-12-22 06:00:00,0.5001009601
2013-12-22 07:00:00,0.4889865794
2013-12-22 08:00:00,0.5138100284
2013-12-22 09:00:00,0.5189565740
2013-12-22 10:00:00,0.6206954227
2013-12-22 11:00:00,0.5829662747
2013-12-22 12:00:00,0.7377949789
2013-12-22 13:00:00,0.8344014860
2013-12-22 14:00:00,0.9146844577
2013-12-22 15:00:00,0.9748184977
2013-12-22 16:00:00,0.9814640650
2013-12-22 17:00:00,0.9574993233
2013-12-22 18:00:00,0.9062930899
2013-12-22 19:00:00,0.9224052741
2013-12-22 20:00:00,0.9720802182
2013-12-22 21:00:00,0.9705827813
2013-12-22 22:00:00,0.9840499248
2013-12-22 23:00:00,0.9708411990
2013-12-23 00:00:00,0.8647300309
2013-12-23 01:00:00,0.7670821489
2013-12-23 02:00:00,0.7082818162
2013-12-23 03:00:00,0.7133445646
2013-12-23 04:00:00,0.7051701452
2013-12-23 05:00:00,0.6153646559
2013-12-23 06:00:00,0.4667248445
2013-12-23 07:00:00,0.5213760005
2013-12-23 08:00:00,0.5029945592
2013-12-23 09:00:00,0.5259483780
2013-12-23 10:00:00,0.4324480303
2013-12-23 11:00:00,0.4044072612
2013-12-23 12:00:00,0.4431257918
2013-12-23 13:00:00,0.3994295254
2013-12-23 14:00:00,0.4165525997
2013-12-23 15:00:00,0.3923383118
2013-12-23 16:00:00,0.3073327339
2013-12-23 17:00:00,0.2230905957
2013-12-23 18:00:00,0.1664368428
2013-12-23 19:00:00,0.1632297623
2013-12-23 20:00:00,0.1722980387
2013-12-23 21:00:00,0.1701098914
2013-12-23 22:00:00,0.1899712506
2013-12-23 23:00:00,0.1525337439
2013-12-24 00:00:00,0.1339945957
2013-12-24 01:00:00,0.1185987510
2013-12-24 02:00:00,0.0947665701
2013-12-24 03:00:00,0.0851036521
2013-12-24 04:00:00,0.0977951873
2013-12-24 05:00:00,0.1308774831
2013-12-24 06:00:00,0.1467104402
2013-12-24 07:00:00,0.1167127899
2013-12-24 08:00:00,0.2980594900
2013-12-24 09:00:00,0.3522646271
2013-12-24 10:00:00,0.3472449250
2013-12-24 11:00:00,0.3052725745
2013-12-24 12:00:00,0.1883094389
2013-12-24 13:00:00,0.1655266799
2013-12-24 14:00:00,0.1942872596
2013-12-24 15:00:00,0.2328822815
2013-12-24 16:00:00,0.2374934184
2013-12-24 17:00:00,0.2414620717
2013-12-24 18:00:00,0.2347470234
2013-12-24 19:00:00,0.2392595079
2013-12-24 20:00:00,0.2261485804
2013-12-24 21:00:00,0.2114322731
2013-12-24 22:00:00,0.2364058744
2013-12-24 23:00:00,0.2397833244
2013-12-25 00:00:00,0.2439838048
2013-12-25 01:00:00,0.2664304621
2013-12-25 02:00:00,0.2379702182
2013-12-25 03:00:00,0.1675847231
2013-12-25 04:00:00,0.1358118011
2013-12-25 05:00:00,0.1204869210
2013-12-25 06:00:00,0.0828716100
2013-12-25 07:00:00,0.0706663786
2013-12-25 08:00:00,0.0829598950
2013-12-25 09:00:00,0.1191041984
2013-12-25 10:00:00,0.1507698321
2013-12-25 11:00:00,0.1845223982
2013-12-25 12:00:00,0.2144086595
2013-12-25 13:00:00,0.2146692058
2013-12-25 14:00:00,0.1918195307
2013-12-25 15:00:00,0.1518316362
2013-12-25 16:00:00,0.1129940561
2013-12-25 17:00:00,0.0898060378
2013-12-25 18:00:00,0.0802176840
2013-12-25 19:00:00,0.0759831597
2013-12-25 20:00:00,0.0824793881
2013-12-25 21:00:00,0.0913464789
2013-12-25 22:00:00,0.1155878048
2013-12-25 23:00:00,0.0995416384
2013-12-26 00:00:00,0.0779055147
2013-12-26 01:00:00,0.0657215539
2013-12-26 02:00:00,0.0543526107
2013-12-26 03:00:00,0.0163355248
2013-12-26 04:00:00,0.0000000000
2013-12-26 05:00:00,0.0000000000
2013-12-26 06:00:00,0.0000000000
2013-12-26 07:00:00,0.0000000000
2013-12-26 08:00:00,0.0000000000
2013-12-26 09:00:00,0.0000000000
2013-12-26 10:00:00,0.0000000000
2013-12-26 11:00:00,0.0000000000
2013-12-26 12:00:00,0.0000000000
2013-12-26 13:00:00,0.0238024557
2013-12-26 14:00:00,0.0125787071
2013-12-26 15:00:00,0.0000000000
2013-12-26 16:00:00,0.0000000000
2013-12-26 17:00:00,0.0000000000
2013-12-26 18:00:00,0.0000000000
2013-12-26 19:00:00,0.0000000000
2013-12-26 20:00:00,0.0000000000
2013-12-26 21:00:00,0.0000000000
2013-12-26 22:00:00,0.0000000000
2013-12-26 23:00:00,0.0000000000
2013-12-27 00:00:00,0.0000000000
2013-12-27 01:00:00,0.0262025996
2013-12-27 02:00:00,0.0416842376
2013-12-27 03:00:00,0.0314262315
2013-12-27 04:00:00,0.0141494481
2013-12-27 05:00:00,0.0165163656
2013-12-27 06:00:00,0.0284463393
2013-12-27 07:00:00,0.0201180445
2013-12-27 08:00:00,0.0199352604
2013-12-27 09:00:00,0.0275683115
2013-12-27 10:00:00,0.0493805782
2013-12-27 11:00:00,0.0879571952
2013-12-27 12:00:00,0.1130717525
2013-12-27 13:00:00,0.1376126327
2013-12-27 14:00:00,0.1452256885
2013-12-27 15:00:00,0.1462019425
2013-12-27 16:00:00,0.1762842197
2013-12-27 17:00:00,0.2249066035
2013-12-27 18:00:00,0.2515605509
2013-12-27 19:00:00,0.2589318207
2013-12-27 20:00:00,0.2614001417
2013-12-27 21:00:00,0.2566258081
2013-12-27 22:00:00,0.2325921869
2013-12-27 23:00:00,0.2107025065
2013-12-28 00:00:00,0.2320759499
2013-12-28 01:00:00,0.2760503650
2013-12-28 02:00:00,0.3050768048
2013-12-28 03:00:00,0.3230046369
2013-12-28 04:00:00,0.3395690388
2013-12-28 05:00:00,0.3502972625
2013-12-28 06:00:00,0.2585333033
2013-12-28 07:00:00,0.3437419436
2013-12-28 08:00:00,0.3102069524
2013-12-28 09:00:00,0.2507631607
2013-12-28 10:00:00,0.2093214926
2013-12-28 11:00:00,0.2027968799
2013-12-28 12:00:00,0.2220102759
2013-12-28 13:00:00,0.3065933059
2013-12-28 14:00:00,0.4125278588
2013-12-28 15:00:00,0.4913103113
2013-12-28 16:00:00,0.5992841876
2013-12-28 17:00:00,0.6713825581
2013-12-28 18:00:00,0.6920274192
2013-12-28 19:00:00,0.6540040876
2013-12-28 20:00:00,0.6172425295
2013-12-28 21:00:00,0.5959556617
2013-12-28 22:00:00,0.5008839003
2013-12-28 23:00:00,0.4841285515
2013-12-29 00:00:00,0.5125894734
2013-12-29 01:00:00,0.5719045798
2013-12-29 02:00:00,0.6280717974
2013-12-29 03:00:00,0.6783205949
2013-12-29 04:00:00,0.7222713770
2013-12-29 05:00:00,0.6992474070
2013-12-29 06:00:00,0.5360538430
2013-12-29 07:00:00,0.4837185339
2013-12-29 08:00:00,0.4287135383
2013-12-29 09:00:00,0.4349400841
2013-12-29 10:00:00,0.4858193366
2013-12-29 11:00:00,0.5163991607
2013-12-29 12:00:00,0.5817751090
2013-12-29 13:00:00,0.7955986659
2013-12-29 14:00:00,0.8908042035
2013-12-29 15:00:00,0.9072940614
2013-12-29 16:00:00,0.9085719227
2013-12-29 17:00:00,0.9059107974
2013-12-29 18:00:00,0.8988215690
2013-12-29 19:00:00,0.8859727274
2013-12-29 20:00:00,0.8708525140
2013-12-29 21:00:00,0.8613056233
2013-12-29 22:00:00,0.8813862832
2013-12-29 23:00:00,0.9084433076
2013-12-30 00:00:00,0.9259548624
2013-12-30 01:00:00,0.9421494740
2013-12-30 02:00:00,0.9556831971
2013-12-30 03:00:00,0.9676177237
2013-12-30 04:00:00,0.9748505019
2013-12-30 05:00:00,0.9784266123
2013-12-30 06:00:00,0.9439146752
2013-12-30 07:00:00,0.8807730519
2013-12-30 08:00:00,0.8607801487
2013-12-30 09:00:00,0.8663511027
2013-12-30 10:00:00,0.8958800010
2013-12-30 11:00:00,0.9124075198
2013-12-30 12:00:00,0.9586676367
2013-12-30 13:00:00,0.9940522013
2013-12-30 14:00:00,0.9979512395
2013-12-30 15:00:00,0.9985635234
2013-12-30 16:00:00,0.9984806628
2013-12-30 17:00:00,0.9977763993
2013-12-30 18:00:00,0.9971110992
2013-12-30 19:00:00,0.9967698708
2013-12-30 20:00:00,0.9929375524
2013-12-30 21:00:00,0.9900678342
2013-12-30 22:00:00,0.9814049372
2013-12-30 23:00:00,0.9825154348
2013-12-31 00:00:00,0.9815783376
2013-12-31 01:00:00,0.9828335413
2013-12-31 02:00:00,0.9852907393
2013-12-31 03:00:00,0.9877255820
2013-12-31 04:00:00,0.9885917146
2013-12-31 05:00:00,0.9830716794
2013-12-31 06:00:00,0.9520614848
2013-12-31 07:00:00,0.8714141098
2013-12-31 08:00:00,0.8535293816
2013-12-31 09:00:00,0.8399827808
2013-12-31 10:00:00,0.7857584579
2013-12-31 11:00:00,0.7036247160
2013-12-31 12:00:00,0.6715802772
2013-12-31 13:00:00,0.8371897772
2013-12-31 14:00:00,0.9313064837
2013-12-31 15:00:00,0.9693348143
2013-12-31 16:00:00,0.9721572695
2013-12-31 17:00:00,0.9644829121
2013-12-31 18:00:00,0.9109514212
2013-12-31 19:00:00,0.8512209412
2013-12-31 20:00:00,0.7321541917
2013-12-31 21:00:00,0.5912494192
2013-12-31 22:00:00,0.4763570331
2013-12-31 23:00:00,0.4354652127
