snapshot,solar_mw,wind_mw,load_shedding_mw,electricity_demand_mw,hydrogen_demand_mw,electrolyzer_input_mw,hydrogen_output_mw,mining_mw
2030-01-01 00:00:00,-0.0,13496.56045135948,-0.0,13262.90322580645,20.0,33.657225553029114,23.56005788712038,200.0
2030-01-01 01:00:00,-0.0,13496.56045135948,-0.0,13262.90322580645,20.0,33.657225553029114,23.56005788712038,200.0
2030-01-01 02:00:00,-0.0,13496.56045135948,-0.0,13262.90322580645,20.0,33.657225553029114,23.56005788712038,200.0
2030-01-01 03:00:00,13496.56045135948,-0.0,-0.0,13262.90322580645,20.0,33.657225553029114,23.56005788712038,200.0
2030-01-01 04:00:00,13496.56045135948,-0.0,-0.0,13262.90322580645,20.0,33.657225553029114,23.56005788712038,200.0
2030-01-01 05:00:00,13496.56045135948,-0.0,-0.0,13262.90322580645,20.0,33.657225553029114,23.56005788712038,200.0
2030-01-01 06:00:00,13496.56045135948,-0.0,-0.0,13262.90322580645,20.0,33.657225553029114,23.56005788712038,200.0
2030-01-01 07:00:00,13496.56045135948,-0.0,-0.0,13262.90322580645,20.0,33.657225553029114,23.56005788712038,200.0
2030-01-01 08:00:00,13496.56045135948,-0.0,-0.0,13262.90322580645,20.0,33.657225553029114,23.56005788712038,200.0
2030-01-01 09:00:00,13496.56045135948,-0.0,-0.0,13262.90322580645,20.0,33.657225553029114,23.56005788712038,200.0
2030-01-01 10:00:00,13496.56045135948,-0.0,-0.0,13262.90322580645,20.0,33.657225553029114,23.56005788712038,200.0
2030-01-01 11:00:00,-0.0,13496.56045135948,-0.0,13262.90322580645,20.0,33.657225553029114,23.56005788712038,200.0
2030-01-01 12:00:00,-0.0,13496.56045135948,-0.0,13262.90322580645,20.0,33.657225553029114,23.56005788712038,200.0
2030-01-01 13:00:00,-0.0,7929.132739149419,5333.770486657032,13262.90322580645,20.0,-0.0,-0.0,0.0
2030-01-01 14:00:00,-0.0,7929.132739149419,5333.770486657032,13262.90322580645,20.0,-0.0,-0.0,0.0
2030-01-01 15:00:00,-0.0,12180.645161290322,1082.2580645161288,13262.90322580645,20.0,-0.0,-0.0,0.0
2030-01-01 16:00:00,-0.0,13496.56045135948,-0.0,13262.90322580645,20.0,33.657225553029114,23.56005788712038,200.0
2030-01-01 17:00:00,-0.0,13496.56045135948,-0.0,13262.90322580645,20.0,33.657225553029114,23.56005788712038,200.0
2030-01-01 18:00:00,-0.0,13496.56045135948,-0.0,13262.90322580645,20.0,33.657225553029114,23.56005788712038,200.0
2030-01-01 19:00:00,-0.0,13496.56045135948,-0.0,13262.90322580645,20.0,33.657225553029114,23.56005788712038,200.0
2030-01-01 20:00:00,-0.0,13496.56045135948,-0.0,13262.90322580645,20.0,33.657225553029114,23.56005788712038,200.0
2030-01-01 21:00:00,-0.0,13496.56045135948,-0.0,13262.90322580645,20.0,33.657225553029114,23.56005788712038,200.0
2030-01-01 22:00:00,-0.0,13496.56045135948,-0.0,13262.90322580645,20.0,33.657225553029114,23.56005788712038,200.0
2030-01-01 23:00:00,-0.0,13496.56045135948,-0.0,13262.90322580645,20.0,33.657225553029114,23.56005788712038,200.0
2030-01-02 00:00:00,-0.0,13496.56045135948,-0.0,13262.90322580645,20.0,33.657225553029114,23.56005788712038,200.0
2030-01-02 01:00:00,-0.0,13496.56045135948,-0.0,13262.90322580645,20.0,33.657225553029114,23.56005788712038,200.0
2030-01-02 02:00:00,-0.0,13496.56045135948,-0.0,13262.90322580645,20.0,33.657225553029114,23.56005788712038,200.0
2030-01-02 03:00:00,13496.56045135948,-0.0,-0.0,13262.90322580645,20.0,33.657225553029114,23.56005788712038,200.0
2030-01-02 04:00:00,13496.56045135948,-0.0,-0.0,13262.90322580645,20.0,33.657225553029114,23.56005788712038,200.0
2030-01-02 05:00:00,13496.56045135948,-0.0,-0.0,13262.90322580645,20.0,33.657225553029114,23.56005788712038,200.0
2030-01-02 06:00:00,13496.56045135948,-0.0,-0.0,13262.90322580645,20.0,33.657225553029114,23.56005788712038,200.0
2030-01-02 07:00:00,13496.56045135948,-0.0,-0.0,13262.90322580645,20.0,33.657225553029114,23.56005788712038,200.0
2030-01-02 08:00:00,13496.56045135948,-0.0,-0.0,13262.90322580645,20.0,33.657225553029114,23.56005788712038,200.0
2030-01-02 09:00:00,13496.56045135948,-0.0,-0.0,13262.90322580645,20.0,33.657225553029114,23.56005788712038,200.0
2030-01-02 10:00:00,12202.279042736624,1294.2814086228573,-0.0,13262.90322580645,20.0,33.657225553029114,23.56005788712038,200.0
2030-01-02 11:00:00,488.7150532668268,10763.474353910022,2010.7138186296022,13262.90322580645,20.0,-0.0,-0.0,0.0
2030-01-02 12:00:00,-0.0,13496.56045135948,-0.0,13262.90322580645,20.0,33.657225553029114,23.56005788712038,200.0
2030-01-02 13:00:00,-0.0,9346.303546529733,3916.5996792767182,13262.90322580645,20.0,-0.0,-0.0,0.0
2030-01-02 14:00:00,-0.0,12180.645161290322,1082.2580645161288,13262.90322580645,20.0,-0.0,-0.0,0.0
2030-01-02 15:00:00,-0.0,13496.56045135948,-0.0,13262.90322580645,20.0,33.657225553029114,23.56005788712038,200.0
2030-01-02 16:00:00,-0.0,13496.56045135948,-0.0,13262.90322580645,20.0,33.657225553029114,23.56005788712038,200.0
2030-01-02 17:00:00,-0.0,13496.56045135948,-0.0,13262.90322580645,20.0,33.657225553029114,23.56005788712038,200.0
2030-01-02 18:00:00,-0.0,13496.56045135948,-0.0,13262.90322580645,20.0,33.657225553029114,23.56005788712038,200.0
2030-01-02 19:00:00,-0.0,13496.56045135948,-0.0,13262.90322580645,20.0,33.657225553029114,23.56005788712038,200.0
2030-01-02 20:00:00,-0.0,13496.56045135948,-0.0,13262.90322580645,20.0,33.657225553029114,23.56005788712038,200.0
2030-01-02 21:00:00,-0.0,13496.56045135948,-0.0,13262.90322580645,20.0,33.657225553029114,23.56005788712038,200.0
2030-01-02 22:00:00,-0.0,13496.56045135948,-0.0,13262.90322580645,20.0,33.657225553029114,23.56005788712038,200.0
2030-01-02 23:00:00,-0.0,13496.56045135948,-0.0,13262.90322580645,20.0,33.657225553029114,23.56005788712038,200.0
2030-01-03 00:00:00,-0.0,13496.56045135948,-0.0,13262.90322580645,20.0,33.657225553029114,23.56005788712038,200.0
2030-01-03 01:00:00,-0.0,13496.56045135948,-0.0,13262.90322580645,20.0,33.657225553029114,23.56005788712038,200.0
2030-01-03 02:00:00,-0.0,13496.56045135948,-0.0,13262.90322580645,20.0,33.657225553029114,23.56005788712038,200.0
2030-01-03 03:00:00,-0.0,13496.56045135948,-0.0,13262.90322580645,20.0,33.657225553029114,23.56005788712038,200.0
2030-01-03 04:00:00,10637.351053020508,2859.209398338973,-0.0,13262.90322580645,20.0,33.657225553029114,23.56005788712038,200.0
2030-01-03 05:00:00,13271.213244350023,225.34720700945763,-0.0,13262.90322580645,20.0,33.657225553029114,23.56005788712038,200.0
2030-01-03 06:00:00,13496.56045135948,-0.0,-0.0,13262.90322580645,20.0,33.657225553029114,23.56005788712038,200.0
2030-01-03 07:00:00,13496.56045135948,-0.0,-0.0,13262.90322580645,20.0,33.657225553029114,23.56005788712038,200.0
2030-01-03 08:00:00,13496.56045135948,-0.0,-0.0,13262.90322580645,20.0,33.657225553029114,23.56005788712038,200.0
2030-01-03 09:00:00,13496.56045135948,-0.0,-0.0,13262.90322580645,20.0,33.657225553029114,23.56005788712038,200.0
2030-01-03 10:00:00,13496.56045135948,-0.0,-0.0,13262.90322580645,20.0,33.657225553029114,23.56005788712038,200.0
2030-01-03 11:00:00,3851.490547447503,9645.069903911977,-0.0,13262.90322580645,20.0,33.657225553029114,23.56005788712038,200.0
2030-01-03 12:00:00,-0.0,13496.56045135948,-0.0,13262.90322580645,20.0,33.657225553029114,23.56005788712038,200.0
2030-01-03 13:00:00,-0.0,-0.0,13262.90322580645,13262.90322580645,20.0,-0.0,-0.0,0.0
2030-01-03 14:00:00,-0.0,-0.0,13262.90322580645,13262.90322580645,20.0,-0.0,-0.0,0.0
2030-01-03 15:00:00,-0.0,-0.0,13262.90322580645,13262.90322580645,20.0,-0.0,-0.0,0.0
2030-01-03 16:00:00,-0.0,-0.0,13262.90322580645,13262.90322580645,20.0,-0.0,-0.0,0.0
2030-01-03 17:00:00,-0.0,-0.0,13262.90322580645,13262.90322580645,20.0,-0.0,-0.0,0.0
2030-01-03 18:00:00,-0.0,-0.0,13262.90322580645,13262.90322580645,20.0,-0.0,-0.0,0.0
2030-01-03 19:00:00,-0.0,-0.0,13262.90322580645,13262.90322580645,20.0,-0.0,-0.0,0.0
2030-01-03 20:00:00,-0.0,-0.0,13262.90322580645,13262.90322580645,20.0,-0.0,-0.0,0.0
2030-01-03 21:00:00,-0.0,-0.0,13262.90322580645,13262.90322580645,20.0,-0.0,-0.0,0.0
2030-01-03 22:00:00,-0.0,-0.0,13262.90322580645,13262.90322580645,20.0,-0.0,-0.0,0.0
2030-01-03 23:00:00,-0.0,-0.0,13262.90322580645,13262.90322580645,20.0,-0.0,-0.0,0.0
2030-01-04 00:00:00,-0.0,-0.0,13262.90322580645,13262.90322580645,20.0,-0.0,-0.0,0.0
2030-01-04 01:00:00,-0.0,-0.0,13262.90322580645,13262.90322580645,20.0,-0.0,-0.0,0.0
2030-01-04 02:00:00,-0.0,-0.0,13262.90322580645,13262.90322580645,20.0,-0.0,-0.0,0.0
2030-01-04 03:00:00,7277.69501662664,3677.6203170085287,2307.587892171283,13262.90322580645,20.0,-0.0,-0.0,0.0
2030-01-04 04:00:00,13496.56045135948,-0.0,-0.0,13262.90322580645,20.0,33.657225553029114,23.56005788712038,200.0
2030-01-04 05:00:00,13496.56045135948,-0.0,-0.0,13262.90322580645,20.0,33.657225553029114,23.56005788712038,200.0
2030-01-04 06:00:00,13496.56045135948,-0.0,-0.0,13262.90322580645,20.0,33.657225553029114,23.56005788712038,200.0
2030-01-04 07:00:00,13496.56045135948,-0.0,-0.0,13262.90322580645,20.0,33.657225553029114,23.56005788712038,200.0
2030-01-04 08:00:00,13496.56045135948,-0.0,-0.0,13262.90322580645,20.0,33.657225553029114,23.56005788712038,200.0
2030-01-04 09:00:00,13496.56045135948,-0.0,-0.0,13262.90322580645,20.0,33.657225553029114,23.56005788712038,200.0
2030-01-04 10:00:00,11458.808270213685,2037.7521811457955,-0.0,13262.90322580645,20.0,33.657225553029114,23.56005788712038,200.0
2030-01-04 11:00:00,573.9802327729541,9346.303546529733,3342.6194465037643,13262.90322580645,20.0,-0.0,-0.0,0.0
2030-01-04 12:00:00,-0.0,3677.6203170085287,9585.282908797923,13262.90322580645,20.0,-0.0,-0.0,0.0
2030-01-04 13:00:00,-0.0,9346.303546529733,3916.5996792767182,13262.90322580645,20.0,-0.0,-0.0,0.0
2030-01-04 14:00:00,-0.0,13496.56045135948,-0.0,13262.90322580645,20.0,33.657225553029114,23.56005788712038,200.0
2030-01-04 15:00:00,-0.0,13496.56045135948,-0.0,13262.90322580645,20.0,33.657225553029114,23.56005788712038,200.0
2030-01-04 16:00:00,-0.0,13496.56045135948,-0.0,13262.90322580645,20.0,33.657225553029114,23.56005788712038,200.0
2030-01-04 17:00:00,-0.0,13496.56045135948,-0.0,13262.90322580645,20.0,33.657225553029114,23.56005788712038,200.0
2030-01-04 18:00:00,-0.0,13496.56045135948,-0.0,13262.90322580645,20.0,33.657225553029114,23.56005788712038,200.0
2030-01-04 19:00:00,-0.0,13496.56045135948,-0.0,13262.90322580645,20.0,33.657225553029114,23.56005788712038,200.0
2030-01-04 20:00:00,-0.0,13496.56045135948,-0.0,13262.90322580645,20.0,33.657225553029114,23.56005788712038,200.0
2030-01-04 21:00:00,-0.0,13496.56045135948,-0.0,13262.90322580645,20.0,33.657225553029114,23.56005788712038,200.0
2030-01-04 22:00:00,-0.0,13496.56045135948,-0.0,13262.90322580645,20.0,33.657225553029114,23.56005788712038,200.0
2030-01-04 23:00:00,-0.0,13496.56045135948,-0.0,13262.90322580645,20.0,33.657225553029114,23.56005788712038,200.0
2030-01-05 00:00:00,-0.0,13496.56045135948,-0.0,13262.90322580645,20.0,33.657225553029114,23.56005788712038,200.0
2030-01-05 01:00:00,-0.0,13496.56045135948,-0.0,13262.90322580645,20.0,33.657225553029114,23.56005788712038,200.0
2030-01-05 02:00:00,-0.0,13496.56045135948,-0.0,13262.90322580645,20.0,33.657225553029114,23.56005788712038,200.0
2030-01-05 03:00:00,9309.501855101917,4187.058596257564,-0.0,13262.90322580645,20.0,33.657225553029114,23.56005788712038,200.0
2030-01-05 04:00:00,13496.56045135948,-0.0,-0.0,13262.90322580645,20.0,33.657225553029114,23.56005788712038,200.0
2030-01-05 05:00:00,13496.56045135948,-0.0,-0.0,13262.90322580645,20.0,33.657225553029114,23.56005788712038,200.0
2030-01-05 06:00:00,13496.56045135948,-0.0,-0.0,13262.90322580645,20.0,33.657225553029114,23.56005788712038,200.0
2030-01-05 07:00:00,13496.56045135948,-0.0,-0.0,13262.90322580645,20.0,33.657225553029114,23.56005788712038,200.0
2030-01-05 08:00:00,13496.56045135948,-0.0,-0.0,13262.90322580645,20.0,33.657225553029114,23.56005788712038,200.0
2030-01-05 09:00:00,13496.56045135948,-0.0,-0.0,13262.90322580645,20.0,33.657225553029114,23.56005788712038,200.0
2030-01-05 10:00:00,13496.56045135948,-0.0,-0.0,13262.90322580645,20.0,33.657225553029114,23.56005788712038,200.0
2030-01-05 11:00:00,5970.642203953446,7525.918247406034,-0.0,13262.90322580645,20.0,33.657225553029114,23.56005788712038,200.0
2030-01-05 12:00:00,-0.0,13496.56045135948,-0.0,13262.90322580645,20.0,33.657225553029114,23.56005788712038,200.0
2030-01-05 13:00:00,-0.0,3677.6203170085287,9585.282908797923,13262.90322580645,20.0,-0.0,-0.0,0.0
2030-01-05 14:00:00,-0.0,2462.9024821111293,10800.000743695322,13262.90322580645,20.0,-0.0,-0.0,0.0
2030-01-05 15:00:00,-0.0,1045.7316747308414,12217.17155107561,13262.90322580645,20.0,-0.0,-0.0,0.0
2030-01-05 16:00:00,-0.0,2462.9024821111293,10800.000743695322,13262.90322580645,20.0,-0.0,-0.0,0.0
2030-01-05 17:00:00,-0.0,2462.9024821111293,10800.000743695322,13262.90322580645,20.0,-0.0,-0.0,0.0
2030-01-05 18:00:00,-0.0,2462.9024821111293,10800.000743695322,13262.90322580645,20.0,-0.0,-0.0,0.0
2030-01-05 19:00:00,-0.0,5094.791124388843,8168.112101417608,13262.90322580645,20.0,-0.0,-0.0,0.0
2030-01-05 20:00:00,-0.0,5094.791124388843,8168.112101417608,13262.90322580645,20.0,-0.0,-0.0,0.0
2030-01-05 21:00:00,-0.0,6511.96193176913,6750.94129403732,13262.90322580645,20.0,-0.0,-0.0,0.0
2030-01-05 22:00:00,-0.0,7929.132739149419,5333.770486657032,13262.90322580645,20.0,-0.0,-0.0,0.0
2030-01-05 23:00:00,-0.0,10763.474353910022,2499.428871896429,13262.90322580645,20.0,-0.0,-0.0,0.0
2030-01-06 00:00:00,-0.0,12180.645161290322,1082.2580645161288,13262.90322580645,20.0,-0.0,-0.0,0.0
2030-01-06 01:00:00,-0.0,13496.56045135948,-0.0,13262.90322580645,20.0,33.657225553029114,23.56005788712038,200.0
2030-01-06 02:00:00,-0.0,12180.645161290322,1082.2580645161288,13262.90322580645,20.0,-0.0,-0.0,0.0
2030-01-06 03:00:00,2368.7082794507055,10763.474353910022,130.72059244572347,13262.90322580645,20.0,-0.0,-0.0,0.0
2030-01-06 04:00:00,8177.138678490056,5319.421772869425,-0.0,13262.90322580645,20.0,33.657225553029114,23.56005788712038,200.0
2030-01-06 05:00:00,11043.920384568017,2452.640066791464,-0.0,13262.90322580645,20.0,33.657225553029114,23.56005788712038,200.0
2030-01-06 06:00:00,13496.56045135948,-0.0,-0.0,13262.90322580645,20.0,33.657225553029114,23.56005788712038,200.0
2030-01-06 07:00:00,13496.56045135948,-0.0,-0.0,13262.90322580645,20.0,33.657225553029114,23.56005788712038,200.0
2030-01-06 08:00:00,13496.56045135948,-0.0,-0.0,13262.90322580645,20.0,33.657225553029114,23.56005788712038,200.0
2030-01-06 09:00:00,9497.70914157276,-0.0,3765.1940842336917,13262.90322580645,20.0,-0.0,-0.0,0.0
2030-01-06 10:00:00,2644.2603839522144,-0.0,10618.642841854236,13262.90322580645,20.0,-0.0,-0.0,0.0
2030-01-06 11:00:00,444.0028249892131,-0.0,12818.900400817238,13262.90322580645,20.0,-0.0,-0.0,0.0
2030-01-06 12:00:00,-0.0,1045.7316747308414,12217.17155107561,13262.90322580645,20.0,-0.0,-0.0,0.0
2030-01-06 13:00:00,-0.0,9346.303546529733,3916.5996792767182,13262.90322580645,20.0,-0.0,-0.0,0.0
2030-01-06 14:00:00,-0.0,13496.56045135948,-0.0,13262.90322580645,20.0,33.657225553029114,23.56005788712038,200.0
2030-01-06 15:00:00,-0.0,12180.645161290322,1082.2580645161288,13262.90322580645,20.0,-0.0,-0.0,0.0
2030-01-06 16:00:00,-0.0,6511.96193176913,6750.94129403732,13262.90322580645,20.0,-0.0,-0.0,0.0
2030-01-06 17:00:00,-0.0,-0.0,13262.90322580645,13262.90322580645,20.0,-0.0,-0.0,0.0
2030-01-06 18:00:00,-0.0,-0.0,13262.90322580645,13262.90322580645,20.0,-0.0,-0.0,0.0
2030-01-06 19:00:00,-0.0,-0.0,13262.90322580645,13262.90322580645,20.0,-0.0,-0.0,0.0
2030-01-06 20:00:00,-0.0,-0.0,13262.90322580645,13262.90322580645,20.0,-0.0,-0.0,0.0
2030-01-06 21:00:00,-0.0,-0.0,13262.90322580645,13262.90322580645,20.0,-0.0,-0.0,0.0
2030-01-06 22:00:00,-0.0,2462.9024821111293,10800.000743695322,13262.90322580645,20.0,-0.0,-0.0,0.0
2030-01-06 23:00:00,-0.0,5094.791124388843,8168.112101417608,13262.90322580645,20.0,-0.0,-0.0,0.0
2030-01-07 00:00:00,-0.0,7929.132739149419,5333.770486657032,13262.90322580645,20.0,-0.0,-0.0,0.0
2030-01-07 01:00:00,-0.0,10763.474353910022,2499.428871896429,13262.90322580645,20.0,-0.0,-0.0,0.0
2030-01-07 02:00:00,-0.0,13496.56045135948,-0.0,13262.90322580645,20.0,33.657225553029114,23.56005788712038,200.0
2030-01-07 03:00:00,1437.030220456925,12059.530230902556,-0.0,13262.90322580645,20.0,33.657225553029114,23.56005788712038,200.0
2030-01-07 04:00:00,7317.208148592895,6179.352302766586,-0.0,13262.90322580645,20.0,33.657225553029114,23.56005788712038,200.0
2030-01-07 05:00:00,12551.65831485929,944.90213650019,-0.0,13262.90322580645,20.0,33.657225553029114,23.56005788712038,200.0
2030-01-07 06:00:00,13496.56045135948,-0.0,-0.0,13262.90322580645,20.0,33.657225553029114,23.56005788712038,200.0
2030-01-07 07:00:00,13496.56045135948,-0.0,-0.0,13262.90322580645,20.0,33.657225553029114,23.56005788712038,200.0
2030-01-07 08:00:00,13496.56045135948,-0.0,-0.0,13262.90322580645,20.0,33.657225553029114,23.56005788712038,200.0
2030-01-07 09:00:00,-0.0,13496.56045135948,-0.0,13262.90322580645,20.0,33.657225553029114,23.56005788712038,200.0
2030-01-07 10:00:00,-0.0,13496.56045135948,-0.0,13262.90322580645,20.0,33.657225553029114,23.56005788712038,200.0
2030-01-07 11:00:00,-0.0,13496.56045135948,-0.0,13262.90322580645,20.0,33.657225553029114,23.56005788712038,200.0
2030-01-07 12:00:00,-0.0,13496.56045135948,-0.0,13262.90322580645,20.0,33.657225553029114,23.56005788712038,200.0
2030-01-07 13:00:00,-0.0,13496.56045135948,-0.0,13262.90322580645,20.0,33.657225553029114,23.56005788712038,200.0
2030-01-07 14:00:00,-0.0,13496.56045135948,-0.0,13262.90322580645,20.0,33.657225553029114,23.56005788712038,200.0
2030-01-07 15:00:00,-0.0,13496.56045135948,-0.0,13262.90322580645,20.0,33.657225553029114,23.56005788712038,200.0
2030-01-07 16:00:00,-0.0,13496.56045135948,-0.0,13262.90322580645,20.0,33.657225553029114,23.56005788712038,200.0
2030-01-07 17:00:00,-0.0,13496.56045135948,-0.0,13262.90322580645,20.0,33.657225553029114,23.56005788712038,200.0
2030-01-07 18:00:00,-0.0,13496.56045135948,-0.0,13262.90322580645,20.0,33.657225553029114,23.56005788712038,200.0
2030-01-07 19:00:00,-0.0,13496.56045135948,-0.0,13262.90322580645,20.0,33.657225553029114,23.56005788712038,200.0
2030-01-07 20:00:00,-0.0,13496.56045135948,-0.0,13262.90322580645,20.0,33.657225553029114,23.56005788712038,200.0
2030-01-07 21:00:00,-0.0,13496.56045135948,-0.0,13262.90322580645,20.0,33.657225553029114,23.56005788712038,200.0
2030-01-07 22:00:00,-0.0,13496.56045135948,-0.0,13262.90322580645,20.0,33.657225553029114,23.56005788712038,200.0
2030-01-07 23:00:00,-0.0,13496.56045135948,-0.0,13262.90322580645,20.0,33.657225553029114,23.56005788712038,200.0
2030-01-08 00:00:00,-0.0,13496.56045135948,-0.0,13262.90322580645,20.0,33.657225553029114,23.56005788712038,200.0
2030-01-08 01:00:00,-0.0,13496.56045135948,-0.0,13262.90322580645,20.0,33.657225553029114,23.56005788712038,200.0
2030-01-08 02:00:00,-0.0,13496.56045135948,-0.0,13262.90322580645,20.0,33.657225553029114,23.56005788712038,200.0
2030-01-08 03:00:00,-0.0,13496.56045135948,-0.0,13262.90322580645,20.0,33.657225553029114,23.56005788712038,200.0
2030-01-08 04:00:00,-0.0,13496.56045135948,-0.0,13262.90322580645,20.0,33.657225553029114,23.56005788712038,200.0
2030-01-08 05:00:00,8757.35782683663,4739.202624522852,-0.0,13262.90322580645,20.0,33.657225553029114,23.56005788712038,200.0
2030-01-08 06:00:00,13496.56045135948,-0.0,-0.0,13262.90322580645,20.0,33.657225553029114,23.56005788712038,200.0
2030-01-08 07:00:00,13496.56045135948,-0.0,-0.0,13262.90322580645,20.0,33.657225553029114,23.56005788712038,200.0
2030-01-08 08:00:00,13496.56045135948,-0.0,-0.0,13262.90322580645,20.0,33.657225553029114,23.56005788712038,200.0
2030-01-08 09:00:00,13496.56045135948,-0.0,-0.0,13262.90322580645,20.0,33.657225553029114,23.56005788712038,200.0
2030-01-08 10:00:00,8558.752347743088,4937.808103616393,-0.0,13262.90322580645,20.0,33.657225553029114,23.56005788712038,200.0
2030-01-08 11:00:00,-0.0,13496.56045135948,-0.0,13262.90322580645,20.0,33.657225553029114,23.56005788712038,200.0
2030-01-08 12:00:00,-0.0,13496.56045135948,-0.0,13262.90322580645,20.0,33.657225553029114,23.56005788712038,200.0
2030-01-08 13:00:00,-0.0,13496.56045135948,-0.0,13262.90322580645,20.0,33.657225553029114,23.56005788712038,200.0
2030-01-08 14:00:00,-0.0,13496.56045135948,-0.0,13262.90322580645,20.0,33.657225553029114,23.56005788712038,200.0
2030-01-08 15:00:00,-0.0,13496.56045135948,-0.0,13262.90322580645,20.0,33.657225553029114,23.56005788712038,200.0
2030-01-08 16:00:00,-0.0,13496.56045135948,-0.0,13262.90322580645,20.0,33.657225553029114,23.56005788712038,200.0
2030-01-08 17:00:00,-0.0,13496.56045135948,-0.0,13262.90322580645,20.0,33.657225553029114,23.56005788712038,200.0
2030-01-08 18:00:00,-0.0,13496.56045135948,-0.0,13262.90322580645,20.0,33.657225553029114,23.56005788712038,200.0
2030-01-08 19:00:00,-0.0,13496.56045135948,-0.0,13262.90322580645,20.0,33.657225553029114,23.56005788712038,200.0
2030-01-08 20:00:00,-0.0,13496.56045135948,-0.0,13262.90322580645,20.0,33.657225553029114,23.56005788712038,200.0
2030-01-08 21:00:00,-0.0,13496.56045135948,-0.0,13262.90322580645,20.0,33.657225553029114,23.56005788712038,200.0
2030-01-08 22:00:00,-0.0,13496.56045135948,-0.0,13262.90322580645,20.0,33.657225553029114,23.56005788712038,200.0
2030-01-08 23:00:00,-0.0,13496.56045135948,-0.0,13262.90322580645,20.0,33.657225553029114,23.56005788712038,200.0
2030-01-09 00:00:00,-0.0,13496.56045135948,-0.0,13262.90322580645,20.0,33.657225553029114,23.56005788712038,200.0
2030-01-09 01:00:00,-0.0,13496.56045135948,-0.0,13262.90322580645,20.0,33.657225553029114,23.56005788712038,200.0
2030-01-09 02:00:00,-0.0,13496.56045135948,-0.0,13262.90322580645,20.0,33.657225553029114,23.56005788712038,200.0
2030-01-09 03:00:00,13496.56045135948,-0.0,-0.0,13262.90322580645,20.0,33.657225553029114,23.56005788712038,200.0
2030-01-09 04:00:00,13496.56045135948,-0.0,-0.0,13262.90322580645,20.0,33.657225553029114,23.56005788712038,200.0
2030-01-09 05:00:00,13496.56045135948,-0.0,-0.0,13262.90322580645,20.0,33.657225553029114,23.56005788712038,200.0
2030-01-09 06:00:00,13496.56045135948,-0.0,-0.0,13262.90322580645,20.0,33.657225553029114,23.56005788712038,200.0
2030-01-09 07:00:00,13496.56045135948,-0.0,-0.0,13262.90322580645,20.0,33.657225553029114,23.56005788712038,200.0
2030-01-09 08:00:00,13496.56045135948,-0.0,-0.0,13262.90322580645,20.0,33.657225553029114,23.56005788712038,200.0
2030-01-09 09:00:00,13496.56045135948,-0.0,-0.0,13262.90322580645,20.0,33.657225553029114,23.56005788712038,200.0
2030-01-09 10:00:00,13496.56045135948,-0.0,-0.0,13262.90322580645,20.0,33.657225553029114,23.56005788712038,200.0
2030-01-09 11:00:00,9383.329022723075,4113.231428636405,-0.0,13262.90322580645,20.0,33.657225553029114,23.56005788712038,200.0
2030-01-09 12:00:00,-0.0,13496.56045135948,-0.0,13262.90322580645,20.0,33.657225553029114,23.56005788712038,200.0
2030-01-09 13:00:00,-0.0,13496.56045135948,-0.0,13262.90322580645,20.0,33.657225553029114,23.56005788712038,200.0
2030-01-09 14:00:00,-0.0,13496.56045135948,-0.0,13262.90322580645,20.0,33.657225553029114,23.56005788712038,200.0
2030-01-09 15:00:00,-0.0,13496.56045135948,-0.0,13262.90322580645,20.0,33.657225553029114,23.56005788712038,200.0
2030-01-09 16:00:00,-0.0,9346.303546529733,3916.5996792767182,13262.90322580645,20.0,-0.0,-0.0,0.0
2030-01-09 17:00:00,-0.0,1045.7316747308414,12217.17155107561,13262.90322580645,20.0,-0.0,-0.0,0.0
2030-01-09 18:00:00,-0.0,-0.0,13262.90322580645,13262.90322580645,20.0,-0.0,-0.0,0.0
2030-01-09 19:00:00,-0.0,-0.0,13262.90322580645,13262.90322580645,20.0,-0.0,-0.0,0.0
2030-01-09 20:00:00,-0.0,-0.0,13262.90322580645,13262.90322580645,20.0,-0.0,-0.0,0.0
2030-01-09 21:00:00,-0.0,-0.0,13262.90322580645,13262.90322580645,20.0,-0.0,-0.0,0.0
2030-01-09 22:00:00,-0.0,-0.0,13262.90322580645,13262.90322580645,20.0,-0.0,-0.0,0.0
2030-01-09 23:00:00,-0.0,-0.0,13262.90322580645,13262.90322580645,20.0,-0.0,-0.0,0.0
2030-01-10 00:00:00,-0.0,-0.0,13262.90322580645,13262.90322580645,20.0,-0.0,-0.0,0.0
2030-01-10 01:00:00,-0.0,-0.0,13262.90322580645,13262.90322580645,20.0,-0.0,-0.0,0.0
2030-01-10 02:00:00,-0.0,2462.9024821111293,10800.000743695322,13262.90322580645,20.0,-0.0,-0.0,0.0
2030-01-10 03:00:00,2586.030505265103,10763.474353910022,-0.0,13262.90322580645,20.0,33.657225553029114,23.56005788712038,52.9444078156439
2030-01-10 04:00:00,11773.873506681448,1722.686944678033,-0.0,13262.90322580645,20.0,33.657225553029114,23.56005788712038,200.0
2030-01-10 05:00:00,13496.56045135948,-0.0,-0.0,13262.90322580645,20.0,33.657225553029114,23.56005788712038,200.0
2030-01-10 06:00:00,13496.56045135948,-0.0,-0.0,13262.90322580645,20.0,33.657225553029114,23.56005788712038,200.0
2030-01-10 07:00:00,13496.56045135948,-0.0,-0.0,13262.90322580645,20.0,33.657225553029114,23.56005788712038,200.0
2030-01-10 08:00:00,13496.56045135948,-0.0,-0.0,13262.90322580645,20.0,33.657225553029114,23.56005788712038,200.0
2030-01-10 09:00:00,13496.56045135948,-0.0,-0.0,13262.90322580645,20.0,33.657225553029114,23.56005788712038,200.0
2030-01-10 10:00:00,13307.60691852947,188.95353283001168,-0.0,13262.90322580645,20.0,33.657225553029114,23.56005788712038,200.0
2030-01-10 11:00:00,-0.0,13496.56045135948,-0.0,13262.90322580645,20.0,33.657225553029114,23.56005788712038,200.0
2030-01-10 12:00:00,-0.0,13496.56045135948,-0.0,13262.90322580645,20.0,33.657225553029114,23.56005788712038,200.0
2030-01-10 13:00:00,-0.0,13496.56045135948,-0.0,13262.90322580645,20.0,33.657225553029114,23.56005788712038,200.0
2030-01-10 14:00:00,-0.0,13496.56045135948,-0.0,13262.90322580645,20.0,33.657225553029114,23.56005788712038,200.0
2030-01-10 15:00:00,-0.0,13496.56045135948,-0.0,13262.90322580645,20.0,33.657225553029114,23.56005788712038,200.0
2030-01-10 16:00:00,-0.0,13496.56045135948,-0.0,13262.90322580645,20.0,33.657225553029114,23.56005788712038,200.0
2030-01-10 17:00:00,-0.0,13496.56045135948,-0.0,13262.90322580645,20.0,33.657225553029114,23.56005788712038,200.0
2030-01-10 18:00:00,-0.0,13496.56045135948,-0.0,13262.90322580645,20.0,33.657225553029114,23.56005788712038,200.0
2030-01-10 19:00:00,-0.0,13496.56045135948,-0.0,13262.90322580645,20.0,33.657225553029114,23.56005788712038,200.0
2030-01-10 20:00:00,-0.0,13496.56045135948,-0.0,13262.90322580645,20.0,33.657225553029114,23.56005788712038,200.0
2030-01-10 21:00:00,-0.0,13496.56045135948,-0.0,13262.90322580645,20.0,33.657225553029114,23.56005788712038,200.0
2030-01-10 22:00:00,-0.0,13496.56045135948,-0.0,13262.90322580645,20.0,33.657225553029114,23.56005788712038,200.0
2030-01-10 23:00:00,-0.0,13496.56045135948,-0.0,13262.90322580645,20.0,33.657225553029114,23.56005788712038,200.0
2030-01-11 00:00:00,-0.0,13496.56045135948,-0.0,13262.90322580645,20.0,33.657225553029114,23.56005788712038,200.0
2030-01-11 01:00:00,-0.0,13496.56045135948,-0.0,13262.90322580645,20.0,33.657225553029114,23.56005788712038,200.0
2030-01-11 02:00:00,-0.0,13496.56045135948,-0.0,13262.90322580645,20.0,33.657225553029114,23.56005788712038,200.0
2030-01-11 03:00:00,6851.369119096004,6645.191332263476,-0.0,13262.90322580645,20.0,33.657225553029114,23.56005788712038,200.0
2030-01-11 04:00:00,13496.56045135948,-0.0,-0.0,13262.90322580645,20.0,33.657225553029114,23.56005788712038,200.0
2030-01-11 05:00:00,13496.56045135948,-0.0,-0.0,13262.90322580645,20.0,33.657225553029114,23.56005788712038,200.0
2030-01-11 06:00:00,13496.56045135948,-0.0,-0.0,13262.90322580645,20.0,33.657225553029114,23.56005788712038,200.0
2030-01-11 07:00:00,11956.88169684094,1539.6787545185416,-0.0,13262.90322580645,20.0,33.657225553029114,23.56005788712038,200.0
2030-01-11 08:00:00,9337.57697518319,4158.98347617629,-0.0,13262.90322580645,20.0,33.657225553029114,23.56005788712038,200.0
2030-01-11 09:00:00,6396.968101484083,7099.592349875398,-0.0,13262.90322580645,20.0,33.657225553029114,23.56005788712038,200.0
2030-01-11 10:00:00,-0.0,13496.56045135948,-0.0,13262.90322580645,20.0,33.657225553029114,23.56005788712038,200.0
2030-01-11 11:00:00,-0.0,13496.56045135948,-0.0,13262.90322580645,20.0,33.657225553029114,23.56005788712038,200.0
2030-01-11 12:00:00,-0.0,13496.56045135948,-0.0,13262.90322580645,20.0,33.657225553029114,23.56005788712038,200.0
2030-01-11 13:00:00,-0.0,13496.56045135948,-0.0,13262.90322580645,20.0,33.657225553029114,23.56005788712038,200.0
2030-01-11 14:00:00,-0.0,5094.791124388843,8168.112101417608,13262.90322580645,20.0,-0.0,-0.0,0.0
2030-01-11 15:00:00,-0.0,2462.9024821111293,10800.000743695322,13262.90322580645,20.0,-0.0,-0.0,0.0
2030-01-11 16:00:00,-0.0,-0.0,13262.90322580645,13262.90322580645,20.0,-0.0,-0.0,0.0
2030-01-11 17:00:00,-0.0,-0.0,13262.90322580645,13262.90322580645,20.0,-0.0,-0.0,0.0
2030-01-11 18:00:00,-0.0,-0.0,13262.90322580645,13262.90322580645,20.0,-0.0,-0.0,0.0
2030-01-11 19:00:00,-0.0,-0.0,13262.90322580645,13262.90322580645,20.0,-0.0,-0.0,0.0
2030-01-11 20:00:00,-0.0,-0.0,13262.90322580645,13262.90322580645,20.0,-0.0,-0.0,0.0
2030-01-11 21:00:00,-0.0,-0.0,13262.90322580645,13262.90322580645,20.0,-0.0,-0.0,0.0
2030-01-11 22:00:00,-0.0,-0.0,13262.90322580645,13262.90322580645,20.0,-0.0,-0.0,0.0
2030-01-11 23:00:00,-0.0,-0.0,13262.90322580645,13262.90322580645,20.0,-0.0,-0.0,0.0
2030-01-12 00:00:00,-0.0,-0.0,13262.90322580645,13262.90322580645,20.0,-0.0,-0.0,0.0
2030-01-12 01:00:00,-0.0,-0.0,13262.90322580645,13262.90322580645,20.0,-0.0,-0.0,0.0
2030-01-12 02:00:00,-0.0,3677.6203170085287,9585.282908797923,13262.90322580645,20.0,-0.0,-0.0,0.0
2030-01-12 03:00:00,1920.5461774124026,11576.014273947078,-0.0,13262.90322580645,20.0,33.657225553029114,23.56005788712038,200.0
2030-01-12 04:00:00,10324.365455077284,3172.1949962821964,-0.0,13262.90322580645,20.0,33.657225553029114,23.56005788712038,200.0
2030-01-12 05:00:00,13496.56045135948,-0.0,-0.0,13262.90322580645,20.0,33.657225553029114,23.56005788712038,200.0
2030-01-12 06:00:00,13496.56045135948,-0.0,-0.0,13262.90322580645,20.0,33.657225553029114,23.56005788712038,200.0
2030-01-12 07:00:00,13496.56045135948,-0.0,-0.0,13262.90322580645,20.0,33.657225553029114,23.56005788712038,200.0
2030-01-12 08:00:00,13496.56045135948,-0.0,-0.0,13262.90322580645,20.0,33.657225553029114,23.56005788712038,200.0
2030-01-12 09:00:00,8332.071748568253,5164.488702791228,-0.0,13262.90322580645,20.0,33.657225553029114,23.56005788712038,200.0
2030-01-12 10:00:00,-0.0,13496.56045135948,-0.0,13262.90322580645,20.0,33.657225553029114,23.56005788712038,200.0
2030-01-12 11:00:00,-0.0,13496.56045135948,-0.0,13262.90322580645,20.0,33.657225553029114,23.56005788712038,200.0
2030-01-12 12:00:00,-0.0,13496.56045135948,-0.0,13262.90322580645,20.0,33.657225553029114,23.56005788712038,200.0
2030-01-12 13:00:00,-0.0,13496.56045135948,-0.0,13262.90322580645,20.0,33.657225553029114,23.56005788712038,200.0
2030-01-12 14:00:00,-0.0,13496.56045135948,-0.0,13262.90322580645,20.0,33.657225553029114,23.56005788712038,200.0
2030-01-12 15:00:00,-0.0,13496.56045135948,-0.0,13262.90322580645,20.0,33.657225553029114,23.56005788712038,200.0
2030-01-12 16:00:00,-0.0,13496.56045135948,-0.0,13262.90322580645,20.0,33.657225553029114,23.56005788712038,200.0
2030-01-12 17:00:00,-0.0,13496.56045135948,-0.0,13262.90322580645,20.0,33.657225553029114,23.56005788712038,200.0
2030-01-12 18:00:00,-0.0,13496.56045135948,-0.0,13262.90322580645,20.0,33.657225553029114,23.56005788712038,200.0
2030-01-12 19:00:00,-0.0,13496.56045135948,-0.0,13262.90322580645,20.0,33.657225553029114,23.56005788712038,200.0
2030-01-12 20:00:00,-0.0,13496.56045135948,-0.0,13262.90322580645,20.0,33.657225553029114,23.56005788712038,200.0
2030-01-12 21:00:00,-0.0,13496.56045135948,-0.0,13262.90322580645,20.0,33.657225553029114,23.56005788712038,200.0
2030-01-12 22:00:00,-0.0,13496.56045135948,-0.0,13262.90322580645,20.0,33.657225553029114,23.56005788712038,200.0
2030-01-12 23:00:00,-0.0,13496.56045135948,-0.0,13262.90322580645,20.0,33.657225553029114,23.56005788712038,200.0
2030-01-13 00:00:00,-0.0,13496.56045135948,-0.0,13262.90322580645,20.0,33.657225553029114,23.56005788712038,200.0
2030-01-13 01:00:00,-0.0,13496.56045135948,-0.0,13262.90322580645,20.0,33.657225553029114,23.56005788712038,200.0
2030-01-13 02:00:00,-0.0,13496.56045135948,-0.0,13262.90322580645,20.0,33.657225553029114,23.56005788712038,200.0
2030-01-13 03:00:00,1678.268289303529,2462.9024821111293,9121.732454391793,13262.90322580645,20.0,-0.0,-0.0,0.0
2030-01-13 04:00:00,8351.82831455138,3677.6203170085287,1233.454594246543,13262.90322580645,20.0,-0.0,-0.0,0.0
2030-01-13 05:00:00,13496.56045135948,-0.0,-0.0,13262.90322580645,20.0,33.657225553029114,23.56005788712038,200.0
2030-01-13 06:00:00,13496.56045135948,-0.0,-0.0,13262.90322580645,20.0,33.657225553029114,23.56005788712038,200.0
2030-01-13 07:00:00,13496.56045135948,-0.0,-0.0,13262.90322580645,20.0,33.657225553029114,23.56005788712038,200.0
2030-01-13 08:00:00,13021.656621405262,474.90382995421896,-0.0,13262.90322580645,20.0,33.657225553029114,23.56005788712038,200.0
2030-01-13 09:00:00,13496.56045135948,-0.0,-0.0,13262.90322580645,20.0,33.657225553029114,23.56005788712038,200.0
2030-01-13 10:00:00,6639.245989592957,6857.314461766524,-0.0,13262.90322580645,20.0,33.657225553029114,23.56005788712038,200.0
2030-01-13 11:00:00,-0.0,13496.56045135948,-0.0,13262.90322580645,20.0,33.657225553029114,23.56005788712038,200.0
2030-01-13 12:00:00,-0.0,13496.56045135948,-0.0,13262.90322580645,20.0,33.657225553029114,23.56005788712038,200.0
2030-01-13 13:00:00,-0.0,13496.56045135948,-0.0,13262.90322580645,20.0,33.657225553029114,23.56005788712038,200.0
2030-01-13 14:00:00,-0.0,13496.56045135948,-0.0,13262.90322580645,20.0,33.657225553029114,23.56005788712038,200.0
2030-01-13 15:00:00,-0.0,13496.56045135948,-0.0,13262.90322580645,20.0,33.657225553029114,23.56005788712038,200.0
2030-01-13 16:00:00,-0.0,13496.56045135948,-0.0,13262.90322580645,20.0,33.657225553029114,23.56005788712038,200.0
2030-01-13 17:00:00,-0.0,13496.56045135948,-0.0,13262.90322580645,20.0,33.657225553029114,23.56005788712038,200.0
2030-01-13 18:00:00,-0.0,13496.56045135948,-0.0,13262.90322580645,20.0,33.657225553029114,23.56005788712038,200.0
2030-01-13 19:00:00,-0.0,13496.56045135948,-0.0,13262.90322580645,20.0,33.657225553029114,23.56005788712038,200.0
2030-01-13 20:00:00,-0.0,13496.56045135948,-0.0,13262.90322580645,20.0,33.657225553029114,23.56005788712038,200.0
2030-01-13 21:00:00,-0.0,13496.56045135948,-0.0,13262.90322580645,20.0,33.657225553029114,23.56005788712038,200.0
2030-01-13 22:00:00,-0.0,13496.56045135948,-0.0,13262.90322580645,20.0,33.657225553029114,23.56005788712038,200.0
2030-01-13 23:00:00,-0.0,13496.56045135948,-0.0,13262.90322580645,20.0,33.657225553029114,23.56005788712038,200.0
2030-01-14 00:00:00,-0.0,13496.56045135948,-0.0,13262.90322580645,20.0,33.657225553029114,23.56005788712038,200.0
2030-01-14 01:00:00,-0.0,13496.56045135948,-0.0,13262.90322580645,20.0,33.657225553029114,23.56005788712038,200.0
2030-01-14 02:00:00,-0.0,13496.56045135948,-0.0,13262.90322580645,20.0,33.657225553029114,23.56005788712038,200.0
2030-01-14 03:00:00,7958.7766334133885,5537.783817946092,-0.0,13262.90322580645,20.0,33.657225553029114,23.56005788712038,200.0
2030-01-14 04:00:00,13496.56045135948,-0.0,-0.0,13262.90322580645,20.0,33.657225553029114,23.56005788712038,200.0
2030-01-14 05:00:00,13496.56045135948,-0.0,-0.0,13262.90322580645,20.0,33.657225553029114,23.56005788712038,200.0
2030-01-14 06:00:00,13496.56045135948,-0.0,-0.0,13262.90322580645,20.0,33.657225553029114,23.56005788712038,200.0
2030-01-14 07:00:00,13496.56045135948,-0.0,-0.0,13262.90322580645,20.0,33.657225553029114,23.56005788712038,200.0
2030-01-14 08:00:00,13496.56045135948,-0.0,-0.0,13262.90322580645,20.0,33.657225553029114,23.56005788712038,200.0
2030-01-14 09:00:00,13496.56045135948,-0.0,-0.0,13262.90322580645,20.0,33.657225553029114,23.56005788712038,200.0
2030-01-14 10:00:00,-0.0,13496.56045135948,-0.0,13262.90322580645,20.0,33.657225553029114,23.56005788712038,200.0
2030-01-14 11:00:00,6426.083040827627,7070.477410531854,-0.0,13262.90322580645,20.0,33.657225553029114,23.56005788712038,200.0
2030-01-14 12:00:00,-0.0,13496.56045135948,-0.0,13262.90322580645,20.0,33.657225553029114,23.56005788712038,200.0
2030-01-14 13:00:00,-0.0,13496.56045135948,-0.0,13262.90322580645,20.0,33.657225553029114,23.56005788712038,200.0
2030-01-14 14:00:00,-0.0,13496.56045135948,-0.0,13262.90322580645,20.0,33.657225553029114,23.56005788712038,200.0
2030-01-14 15:00:00,-0.0,13496.56045135948,-0.0,13262.90322580645,20.0,33.657225553029114,23.56005788712038,200.0
2030-01-14 16:00:00,-0.0,13496.56045135948,-0.0,13262.90322580645,20.0,33.657225553029114,23.56005788712038,200.0
2030-01-14 17:00:00,-0.0,13496.56045135948,-0.0,13262.90322580645,20.0,33.657225553029114,23.56005788712038,200.0
2030-01-14 18:00:00,-0.0,13496.56045135948,-0.0,13262.90322580645,20.0,33.657225553029114,23.56005788712038,200.0
2030-01-14 19:00:00,-0.0,12180.645161290322,1082.2580645161288,13262.90322580645,20.0,-0.0,-0.0,0.0
2030-01-14 20:00:00,-0.0,3677.6203170085287,9585.282908797923,13262.90322580645,20.0,-0.0,-0.0,0.0
2030-01-14 21:00:00,-0.0,-0.0,13262.90322580645,13262.90322580645,20.0,-0.0,-0.0,0.0
2030-01-14 22:00:00,-0.0,-0.0,13262.90322580645,13262.90322580645,20.0,-0.0,-0.0,0.0
2030-01-14 23:00:00,-0.0,-0.0,13262.90322580645,13262.90322580645,20.0,-0.0,-0.0,0.0
2030-01-15 00:00:00,-0.0,-0.0,13262.90322580645,13262.90322580645,20.0,-0.0,-0.0,0.0
2030-01-15 01:00:00,-0.0,-0.0,13262.90322580645,13262.90322580645,20.0,-0.0,-0.0,0.0
2030-01-15 02:00:00,-0.0,-0.0,13262.90322580645,13262.90322580645,20.0,-0.0,-0.0,0.0
2030-01-15 03:00:00,9933.393412463824,-0.0,3329.5098133426272,13262.90322580645,20.0,-0.0,-0.0,0.0
2030-01-15 04:00:00,13496.56045135948,-0.0,-0.0,13262.90322580645,20.0,33.657225553029114,23.56005788712038,200.0
2030-01-15 05:00:00,13496.56045135948,-0.0,-0.0,13262.90322580645,20.0,33.657225553029114,23.56005788712038,200.0
2030-01-15 06:00:00,13496.56045135948,-0.0,-0.0,13262.90322580645,20.0,33.657225553029114,23.56005788712038,200.0
2030-01-15 07:00:00,13496.56045135948,-0.0,-0.0,13262.90322580645,20.0,33.657225553029114,23.56005788712038,200.0
2030-01-15 08:00:00,13496.56045135948,-0.0,-0.0,13262.90322580645,20.0,33.657225553029114,23.56005788712038,200.0
2030-01-15 09:00:00,13496.56045135948,-0.0,-0.0,13262.90322580645,20.0,33.657225553029114,23.56005788712038,200.0
2030-01-15 10:00:00,13496.56045135948,-0.0,-0.0,13262.90322580645,20.0,33.657225553029114,23.56005788712038,200.0
2030-01-15 11:00:00,9149.36968871236,-0.0,4113.53353709409,13262.90322580645,20.0,-0.0,-0.0,0.0
2030-01-15 12:00:00,-0.0,-0.0,13262.90322580645,13262.90322580645,20.0,-0.0,-0.0,0.0
2030-01-15 13:00:00,-0.0,-0.0,13262.90322580645,13262.90322580645,20.0,-0.0,-0.0,0.0
2030-01-15 14:00:00,-0.0,-0.0,13262.90322580645,13262.90322580645,20.0,-0.0,-0.0,0.0
2030-01-15 15:00:00,-0.0,-0.0,13262.90322580645,13262.90322580645,20.0,-0.0,-0.0,0.0
2030-01-15 16:00:00,-0.0,-0.0,13262.90322580645,13262.90322580645,20.0,-0.0,-0.0,0.0
2030-01-15 17:00:00,-0.0,-0.0,13262.90322580645,13262.90322580645,20.0,-0.0,-0.0,0.0
2030-01-15 18:00:00,-0.0,-0.0,13262.90322580645,13262.90322580645,20.0,-0.0,-0.0,0.0
2030-01-15 19:00:00,-0.0,1045.7316747308414,12217.17155107561,13262.90322580645,20.0,-0.0,-0.0,0.0
2030-01-15 20:00:00,-0.0,-0.0,13262.90322580645,13262.90322580645,20.0,-0.0,-0.0,0.0
2030-01-15 21:00:00,-0.0,-0.0,13262.90322580645,13262.90322580645,20.0,-0.0,-0.0,0.0
2030-01-15 22:00:00,-0.0,-0.0,13262.90322580645,13262.90322580645,20.0,-0.0,-0.0,0.0
2030-01-15 23:00:00,-0.0,-0.0,13262.90322580645,13262.90322580645,20.0,-0.0,-0.0,0.0
2030-01-16 00:00:00,-0.0,-0.0,13262.90322580645,13262.90322580645,20.0,-0.0,-0.0,0.0
2030-01-16 01:00:00,-0.0,-0.0,13262.90322580645,13262.90322580645,20.0,-0.0,-0.0,0.0
2030-01-16 02:00:00,-0.0,-0.0,13262.90322580645,13262.90322580645,20.0,-0.0,-0.0,0.0
2030-01-16 03:00:00,1721.9406983188621,-0.0,11540.962527487589,13262.90322580645,20.0,-0.0,-0.0,0.0
2030-01-16 04:00:00,9187.843001416344,-0.0,4075.0602243901067,13262.90322580645,20.0,-0.0,-0.0,0.0
2030-01-16 05:00:00,13496.56045135948,-0.0,-0.0,13262.90322580645,20.0,33.657225553029114,23.56005788712038,200.0
2030-01-16 06:00:00,13496.56045135948,-0.0,-0.0,13262.90322580645,20.0,33.657225553029114,23.56005788712038,200.0
2030-01-16 07:00:00,13496.56045135948,-0.0,-0.0,13262.90322580645,20.0,33.657225553029114,23.56005788712038,200.0
2030-01-16 08:00:00,13496.56045135948,-0.0,-0.0,13262.90322580645,20.0,33.657225553029114,23.56005788712038,200.0
2030-01-16 09:00:00,13496.56045135948,-0.0,-0.0,13262.90322580645,20.0,33.657225553029114,23.56005788712038,200.0
2030-01-16 10:00:00,13496.56045135948,-0.0,-0.0,13262.90322580645,20.0,33.657225553029114,23.56005788712038,200.0
2030-01-16 11:00:00,2016.2095495412282,3677.6203170085287,7569.073359256694,13262.90322580645,20.0,-0.0,-0.0,0.0
2030-01-16 12:00:00,-0.0,6511.96193176913,6750.94129403732,13262.90322580645,20.0,-0.0,-0.0,0.0
2030-01-16 13:00:00,-0.0,-0.0,13262.90322580645,13262.90322580645,20.0,-0.0,-0.0,0.0
2030-01-16 14:00:00,-0.0,-0.0,13262.90322580645,13262.90322580645,20.0,-0.0,-0.0,0.0
2030-01-16 15:00:00,-0.0,-0.0,13262.90322580645,13262.90322580645,20.0,-0.0,-0.0,0.0
2030-01-16 16:00:00,-0.0,-0.0,13262.90322580645,13262.90322580645,20.0,-0.0,-0.0,0.0
2030-01-16 17:00:00,-0.0,5094.791124388843,8168.112101417608,13262.90322580645,20.0,-0.0,-0.0,0.0
2030-01-16 18:00:00,-0.0,13496.56045135948,-0.0,13262.90322580645,20.0,33.657225553029114,23.56005788712038,200.0
2030-01-16 19:00:00,-0.0,13496.56045135948,-0.0,13262.90322580645,20.0,33.657225553029114,23.56005788712038,200.0
2030-01-16 20:00:00,-0.0,13496.56045135948,-0.0,13262.90322580645,20.0,33.657225553029114,23.56005788712038,200.0
2030-01-16 21:00:00,-0.0,10763.474353910022,2499.428871896429,13262.90322580645,20.0,-0.0,-0.0,0.0
2030-01-16 22:00:00,-0.0,6511.96193176913,6750.94129403732,13262.90322580645,20.0,-0.0,-0.0,0.0
2030-01-16 23:00:00,-0.0,12180.645161290322,1082.2580645161288,13262.90322580645,20.0,-0.0,-0.0,0.0
2030-01-17 00:00:00,-0.0,13496.56045135948,-0.0,13262.90322580645,20.0,33.657225553029114,23.56005788712038,200.0
2030-01-17 01:00:00,-0.0,13496.56045135948,-0.0,13262.90322580645,20.0,33.657225553029114,23.56005788712038,200.0
2030-01-17 02:00:00,-0.0,13496.56045135948,-0.0,13262.90322580645,20.0,33.657225553029114,23.56005788712038,200.0
2030-01-17 03:00:00,13496.56045135948,-0.0,-0.0,13262.90322580645,20.0,33.657225553029114,23.56005788712038,200.0
2030-01-17 04:00:00,13496.56045135948,-0.0,-0.0,13262.90322580645,20.0,33.657225553029114,23.56005788712038,200.0
2030-01-17 05:00:00,13496.56045135948,-0.0,-0.0,13262.90322580645,20.0,33.657225553029114,23.56005788712038,200.0
2030-01-17 06:00:00,13496.56045135948,-0.0,-0.0,13262.90322580645,20.0,33.657225553029114,23.56005788712038,200.0
2030-01-17 07:00:00,13496.56045135948,-0.0,-0.0,13262.90322580645,20.0,33.657225553029114,23.56005788712038,200.0
2030-01-17 08:00:00,13496.56045135948,-0.0,-0.0,13262.90322580645,20.0,33.657225553029114,23.56005788712038,200.0
2030-01-17 09:00:00,13496.56045135948,-0.0,-0.0,13262.90322580645,20.0,33.657225553029114,23.56005788712038,200.0
2030-01-17 10:00:00,13496.56045135948,-0.0,-0.0,13262.90322580645,20.0,33.657225553029114,23.56005788712038,200.0
2030-01-17 11:00:00,-0.0,13496.56045135948,-0.0,13262.90322580645,20.0,33.657225553029114,23.56005788712038,200.0
2030-01-17 12:00:00,-0.0,13496.56045135948,-0.0,13262.90322580645,20.0,33.657225553029114,23.56005788712038,200.0
2030-01-17 13:00:00,-0.0,13496.56045135948,-0.0,13262.90322580645,20.0,33.657225553029114,23.56005788712038,200.0
2030-01-17 14:00:00,-0.0,13496.56045135948,-0.0,13262.90322580645,20.0,33.657225553029114,23.56005788712038,200.0
2030-01-17 15:00:00,-0.0,13496.56045135948,-0.0,13262.90322580645,20.0,33.657225553029114,23.56005788712038,200.0
2030-01-17 16:00:00,-0.0,13496.56045135948,-0.0,13262.90322580645,20.0,33.657225553029114,23.56005788712038,200.0
2030-01-17 17:00:00,-0.0,13496.56045135948,-0.0,13262.90322580645,20.0,33.657225553029114,23.56005788712038,200.0
2030-01-17 18:00:00,-0.0,13496.56045135948,-0.0,13262.90322580645,20.0,33.657225553029114,23.56005788712038,200.0
2030-01-17 19:00:00,-0.0,13496.56045135948,-0.0,13262.90322580645,20.0,33.657225553029114,23.56005788712038,200.0
2030-01-17 20:00:00,-0.0,13496.56045135948,-0.0,13262.90322580645,20.0,33.657225553029114,23.56005788712038,200.0
2030-01-17 21:00:00,-0.0,13496.56045135948,-0.0,13262.90322580645,20.0,33.657225553029114,23.56005788712038,200.0
2030-01-17 22:00:00,-0.0,13496.56045135948,-0.0,13262.90322580645,20.0,33.657225553029114,23.56005788712038,200.0
2030-01-17 23:00:00,-0.0,13496.56045135948,-0.0,13262.90322580645,20.0,33.657225553029114,23.56005788712038,200.0
2030-01-18 00:00:00,-0.0,13496.56045135948,-0.0,13262.90322580645,20.0,33.657225553029114,23.56005788712038,200.0
2030-01-18 01:00:00,-0.0,13496.56045135948,-0.0,13262.90322580645,20.0,33.657225553029114,23.56005788712038,200.0
2030-01-18 02:00:00,-0.0,13496.56045135948,-0.0,13262.90322580645,20.0,33.657225553029114,23.56005788712038,200.0
2030-01-18 03:00:00,13496.56045135948,-0.0,-0.0,13262.90322580645,20.0,33.657225553029114,23.56005788712038,200.0
2030-01-18 04:00:00,13496.56045135948,-0.0,-0.0,13262.90322580645,20.0,33.657225553029114,23.56005788712038,200.0
2030-01-18 05:00:00,13496.56045135948,-0.0,-0.0,13262.90322580645,20.0,33.657225553029114,23.56005788712038,200.0
2030-01-18 06:00:00,13496.56045135948,-0.0,-0.0,13262.90322580645,20.0,33.657225553029114,23.56005788712038,200.0
2030-01-18 07:00:00,13496.56045135948,-0.0,-0.0,13262.90322580645,20.0,33.657225553029114,23.56005788712038,200.0
2030-01-18 08:00:00,13496.56045135948,-0.0,-0.0,13262.90322580645,20.0,33.657225553029114,23.56005788712038,200.0
2030-01-18 09:00:00,13496.56045135948,-0.0,-0.0,13262.90322580645,20.0,33.657225553029114,23.56005788712038,200.0
2030-01-18 10:00:00,13496.56045135948,-0.0,-0.0,13262.90322580645,20.0,33.657225553029114,23.56005788712038,200.0
2030-01-18 11:00:00,13496.56045135948,-0.0,-0.0,13262.90322580645,20.0,33.657225553029114,23.56005788712038,200.0
2030-01-18 12:00:00,-0.0,-0.0,13262.90322580645,13262.90322580645,20.0,-0.0,-0.0,0.0
2030-01-18 13:00:00,-0.0,3677.6203170085287,9585.282908797923,13262.90322580645,20.0,-0.0,-0.0,0.0
2030-01-18 14:00:00,-0.0,-0.0,13262.90322580645,13262.90322580645,20.0,-0.0,-0.0,0.0
2030-01-18 15:00:00,-0.0,3677.6203170085287,9585.282908797923,13262.90322580645,20.0,-0.0,-0.0,0.0
2030-01-18 16:00:00,-0.0,10763.474353910022,2499.428871896429,13262.90322580645,20.0,-0.0,-0.0,0.0
2030-01-18 17:00:00,-0.0,13496.56045135948,-0.0,13262.90322580645,20.0,33.657225553029114,23.56005788712038,200.0
2030-01-18 18:00:00,-0.0,13496.56045135948,-0.0,13262.90322580645,20.0,33.657225553029114,23.56005788712038,200.0
2030-01-18 19:00:00,-0.0,13496.56045135948,-0.0,13262.90322580645,20.0,33.657225553029114,23.56005788712038,200.0
2030-01-18 20:00:00,-0.0,13496.56045135948,-0.0,13262.90322580645,20.0,33.657225553029114,23.56005788712038,200.0
2030-01-18 21:00:00,-0.0,13496.56045135948,-0.0,13262.90322580645,20.0,33.657225553029114,23.56005788712038,200.0
2030-01-18 22:00:00,-0.0,13496.56045135948,-0.0,13262.90322580645,20.0,33.657225553029114,23.56005788712038,200.0
2030-01-18 23:00:00,-0.0,13496.56045135948,-0.0,13262.90322580645,20.0,33.657225553029114,23.56005788712038,200.0
2030-01-19 00:00:00,-0.0,13496.56045135948,-0.0,13262.90322580645,20.0,33.657225553029114,23.56005788712038,200.0
2030-01-19 01:00:00,-0.0,13496.56045135948,-0.0,13262.90322580645,20.0,33.657225553029114,23.56005788712038,200.0
2030-01-19 02:00:00,-0.0,13496.56045135948,-0.0,13262.90322580645,20.0,33.657225553029114,23.56005788712038,200.0
2030-01-19 03:00:00,13496.56045135948,-0.0,-0.0,13262.90322580645,20.0,33.657225553029114,23.56005788712038,200.0
2030-01-19 04:00:00,13496.56045135948,-0.0,-0.0,13262.90322580645,20.0,33.657225553029114,23.56005788712038,200.0
2030-01-19 05:00:00,13496.56045135948,-0.0,-0.0,13262.90322580645,20.0,33.657225553029114,23.56005788712038,200.0
2030-01-19 06:00:00,13496.56045135948,-0.0,-0.0,13262.90322580645,20.0,33.657225553029114,23.56005788712038,200.0
2030-01-19 07:00:00,13496.56045135948,-0.0,-0.0,13262.90322580645,20.0,33.657225553029114,23.56005788712038,200.0
2030-01-19 08:00:00,13496.56045135948,-0.0,-0.0,13262.90322580645,20.0,33.657225553029114,23.56005788712038,200.0
2030-01-19 09:00:00,13496.56045135948,-0.0,-0.0,13262.90322580645,20.0,33.657225553029114,23.56005788712038,200.0
2030-01-19 10:00:00,10322.285816552745,3174.274634806736,-0.0,13262.90322580645,20.0,33.657225553029114,23.56005788712038,200.0
2030-01-19 11:00:00,-0.0,13496.56045135948,-0.0,13262.90322580645,20.0,33.657225553029114,23.56005788712038,200.0
2030-01-19 12:00:00,-0.0,13496.56045135948,-0.0,13262.90322580645,20.0,33.657225553029114,23.56005788712038,200.0
2030-01-19 13:00:00,-0.0,13496.56045135948,-0.0,13262.90322580645,20.0,33.657225553029114,23.56005788712038,200.0
2030-01-19 14:00:00,-0.0,13496.56045135948,-0.0,13262.90322580645,20.0,33.657225553029114,23.56005788712038,200.0
2030-01-19 15:00:00,-0.0,13496.56045135948,-0.0,13262.90322580645,20.0,33.657225553029114,23.56005788712038,200.0
2030-01-19 16:00:00,-0.0,13496.56045135948,-0.0,13262.90322580645,20.0,33.657225553029114,23.56005788712038,200.0
2030-01-19 17:00:00,-0.0,13496.56045135948,-0.0,13262.90322580645,20.0,33.657225553029114,23.56005788712038,200.0
2030-01-19 18:00:00,-0.0,13496.56045135948,-0.0,13262.90322580645,20.0,33.657225553029114,23.56005788712038,200.0
2030-01-19 19:00:00,-0.0,13496.56045135948,-0.0,13262.90322580645,20.0,33.657225553029114,23.56005788712038,200.0
2030-01-19 20:00:00,-0.0,10763.474353910022,2499.428871896429,13262.90322580645,20.0,-0.0,-0.0,0.0
2030-01-19 21:00:00,-0.0,7929.132739149419,5333.770486657032,13262.90322580645,20.0,-0.0,-0.0,0.0
2030-01-19 22:00:00,-0.0,7929.132739149419,5333.770486657032,13262.90322580645,20.0,-0.0,-0.0,0.0
2030-01-19 23:00:00,-0.0,10763.474353910022,2499.428871896429,13262.90322580645,20.0,-0.0,-0.0,0.0
2030-01-20 00:00:00,-0.0,13496.56045135948,-0.0,13262.90322580645,20.0,33.657225553029114,23.56005788712038,200.0
2030-01-20 01:00:00,-0.0,13496.56045135948,-0.0,13262.90322580645,20.0,33.657225553029114,23.56005788712038,200.0
2030-01-20 02:00:00,-0.0,13496.56045135948,-0.0,13262.90322580645,20.0,33.657225553029114,23.56005788712038,200.0
2030-01-20 03:00:00,4003.3041597389006,9493.25629162058,-0.0,13262.90322580645,20.0,33.657225553029114,23.56005788712038,200.0
2030-01-20 04:00:00,9000.675534207772,4495.884917151709,-0.0,13262.90322580645,20.0,33.657225553029114,23.56005788712038,200.0
2030-01-20 05:00:00,13496.56045135948,-0.0,-0.0,13262.90322580645,20.0,33.657225553029114,23.56005788712038,200.0
2030-01-20 06:00:00,13496.56045135948,-0.0,-0.0,13262.90322580645,20.0,33.657225553029114,23.56005788712038,200.0
2030-01-20 07:00:00,13496.56045135948,-0.0,-0.0,13262.90322580645,20.0,33.657225553029114,23.56005788712038,200.0
2030-01-20 08:00:00,13496.56045135948,-0.0,-0.0,13262.90322580645,20.0,33.657225553029114,23.56005788712038,200.0
2030-01-20 09:00:00,13496.56045135948,-0.0,-0.0,13262.90322580645,20.0,33.657225553029114,23.56005788712038,200.0
2030-01-20 10:00:00,10047.773531313505,3448.7869200459754,-0.0,13262.90322580645,20.0,33.657225553029114,23.56005788712038,200.0
2030-01-20 11:00:00,2819.9898392758178,7929.132739149419,2513.7806473812143,13262.90322580645,20.0,-0.0,-0.0,0.0
2030-01-20 12:00:00,-0.0,-0.0,13262.90322580645,13262.90322580645,20.0,-0.0,-0.0,0.0
2030-01-20 13:00:00,-0.0,-0.0,13262.90322580645,13262.90322580645,20.0,-0.0,-0.0,0.0
2030-01-20 14:00:00,-0.0,-0.0,13262.90322580645,13262.90322580645,20.0,-0.0,-0.0,0.0
2030-01-20 15:00:00,-0.0,-0.0,13262.90322580645,13262.90322580645,20.0,-0.0,-0.0,0.0
2030-01-20 16:00:00,-0.0,-0.0,13262.90322580645,13262.90322580645,20.0,-0.0,-0.0,0.0
2030-01-20 17:00:00,-0.0,2462.9024821111293,10800.000743695322,13262.90322580645,20.0,-0.0,-0.0,0.0
2030-01-20 18:00:00,-0.0,3677.6203170085287,9585.282908797923,13262.90322580645,20.0,-0.0,-0.0,0.0
2030-01-20 19:00:00,-0.0,2462.9024821111293,10800.000743695322,13262.90322580645,20.0,-0.0,-0.0,0.0
2030-01-20 20:00:00,-0.0,5094.791124388843,8168.112101417608,13262.90322580645,20.0,-0.0,-0.0,0.0
2030-01-20 21:00:00,-0.0,6511.96193176913,6750.94129403732,13262.90322580645,20.0,-0.0,-0.0,0.0
2030-01-20 22:00:00,-0.0,7929.132739149419,5333.770486657032,13262.90322580645,20.0,-0.0,-0.0,0.0
2030-01-20 23:00:00,-0.0,7929.132739149419,5333.770486657032,13262.90322580645,20.0,-0.0,-0.0,0.0
2030-01-21 00:00:00,-0.0,7929.132739149419,5333.770486657032,13262.90322580645,20.0,-0.0,-0.0,0.0
2030-01-21 01:00:00,-0.0,7929.132739149419,5333.770486657032,13262.90322580645,20.0,-0.0,-0.0,0.0
2030-01-21 02:00:00,-0.0,7929.132739149419,5333.770486657032,13262.90322580645,20.0,-0.0,-0.0,0.0
2030-01-21 03:00:00,6775.462312950305,6721.098138409176,-0.0,13262.90322580645,20.0,33.657225553029114,23.56005788712038,200.0
2030-01-21 04:00:00,13496.56045135948,-0.0,-0.0,13262.90322580645,20.0,33.657225553029114,23.56005788712038,200.0
2030-01-21 05:00:00,13496.56045135948,-0.0,-0.0,13262.90322580645,20.0,33.657225553029114,23.56005788712038,200.0
2030-01-21 06:00:00,13496.56045135948,-0.0,-0.0,13262.90322580645,20.0,33.657225553029114,23.56005788712038,200.0
2030-01-21 07:00:00,13496.56045135948,-0.0,-0.0,13262.90322580645,20.0,33.657225553029114,23.56005788712038,200.0
2030-01-21 08:00:00,13496.56045135948,-0.0,-0.0,13262.90322580645,20.0,33.657225553029114,23.56005788712038,200.0
2030-01-21 09:00:00,10893.146591538889,2603.413859820592,-0.0,13262.90322580645,20.0,33.657225553029114,23.56005788712038,200.0
2030-01-21 10:00:00,8536.91614323541,4959.64430812407,-0.0,13262.90322580645,20.0,33.657225553029114,23.56005788712038,200.0
2030-01-21 11:00:00,-0.0,13496.56045135948,-0.0,13262.90322580645,20.0,33.657225553029114,23.56005788712038,200.0
2030-01-21 12:00:00,-0.0,13496.56045135948,-0.0,13262.90322580645,20.0,33.657225553029114,23.56005788712038,200.0
2030-01-21 13:00:00,-0.0,13496.56045135948,-0.0,13262.90322580645,20.0,33.657225553029114,23.56005788712038,200.0
2030-01-21 14:00:00,-0.0,10763.474353910022,2499.428871896429,13262.90322580645,20.0,-0.0,-0.0,0.0
2030-01-21 15:00:00,-0.0,7929.132739149419,5333.770486657032,13262.90322580645,20.0,-0.0,-0.0,0.0
2030-01-21 16:00:00,-0.0,10763.474353910022,2499.428871896429,13262.90322580645,20.0,-0.0,-0.0,0.0
2030-01-21 17:00:00,-0.0,13496.56045135948,-0.0,13262.90322580645,20.0,33.65722555302912,23.560057887120383,200.0
2030-01-21 18:00:00,-0.0,13496.56045135948,-0.0,13262.90322580645,20.0,33.657225553029114,23.56005788712038,200.0
2030-01-21 19:00:00,-0.0,13496.56045135948,-0.0,13262.90322580645,20.0,33.657225553029114,23.56005788712038,200.0
2030-01-21 20:00:00,-0.0,13496.56045135948,-0.0,13262.90322580645,20.0,33.657225553029114,23.56005788712038,200.0
2030-01-21 21:00:00,-0.0,13496.56045135948,-0.0,13262.90322580645,20.0,33.657225553029114,23.56005788712038,200.0
2030-01-21 22:00:00,-0.0,13496.56045135948,-0.0,13262.90322580645,20.0,33.657225553029114,23.56005788712038,200.0
2030-01-21 23:00:00,-0.0,13496.56045135948,-0.0,13262.90322580645,20.0,33.657225553029114,23.56005788712038,200.0
2030-01-22 00:00:00,-0.0,13496.56045135948,-0.0,13262.90322580645,20.0,33.657225553029114,23.56005788712038,200.0
2030-01-22 01:00:00,-0.0,13496.56045135948,-0.0,13262.90322580645,20.0,33.657225553029114,23.56005788712038,200.0
2030-01-22 02:00:00,-0.0,13496.56045135948,-0.0,13262.90322580645,20.0,33.657225553029114,23.56005788712038,200.0
2030-01-22 03:00:00,5029.6057715992265,8466.954679760254,-0.0,13262.90322580645,20.0,33.657225553029114,23.56005788712038,200.0
2030-01-22 04:00:00,13496.56045135948,-0.0,-0.0,13262.90322580645,20.0,33.657225553029114,23.56005788712038,200.0
2030-01-22 05:00:00,13496.56045135948,-0.0,-0.0,13262.90322580645,20.0,33.657225553029114,23.56005788712038,200.0
2030-01-22 06:00:00,13496.56045135948,-0.0,-0.0,13262.90322580645,20.0,33.657225553029114,23.56005788712038,200.0
2030-01-22 07:00:00,13496.56045135948,-0.0,-0.0,13262.90322580645,20.0,33.657225553029114,23.56005788712038,200.0
2030-01-22 08:00:00,13496.56045135948,-0.0,-0.0,13262.90322580645,20.0,33.657225553029114,23.56005788712038,200.0
2030-01-22 09:00:00,13496.56045135948,-0.0,-0.0,13262.90322580645,20.0,33.657225553029114,23.56005788712038,200.0
2030-01-22 10:00:00,-0.0,13496.56045135948,-0.0,13262.90322580645,20.0,33.657225553029114,23.56005788712038,200.0
2030-01-22 11:00:00,9345.89552928136,4150.66492207812,-0.0,13262.90322580645,20.0,33.657225553029114,23.56005788712038,200.0
2030-01-22 12:00:00,-0.0,13496.56045135948,-0.0,13262.90322580645,20.0,33.657225553029114,23.56005788712038,200.0
2030-01-22 13:00:00,-0.0,13496.56045135948,-0.0,13262.90322580645,20.0,33.657225553029114,23.56005788712038,200.0
2030-01-22 14:00:00,-0.0,13496.56045135948,-0.0,13262.90322580645,20.0,33.657225553029114,23.56005788712038,200.0
2030-01-22 15:00:00,-0.0,13496.56045135948,-0.0,13262.90322580645,20.0,33.657225553029114,23.56005788712038,200.0
2030-01-22 16:00:00,-0.0,13496.56045135948,-0.0,13262.90322580645,20.0,33.657225553029114,23.56005788712038,200.0
2030-01-22 17:00:00,-0.0,13496.56045135948,-0.0,13262.90322580645,20.0,33.657225553029114,23.56005788712038,200.0
2030-01-22 18:00:00,-0.0,13496.56045135948,-0.0,13262.90322580645,20.0,33.657225553029114,23.56005788712038,200.0
2030-01-22 19:00:00,-0.0,13496.56045135948,-0.0,13262.90322580645,20.0,33.657225553029114,23.56005788712038,200.0
2030-01-22 20:00:00,-0.0,13496.56045135948,-0.0,13262.90322580645,20.0,33.657225553029114,23.56005788712038,200.0
2030-01-22 21:00:00,-0.0,13496.56045135948,-0.0,13262.90322580645,20.0,33.657225553029114,23.56005788712038,200.0
2030-01-22 22:00:00,-0.0,13496.56045135948,-0.0,13262.90322580645,20.0,33.657225553029114,23.56005788712038,200.0
2030-01-22 23:00:00,-0.0,13496.56045135948,-0.0,13262.90322580645,20.0,33.657225553029114,23.56005788712038,200.0
2030-01-23 00:00:00,-0.0,13496.56045135948,-0.0,13262.90322580645,20.0,33.657225553029114,23.56005788712038,200.0
2030-01-23 01:00:00,-0.0,13496.56045135948,-0.0,13262.90322580645,20.0,33.657225553029114,23.56005788712038,200.0
2030-01-23 02:00:00,-0.0,13496.56045135948,-0.0,13262.90322580645,20.0,33.657225553029114,23.56005788712038,200.0
2030-01-23 03:00:00,13496.56045135948,-0.0,-0.0,13262.90322580645,20.0,33.657225553029114,23.56005788712038,200.0
2030-01-23 04:00:00,13496.56045135948,-0.0,-0.0,13262.90322580645,20.0,33.657225553029114,23.56005788712038,200.0
2030-01-23 05:00:00,13496.56045135948,-0.0,-0.0,13262.90322580645,20.0,33.657225553029114,23.56005788712038,200.0
2030-01-23 06:00:00,13496.56045135948,-0.0,-0.0,13262.90322580645,20.0,33.657225553029114,23.56005788712038,200.0
2030-01-23 07:00:00,13496.56045135948,-0.0,-0.0,13262.90322580645,20.0,33.657225553029114,23.56005788712038,200.0
2030-01-23 08:00:00,13496.56045135948,-0.0,-0.0,13262.90322580645,20.0,33.657225553029114,23.56005788712038,200.0
2030-01-23 09:00:00,13496.56045135948,-0.0,-0.0,13262.90322580645,20.0,33.657225553029114,23.56005788712038,200.0
2030-01-23 10:00:00,13496.56045135948,-0.0,-0.0,13262.90322580645,20.0,33.657225553029114,23.56005788712038,200.0
2030-01-23 11:00:00,13496.56045135948,-0.0,-0.0,13262.90322580645,20.0,33.657225553029114,23.56005788712038,200.0
2030-01-23 12:00:00,-0.0,13496.56045135948,-0.0,13262.90322580645,20.0,33.657225553029114,23.56005788712038,200.0
2030-01-23 13:00:00,-0.0,13496.56045135948,-0.0,13262.90322580645,20.0,33.657225553029114,23.56005788712038,200.0
2030-01-23 14:00:00,-0.0,13496.56045135948,-0.0,13262.90322580645,20.0,33.657225553029114,23.56005788712038,200.0
2030-01-23 15:00:00,-0.0,13496.56045135948,-0.0,13262.90322580645,20.0,33.657225553029114,23.56005788712038,200.0
2030-01-23 16:00:00,-0.0,13496.56045135948,-0.0,13262.90322580645,20.0,33.657225553029114,23.56005788712038,200.0
2030-01-23 17:00:00,-0.0,12180.645161290322,1082.2580645161288,13262.90322580645,20.0,-0.0,-0.0,0.0
2030-01-23 18:00:00,-0.0,-0.0,13262.90322580645,13262.90322580645,20.0,-0.0,-0.0,0.0
2030-01-23 19:00:00,-0.0,13496.56045135948,-0.0,13262.90322580645,20.0,33.657225553029114,23.56005788712038,200.0
2030-01-23 20:00:00,-0.0,13496.56045135948,-0.0,13262.90322580645,20.0,33.657225553029114,23.56005788712038,200.0
2030-01-23 21:00:00,-0.0,13496.56045135948,-0.0,13262.90322580645,20.0,33.657225553029114,23.56005788712038,200.0
2030-01-23 22:00:00,-0.0,13496.56045135948,-0.0,13262.90322580645,20.0,33.657225553029114,23.56005788712038,200.0
2030-01-23 23:00:00,-0.0,13496.56045135948,-0.0,13262.90322580645,20.0,33.657225553029114,23.56005788712038,200.0
2030-01-24 00:00:00,-0.0,13496.56045135948,-0.0,13262.90322580645,20.0,33.657225553029114,23.56005788712038,200.0
2030-01-24 01:00:00,-0.0,13496.56045135948,-0.0,13262.90322580645,20.0,33.657225553029114,23.56005788712038,200.0
2030-01-24 02:00:00,-0.0,13496.56045135948,-0.0,13262.90322580645,20.0,33.657225553029114,23.56005788712038,200.0
2030-01-24 03:00:00,-0.0,13496.56045135948,-0.0,13262.90322580645,20.0,33.657225553029114,23.56005788712038,200.0
2030-01-24 04:00:00,9504.987876408635,3991.5725749508456,-0.0,13262.90322580645,20.0,33.657225553029114,23.56005788712038,200.0
2030-01-24 05:00:00,13496.56045135948,-0.0,-0.0,13262.90322580645,20.0,33.657225553029114,23.56005788712038,200.0
2030-01-24 06:00:00,9859.566244842654,3636.994206516827,-0.0,13262.90322580645,20.0,33.657225553029114,23.56005788712038,200.0
2030-01-24 07:00:00,-0.0,13496.56045135948,-0.0,13262.90322580645,20.0,33.657225553029114,23.56005788712038,200.0
2030-01-24 08:00:00,9738.947210419361,3757.61324094012,-0.0,13262.90322580645,20.0,33.657225553029114,23.56005788712038,200.0
2030-01-24 09:00:00,-0.0,13496.56045135948,-0.0,13262.90322580645,20.0,33.657225553029114,23.56005788712038,200.0
2030-01-24 10:00:00,-0.0,13496.56045135948,-0.0,13262.90322580645,20.0,33.657225553029114,23.56005788712038,200.0
2030-01-24 11:00:00,-0.0,13496.56045135948,-0.0,13262.90322580645,20.0,33.657225553029114,23.56005788712038,200.0
2030-01-24 12:00:00,-0.0,13496.56045135948,-0.0,13262.90322580645,20.0,33.657225553029114,23.56005788712038,200.0
2030-01-24 13:00:00,-0.0,13496.56045135948,-0.0,13262.90322580645,20.0,33.657225553029114,23.56005788712038,200.0
2030-01-24 14:00:00,-0.0,13496.56045135948,-0.0,13262.90322580645,20.0,33.657225553029114,23.56005788712038,200.0
2030-01-24 15:00:00,-0.0,13496.56045135948,-0.0,13262.90322580645,20.0,33.657225553029114,23.56005788712038,200.0
2030-01-24 16:00:00,-0.0,13496.56045135948,-0.0,13262.90322580645,20.0,33.657225553029114,23.56005788712038,200.0
2030-01-24 17:00:00,-0.0,13496.56045135948,-0.0,13262.90322580645,20.0,33.657225553029114,23.56005788712038,200.0
2030-01-24 18:00:00,-0.0,13496.56045135948,-0.0,13262.90322580645,20.0,33.657225553029114,23.56005788712038,200.0
2030-01-24 19:00:00,-0.0,13496.56045135948,-0.0,13262.90322580645,20.0,33.657225553029114,23.56005788712038,200.0
2030-01-24 20:00:00,-0.0,13496.56045135948,-0.0,13262.90322580645,20.0,33.657225553029114,23.56005788712038,200.0
2030-01-24 21:00:00,-0.0,13496.56045135948,-0.0,13262.90322580645,20.0,33.657225553029114,23.56005788712038,200.0
2030-01-24 22:00:00,-0.0,13496.56045135948,-0.0,13262.90322580645,20.0,33.657225553029114,23.56005788712038,200.0
2030-01-24 23:00:00,-0.0,13496.56045135948,-0.0,13262.90322580645,20.0,33.657225553029114,23.56005788712038,200.0
2030-01-25 00:00:00,-0.0,13496.56045135948,-0.0,13262.90322580645,20.0,33.657225553029114,23.56005788712038,200.0
2030-01-25 01:00:00,-0.0,13496.56045135948,-0.0,13262.90322580645,20.0,33.657225553029114,23.56005788712038,200.0
2030-01-25 02:00:00,-0.0,12180.645161290322,1082.2580645161288,13262.90322580645,20.0,-0.0,-0.0,0.0
2030-01-25 03:00:00,-0.0,13496.56045135948,-0.0,13262.90322580645,20.0,33.657225553029114,23.56005788712038,200.0
2030-01-25 04:00:00,-0.0,13496.56045135948,-0.0,13262.90322580645,20.0,33.657225553029114,23.56005788712038,200.0
2030-01-25 05:00:00,13496.56045135948,-0.0,-0.0,13262.90322580645,20.0,33.657225553029114,23.56005788712038,200.0
2030-01-25 06:00:00,13496.56045135948,-0.0,-0.0,13262.90322580645,20.0,33.657225553029114,23.56005788712038,200.0
2030-01-25 07:00:00,13496.56045135948,-0.0,-0.0,13262.90322580645,20.0,33.657225553029114,23.56005788712038,200.0
2030-01-25 08:00:00,13496.56045135948,-0.0,-0.0,13262.90322580645,20.0,33.657225553029114,23.56005788712038,200.0
2030-01-25 09:00:00,9759.743595664759,3736.816855694722,-0.0,13262.90322580645,20.0,33.657225553029114,23.56005788712038,200.0
2030-01-25 10:00:00,3388.7709757374228,10107.789475622058,-0.0,13262.90322580645,20.0,33.657225553029114,23.56005788712038,200.0
2030-01-25 11:00:00,-0.0,13496.56045135948,-0.0,13262.90322580645,20.0,33.657225553029114,23.56005788712038,200.0
2030-01-25 12:00:00,-0.0,13496.56045135948,-0.0,13262.90322580645,20.0,33.657225553029114,23.56005788712038,200.0
2030-01-25 13:00:00,-0.0,13496.56045135948,-0.0,13262.90322580645,20.0,33.657225553029114,23.56005788712038,200.0
2030-01-25 14:00:00,-0.0,13496.56045135948,-0.0,13262.90322580645,20.0,33.657225553029114,23.56005788712038,200.0
2030-01-25 15:00:00,-0.0,13496.56045135948,-0.0,13262.90322580645,20.0,33.657225553029114,23.56005788712038,200.0
2030-01-25 16:00:00,-0.0,13496.56045135948,-0.0,13262.90322580645,20.0,33.657225553029114,23.56005788712038,200.0
2030-01-25 17:00:00,-0.0,13496.56045135948,-0.0,13262.90322580645,20.0,33.657225553029114,23.56005788712038,200.0
2030-01-25 18:00:00,-0.0,13496.56045135948,-0.0,13262.90322580645,20.0,33.657225553029114,23.56005788712038,200.0
2030-01-25 19:00:00,-0.0,13496.56045135948,-0.0,13262.90322580645,20.0,33.657225553029114,23.56005788712038,200.0
2030-01-25 20:00:00,-0.0,13496.56045135948,-0.0,13262.90322580645,20.0,33.657225553029114,23.56005788712038,200.0
2030-01-25 21:00:00,-0.0,13496.56045135948,-0.0,13262.90322580645,20.0,33.657225553029114,23.56005788712038,200.0
2030-01-25 22:00:00,-0.0,13496.56045135948,-0.0,13262.90322580645,20.0,33.657225553029114,23.56005788712038,200.0
2030-01-25 23:00:00,-0.0,13496.56045135948,-0.0,13262.90322580645,20.0,33.657225553029114,23.56005788712038,200.0
2030-01-26 00:00:00,-0.0,13496.56045135948,-0.0,13262.90322580645,20.0,33.657225553029114,23.56005788712038,200.0
2030-01-26 01:00:00,-0.0,13496.56045135948,-0.0,13262.90322580645,20.0,33.657225553029114,23.56005788712038,200.0
2030-01-26 02:00:00,-0.0,13496.56045135948,-0.0,13262.90322580645,20.0,33.657225553029114,23.56005788712038,200.0
2030-01-26 03:00:00,8372.624699796786,5123.935751562694,-0.0,13262.90322580645,20.0,33.657225553029114,23.56005788712038,200.0
2030-01-26 04:00:00,-0.0,13496.56045135948,-0.0,13262.90322580645,20.0,33.657225553029114,23.56005788712038,200.0
2030-01-26 05:00:00,13496.56045135948,-0.0,-0.0,13262.90322580645,20.0,33.657225553029114,23.56005788712038,200.0
2030-01-26 06:00:00,13496.56045135948,-0.0,-0.0,13262.90322580645,20.0,33.657225553029114,23.56005788712038,200.0
2030-01-26 07:00:00,-0.0,13496.56045135948,-0.0,13262.90322580645,20.0,33.657225553029114,23.56005788712038,200.0
2030-01-26 08:00:00,13496.56045135948,-0.0,-0.0,13262.90322580645,20.0,33.657225553029114,23.56005788712038,200.0
2030-01-26 09:00:00,13496.56045135948,-0.0,-0.0,13262.90322580645,20.0,33.657225553029114,23.56005788712038,200.0
2030-01-26 10:00:00,13496.56045135948,-0.0,-0.0,13262.90322580645,20.0,33.657225553029114,23.56005788712038,200.0
2030-01-26 11:00:00,9683.83678951905,3812.7236618404313,-0.0,13262.90322580645,20.0,33.657225553029114,23.56005788712038,200.0
2030-01-26 12:00:00,-0.0,13496.56045135948,-0.0,13262.90322580645,20.0,33.657225553029114,23.56005788712038,200.0
2030-01-26 13:00:00,-0.0,13496.56045135948,-0.0,13262.90322580645,20.0,33.657225553029114,23.56005788712038,200.0
2030-01-26 14:00:00,-0.0,13496.56045135948,-0.0,13262.90322580645,20.0,33.657225553029114,23.56005788712038,200.0
2030-01-26 15:00:00,-0.0,13496.56045135948,-0.0,13262.90322580645,20.0,33.657225553029114,23.56005788712038,200.0
2030-01-26 16:00:00,-0.0,13496.56045135948,-0.0,13262.90322580645,20.0,33.657225553029114,23.56005788712038,200.0
2030-01-26 17:00:00,-0.0,13496.56045135948,-0.0,13262.90322580645,20.0,33.657225553029114,23.56005788712038,200.0
2030-01-26 18:00:00,-0.0,13496.56045135948,-0.0,13262.90322580645,20.0,33.657225553029114,23.56005788712038,200.0
2030-01-26 19:00:00,-0.0,13496.56045135948,-0.0,13262.90322580645,20.0,33.657225553029114,23.56005788712038,200.0
2030-01-26 20:00:00,-0.0,13496.56045135948,-0.0,13262.90322580645,20.0,33.657225553029114,23.56005788712038,200.0
2030-01-26 21:00:00,-0.0,13496.56045135948,-0.0,13262.90322580645,20.0,33.657225553029114,23.56005788712038,200.0
2030-01-26 22:00:00,-0.0,13496.56045135948,-0.0,13262.90322580645,20.0,33.657225553029114,23.56005788712038,200.0
2030-01-26 23:00:00,-0.0,13496.56045135948,-0.0,13262.90322580645,20.0,33.657225553029114,23.56005788712038,200.0
2030-01-27 00:00:00,-0.0,13496.56045135948,-0.0,13262.90322580645,20.0,33.657225553029114,23.56005788712038,200.0
2030-01-27 01:00:00,-0.0,13496.56045135948,-0.0,13262.90322580645,20.0,33.657225553029114,23.56005788712038,200.0
2030-01-27 02:00:00,-0.0,13496.56045135948,-0.0,13262.90322580645,20.0,33.657225553029114,23.56005788712038,200.0
2030-01-27 03:00:00,5733.5634121559215,7762.997039203559,-0.0,13262.90322580645,20.0,33.657225553029114,23.56005788712038,200.0
2030-01-27 04:00:00,10818.27960465546,2678.2808467040213,-0.0,13262.90322580645,20.0,33.657225553029114,23.56005788712038,200.0
2030-01-27 05:00:00,13496.56045135948,-0.0,-0.0,13262.90322580645,20.0,33.657225553029114,23.56005788712038,200.0
2030-01-27 06:00:00,13496.56045135948,-0.0,-0.0,13262.90322580645,20.0,33.657225553029114,23.56005788712038,200.0
2030-01-27 07:00:00,13496.56045135948,-0.0,-0.0,13262.90322580645,20.0,33.657225553029114,23.56005788712038,200.0
2030-01-27 08:00:00,13496.56045135948,-0.0,-0.0,13262.90322580645,20.0,33.657225553029114,23.56005788712038,200.0
2030-01-27 09:00:00,13496.56045135948,-0.0,-0.0,13262.90322580645,20.0,33.657225553029114,23.56005788712038,200.0
2030-01-27 10:00:00,-0.0,13496.56045135948,-0.0,13262.90322580645,20.0,33.657225553029114,23.56005788712038,200.0
2030-01-27 11:00:00,-0.0,13496.56045135948,-0.0,13262.90322580645,20.0,33.657225553029114,23.56005788712038,200.0
2030-01-27 12:00:00,-0.0,13496.56045135948,-0.0,13262.90322580645,20.0,33.657225553029114,23.56005788712038,200.0
2030-01-27 13:00:00,-0.0,13496.56045135948,-0.0,13262.90322580645,20.0,33.657225553029114,23.56005788712038,200.0
2030-01-27 14:00:00,-0.0,13496.56045135948,-0.0,13262.90322580645,20.0,33.657225553029114,23.56005788712038,200.0
2030-01-27 15:00:00,-0.0,13496.56045135948,-0.0,13262.90322580645,20.0,33.657225553029114,23.56005788712038,200.0
2030-01-27 16:00:00,-0.0,13496.56045135948,-0.0,13262.90322580645,20.0,33.657225553029114,23.56005788712038,200.0
2030-01-27 17:00:00,-0.0,13496.56045135948,-0.0,13262.90322580645,20.0,33.657225553029114,23.56005788712038,200.0
2030-01-27 18:00:00,-0.0,13496.56045135948,-0.0,13262.90322580645,20.0,33.657225553029114,23.56005788712038,200.0
2030-01-27 19:00:00,-0.0,13496.56045135948,-0.0,13262.90322580645,20.0,33.657225553029114,23.56005788712038,200.0
2030-01-27 20:00:00,-0.0,13496.56045135948,-0.0,13262.90322580645,20.0,33.657225553029114,23.56005788712038,200.0
2030-01-27 21:00:00,-0.0,13496.56045135948,-0.0,13262.90322580645,20.0,33.657225553029114,23.56005788712038,200.0
2030-01-27 22:00:00,-0.0,13496.56045135948,-0.0,13262.90322580645,20.0,33.657225553029114,23.56005788712038,200.0
2030-01-27 23:00:00,-0.0,13496.56045135948,-0.0,13262.90322580645,20.0,33.657225553029114,23.56005788712038,200.0
2030-01-28 00:00:00,-0.0,13496.56045135948,-0.0,13262.90322580645,20.0,33.657225553029114,23.56005788712038,200.0
2030-01-28 01:00:00,-0.0,13496.56045135948,-0.0,13262.90322580645,20.0,33.657225553029114,23.56005788712038,200.0
2030-01-28 02:00:00,-0.0,9346.303546529733,3916.5996792767182,13262.90322580645,20.0,-0.0,-0.0,0.0
2030-01-28 03:00:00,13496.56045135948,-0.0,-0.0,13262.90322580645,20.0,33.657225553029114,23.56005788712038,200.0
2030-01-28 04:00:00,13496.56045135948,-0.0,-0.0,13262.90322580645,20.0,33.657225553029114,23.56005788712038,200.0
2030-01-28 05:00:00,13496.56045135948,-0.0,-0.0,13262.90322580645,20.0,33.657225553029114,23.56005788712038,200.0
2030-01-28 06:00:00,13496.56045135948,-0.0,-0.0,13262.90322580645,20.0,33.657225553029114,23.56005788712038,200.0
2030-01-28 07:00:00,13496.56045135948,-0.0,-0.0,13262.90322580645,20.0,33.657225553029114,23.56005788712038,200.0
2030-01-28 08:00:00,13496.56045135948,-0.0,-0.0,13262.90322580645,20.0,33.657225553029114,23.56005788712038,200.0
2030-01-28 09:00:00,13496.56045135948,-0.0,-0.0,13262.90322580645,20.0,33.657225553029114,23.56005788712038,200.0
2030-01-28 10:00:00,13496.56045135948,-0.0,-0.0,13262.90322580645,20.0,33.657225553029114,23.56005788712038,200.0
2030-01-28 11:00:00,13496.56045135948,-0.0,-0.0,13262.90322580645,20.0,33.657225553029114,23.56005788712038,200.0
2030-01-28 12:00:00,-0.0,-0.0,13262.90322580645,13262.90322580645,20.0,-0.0,-0.0,0.0
2030-01-28 13:00:00,-0.0,5094.791124388843,8168.112101417608,13262.90322580645,20.0,-0.0,-0.0,0.0
2030-01-28 14:00:00,-0.0,10763.474353910022,2499.428871896429,13262.90322580645,20.0,-0.0,-0.0,0.0
2030-01-28 15:00:00,-0.0,10763.474353910022,2499.428871896429,13262.90322580645,20.0,-0.0,-0.0,0.0
2030-01-28 16:00:00,-0.0,6511.96193176913,6750.94129403732,13262.90322580645,20.0,-0.0,-0.0,0.0
2030-01-28 17:00:00,-0.0,1045.7316747308414,12217.17155107561,13262.90322580645,20.0,-0.0,-0.0,0.0
2030-01-28 18:00:00,-0.0,-0.0,13262.90322580645,13262.90322580645,20.0,-0.0,-0.0,0.0
2030-01-28 19:00:00,-0.0,-0.0,13262.90322580645,13262.90322580645,20.0,-0.0,-0.0,0.0
2030-01-28 20:00:00,-0.0,-0.0,13262.90322580645,13262.90322580645,20.0,-0.0,-0.0,0.0
2030-01-28 21:00:00,-0.0,-0.0,13262.90322580645,13262.90322580645,20.0,-0.0,-0.0,0.0
2030-01-28 22:00:00,-0.0,7929.132739149419,5333.770486657032,13262.90322580645,20.0,-0.0,-0.0,0.0
2030-01-28 23:00:00,-0.0,12180.645161290322,1082.2580645161288,13262.90322580645,20.0,-0.0,-0.0,0.0
2030-01-29 00:00:00,-0.0,13496.56045135948,-0.0,13262.90322580645,20.0,33.657225553029114,23.56005788712038,200.0
2030-01-29 01:00:00,-0.0,13496.56045135948,-0.0,13262.90322580645,20.0,33.657225553029114,23.56005788712038,200.0
2030-01-29 02:00:00,-0.0,13496.56045135948,-0.0,13262.90322580645,20.0,33.657225553029114,23.56005788712038,200.0
2030-01-29 03:00:00,13496.56045135948,-0.0,-0.0,13262.90322580645,20.0,33.657225553029114,23.56005788712038,200.0
2030-01-29 04:00:00,13496.56045135948,-0.0,-0.0,13262.90322580645,20.0,33.657225553029114,23.56005788712038,200.0
2030-01-29 05:00:00,13496.56045135948,-0.0,-0.0,13262.90322580645,20.0,33.657225553029114,23.56005788712038,200.0
2030-01-29 06:00:00,13496.56045135948,-0.0,-0.0,13262.90322580645,20.0,33.657225553029114,23.56005788712038,200.0
2030-01-29 07:00:00,13496.56045135948,-0.0,-0.0,13262.90322580645,20.0,33.657225553029114,23.56005788712038,200.0
2030-01-29 08:00:00,13496.56045135948,-0.0,-0.0,13262.90322580645,20.0,33.657225553029114,23.56005788712038,200.0
2030-01-29 09:00:00,-0.0,13496.56045135948,-0.0,13262.90322580645,20.0,33.657225553029114,23.56005788712038,200.0
2030-01-29 10:00:00,13496.56045135948,-0.0,-0.0,13262.90322580645,20.0,33.657225553029114,23.56005788712038,200.0
2030-01-29 11:00:00,13496.56045135948,-0.0,-0.0,13262.90322580645,20.0,33.657225553029114,23.56005788712038,200.0
2030-01-29 12:00:00,-0.0,13496.56045135948,-0.0,13262.90322580645,20.0,33.657225553029114,23.56005788712038,200.0
2030-01-29 13:00:00,-0.0,13496.56045135948,-0.0,13262.90322580645,20.0,33.657225553029114,23.56005788712038,200.0
2030-01-29 14:00:00,-0.0,13496.56045135948,-0.0,13262.90322580645,20.0,33.657225553029114,23.56005788712038,200.0
2030-01-29 15:00:00,-0.0,13496.56045135948,-0.0,13262.90322580645,20.0,33.657225553029114,23.56005788712038,200.0
2030-01-29 16:00:00,-0.0,13496.56045135948,-0.0,13262.90322580645,20.0,33.657225553029114,23.56005788712038,200.0
2030-01-29 17:00:00,-0.0,13496.56045135948,-0.0,13262.90322580645,20.0,33.657225553029114,23.56005788712038,200.0
2030-01-29 18:00:00,-0.0,13496.56045135948,-0.0,13262.90322580645,20.0,33.657225553029114,23.56005788712038,200.0
2030-01-29 19:00:00,-0.0,13496.56045135948,-0.0,13262.90322580645,20.0,33.657225553029114,23.56005788712038,200.0
2030-01-29 20:00:00,-0.0,13496.56045135948,-0.0,13262.90322580645,20.0,33.657225553029114,23.56005788712038,200.0
2030-01-29 21:00:00,-0.0,13496.56045135948,-0.0,13262.90322580645,20.0,33.657225553029114,23.56005788712038,200.0
2030-01-29 22:00:00,-0.0,13496.56045135948,-0.0,13262.90322580645,20.0,33.657225553029114,23.56005788712038,200.0
2030-01-29 23:00:00,-0.0,13496.56045135948,-0.0,13262.90322580645,20.0,33.657225553029114,23.56005788712038,200.0
2030-01-30 00:00:00,-0.0,13496.56045135948,-0.0,13262.90322580645,20.0,33.657225553029114,23.56005788712038,200.0
2030-01-30 01:00:00,-0.0,13496.56045135948,-0.0,13262.90322580645,20.0,33.657225553029114,23.56005788712038,200.0
2030-01-30 02:00:00,-0.0,13496.56045135948,-0.0,13262.90322580645,20.0,33.657225553029114,23.56005788712038,200.0
2030-01-30 03:00:00,7142.518512531561,6354.04193882792,-0.0,13262.90322580645,20.0,33.657225553029114,23.56005788712038,200.0
2030-01-30 04:00:00,13496.56045135948,-0.0,-0.0,13262.90322580645,20.0,33.657225553029114,23.56005788712038,200.0
2030-01-30 05:00:00,13496.56045135948,-0.0,-0.0,13262.90322580645,20.0,33.657225553029114,23.56005788712038,200.0
2030-01-30 06:00:00,13496.56045135948,-0.0,-0.0,13262.90322580645,20.0,33.657225553029114,23.56005788712038,200.0
2030-01-30 07:00:00,13496.56045135948,-0.0,-0.0,13262.90322580645,20.0,33.657225553029114,23.56005788712038,200.0
2030-01-30 08:00:00,13496.56045135948,-0.0,-0.0,13262.90322580645,20.0,33.657225553029114,23.56005788712038,200.0
2030-01-30 09:00:00,13496.56045135948,-0.0,-0.0,13262.90322580645,20.0,33.657225553029114,23.56005788712038,200.0
2030-01-30 10:00:00,13496.56045135948,-0.0,-0.0,13262.90322580645,20.0,33.657225553029114,23.56005788712038,200.0
2030-01-30 11:00:00,13496.56045135948,-0.0,-0.0,13262.90322580645,20.0,33.657225553029114,23.56005788712038,200.0
2030-01-30 12:00:00,-0.0,13496.56045135948,-0.0,13262.90322580645,20.0,33.657225553029114,23.56005788712038,200.0
2030-01-30 13:00:00,-0.0,13496.56045135948,-0.0,13262.90322580645,20.0,33.657225553029114,23.56005788712038,200.0
2030-01-30 14:00:00,-0.0,13496.56045135948,-0.0,13262.90322580645,20.0,33.657225553029114,23.56005788712038,200.0
2030-01-30 15:00:00,-0.0,13496.56045135948,-0.0,13262.90322580645,20.0,33.657225553029114,23.56005788712038,200.0
2030-01-30 16:00:00,-0.0,13496.56045135948,-0.0,13262.90322580645,20.0,33.657225553029114,23.56005788712038,200.0
2030-01-30 17:00:00,-0.0,13496.56045135948,-0.0,13262.90322580645,20.0,33.657225553029114,23.56005788712038,200.0
2030-01-30 18:00:00,-0.0,13496.56045135948,-0.0,13262.90322580645,20.0,33.657225553029114,23.56005788712038,200.0
2030-01-30 19:00:00,-0.0,13496.56045135948,-0.0,13262.90322580645,20.0,33.657225553029114,23.56005788712038,200.0
2030-01-30 20:00:00,-0.0,13496.56045135948,-0.0,13262.90322580645,20.0,33.657225553029114,23.56005788712038,200.0
2030-01-30 21:00:00,-0.0,13496.56045135948,-0.0,13262.90322580645,20.0,33.657225553029114,23.56005788712038,200.0
2030-01-30 22:00:00,-0.0,13496.56045135948,-0.0,13262.90322580645,20.0,33.657225553029114,23.56005788712038,200.0
2030-01-30 23:00:00,-0.0,13496.56045135948,-0.0,13262.90322580645,20.0,33.657225553029114,23.56005788712038,200.0
2030-01-31 00:00:00,-0.0,13496.56045135948,-0.0,13262.90322580645,20.0,33.657225553029114,23.56005788712038,200.0
2030-01-31 01:00:00,-0.0,13496.56045135948,-0.0,13262.90322580645,20.0,33.657225553029114,23.56005788712038,200.0
2030-01-31 02:00:00,-0.0,13496.56045135948,-0.0,13262.90322580645,20.0,33.657225553029114,23.56005788712038,200.0
2030-01-31 03:00:00,8630.499876839709,4866.060574519772,-0.0,13262.90322580645,20.0,33.657225553029114,23.56005788712038,200.0
2030-01-31 04:00:00,13496.56045135948,-0.0,-0.0,13262.90322580645,20.0,33.657225553029114,23.56005788712038,200.0
2030-01-31 05:00:00,13496.56045135948,-0.0,-0.0,13262.90322580645,20.0,33.657225553029114,23.56005788712038,200.0
2030-01-31 06:00:00,13496.56045135948,-0.0,-0.0,13262.90322580645,20.0,33.657225553029114,23.56005788712038,200.0
2030-01-31 07:00:00,13496.56045135948,-0.0,-0.0,13262.90322580645,20.0,33.657225553029114,23.56005788712038,200.0
2030-01-31 08:00:00,13496.56045135948,-0.0,-0.0,13262.90322580645,20.0,33.657225553029114,23.56005788712038,200.0
2030-01-31 09:00:00,13496.56045135948,-0.0,-0.0,13262.90322580645,20.0,33.657225553029114,23.56005788712038,200.0
2030-01-31 10:00:00,13496.56045135948,-0.0,-0.0,13262.90322580645,20.0,33.657225553029114,23.56005788712038,200.0
2030-01-31 11:00:00,13496.56045135948,-0.0,-0.0,13262.90322580645,20.0,33.657225553029114,23.56005788712038,200.0
2030-01-31 12:00:00,-0.0,13496.56045135948,-0.0,13262.90322580645,20.0,33.657225553029114,23.56005788712038,200.0
2030-01-31 13:00:00,-0.0,13496.56045135948,-0.0,13262.90322580645,20.0,33.657225553029114,23.56005788712038,200.0
2030-01-31 14:00:00,-0.0,13496.56045135948,-0.0,13262.90322580645,20.0,33.657225553029114,23.56005788712038,200.0
2030-01-31 15:00:00,-0.0,13496.56045135948,-0.0,13262.90322580645,20.0,33.657225553029114,23.56005788712038,200.0
2030-01-31 16:00:00,-0.0,13496.56045135948,-0.0,13262.90322580645,20.0,33.657225553029114,23.56005788712038,200.0
2030-01-31 17:00:00,-0.0,13496.56045135948,-0.0,13262.90322580645,20.0,33.657225553029114,23.56005788712038,200.0
2030-01-31 18:00:00,-0.0,13496.56045135948,-0.0,13262.90322580645,20.0,33.657225553029114,23.56005788712038,200.0
2030-01-31 19:00:00,-0.0,13496.56045135948,-0.0,13262.90322580645,20.0,33.657225553029114,23.56005788712038,200.0
2030-01-31 20:00:00,-0.0,13496.56045135948,-0.0,13262.90322580645,20.0,33.657225553029114,23.56005788712038,200.0
2030-01-31 21:00:00,-0.0,13496.56045135948,-0.0,13262.90322580645,20.0,33.657225553029114,23.56005788712038,200.0
2030-01-31 22:00:00,-0.0,3677.6203170085287,9585.282908797923,13262.90322580645,20.0,-0.0,-0.0,0.0
2030-01-31 23:00:00,-0.0,-0.0,13262.90322580645,13262.90322580645,20.0,-0.0,-0.0,0.0
2030-02-01 00:00:00,-0.0,-0.0,13144.791666666666,13144.791666666666,20.0,-0.0,-0.0,0.0
2030-02-01 01:00:00,-0.0,-0.0,13144.791666666666,13144.791666666666,20.0,-0.0,-0.0,0.0
2030-02-01 02:00:00,-0.0,-0.0,13144.791666666666,13144.791666666666,20.0,-0.0,-0.0,0.0
2030-02-01 03:00:00,13378.448892219696,-0.0,-0.0,13144.791666666666,20.0,33.657225553029114,23.56005788712038,200.0
2030-02-01 04:00:00,13378.448892219696,-0.0,-0.0,13144.791666666666,20.0,33.657225553029114,23.56005788712038,200.0
2030-02-01 05:00:00,13378.448892219696,-0.0,-0.0,13144.791666666666,20.0,33.657225553029114,23.56005788712038,200.0
2030-02-01 06:00:00,13378.448892219696,-0.0,-0.0,13144.791666666666,20.0,33.657225553029114,23.56005788712038,200.0
2030-02-01 07:00:00,13378.448892219696,-0.0,-0.0,13144.791666666666,20.0,33.657225553029114,23.56005788712038,200.0
2030-02-01 08:00:00,13378.448892219696,-0.0,-0.0,13144.791666666666,20.0,33.657225553029114,23.56005788712038,200.0
2030-02-01 09:00:00,13378.448892219696,-0.0,-0.0,13144.791666666666,20.0,33.657225553029114,23.56005788712038,200.0
2030-02-01 10:00:00,13378.448892219696,-0.0,-0.0,13144.791666666666,20.0,33.657225553029114,23.56005788712038,200.0
2030-02-01 11:00:00,-0.0,13378.448892219696,-0.0,13144.791666666666,20.0,33.657225553029114,23.56005788712038,200.0
2030-02-01 12:00:00,-0.0,13378.448892219696,-0.0,13144.791666666666,20.0,33.657225553029114,23.56005788712038,200.0
2030-02-01 13:00:00,-0.0,13378.448892219696,-0.0,13144.791666666666,20.0,33.657225553029114,23.56005788712038,200.0
2030-02-01 14:00:00,-0.0,13378.448892219696,-0.0,13144.791666666666,20.0,33.657225553029114,23.56005788712038,200.0
2030-02-01 15:00:00,-0.0,13378.448892219696,-0.0,13144.791666666666,20.0,33.657225553029114,23.56005788712038,200.0
2030-02-01 16:00:00,-0.0,13378.448892219696,-0.0,13144.791666666666,20.0,33.657225553029114,23.56005788712038,200.0
2030-02-01 17:00:00,-0.0,13378.448892219696,-0.0,13144.791666666666,20.0,33.657225553029114,23.56005788712038,200.0
2030-02-01 18:00:00,-0.0,13378.448892219696,-0.0,13144.791666666666,20.0,33.657225553029114,23.56005788712038,200.0
2030-02-01 19:00:00,-0.0,13378.448892219696,-0.0,13144.791666666666,20.0,33.657225553029114,23.56005788712038,200.0
2030-02-01 20:00:00,-0.0,13378.448892219696,-0.0,13144.791666666666,20.0,33.657225553029114,23.56005788712038,200.0
2030-02-01 21:00:00,-0.0,13378.448892219696,-0.0,13144.791666666666,20.0,33.657225553029114,23.56005788712038,200.0
2030-02-01 22:00:00,-0.0,13378.448892219696,-0.0,13144.791666666666,20.0,33.657225553029114,23.56005788712038,200.0
2030-02-01 23:00:00,-0.0,13378.448892219696,-0.0,13144.791666666666,20.0,33.657225553029114,23.56005788712038,200.0
2030-02-02 00:00:00,-0.0,13378.448892219696,-0.0,13144.791666666666,20.0,33.657225553029114,23.56005788712038,200.0
2030-02-02 01:00:00,-0.0,13378.448892219696,-0.0,13144.791666666666,20.0,33.657225553029114,23.56005788712038,200.0
2030-02-02 02:00:00,-0.0,13378.448892219696,-0.0,13144.791666666666,20.0,33.657225553029114,23.56005788712038,200.0
2030-02-02 03:00:00,-0.0,13378.448892219696,-0.0,13144.791666666666,20.0,33.657225553029114,23.56005788712038,200.0
2030-02-02 04:00:00,13378.448892219696,-0.0,-0.0,13144.791666666666,20.0,33.657225553029114,23.56005788712038,200.0
2030-02-02 05:00:00,13378.448892219696,-0.0,-0.0,13144.791666666666,20.0,33.657225553029114,23.56005788712038,200.0
2030-02-02 06:00:00,13378.448892219696,-0.0,-0.0,13144.791666666666,20.0,33.657225553029114,23.56005788712038,200.0
2030-02-02 07:00:00,13378.448892219696,-0.0,-0.0,13144.791666666666,20.0,33.657225553029114,23.56005788712038,200.0
2030-02-02 08:00:00,13378.448892219696,-0.0,-0.0,13144.791666666666,20.0,33.657225553029114,23.56005788712038,200.0
2030-02-02 09:00:00,13378.448892219696,-0.0,-0.0,13144.791666666666,20.0,33.657225553029114,23.56005788712038,200.0
2030-02-02 10:00:00,13378.448892219696,-0.0,-0.0,13144.791666666666,20.0,33.657225553029114,23.56005788712038,200.0
2030-02-02 11:00:00,-0.0,13378.448892219696,-0.0,13144.791666666666,20.0,33.657225553029114,23.56005788712038,200.0
2030-02-02 12:00:00,-0.0,13378.448892219696,-0.0,13144.791666666666,20.0,33.657225553029114,23.56005788712038,200.0
2030-02-02 13:00:00,-0.0,13378.448892219696,-0.0,13144.791666666666,20.0,33.657225553029114,23.56005788712038,200.0
2030-02-02 14:00:00,-0.0,12180.645161290322,964.1465053763441,13144.791666666666,20.0,-0.0,-0.0,0.0
2030-02-02 15:00:00,-0.0,-0.0,13144.791666666666,13144.791666666666,20.0,-0.0,-0.0,0.0
2030-02-02 16:00:00,-0.0,-0.0,13144.791666666666,13144.791666666666,20.0,-0.0,-0.0,0.0
2030-02-02 17:00:00,-0.0,-0.0,13144.791666666666,13144.791666666666,20.0,-0.0,-0.0,0.0
2030-02-02 18:00:00,-0.0,-0.0,13144.791666666666,13144.791666666666,20.0,-0.0,-0.0,0.0
2030-02-02 19:00:00,-0.0,-0.0,13144.791666666666,13144.791666666666,20.0,-0.0,-0.0,0.0
2030-02-02 20:00:00,-0.0,3677.6203170085287,9467.171349658138,13144.791666666666,20.0,-0.0,-0.0,0.0
2030-02-02 21:00:00,-0.0,9346.303546529733,3798.4881201369335,13144.791666666666,20.0,-0.0,-0.0,0.0
2030-02-02 22:00:00,-0.0,13378.448892219696,-0.0,13144.791666666666,20.0,33.657225553029114,23.56005788712038,200.0
2030-02-02 23:00:00,-0.0,13378.448892219696,-0.0,13144.791666666666,20.0,33.657225553029114,23.56005788712038,200.0
2030-02-03 00:00:00,-0.0,13378.448892219696,-0.0,13144.791666666666,20.0,33.657225553029114,23.56005788712038,200.0
2030-02-03 01:00:00,-0.0,13378.448892219696,-0.0,13144.791666666666,20.0,33.657225553029114,23.56005788712038,200.0
2030-02-03 02:00:00,-0.0,13378.448892219696,-0.0,13144.791666666666,20.0,33.657225553029114,23.56005788712038,200.0
2030-02-03 03:00:00,-0.0,13378.448892219696,-0.0,13144.791666666666,20.0,33.657225553029114,23.56005788712038,200.0
2030-02-03 04:00:00,10116.401602623315,3262.0472895963812,-0.0,13144.791666666666,20.0,33.657225553029114,23.56005788712038,200.0
2030-02-03 05:00:00,13378.448892219696,-0.0,-0.0,13144.791666666666,20.0,33.657225553029114,23.56005788712038,200.0
2030-02-03 06:00:00,13378.448892219696,-0.0,-0.0,13144.791666666666,20.0,33.657225553029114,23.56005788712038,200.0
2030-02-03 07:00:00,13378.448892219696,-0.0,-0.0,13144.791666666666,20.0,33.657225553029114,23.56005788712038,200.0
2030-02-03 08:00:00,13378.448892219696,-0.0,-0.0,13144.791666666666,20.0,33.657225553029114,23.56005788712038,200.0
2030-02-03 09:00:00,13378.448892219696,-0.0,-0.0,13144.791666666666,20.0,33.657225553029114,23.56005788712038,200.0
2030-02-03 10:00:00,-0.0,13378.448892219696,-0.0,13144.791666666666,20.0,33.657225553029114,23.56005788712038,200.0
2030-02-03 11:00:00,-0.0,13378.448892219696,-0.0,13144.791666666666,20.0,33.657225553029114,23.56005788712038,200.0
2030-02-03 12:00:00,-0.0,13378.448892219696,-0.0,13144.791666666666,20.0,33.657225553029114,23.56005788712038,200.0
2030-02-03 13:00:00,-0.0,13378.448892219696,-0.0,13144.791666666666,20.0,33.657225553029114,23.56005788712038,200.0
2030-02-03 14:00:00,-0.0,13378.448892219696,-0.0,13144.791666666666,20.0,33.657225553029114,23.56005788712038,200.0
2030-02-03 15:00:00,-0.0,13378.448892219696,-0.0,13144.791666666666,20.0,33.657225553029114,23.56005788712038,200.0
2030-02-03 16:00:00,-0.0,13378.448892219696,-0.0,13144.791666666666,20.0,33.657225553029114,23.56005788712038,200.0
2030-02-03 17:00:00,-0.0,13378.448892219696,-0.0,13144.791666666666,20.0,33.657225553029114,23.56005788712038,200.0
2030-02-03 18:00:00,-0.0,13378.448892219696,-0.0,13144.791666666666,20.0,33.657225553029114,23.56005788712038,200.0
2030-02-03 19:00:00,-0.0,13378.448892219696,-0.0,13144.791666666666,20.0,33.657225553029114,23.56005788712038,200.0
2030-02-03 20:00:00,-0.0,13378.448892219696,-0.0,13144.791666666666,20.0,33.657225553029114,23.56005788712038,200.0
2030-02-03 21:00:00,-0.0,13378.448892219696,-0.0,13144.791666666666,20.0,33.657225553029114,23.56005788712038,200.0
2030-02-03 22:00:00,-0.0,13378.448892219696,-0.0,13144.791666666666,20.0,33.657225553029114,23.56005788712038,200.0
2030-02-03 23:00:00,-0.0,13378.448892219696,-0.0,13144.791666666666,20.0,33.657225553029114,23.56005788712038,200.0
2030-02-04 00:00:00,-0.0,13378.448892219696,-0.0,13144.791666666666,20.0,33.657225553029114,23.56005788712038,200.0
2030-02-04 01:00:00,-0.0,13378.448892219696,-0.0,13144.791666666666,20.0,33.657225553029114,23.56005788712038,200.0
2030-02-04 02:00:00,-0.0,13378.448892219696,-0.0,13144.791666666666,20.0,33.657225553029114,23.56005788712038,200.0
2030-02-04 03:00:00,13378.448892219696,-0.0,-0.0,13144.791666666666,20.0,33.657225553029114,23.56005788712038,200.0
2030-02-04 04:00:00,13378.448892219696,-0.0,-0.0,13144.791666666666,20.0,33.657225553029114,23.56005788712038,200.0
2030-02-04 05:00:00,13378.448892219696,-0.0,-0.0,13144.791666666666,20.0,33.657225553029114,23.56005788712038,200.0
2030-02-04 06:00:00,13378.448892219696,-0.0,-0.0,13144.791666666666,20.0,33.657225553029114,23.56005788712038,200.0
2030-02-04 07:00:00,13378.448892219696,-0.0,-0.0,13144.791666666666,20.0,33.657225553029114,23.56005788712038,200.0
2030-02-04 08:00:00,13378.448892219696,-0.0,-0.0,13144.791666666666,20.0,33.657225553029114,23.56005788712038,200.0
2030-02-04 09:00:00,13378.448892219696,-0.0,-0.0,13144.791666666666,20.0,33.657225553029114,23.56005788712038,200.0
2030-02-04 10:00:00,12058.783984543385,1319.6649076763115,-0.0,13144.791666666666,20.0,33.657225553029114,23.56005788712038,200.0
2030-02-04 11:00:00,-0.0,13378.448892219696,-0.0,13144.791666666666,20.0,33.657225553029114,23.56005788712038,200.0
2030-02-04 12:00:00,-0.0,13378.448892219696,-0.0,13144.791666666666,20.0,33.657225553029114,23.56005788712038,200.0
2030-02-04 13:00:00,-0.0,13378.448892219696,-0.0,13144.791666666666,20.0,33.657225553029114,23.56005788712038,200.0
2030-02-04 14:00:00,-0.0,13378.448892219696,-0.0,13144.791666666666,20.0,33.657225553029114,23.56005788712038,200.0
2030-02-04 15:00:00,-0.0,13378.448892219696,-0.0,13144.791666666666,20.0,33.657225553029114,23.56005788712038,200.0
2030-02-04 16:00:00,-0.0,13378.448892219696,-0.0,13144.791666666666,20.0,33.657225553029114,23.56005788712038,200.0
2030-02-04 17:00:00,-0.0,13378.448892219696,-0.0,13144.791666666666,20.0,33.657225553029114,23.56005788712038,200.0
2030-02-04 18:00:00,-0.0,13378.448892219696,-0.0,13144.791666666666,20.0,33.657225553029114,23.56005788712038,200.0
2030-02-04 19:00:00,-0.0,13378.448892219696,-0.0,13144.791666666666,20.0,33.657225553029114,23.56005788712038,200.0
2030-02-04 20:00:00,-0.0,13378.448892219696,-0.0,13144.791666666666,20.0,33.657225553029114,23.56005788712038,200.0
2030-02-04 21:00:00,-0.0,13378.448892219696,-0.0,13144.791666666666,20.0,33.657225553029114,23.56005788712038,200.0
2030-02-04 22:00:00,-0.0,13378.448892219696,-0.0,13144.791666666666,20.0,33.657225553029114,23.56005788712038,200.0
2030-02-04 23:00:00,-0.0,13378.448892219696,-0.0,13144.791666666666,20.0,33.657225553029114,23.56005788712038,200.0
2030-02-05 00:00:00,-0.0,13378.448892219696,-0.0,13144.791666666666,20.0,33.657225553029114,23.56005788712038,200.0
2030-02-05 01:00:00,-0.0,13378.448892219696,-0.0,13144.791666666666,20.0,33.657225553029114,23.56005788712038,200.0
2030-02-05 02:00:00,-0.0,13378.448892219696,-0.0,13144.791666666666,20.0,33.657225553029114,23.56005788712038,200.0
2030-02-05 03:00:00,13378.448892219696,-0.0,-0.0,13144.791666666666,20.0,33.657225553029114,23.56005788712038,200.0
2030-02-05 04:00:00,13378.448892219696,-0.0,-0.0,13144.791666666666,20.0,33.657225553029114,23.56005788712038,200.0
2030-02-05 05:00:00,13378.448892219696,-0.0,-0.0,13144.791666666666,20.0,33.657225553029114,23.56005788712038,200.0
2030-02-05 06:00:00,13378.448892219696,-0.0,-0.0,13144.791666666666,20.0,33.657225553029114,23.56005788712038,200.0
2030-02-05 07:00:00,13378.448892219696,-0.0,-0.0,13144.791666666666,20.0,33.657225553029114,23.56005788712038,200.0
2030-02-05 08:00:00,13378.448892219696,-0.0,-0.0,13144.791666666666,20.0,33.657225553029114,23.56005788712038,200.0
2030-02-05 09:00:00,13378.448892219696,-0.0,-0.0,13144.791666666666,20.0,33.657225553029114,23.56005788712038,200.0
2030-02-05 10:00:00,13378.448892219696,-0.0,-0.0,13144.791666666666,20.0,33.657225553029114,23.56005788712038,200.0
2030-02-05 11:00:00,10230.781721472998,3147.6671707466976,-0.0,13144.791666666666,20.0,33.657225553029114,23.56005788712038,200.0
2030-02-05 12:00:00,-0.0,13378.448892219696,-0.0,13144.791666666666,20.0,33.657225553029114,23.56005788712038,200.0
2030-02-05 13:00:00,-0.0,6511.96193176913,6632.829734897536,13144.791666666666,20.0,-0.0,-0.0,0.0
2030-02-05 14:00:00,-0.0,-0.0,13144.791666666666,13144.791666666666,20.0,-0.0,-0.0,0.0
2030-02-05 15:00:00,-0.0,2462.9024821111293,10681.889184555537,13144.791666666666,20.0,-0.0,-0.0,0.0
2030-02-05 16:00:00,-0.0,13378.448892219696,-0.0,13144.791666666666,20.0,33.657225553029114,23.56005788712038,200.0
2030-02-05 17:00:00,-0.0,13378.448892219696,-0.0,13144.791666666666,20.0,33.657225553029114,23.56005788712038,200.0
2030-02-05 18:00:00,-0.0,13378.448892219696,-0.0,13144.791666666666,20.0,33.657225553029114,23.56005788712038,200.0
2030-02-05 19:00:00,-0.0,13378.448892219696,-0.0,13144.791666666666,20.0,33.657225553029114,23.56005788712038,200.0
2030-02-05 20:00:00,-0.0,13378.448892219696,-0.0,13144.791666666666,20.0,33.657225553029114,23.56005788712038,200.0
2030-02-05 21:00:00,-0.0,13378.448892219696,-0.0,13144.791666666666,20.0,33.657225553029114,23.56005788712038,200.0
2030-02-05 22:00:00,-0.0,13378.448892219696,-0.0,13144.791666666666,20.0,33.657225553029114,23.56005788712038,200.0
2030-02-05 23:00:00,-0.0,13378.448892219696,-0.0,13144.791666666666,20.0,33.657225553029114,23.56005788712038,200.0
2030-02-06 00:00:00,-0.0,13378.448892219696,-0.0,13144.791666666666,20.0,33.657225553029114,23.56005788712038,200.0
2030-02-06 01:00:00,-0.0,13378.448892219696,-0.0,13144.791666666666,20.0,33.657225553029114,23.56005788712038,200.0
2030-02-06 02:00:00,-0.0,13378.448892219696,-0.0,13144.791666666666,20.0,33.657225553029114,23.56005788712038,200.0
2030-02-06 03:00:00,5418.498175688159,7959.950716531537,-0.0,13144.791666666666,20.0,33.657225553029114,23.56005788712038,200.0
2030-02-06 04:00:00,-0.0,13378.448892219696,-0.0,13144.791666666666,20.0,33.657225553029114,23.56005788712038,200.0
2030-02-06 05:00:00,13378.448892219696,-0.0,-0.0,13144.791666666666,20.0,33.657225553029114,23.56005788712038,200.0
2030-02-06 06:00:00,13378.448892219696,-0.0,-0.0,13144.791666666666,20.0,33.657225553029114,23.56005788712038,200.0
2030-02-06 07:00:00,13378.448892219696,-0.0,-0.0,13144.791666666666,20.0,33.657225553029114,23.56005788712038,200.0
2030-02-06 08:00:00,13378.448892219696,-0.0,-0.0,13144.791666666666,20.0,33.657225553029114,23.56005788712038,200.0
2030-02-06 09:00:00,13378.448892219696,-0.0,-0.0,13144.791666666666,20.0,33.657225553029114,23.56005788712038,200.0
2030-02-06 10:00:00,8011.80741578915,5366.641476430546,-0.0,13144.791666666666,20.0,33.657225553029114,23.56005788712038,200.0
2030-02-06 11:00:00,-0.0,13378.448892219696,-0.0,13144.791666666666,20.0,33.657225553029114,23.56005788712038,200.0
2030-02-06 12:00:00,-0.0,13378.448892219696,-0.0,13144.791666666666,20.0,33.657225553029114,23.56005788712038,200.0
2030-02-06 13:00:00,-0.0,13378.448892219696,-0.0,13144.791666666666,20.0,33.657225553029114,23.56005788712038,200.0
2030-02-06 14:00:00,-0.0,13378.448892219696,-0.0,13144.791666666666,20.0,33.657225553029114,23.56005788712038,200.0
2030-02-06 15:00:00,-0.0,13378.448892219696,-0.0,13144.791666666666,20.0,33.657225553029114,23.56005788712038,200.0
2030-02-06 16:00:00,-0.0,13378.448892219696,-0.0,13144.791666666666,20.0,33.657225553029114,23.56005788712038,200.0
2030-02-06 17:00:00,-0.0,13378.448892219696,-0.0,13144.791666666666,20.0,33.657225553029114,23.56005788712038,200.0
2030-02-06 18:00:00,-0.0,13378.448892219696,-0.0,13144.791666666666,20.0,33.657225553029114,23.56005788712038,200.0
2030-02-06 19:00:00,-0.0,13378.448892219696,-0.0,13144.791666666666,20.0,33.657225553029114,23.56005788712038,200.0
2030-02-06 20:00:00,-0.0,13378.448892219696,-0.0,13144.791666666666,20.0,33.657225553029114,23.56005788712038,200.0
2030-02-06 21:00:00,-0.0,13378.448892219696,-0.0,13144.791666666666,20.0,33.657225553029114,23.56005788712038,200.0
2030-02-06 22:00:00,-0.0,13378.448892219696,-0.0,13144.791666666666,20.0,33.657225553029114,23.56005788712038,200.0
2030-02-06 23:00:00,-0.0,13378.448892219696,-0.0,13144.791666666666,20.0,33.657225553029114,23.56005788712038,200.0
2030-02-07 00:00:00,-0.0,13378.448892219696,-0.0,13144.791666666666,20.0,33.657225553029114,23.56005788712038,200.0
2030-02-07 01:00:00,-0.0,13378.448892219696,-0.0,13144.791666666666,20.0,33.657225553029114,23.56005788712038,200.0
2030-02-07 02:00:00,43.67240901532306,6511.96193176913,6589.157325882213,13144.791666666666,20.0,-0.0,-0.0,0.0
2030-02-07 03:00:00,13378.448892219696,-0.0,-0.0,13144.791666666666,20.0,33.657225553029114,23.56005788712038,200.0
2030-02-07 04:00:00,13378.448892219696,-0.0,-0.0,13144.791666666666,20.0,33.657225553029114,23.56005788712038,200.0
2030-02-07 05:00:00,13378.448892219696,-0.0,-0.0,13144.791666666666,20.0,33.657225553029114,23.56005788712038,200.0
2030-02-07 06:00:00,13378.448892219696,-0.0,-0.0,13144.791666666666,20.0,33.657225553029114,23.56005788712038,200.0
2030-02-07 07:00:00,13378.448892219696,-0.0,-0.0,13144.791666666666,20.0,33.657225553029114,23.56005788712038,200.0
2030-02-07 08:00:00,13378.448892219696,-0.0,-0.0,13144.791666666666,20.0,33.657225553029114,23.56005788712038,200.0
2030-02-07 09:00:00,13378.448892219696,-0.0,-0.0,13144.791666666666,20.0,33.657225553029114,23.56005788712038,200.0
2030-02-07 10:00:00,13378.448892219696,-0.0,-0.0,13144.791666666666,20.0,33.657225553029114,23.56005788712038,200.0
2030-02-07 11:00:00,13378.448892219696,-0.0,-0.0,13144.791666666666,20.0,33.657225553029114,23.56005788712038,200.0
2030-02-07 12:00:00,-0.0,13378.448892219696,-0.0,13144.791666666666,20.0,33.657225553029114,23.56005788712038,200.0
2030-02-07 13:00:00,-0.0,13378.448892219696,-0.0,13144.791666666666,20.0,33.657225553029114,23.56005788712038,200.0
2030-02-07 14:00:00,-0.0,13378.448892219696,-0.0,13144.791666666666,20.0,33.657225553029114,23.56005788712038,200.0
2030-02-07 15:00:00,-0.0,13378.448892219696,-0.0,13144.791666666666,20.0,33.657225553029114,23.56005788712038,200.0
2030-02-07 16:00:00,-0.0,13378.448892219696,-0.0,13144.791666666666,20.0,33.657225553029114,23.56005788712038,200.0
2030-02-07 17:00:00,-0.0,13378.448892219696,-0.0,13144.791666666666,20.0,33.657225553029114,23.56005788712038,200.0
2030-02-07 18:00:00,-0.0,13378.448892219696,-0.0,13144.791666666666,20.0,33.657225553029114,23.56005788712038,200.0
2030-02-07 19:00:00,-0.0,13378.448892219696,-0.0,13144.791666666666,20.0,33.657225553029114,23.56005788712038,200.0
2030-02-07 20:00:00,-0.0,9346.303546529733,3798.4881201369335,13144.791666666666,20.0,-0.0,-0.0,0.0
2030-02-07 21:00:00,-0.0,-0.0,13144.791666666666,13144.791666666666,20.0,-0.0,-0.0,0.0
2030-02-07 22:00:00,-0.0,-0.0,13144.791666666666,13144.791666666666,20.0,-0.0,-0.0,0.0
2030-02-07 23:00:00,-0.0,-0.0,13144.791666666666,13144.791666666666,20.0,-0.0,-0.0,0.0
2030-02-08 00:00:00,-0.0,10763.474353910022,2381.3173127566442,13144.791666666666,20.0,-0.0,-0.0,0.0
2030-02-08 01:00:00,-0.0,13378.448892219696,-0.0,13144.791666666666,20.0,33.657225553029114,23.56005788712038,200.0
2030-02-08 02:00:00,-0.0,13378.448892219696,-0.0,13144.791666666666,20.0,33.657225553029114,23.56005788712038,200.0
2030-02-08 03:00:00,13378.448892219696,-0.0,-0.0,13144.791666666666,20.0,33.657225553029114,23.56005788712038,200.0
2030-02-08 04:00:00,13378.448892219696,-0.0,-0.0,13144.791666666666,20.0,33.657225553029114,23.56005788712038,200.0
2030-02-08 05:00:00,13378.448892219696,-0.0,-0.0,13144.791666666666,20.0,33.657225553029114,23.56005788712038,200.0
2030-02-08 06:00:00,13378.448892219696,-0.0,-0.0,13144.791666666666,20.0,33.657225553029114,23.56005788712038,200.0
2030-02-08 07:00:00,13378.448892219696,-0.0,-0.0,13144.791666666666,20.0,33.657225553029114,23.56005788712038,200.0
2030-02-08 08:00:00,13378.448892219696,-0.0,-0.0,13144.791666666666,20.0,33.657225553029114,23.56005788712038,200.0
2030-02-08 09:00:00,13378.448892219696,-0.0,-0.0,13144.791666666666,20.0,33.657225553029114,23.56005788712038,200.0
2030-02-08 10:00:00,13378.448892219696,-0.0,-0.0,13144.791666666666,20.0,33.657225553029114,23.56005788712038,200.0
2030-02-08 11:00:00,13378.448892219696,-0.0,-0.0,13144.791666666666,20.0,33.657225553029114,23.56005788712038,200.0
2030-02-08 12:00:00,-0.0,13378.448892219696,-0.0,13144.791666666666,20.0,33.657225553029114,23.56005788712038,200.0
2030-02-08 13:00:00,-0.0,13378.448892219696,-0.0,13144.791666666666,20.0,33.657225553029114,23.56005788712038,200.0
2030-02-08 14:00:00,-0.0,13378.448892219696,-0.0,13144.791666666666,20.0,33.657225553029114,23.56005788712038,200.0
2030-02-08 15:00:00,-0.0,13378.448892219696,-0.0,13144.791666666666,20.0,33.657225553029114,23.56005788712038,200.0
2030-02-08 16:00:00,-0.0,13378.448892219696,-0.0,13144.791666666666,20.0,33.657225553029114,23.56005788712038,200.0
2030-02-08 17:00:00,-0.0,13378.448892219696,-0.0,13144.791666666666,20.0,33.657225553029114,23.56005788712038,200.0
2030-02-08 18:00:00,-0.0,13378.448892219696,-0.0,13144.791666666666,20.0,33.657225553029114,23.56005788712038,200.0
2030-02-08 19:00:00,-0.0,13378.448892219696,-0.0,13144.791666666666,20.0,33.657225553029114,23.56005788712038,200.0
2030-02-08 20:00:00,-0.0,13378.448892219696,-0.0,13144.791666666666,20.0,33.657225553029114,23.56005788712038,200.0
2030-02-08 21:00:00,-0.0,13378.448892219696,-0.0,13144.791666666666,20.0,33.657225553029114,23.56005788712038,200.0
2030-02-08 22:00:00,-0.0,13378.448892219696,-0.0,13144.791666666666,20.0,33.657225553029114,23.56005788712038,200.0
2030-02-08 23:00:00,-0.0,13378.448892219696,-0.0,13144.791666666666,20.0,33.657225553029114,23.56005788712038,200.0
2030-02-09 00:00:00,-0.0,13378.448892219696,-0.0,13144.791666666666,20.0,33.657225553029114,23.56005788712038,200.0
2030-02-09 01:00:00,-0.0,13378.448892219696,-0.0,13144.791666666666,20.0,33.657225553029114,23.56005788712038,200.0
2030-02-09 02:00:00,-0.0,13378.448892219696,-0.0,13144.791666666666,20.0,33.657225553029114,23.56005788712038,200.0
2030-02-09 03:00:00,-0.0,13378.448892219696,-0.0,13144.791666666666,20.0,33.657225553029114,23.56005788712038,200.0
2030-02-09 04:00:00,13378.448892219696,-0.0,-0.0,13144.791666666666,20.0,33.657225553029114,23.56005788712038,200.0
2030-02-09 05:00:00,13378.448892219696,-0.0,-0.0,13144.791666666666,20.0,33.657225553029114,23.56005788712038,200.0
2030-02-09 06:00:00,13378.448892219696,-0.0,-0.0,13144.791666666666,20.0,33.657225553029114,23.56005788712038,200.0
2030-02-09 07:00:00,13378.448892219696,-0.0,-0.0,13144.791666666666,20.0,33.657225553029114,23.56005788712038,200.0
2030-02-09 08:00:00,13378.448892219696,-0.0,-0.0,13144.791666666666,20.0,33.657225553029114,23.56005788712038,200.0
2030-02-09 09:00:00,13378.448892219696,-0.0,-0.0,13144.791666666666,20.0,33.657225553029114,23.56005788712038,200.0
2030-02-09 10:00:00,-0.0,13378.448892219696,-0.0,13144.791666666666,20.0,33.657225553029114,23.56005788712038,200.0
2030-02-09 11:00:00,-0.0,13378.448892219696,-0.0,13144.791666666666,20.0,33.657225553029114,23.56005788712038,200.0
2030-02-09 12:00:00,-0.0,13378.448892219696,-0.0,13144.791666666666,20.0,33.657225553029114,23.56005788712038,200.0
2030-02-09 13:00:00,-0.0,13378.448892219696,-0.0,13144.791666666666,20.0,33.657225553029114,23.56005788712038,200.0
2030-02-09 14:00:00,-0.0,13378.448892219696,-0.0,13144.791666666666,20.0,33.657225553029114,23.56005788712038,200.0
2030-02-09 15:00:00,-0.0,13378.448892219696,-0.0,13144.791666666666,20.0,33.657225553029114,23.56005788712038,200.0
2030-02-09 16:00:00,-0.0,13378.448892219696,-0.0,13144.791666666666,20.0,33.657225553029114,23.56005788712038,200.0
2030-02-09 17:00:00,-0.0,13378.448892219696,-0.0,13144.791666666666,20.0,33.657225553029114,23.56005788712038,200.0
2030-02-09 18:00:00,-0.0,13378.448892219696,-0.0,13144.791666666666,20.0,33.657225553029114,23.56005788712038,200.0
2030-02-09 19:00:00,-0.0,13378.448892219696,-0.0,13144.791666666666,20.0,33.657225553029114,23.56005788712038,200.0
2030-02-09 20:00:00,-0.0,13378.448892219696,-0.0,13144.791666666666,20.0,33.657225553029114,23.56005788712038,200.0
2030-02-09 21:00:00,-0.0,13378.448892219696,-0.0,13144.791666666666,20.0,33.657225553029114,23.56005788712038,200.0
2030-02-09 22:00:00,-0.0,13378.448892219696,-0.0,13144.791666666666,20.0,33.657225553029114,23.56005788712038,200.0
2030-02-09 23:00:00,-0.0,13378.448892219696,-0.0,13144.791666666666,20.0,33.657225553029114,23.56005788712038,200.0
2030-02-10 00:00:00,-0.0,13378.448892219696,-0.0,13144.791666666666,20.0,33.657225553029114,23.56005788712038,200.0
2030-02-10 01:00:00,-0.0,13378.448892219696,-0.0,13144.791666666666,20.0,33.657225553029114,23.56005788712038,200.0
2030-02-10 02:00:00,-0.0,13378.448892219696,-0.0,13144.791666666666,20.0,33.657225553029114,23.56005788712038,200.0
2030-02-10 03:00:00,6244.114669930415,7134.334222289281,-0.0,13144.791666666666,20.0,33.657225553029114,23.56005788712038,200.0
2030-02-10 04:00:00,-0.0,13378.448892219696,-0.0,13144.791666666666,20.0,33.657225553029114,23.56005788712038,200.0
2030-02-10 05:00:00,13378.448892219696,-0.0,-0.0,13144.791666666666,20.0,33.657225553029114,23.56005788712038,200.0
2030-02-10 06:00:00,5102.393119958127,8276.05577226157,-0.0,13144.791666666666,20.0,33.657225553029114,23.56005788712038,200.0
2030-02-10 07:00:00,7603.158445717102,5775.290446502594,-0.0,13144.791666666666,20.0,33.657225553029114,23.56005788712038,200.0
2030-02-10 08:00:00,-0.0,13378.448892219696,-0.0,13144.791666666666,20.0,33.657225553029114,23.56005788712038,200.0
2030-02-10 09:00:00,3862.928559332461,9515.520332887234,-0.0,13144.791666666666,20.0,33.657225553029114,23.56005788712038,200.0
2030-02-10 10:00:00,-0.0,13378.448892219696,-0.0,13144.791666666666,20.0,33.657225553029114,23.56005788712038,200.0
2030-02-10 11:00:00,-0.0,13378.448892219696,-0.0,13144.791666666666,20.0,33.657225553029114,23.56005788712038,200.0
2030-02-10 12:00:00,-0.0,13378.448892219696,-0.0,13144.791666666666,20.0,33.657225553029114,23.56005788712038,200.0
2030-02-10 13:00:00,-0.0,13378.448892219696,-0.0,13144.791666666666,20.0,33.657225553029114,23.56005788712038,200.0
2030-02-10 14:00:00,-0.0,13378.448892219696,-0.0,13144.791666666666,20.0,33.657225553029114,23.56005788712038,200.0
2030-02-10 15:00:00,-0.0,13378.448892219696,-0.0,13144.791666666666,20.0,33.657225553029114,23.56005788712038,200.0
2030-02-10 16:00:00,-0.0,13378.448892219696,-0.0,13144.791666666666,20.0,33.657225553029114,23.56005788712038,200.0
2030-02-10 17:00:00,-0.0,13378.448892219696,-0.0,13144.791666666666,20.0,33.657225553029114,23.56005788712038,200.0
2030-02-10 18:00:00,-0.0,10763.474353910022,2381.3173127566442,13144.791666666666,20.0,-0.0,-0.0,0.0
2030-02-10 19:00:00,-0.0,7929.132739149419,5215.658927517247,13144.791666666666,20.0,-0.0,-0.0,0.0
2030-02-10 20:00:00,-0.0,7929.132739149419,5215.658927517247,13144.791666666666,20.0,-0.0,-0.0,0.0
2030-02-10 21:00:00,-0.0,5094.791124388843,8050.000542277823,13144.791666666666,20.0,-0.0,-0.0,0.0
2030-02-10 22:00:00,-0.0,2462.9024821111293,10681.889184555537,13144.791666666666,20.0,-0.0,-0.0,0.0
2030-02-10 23:00:00,-0.0,2462.9024821111293,10681.889184555537,13144.791666666666,20.0,-0.0,-0.0,0.0
2030-02-11 00:00:00,-0.0,2462.9024821111293,10681.889184555537,13144.791666666666,20.0,-0.0,-0.0,0.0
2030-02-11 01:00:00,-0.0,1045.7316747308414,12099.059991935825,13144.791666666666,20.0,-0.0,-0.0,0.0
2030-02-11 02:00:00,-0.0,-0.0,13144.791666666666,13144.791666666666,20.0,-0.0,-0.0,0.0
2030-02-11 03:00:00,4644.872644559395,-0.0,8499.919022107271,13144.791666666666,20.0,-0.0,-0.0,0.0
2030-02-11 04:00:00,13378.448892219696,-0.0,-0.0,13144.791666666666,20.0,33.657225553029114,23.56005788712038,200.0
2030-02-11 05:00:00,13378.448892219696,-0.0,-0.0,13144.791666666666,20.0,33.657225553029114,23.56005788712038,200.0
2030-02-11 06:00:00,13378.448892219696,-0.0,-0.0,13144.791666666666,20.0,33.657225553029114,23.56005788712038,200.0
2030-02-11 07:00:00,13378.448892219696,-0.0,-0.0,13144.791666666666,20.0,33.657225553029114,23.56005788712038,200.0
2030-02-11 08:00:00,13378.448892219696,-0.0,-0.0,13144.791666666666,20.0,33.657225553029114,23.56005788712038,200.0
2030-02-11 09:00:00,13378.448892219696,-0.0,-0.0,13144.791666666666,20.0,33.657225553029114,23.56005788712038,200.0
2030-02-11 10:00:00,13378.448892219696,-0.0,-0.0,13144.791666666666,20.0,33.657225553029114,23.56005788712038,200.0
2030-02-11 11:00:00,13378.448892219696,-0.0,-0.0,13144.791666666666,20.0,33.657225553029114,23.56005788712038,200.0
2030-02-11 12:00:00,-0.0,13378.448892219696,-0.0,13144.791666666666,20.0,33.657225553029114,23.56005788712038,200.0
2030-02-11 13:00:00,-0.0,13378.448892219696,-0.0,13144.791666666666,20.0,33.657225553029114,23.56005788712038,200.0
2030-02-11 14:00:00,-0.0,13378.448892219696,-0.0,13144.791666666666,20.0,33.657225553029114,23.56005788712038,200.0
2030-02-11 15:00:00,-0.0,13378.448892219696,-0.0,13144.791666666666,20.0,33.657225553029114,23.56005788712038,200.0
2030-02-11 16:00:00,-0.0,13378.448892219696,-0.0,13144.791666666666,20.0,33.657225553029114,23.56005788712038,200.0
2030-02-11 17:00:00,-0.0,13378.448892219696,-0.0,13144.791666666666,20.0,33.657225553029114,23.56005788712038,200.0
2030-02-11 18:00:00,-0.0,13378.448892219696,-0.0,13144.791666666666,20.0,33.657225553029114,23.56005788712038,200.0
2030-02-11 19:00:00,-0.0,13378.448892219696,-0.0,13144.791666666666,20.0,33.657225553029114,23.56005788712038,200.0
2030-02-11 20:00:00,-0.0,13378.448892219696,-0.0,13144.791666666666,20.0,33.657225553029114,23.56005788712038,200.0
2030-02-11 21:00:00,-0.0,13378.448892219696,-0.0,13144.791666666666,20.0,33.657225553029114,23.56005788712038,200.0
2030-02-11 22:00:00,-0.0,13378.448892219696,-0.0,13144.791666666666,20.0,33.657225553029114,23.56005788712038,200.0
2030-02-11 23:00:00,-0.0,13378.448892219696,-0.0,13144.791666666666,20.0,33.657225553029114,23.56005788712038,200.0
2030-02-12 00:00:00,-0.0,13378.448892219696,-0.0,13144.791666666666,20.0,33.657225553029114,23.56005788712038,200.0
2030-02-12 01:00:00,-0.0,13378.448892219696,-0.0,13144.791666666666,20.0,33.657225553029114,23.56005788712038,200.0
2030-02-12 02:00:00,-0.0,13378.448892219696,-0.0,13144.791666666666,20.0,33.657225553029114,23.56005788712038,200.0
2030-02-12 03:00:00,-0.0,13378.448892219696,-0.0,13144.791666666666,20.0,33.657225553029114,23.56005788712038,200.0
2030-02-12 04:00:00,11065.756589075683,2312.692303144013,-0.0,13144.791666666666,20.0,33.657225553029114,23.56005788712038,200.0
2030-02-12 05:00:00,13378.448892219696,-0.0,-0.0,13144.791666666666,20.0,33.657225553029114,23.56005788712038,200.0
2030-02-12 06:00:00,13378.448892219696,-0.0,-0.0,13144.791666666666,20.0,33.657225553029114,23.56005788712038,200.0
2030-02-12 07:00:00,13378.448892219696,-0.0,-0.0,13144.791666666666,20.0,33.657225553029114,23.56005788712038,200.0
2030-02-12 08:00:00,13378.448892219696,-0.0,-0.0,13144.791666666666,20.0,33.657225553029114,23.56005788712038,200.0
2030-02-12 09:00:00,13378.448892219696,-0.0,-0.0,13144.791666666666,20.0,33.657225553029114,23.56005788712038,200.0
2030-02-12 10:00:00,12858.404997228885,520.0438949908112,-0.0,13144.791666666666,20.0,33.657225553029114,23.56005788712038,200.0
2030-02-12 11:00:00,-0.0,13378.448892219696,-0.0,13144.791666666666,20.0,33.657225553029114,23.56005788712038,200.0
2030-02-12 12:00:00,-0.0,13378.448892219696,-0.0,13144.791666666666,20.0,33.657225553029114,23.56005788712038,200.0
2030-02-12 13:00:00,-0.0,13378.448892219696,-0.0,13144.791666666666,20.0,33.657225553029114,23.56005788712038,200.0
2030-02-12 14:00:00,-0.0,13378.448892219696,-0.0,13144.791666666666,20.0,33.657225553029114,23.56005788712038,200.0
2030-02-12 15:00:00,-0.0,13378.448892219696,-0.0,13144.791666666666,20.0,33.657225553029114,23.56005788712038,200.0
2030-02-12 16:00:00,-0.0,13378.448892219696,-0.0,13144.791666666666,20.0,33.657225553029114,23.56005788712038,200.0
2030-02-12 17:00:00,-0.0,13378.448892219696,-0.0,13144.791666666666,20.0,33.657225553029114,23.56005788712038,200.0
2030-02-12 18:00:00,-0.0,13378.448892219696,-0.0,13144.791666666666,20.0,33.657225553029114,23.56005788712038,200.0
2030-02-12 19:00:00,-0.0,13378.448892219696,-0.0,13144.791666666666,20.0,33.657225553029114,23.56005788712038,200.0
2030-02-12 20:00:00,-0.0,13378.448892219696,-0.0,13144.791666666666,20.0,33.657225553029114,23.56005788712038,200.0
2030-02-12 21:00:00,-0.0,13378.448892219696,-0.0,13144.791666666666,20.0,33.657225553029114,23.56005788712038,200.0
2030-02-12 22:00:00,-0.0,10763.474353910022,2381.3173127566442,13144.791666666666,20.0,-0.0,-0.0,0.0
2030-02-12 23:00:00,-0.0,6511.96193176913,6632.829734897536,13144.791666666666,20.0,-0.0,-0.0,0.0
2030-02-13 00:00:00,-0.0,-0.0,13144.791666666666,13144.791666666666,20.0,-0.0,-0.0,0.0
2030-02-13 01:00:00,-0.0,-0.0,13144.791666666666,13144.791666666666,20.0,-0.0,-0.0,0.0
2030-02-13 02:00:00,229.80005696163562,-0.0,12914.99160970503,13144.791666666666,20.0,-0.0,-0.0,0.0
2030-02-13 03:00:00,6226.437742471828,-0.0,6918.353924194838,13144.791666666666,20.0,-0.0,-0.0,0.0
2030-02-13 04:00:00,13378.448892219696,-0.0,-0.0,13144.791666666666,20.0,33.657225553029114,23.56005788712038,200.0
2030-02-13 05:00:00,13378.448892219696,-0.0,-0.0,13144.791666666666,20.0,33.657225553029114,23.56005788712038,200.0
2030-02-13 06:00:00,13378.448892219696,-0.0,-0.0,13144.791666666666,20.0,33.657225553029114,23.56005788712038,200.0
2030-02-13 07:00:00,13378.448892219696,-0.0,-0.0,13144.791666666666,20.0,33.657225553029114,23.56005788712038,200.0
2030-02-13 08:00:00,13378.448892219696,-0.0,-0.0,13144.791666666666,20.0,33.657225553029114,23.56005788712038,200.0
2030-02-13 09:00:00,13378.448892219696,-0.0,-0.0,13144.791666666666,20.0,33.657225553029114,23.56005788712038,200.0
2030-02-13 10:00:00,13378.448892219696,-0.0,-0.0,13144.791666666666,20.0,33.657225553029114,23.56005788712038,200.0
2030-02-13 11:00:00,-0.0,13378.448892219696,-0.0,13144.791666666666,20.0,33.657225553029114,23.56005788712038,200.0
2030-02-13 12:00:00,-0.0,13378.448892219696,-0.0,13144.791666666666,20.0,33.657225553029114,23.56005788712038,200.0
2030-02-13 13:00:00,-0.0,13378.448892219696,-0.0,13144.791666666666,20.0,33.657225553029114,23.56005788712038,200.0
2030-02-13 14:00:00,-0.0,13378.448892219696,-0.0,13144.791666666666,20.0,33.657225553029114,23.56005788712038,200.0
2030-02-13 15:00:00,-0.0,13378.448892219696,-0.0,13144.791666666666,20.0,33.657225553029114,23.56005788712038,200.0
2030-02-13 16:00:00,-0.0,13378.448892219696,-0.0,13144.791666666666,20.0,33.657225553029114,23.56005788712038,200.0
2030-02-13 17:00:00,-0.0,13378.448892219696,-0.0,13144.791666666666,20.0,33.657225553029114,23.56005788712038,200.0
2030-02-13 18:00:00,-0.0,13378.448892219696,-0.0,13144.791666666666,20.0,33.657225553029114,23.56005788712038,200.0
2030-02-13 19:00:00,-0.0,13378.448892219696,-0.0,13144.791666666666,20.0,33.657225553029114,23.56005788712038,200.0
2030-02-13 20:00:00,-0.0,13378.448892219696,-0.0,13144.791666666666,20.0,33.657225553029114,23.56005788712038,200.0
2030-02-13 21:00:00,-0.0,13378.448892219696,-0.0,13144.791666666666,20.0,33.657225553029114,23.56005788712038,200.0
2030-02-13 22:00:00,-0.0,13378.448892219696,-0.0,13144.791666666666,20.0,33.657225553029114,23.56005788712038,200.0
2030-02-13 23:00:00,-0.0,13378.448892219696,-0.0,13144.791666666666,20.0,33.657225553029114,23.56005788712038,200.0
2030-02-14 00:00:00,-0.0,13378.448892219696,-0.0,13144.791666666666,20.0,33.657225553029114,23.56005788712038,200.0
2030-02-14 01:00:00,-0.0,13378.448892219696,-0.0,13144.791666666666,20.0,33.657225553029114,23.56005788712038,200.0
2030-02-14 02:00:00,-0.0,13378.448892219696,-0.0,13144.791666666666,20.0,33.657225553029114,23.56005788712038,200.0
2030-02-14 03:00:00,13378.448892219696,-0.0,-0.0,13144.791666666666,20.0,33.657225553029114,23.56005788712038,200.0
2030-02-14 04:00:00,13378.448892219696,-0.0,-0.0,13144.791666666666,20.0,33.657225553029114,23.56005788712038,200.0
2030-02-14 05:00:00,13378.448892219696,-0.0,-0.0,13144.791666666666,20.0,33.657225553029114,23.56005788712038,200.0
2030-02-14 06:00:00,13378.448892219696,-0.0,-0.0,13144.791666666666,20.0,33.657225553029114,23.56005788712038,200.0
2030-02-14 07:00:00,13378.448892219696,-0.0,-0.0,13144.791666666666,20.0,33.657225553029114,23.56005788712038,200.0
2030-02-14 08:00:00,13378.448892219696,-0.0,-0.0,13144.791666666666,20.0,33.657225553029114,23.56005788712038,200.0
2030-02-14 09:00:00,13378.448892219696,-0.0,-0.0,13144.791666666666,20.0,33.657225553029114,23.56005788712038,200.0
2030-02-14 10:00:00,13378.448892219696,-0.0,-0.0,13144.791666666666,20.0,33.657225553029114,23.56005788712038,200.0
2030-02-14 11:00:00,5697.169737976477,7681.279154243219,-0.0,13144.791666666666,20.0,33.657225553029114,23.56005788712038,200.0
2030-02-14 12:00:00,-0.0,13378.448892219696,-0.0,13144.791666666666,20.0,33.657225553029114,23.56005788712038,200.0
2030-02-14 13:00:00,-0.0,13378.448892219696,-0.0,13144.791666666666,20.0,33.657225553029114,23.56005788712038,200.0
2030-02-14 14:00:00,-0.0,13378.448892219696,-0.0,13144.791666666666,20.0,33.657225553029114,23.56005788712038,200.0
2030-02-14 15:00:00,-0.0,13378.448892219696,-0.0,13144.791666666666,20.0,33.657225553029114,23.56005788712038,200.0
2030-02-14 16:00:00,-0.0,13378.448892219696,-0.0,13144.791666666666,20.0,33.657225553029114,23.56005788712038,200.0
2030-02-14 17:00:00,-0.0,13378.448892219696,-0.0,13144.791666666666,20.0,33.657225553029114,23.56005788712038,200.0
2030-02-14 18:00:00,-0.0,13378.448892219696,-0.0,13144.791666666666,20.0,33.657225553029114,23.56005788712038,200.0
2030-02-14 19:00:00,-0.0,13378.448892219696,-0.0,13144.791666666666,20.0,33.657225553029114,23.56005788712038,200.0
2030-02-14 20:00:00,-0.0,13378.448892219696,-0.0,13144.791666666666,20.0,33.657225553029114,23.56005788712038,200.0
2030-02-14 21:00:00,-0.0,13378.448892219696,-0.0,13144.791666666666,20.0,33.657225553029114,23.56005788712038,200.0
2030-02-14 22:00:00,-0.0,13378.448892219696,-0.0,13144.791666666666,20.0,33.657225553029114,23.56005788712038,200.0
2030-02-14 23:00:00,-0.0,13378.448892219696,-0.0,13144.791666666666,20.0,33.657225553029114,23.56005788712038,200.0
2030-02-15 00:00:00,-0.0,13378.448892219696,-0.0,13144.791666666666,20.0,33.657225553029114,23.56005788712038,200.0
2030-02-15 01:00:00,-0.0,13378.448892219696,-0.0,13144.791666666666,20.0,33.657225553029114,23.56005788712038,200.0
2030-02-15 02:00:00,-0.0,13378.448892219696,-0.0,13144.791666666666,20.0,33.657225553029114,23.56005788712038,200.0
2030-02-15 03:00:00,13378.448892219696,-0.0,-0.0,13144.791666666666,20.0,33.657225553029114,23.56005788712038,200.0
2030-02-15 04:00:00,13378.448892219696,-0.0,-0.0,13144.791666666666,20.0,33.657225553029114,23.56005788712038,200.0
2030-02-15 05:00:00,13378.448892219696,-0.0,-0.0,13144.791666666666,20.0,33.657225553029114,23.56005788712038,200.0
2030-02-15 06:00:00,13378.448892219696,-0.0,-0.0,13144.791666666666,20.0,33.657225553029114,23.56005788712038,200.0
2030-02-15 07:00:00,13378.448892219696,-0.0,-0.0,13144.791666666666,20.0,33.657225553029114,23.56005788712038,200.0
2030-02-15 08:00:00,13378.448892219696,-0.0,-0.0,13144.791666666666,20.0,33.657225553029114,23.56005788712038,200.0
2030-02-15 09:00:00,13378.448892219696,-0.0,-0.0,13144.791666666666,20.0,33.657225553029114,23.56005788712038,200.0
2030-02-15 10:00:00,13378.448892219696,-0.0,-0.0,13144.791666666666,20.0,33.657225553029114,23.56005788712038,200.0
2030-02-15 11:00:00,4378.678913418315,8999.769978801382,-0.0,13144.791666666666,20.0,33.657225553029114,23.56005788712038,200.0
2030-02-15 12:00:00,-0.0,13378.448892219696,-0.0,13144.791666666666,20.0,33.657225553029114,23.56005788712038,200.0
2030-02-15 13:00:00,-0.0,9346.303546529733,3798.4881201369335,13144.791666666666,20.0,-0.0,-0.0,0.0
2030-02-15 14:00:00,-0.0,-0.0,13144.791666666666,13144.791666666666,20.0,-0.0,-0.0,0.0
2030-02-15 15:00:00,-0.0,-0.0,13144.791666666666,13144.791666666666,20.0,-0.0,-0.0,0.0
2030-02-15 16:00:00,-0.0,-0.0,13144.791666666666,13144.791666666666,20.0,-0.0,-0.0,0.0
2030-02-15 17:00:00,-0.0,-0.0,13144.791666666666,13144.791666666666,20.0,-0.0,-0.0,0.0
2030-02-15 18:00:00,-0.0,-0.0,13144.791666666666,13144.791666666666,20.0,-0.0,-0.0,0.0
2030-02-15 19:00:00,-0.0,3677.6203170085287,9467.171349658138,13144.791666666666,20.0,-0.0,-0.0,0.0
2030-02-15 20:00:00,-0.0,5094.791124388843,8050.000542277823,13144.791666666666,20.0,-0.0,-0.0,0.0
2030-02-15 21:00:00,-0.0,5094.791124388843,8050.000542277823,13144.791666666666,20.0,-0.0,-0.0,0.0
2030-02-15 22:00:00,-0.0,3677.6203170085287,9467.171349658138,13144.791666666666,20.0,-0.0,-0.0,0.0
2030-02-15 23:00:00,-0.0,2462.9024821111293,10681.889184555537,13144.791666666666,20.0,-0.0,-0.0,0.0
2030-02-16 00:00:00,-0.0,3677.6203170085287,9467.171349658138,13144.791666666666,20.0,-0.0,-0.0,0.0
2030-02-16 01:00:00,-0.0,5094.791124388843,8050.000542277823,13144.791666666666,20.0,-0.0,-0.0,0.0
2030-02-16 02:00:00,2076.5190667528686,5094.791124388843,5973.4814755249545,13144.791666666666,20.0,-0.0,-0.0,0.0
2030-02-16 03:00:00,13378.448892219696,-0.0,-0.0,13144.791666666666,20.0,33.657225553029114,23.56005788712038,200.0
2030-02-16 04:00:00,13378.448892219696,-0.0,-0.0,13144.791666666666,20.0,33.657225553029114,23.56005788712038,200.0
2030-02-16 05:00:00,13378.448892219696,-0.0,-0.0,13144.791666666666,20.0,33.657225553029114,23.56005788712038,200.0
2030-02-16 06:00:00,13378.448892219696,-0.0,-0.0,13144.791666666666,20.0,33.657225553029114,23.56005788712038,200.0
2030-02-16 07:00:00,13378.448892219696,-0.0,-0.0,13144.791666666666,20.0,33.657225553029114,23.56005788712038,200.0
2030-02-16 08:00:00,13378.448892219696,-0.0,-0.0,13144.791666666666,20.0,33.657225553029114,23.56005788712038,200.0
2030-02-16 09:00:00,13378.448892219696,-0.0,-0.0,13144.791666666666,20.0,33.657225553029114,23.56005788712038,200.0
2030-02-16 10:00:00,13378.448892219696,-0.0,-0.0,13144.791666666666,20.0,33.657225553029114,23.56005788712038,200.0
2030-02-16 11:00:00,13378.448892219696,-0.0,-0.0,13144.791666666666,20.0,33.657225553029114,23.56005788712038,200.0
2030-02-16 12:00:00,-0.0,13378.448892219696,-0.0,13144.791666666666,20.0,33.657225553029114,23.56005788712038,200.0
2030-02-16 13:00:00,-0.0,13378.448892219696,-0.0,13144.791666666666,20.0,33.657225553029114,23.56005788712038,200.0
2030-02-16 14:00:00,-0.0,13378.448892219696,-0.0,13144.791666666666,20.0,33.657225553029114,23.56005788712038,200.0
2030-02-16 15:00:00,-0.0,13378.448892219696,-0.0,13144.791666666666,20.0,33.657225553029114,23.56005788712038,200.0
2030-02-16 16:00:00,-0.0,13378.448892219696,-0.0,13144.791666666666,20.0,33.657225553029114,23.56005788712038,200.0
2030-02-16 17:00:00,-0.0,10763.474353910022,2381.3173127566442,13144.791666666666,20.0,-0.0,-0.0,0.0
2030-02-16 18:00:00,-0.0,3677.6203170085287,9467.171349658138,13144.791666666666,20.0,-0.0,-0.0,0.0
2030-02-16 19:00:00,-0.0,-0.0,13144.791666666666,13144.791666666666,20.0,-0.0,-0.0,0.0
2030-02-16 20:00:00,-0.0,-0.0,13144.791666666666,13144.791666666666,20.0,-0.0,-0.0,0.0
2030-02-16 21:00:00,-0.0,-0.0,13144.791666666666,13144.791666666666,20.0,-0.0,-0.0,0.0
2030-02-16 22:00:00,-0.0,-0.0,13144.791666666666,13144.791666666666,20.0,-0.0,-0.0,0.0
2030-02-16 23:00:00,-0.0,-0.0,13144.791666666666,13144.791666666666,20.0,-0.0,-0.0,0.0
2030-02-17 00:00:00,-0.0,-0.0,13144.791666666666,13144.791666666666,20.0,-0.0,-0.0,0.0
2030-02-17 01:00:00,-0.0,-0.0,13144.791666666666,13144.791666666666,20.0,-0.0,-0.0,0.0
2030-02-17 02:00:00,928.558601206971,-0.0,12216.233065459695,13144.791666666666,20.0,-0.0,-0.0,0.0
2030-02-17 03:00:00,12086.85910462467,-0.0,1057.9325620419968,13144.791666666666,20.0,-0.0,-0.0,0.0
2030-02-17 04:00:00,13378.448892219696,-0.0,-0.0,13144.791666666666,20.0,33.657225553029114,23.56005788712038,200.0
2030-02-17 05:00:00,13378.448892219696,-0.0,-0.0,13144.791666666666,20.0,33.657225553029114,23.56005788712038,200.0
2030-02-17 06:00:00,13378.448892219696,-0.0,-0.0,13144.791666666666,20.0,33.657225553029114,23.56005788712038,200.0
2030-02-17 07:00:00,13378.448892219696,-0.0,-0.0,13144.791666666666,20.0,33.657225553029114,23.56005788712038,200.0
2030-02-17 08:00:00,13378.448892219696,-0.0,-0.0,13144.791666666666,20.0,33.657225553029114,23.56005788712038,200.0
2030-02-17 09:00:00,13378.448892219696,-0.0,-0.0,13144.791666666666,20.0,33.657225553029114,23.56005788712038,200.0
2030-02-17 10:00:00,13378.448892219696,-0.0,-0.0,13144.791666666666,20.0,33.657225553029114,23.56005788712038,200.0
2030-02-17 11:00:00,13378.448892219696,-0.0,-0.0,13144.791666666666,20.0,33.657225553029114,23.56005788712038,200.0
2030-02-17 12:00:00,451.2815598251124,12180.645161290322,512.8649455512316,13144.791666666666,20.0,-0.0,-0.0,0.0
2030-02-17 13:00:00,-0.0,13378.448892219696,-0.0,13144.791666666666,20.0,33.657225553029114,23.56005788712038,200.0
2030-02-17 14:00:00,-0.0,13378.448892219696,-0.0,13144.791666666666,20.0,33.657225553029114,23.56005788712038,200.0
2030-02-17 15:00:00,-0.0,13378.448892219696,-0.0,13144.791666666666,20.0,33.657225553029114,23.56005788712038,200.0
2030-02-17 16:00:00,-0.0,13378.448892219696,-0.0,13144.791666666666,20.0,33.657225553029114,23.56005788712038,200.0
2030-02-17 17:00:00,-0.0,9346.303546529733,3798.4881201369335,13144.791666666666,20.0,-0.0,-0.0,0.0
2030-02-17 18:00:00,-0.0,-0.0,13144.791666666666,13144.791666666666,20.0,-0.0,-0.0,0.0
2030-02-17 19:00:00,-0.0,-0.0,13144.791666666666,13144.791666666666,20.0,-0.0,-0.0,0.0
2030-02-17 20:00:00,-0.0,-0.0,13144.791666666666,13144.791666666666,20.0,-0.0,-0.0,0.0
2030-02-17 21:00:00,-0.0,-0.0,13144.791666666666,13144.791666666666,20.0,-0.0,-0.0,0.0
2030-02-17 22:00:00,-0.0,3677.6203170085287,9467.171349658138,13144.791666666666,20.0,-0.0,-0.0,0.0
2030-02-17 23:00:00,-0.0,13378.448892219696,-0.0,13144.791666666666,20.0,33.657225553029114,23.56005788712038,200.0
2030-02-18 00:00:00,-0.0,13378.448892219696,-0.0,13144.791666666666,20.0,33.657225553029114,23.56005788712038,200.0
2030-02-18 01:00:00,-0.0,13378.448892219696,-0.0,13144.791666666666,20.0,33.657225553029114,23.56005788712038,200.0
2030-02-18 02:00:00,-0.0,13378.448892219696,-0.0,13144.791666666666,20.0,33.657225553029114,23.56005788712038,200.0
2030-02-18 03:00:00,-0.0,13378.448892219696,-0.0,13144.791666666666,20.0,33.657225553029114,23.56005788712038,200.0
2030-02-18 04:00:00,3866.048017119281,9512.400875100415,-0.0,13144.791666666666,20.0,33.657225553029114,23.56005788712038,200.0
2030-02-18 05:00:00,-0.0,13378.448892219696,-0.0,13144.791666666666,20.0,33.657225553029114,23.56005788712038,200.0
2030-02-18 06:00:00,13378.448892219696,-0.0,-0.0,13144.791666666666,20.0,33.657225553029114,23.56005788712038,200.0
2030-02-18 07:00:00,13378.448892219696,-0.0,-0.0,13144.791666666666,20.0,33.657225553029114,23.56005788712038,200.0
2030-02-18 08:00:00,13378.448892219696,-0.0,-0.0,13144.791666666666,20.0,33.657225553029114,23.56005788712038,200.0
2030-02-18 09:00:00,13378.448892219696,-0.0,-0.0,13144.791666666666,20.0,33.657225553029114,23.56005788712038,200.0
2030-02-18 10:00:00,13378.448892219696,-0.0,-0.0,13144.791666666666,20.0,33.657225553029114,23.56005788712038,200.0
2030-02-18 11:00:00,6005.996058870621,7372.452833349075,-0.0,13144.791666666666,20.0,33.657225553029114,23.56005788712038,200.0
2030-02-18 12:00:00,-0.0,13378.448892219696,-0.0,13144.791666666666,20.0,33.657225553029114,23.56005788712038,200.0
2030-02-18 13:00:00,-0.0,13378.448892219696,-0.0,13144.791666666666,20.0,33.657225553029114,23.56005788712038,200.0
2030-02-18 14:00:00,-0.0,13378.448892219696,-0.0,13144.791666666666,20.0,33.657225553029114,23.56005788712038,200.0
2030-02-18 15:00:00,-0.0,13378.448892219696,-0.0,13144.791666666666,20.0,33.657225553029114,23.56005788712038,200.0
2030-02-18 16:00:00,-0.0,13378.448892219696,-0.0,13144.791666666666,20.0,33.657225553029114,23.56005788712038,200.0
2030-02-18 17:00:00,-0.0,13378.448892219696,-0.0,13144.791666666666,20.0,33.657225553029114,23.56005788712038,200.0
2030-02-18 18:00:00,-0.0,13378.448892219696,-0.0,13144.791666666666,20.0,33.657225553029114,23.56005788712038,200.0
2030-02-18 19:00:00,-0.0,13378.448892219696,-0.0,13144.791666666666,20.0,33.657225553029114,23.56005788712038,200.0
2030-02-18 20:00:00,-0.0,13378.448892219696,-0.0,13144.791666666666,20.0,33.657225553029114,23.56005788712038,200.0
2030-02-18 21:00:00,-0.0,13378.448892219696,-0.0,13144.791666666666,20.0,33.657225553029114,23.56005788712038,200.0
2030-02-18 22:00:00,-0.0,13378.448892219696,-0.0,13144.791666666666,20.0,33.657225553029114,23.56005788712038,200.0
2030-02-18 23:00:00,-0.0,13378.448892219696,-0.0,13144.791666666666,20.0,33.657225553029114,23.56005788712038,200.0
2030-02-19 00:00:00,-0.0,13378.448892219696,-0.0,13144.791666666666,20.0,33.657225553029114,23.56005788712038,200.0
2030-02-19 01:00:00,-0.0,13378.448892219696,-0.0,13144.791666666666,20.0,33.657225553029114,23.56005788712038,200.0
2030-02-19 02:00:00,5280.202213806269,8098.246678413427,-0.0,13144.791666666666,20.0,33.657225553029114,23.56005788712038,200.0
2030-02-19 03:00:00,13378.448892219696,-0.0,-0.0,13144.791666666666,20.0,33.657225553029114,23.56005788712038,200.0
2030-02-19 04:00:00,-0.0,13378.448892219696,-0.0,13144.791666666666,20.0,33.657225553029114,23.56005788712038,200.0
2030-02-19 05:00:00,13378.448892219696,-0.0,-0.0,13144.791666666666,20.0,33.657225553029114,23.56005788712038,200.0
2030-02-19 06:00:00,13378.448892219696,-0.0,-0.0,13144.791666666666,20.0,33.657225553029114,23.56005788712038,200.0
2030-02-19 07:00:00,13378.448892219696,-0.0,-0.0,13144.791666666666,20.0,33.657225553029114,23.56005788712038,200.0
2030-02-19 08:00:00,13378.448892219696,-0.0,-0.0,13144.791666666666,20.0,33.657225553029114,23.56005788712038,200.0
2030-02-19 09:00:00,13378.448892219696,-0.0,-0.0,13144.791666666666,20.0,33.657225553029114,23.56005788712038,200.0
2030-02-19 10:00:00,13378.448892219696,-0.0,-0.0,13144.791666666666,20.0,33.657225553029114,23.56005788712038,200.0
2030-02-19 11:00:00,13378.448892219696,-0.0,-0.0,13144.791666666666,20.0,33.657225553029114,23.56005788712038,200.0
2030-02-19 12:00:00,5341.55155028019,8036.897341939506,-0.0,13144.791666666666,20.0,33.657225553029114,23.56005788712038,200.0
2030-02-19 13:00:00,-0.0,13378.448892219696,-0.0,13144.791666666666,20.0,33.657225553029114,23.56005788712038,200.0
2030-02-19 14:00:00,-0.0,13378.448892219696,-0.0,13144.791666666666,20.0,33.657225553029114,23.56005788712038,200.0
2030-02-19 15:00:00,-0.0,13378.448892219696,-0.0,13144.791666666666,20.0,33.657225553029114,23.56005788712038,200.0
2030-02-19 16:00:00,-0.0,13378.448892219696,-0.0,13144.791666666666,20.0,33.657225553029114,23.56005788712038,200.0
2030-02-19 17:00:00,-0.0,13378.448892219696,-0.0,13144.791666666666,20.0,33.657225553029114,23.56005788712038,200.0
2030-02-19 18:00:00,-0.0,13378.448892219696,-0.0,13144.791666666666,20.0,33.657225553029114,23.56005788712038,200.0
2030-02-19 19:00:00,-0.0,13378.448892219696,-0.0,13144.791666666666,20.0,33.657225553029114,23.56005788712038,200.0
2030-02-19 20:00:00,-0.0,13378.448892219696,-0.0,13144.791666666666,20.0,33.657225553029114,23.56005788712038,200.0
2030-02-19 21:00:00,-0.0,13378.448892219696,-0.0,13144.791666666666,20.0,33.657225553029114,23.56005788712038,200.0
2030-02-19 22:00:00,-0.0,13378.448892219696,-0.0,13144.791666666666,20.0,33.657225553029114,23.56005788712038,200.0
2030-02-19 23:00:00,-0.0,13378.448892219696,-0.0,13144.791666666666,20.0,33.657225553029114,23.56005788712038,200.0
2030-02-20 00:00:00,-0.0,13378.448892219696,-0.0,13144.791666666666,20.0,33.657225553029114,23.56005788712038,200.0
2030-02-20 01:00:00,-0.0,13378.448892219696,-0.0,13144.791666666666,20.0,33.657225553029114,23.56005788712038,200.0
2030-02-20 02:00:00,5868.739916251001,7509.708975968695,-0.0,13144.791666666666,20.0,33.657225553029114,23.56005788712038,200.0
2030-02-20 03:00:00,13378.448892219696,-0.0,-0.0,13144.791666666666,20.0,33.657225553029114,23.56005788712038,200.0
2030-02-20 04:00:00,13378.448892219696,-0.0,-0.0,13144.791666666666,20.0,33.657225553029114,23.56005788712038,200.0
2030-02-20 05:00:00,13378.448892219696,-0.0,-0.0,13144.791666666666,20.0,33.657225553029114,23.56005788712038,200.0
2030-02-20 06:00:00,13378.448892219696,-0.0,-0.0,13144.791666666666,20.0,33.657225553029114,23.56005788712038,200.0
2030-02-20 07:00:00,13378.448892219696,-0.0,-0.0,13144.791666666666,20.0,33.657225553029114,23.56005788712038,200.0
2030-02-20 08:00:00,13378.448892219696,-0.0,-0.0,13144.791666666666,20.0,33.657225553029114,23.56005788712038,200.0
2030-02-20 09:00:00,13378.448892219696,-0.0,-0.0,13144.791666666666,20.0,33.657225553029114,23.56005788712038,200.0
2030-02-20 10:00:00,13378.448892219696,-0.0,-0.0,13144.791666666666,20.0,33.657225553029114,23.56005788712038,200.0
2030-02-20 11:00:00,13378.448892219696,-0.0,-0.0,13144.791666666666,20.0,33.657225553029114,23.56005788712038,200.0
2030-02-20 12:00:00,5399.7814289673015,3677.6203170085287,4067.3899206908363,13144.791666666666,20.0,-0.0,-0.0,0.0
2030-02-20 13:00:00,-0.0,13378.448892219696,-0.0,13144.791666666666,20.0,33.657225553029114,23.56005788712038,200.0
2030-02-20 14:00:00,-0.0,13378.448892219696,-0.0,13144.791666666666,20.0,33.657225553029114,23.56005788712038,200.0
2030-02-20 15:00:00,-0.0,10763.474353910022,2381.3173127566442,13144.791666666666,20.0,-0.0,-0.0,0.0
2030-02-20 16:00:00,-0.0,7929.132739149419,5215.658927517247,13144.791666666666,20.0,-0.0,-0.0,0.0
2030-02-20 17:00:00,-0.0,12180.645161290322,964.1465053763441,13144.791666666666,20.0,-0.0,-0.0,0.0
2030-02-20 18:00:00,-0.0,13378.448892219696,-0.0,13144.791666666666,20.0,33.657225553029114,23.56005788712038,200.0
2030-02-20 19:00:00,-0.0,13378.448892219696,-0.0,13144.791666666666,20.0,33.657225553029114,23.56005788712038,200.0
2030-02-20 20:00:00,-0.0,13378.448892219696,-0.0,13144.791666666666,20.0,33.657225553029114,23.56005788712038,200.0
2030-02-20 21:00:00,-0.0,13378.448892219696,-0.0,13144.791666666666,20.0,33.657225553029114,23.56005788712038,200.0
2030-02-20 22:00:00,-0.0,13378.448892219696,-0.0,13144.791666666666,20.0,33.657225553029114,23.56005788712038,200.0
2030-02-20 23:00:00,-0.0,13378.448892219696,-0.0,13144.791666666666,20.0,33.657225553029114,23.56005788712038,200.0
2030-02-21 00:00:00,-0.0,13378.448892219696,-0.0,13144.791666666666,20.0,33.657225553029114,23.56005788712038,200.0
2030-02-21 01:00:00,-0.0,13378.448892219696,-0.0,13144.791666666666,20.0,33.657225553029114,23.56005788712038,200.0
2030-02-21 02:00:00,-0.0,13378.448892219696,-0.0,13144.791666666666,20.0,33.657225553029114,23.56005788712038,200.0
2030-02-21 03:00:00,13378.448892219696,-0.0,-0.0,13144.791666666666,20.0,33.657225553029114,23.56005788712038,200.0
2030-02-21 04:00:00,13378.448892219696,-0.0,-0.0,13144.791666666666,20.0,33.657225553029114,23.56005788712038,200.0
2030-02-21 05:00:00,13378.448892219696,-0.0,-0.0,13144.791666666666,20.0,33.657225553029114,23.56005788712038,200.0
2030-02-21 06:00:00,13378.448892219696,-0.0,-0.0,13144.791666666666,20.0,33.657225553029114,23.56005788712038,200.0
2030-02-21 07:00:00,13378.448892219696,-0.0,-0.0,13144.791666666666,20.0,33.657225553029114,23.56005788712038,200.0
2030-02-21 08:00:00,13378.448892219696,-0.0,-0.0,13144.791666666666,20.0,33.657225553029114,23.56005788712038,200.0
2030-02-21 09:00:00,13378.448892219696,-0.0,-0.0,13144.791666666666,20.0,33.657225553029114,23.56005788712038,200.0
2030-02-21 10:00:00,13378.448892219696,-0.0,-0.0,13144.791666666666,20.0,33.657225553029114,23.56005788712038,200.0
2030-02-21 11:00:00,7160.195439990149,6218.253452229547,-0.0,13144.791666666666,20.0,33.657225553029114,23.56005788712038,200.0
2030-02-21 12:00:00,1205.1505249707495,12173.298367248946,-0.0,13144.791666666666,20.0,33.657225553029114,23.56005788712038,200.0
2030-02-21 13:00:00,-0.0,13378.448892219696,-0.0,13144.791666666666,20.0,33.657225553029114,23.56005788712038,200.0
2030-02-21 14:00:00,-0.0,13378.448892219696,-0.0,13144.791666666666,20.0,33.657225553029114,23.56005788712038,200.0
2030-02-21 15:00:00,-0.0,13378.448892219696,-0.0,13144.791666666666,20.0,33.657225553029114,23.56005788712038,200.0
2030-02-21 16:00:00,-0.0,13378.448892219696,-0.0,13144.791666666666,20.0,33.657225553029114,23.56005788712038,200.0
2030-02-21 17:00:00,-0.0,12180.645161290322,964.1465053763441,13144.791666666666,20.0,-0.0,-0.0,0.0
2030-02-21 18:00:00,-0.0,7929.132739149419,5215.658927517247,13144.791666666666,20.0,-0.0,-0.0,0.0
2030-02-21 19:00:00,-0.0,12180.645161290322,964.1465053763441,13144.791666666666,20.0,-0.0,-0.0,0.0
2030-02-21 20:00:00,-0.0,12180.645161290322,964.1465053763441,13144.791666666666,20.0,-0.0,-0.0,0.0
2030-02-21 21:00:00,-0.0,10763.474353910022,2381.3173127566442,13144.791666666666,20.0,-0.0,-0.0,0.0
2030-02-21 22:00:00,-0.0,9346.303546529733,3798.4881201369335,13144.791666666666,20.0,-0.0,-0.0,0.0
2030-02-21 23:00:00,-0.0,9346.303546529733,3798.4881201369335,13144.791666666666,20.0,-0.0,-0.0,0.0
2030-02-22 00:00:00,-0.0,7929.132739149419,5215.658927517247,13144.791666666666,20.0,-0.0,-0.0,0.0
2030-02-22 01:00:00,-0.0,1045.7316747308414,12099.059991935825,13144.791666666666,20.0,-0.0,-0.0,0.0
2030-02-22 02:00:00,2431.097435186886,-0.0,10713.69423147978,13144.791666666666,20.0,-0.0,-0.0,0.0
2030-02-22 03:00:00,9409.32450427982,-0.0,3735.4671623868453,13144.791666666666,20.0,-0.0,-0.0,0.0
2030-02-22 04:00:00,13378.448892219696,-0.0,-0.0,13144.791666666666,20.0,33.657225553029114,23.56005788712038,200.0
2030-02-22 05:00:00,13378.448892219696,-0.0,-0.0,13144.791666666666,20.0,33.657225553029114,23.56005788712038,200.0
2030-02-22 06:00:00,13378.448892219696,-0.0,-0.0,13144.791666666666,20.0,33.657225553029114,23.56005788712038,200.0
2030-02-22 07:00:00,13378.448892219696,-0.0,-0.0,13144.791666666666,20.0,33.657225553029114,23.56005788712038,200.0
2030-02-22 08:00:00,13378.448892219696,-0.0,-0.0,13144.791666666666,20.0,33.657225553029114,23.56005788712038,200.0
2030-02-22 09:00:00,13378.448892219696,-0.0,-0.0,13144.791666666666,20.0,33.657225553029114,23.56005788712038,200.0
2030-02-22 10:00:00,13378.448892219696,-0.0,-0.0,13144.791666666666,20.0,33.657225553029114,23.56005788712038,200.0
2030-02-22 11:00:00,3092.422485990517,6511.96193176913,3540.4072489070186,13144.791666666666,20.0,-0.0,-0.0,0.0
2030-02-22 12:00:00,-0.0,13378.448892219696,-0.0,13144.791666666666,20.0,33.657225553029114,23.56005788712038,200.0
2030-02-22 13:00:00,-0.0,13378.448892219696,-0.0,13144.791666666666,20.0,33.657225553029114,23.56005788712038,200.0
2030-02-22 14:00:00,-0.0,12180.645161290322,964.1465053763441,13144.791666666666,20.0,-0.0,-0.0,0.0
2030-02-22 15:00:00,-0.0,13378.448892219696,-0.0,13144.791666666666,20.0,33.657225553029114,23.56005788712038,200.0
2030-02-22 16:00:00,-0.0,13378.448892219696,-0.0,13144.791666666666,20.0,33.657225553029114,23.56005788712038,200.0
2030-02-22 17:00:00,-0.0,13378.448892219696,-0.0,13144.791666666666,20.0,33.657225553029114,23.56005788712038,200.0
2030-02-22 18:00:00,-0.0,7929.132739149419,5215.658927517247,13144.791666666666,20.0,-0.0,-0.0,0.0
2030-02-22 19:00:00,-0.0,6511.96193176913,6632.829734897536,13144.791666666666,20.0,-0.0,-0.0,0.0
2030-02-22 20:00:00,-0.0,-0.0,13144.791666666666,13144.791666666666,20.0,-0.0,-0.0,0.0
2030-02-22 21:00:00,-0.0,-0.0,13144.791666666666,13144.791666666666,20.0,-0.0,-0.0,0.0
2030-02-22 22:00:00,-0.0,-0.0,13144.791666666666,13144.791666666666,20.0,-0.0,-0.0,0.0
2030-02-22 23:00:00,-0.0,-0.0,13144.791666666666,13144.791666666666,20.0,-0.0,-0.0,0.0
2030-02-23 00:00:00,-0.0,1045.7316747308414,12099.059991935825,13144.791666666666,20.0,-0.0,-0.0,0.0
2030-02-23 01:00:00,-0.0,6511.96193176913,6632.829734897536,13144.791666666666,20.0,-0.0,-0.0,0.0
2030-02-23 02:00:00,743.4707725229387,9346.303546529733,3055.017347613995,13144.791666666666,20.0,-0.0,-0.0,0.0
2030-02-23 03:00:00,8853.021198965454,4525.427693254242,-0.0,13144.791666666666,20.0,33.657225553029114,23.56005788712038,200.0
2030-02-23 04:00:00,13378.448892219696,-0.0,-0.0,13144.791666666666,20.0,33.657225553029114,23.56005788712038,200.0
2030-02-23 05:00:00,13378.448892219696,-0.0,-0.0,13144.791666666666,20.0,33.657225553029114,23.56005788712038,200.0
2030-02-23 06:00:00,13378.448892219696,-0.0,-0.0,13144.791666666666,20.0,33.657225553029114,23.56005788712038,200.0
2030-02-23 07:00:00,13378.448892219696,-0.0,-0.0,13144.791666666666,20.0,33.657225553029114,23.56005788712038,200.0
2030-02-23 08:00:00,13378.448892219696,-0.0,-0.0,13144.791666666666,20.0,33.657225553029114,23.56005788712038,200.0
2030-02-23 09:00:00,13378.448892219696,-0.0,-0.0,13144.791666666666,20.0,33.657225553029114,23.56005788712038,200.0
2030-02-23 10:00:00,13378.448892219696,-0.0,-0.0,13144.791666666666,20.0,33.657225553029114,23.56005788712038,200.0
2030-02-23 11:00:00,13378.448892219696,-0.0,-0.0,13144.791666666666,20.0,33.657225553029114,23.56005788712038,200.0
2030-02-23 12:00:00,1876.873768397069,11501.575123822628,-0.0,13144.791666666666,20.0,33.657225553029114,23.56005788712038,200.0
2030-02-23 13:00:00,-0.0,-0.0,13144.791666666666,13144.791666666666,20.0,-0.0,-0.0,0.0
2030-02-23 14:00:00,-0.0,-0.0,13144.791666666666,13144.791666666666,20.0,-0.0,-0.0,0.0
2030-02-23 15:00:00,-0.0,-0.0,13144.791666666666,13144.791666666666,20.0,-0.0,-0.0,0.0
2030-02-23 16:00:00,-0.0,-0.0,13144.791666666666,13144.791666666666,20.0,-0.0,-0.0,0.0
2030-02-23 17:00:00,-0.0,-0.0,13144.791666666666,13144.791666666666,20.0,-0.0,-0.0,0.0
2030-02-23 18:00:00,-0.0,-0.0,13144.791666666666,13144.791666666666,20.0,-0.0,-0.0,0.0
2030-02-23 19:00:00,-0.0,13378.448892219696,-0.0,13144.791666666666,20.0,33.657225553029114,23.56005788712038,200.0
2030-02-23 20:00:00,-0.0,13378.448892219696,-0.0,13144.791666666666,20.0,33.657225553029114,23.56005788712038,200.0
2030-02-23 21:00:00,-0.0,13378.448892219696,-0.0,13144.791666666666,20.0,33.657225553029114,23.56005788712038,200.0
2030-02-23 22:00:00,-0.0,13378.448892219696,-0.0,13144.791666666666,20.0,33.657225553029114,23.56005788712038,200.0
2030-02-23 23:00:00,-0.0,13378.448892219696,-0.0,13144.791666666666,20.0,33.657225553029114,23.56005788712038,200.0
2030-02-24 00:00:00,-0.0,13378.448892219696,-0.0,13144.791666666666,20.0,33.657225553029114,23.56005788712038,200.0
2030-02-24 01:00:00,-0.0,13378.448892219696,-0.0,13144.791666666666,20.0,33.657225553029114,23.56005788712038,200.0
2030-02-24 02:00:00,1780.1705770059734,11598.278315213724,-0.0,13144.791666666666,20.0,33.657225553029114,23.56005788712038,200.0
2030-02-24 03:00:00,11512.878871851717,1865.570020367979,-0.0,13144.791666666666,20.0,33.657225553029114,23.56005788712038,200.0
2030-02-24 04:00:00,13378.448892219696,-0.0,-0.0,13144.791666666666,20.0,33.657225553029114,23.56005788712038,200.0
2030-02-24 05:00:00,13378.448892219696,-0.0,-0.0,13144.791666666666,20.0,33.657225553029114,23.56005788712038,200.0
2030-02-24 06:00:00,13378.448892219696,-0.0,-0.0,13144.791666666666,20.0,33.657225553029114,23.56005788712038,200.0
2030-02-24 07:00:00,13378.448892219696,-0.0,-0.0,13144.791666666666,20.0,33.657225553029114,23.56005788712038,200.0
2030-02-24 08:00:00,13378.448892219696,-0.0,-0.0,13144.791666666666,20.0,33.657225553029114,23.56005788712038,200.0
2030-02-24 09:00:00,13378.448892219696,-0.0,-0.0,13144.791666666666,20.0,33.657225553029114,23.56005788712038,200.0
2030-02-24 10:00:00,6588.294845741733,-0.0,6556.496820924933,13144.791666666666,20.0,-0.0,-0.0,0.0
2030-02-24 11:00:00,3423.0850113923275,-0.0,9721.706655274338,13144.791666666666,20.0,-0.0,-0.0,0.0
2030-02-24 12:00:00,2737.8441175565,-0.0,10406.947549110166,13144.791666666666,20.0,-0.0,-0.0,0.0
2030-02-24 13:00:00,-0.0,-0.0,13144.791666666666,13144.791666666666,20.0,-0.0,-0.0,0.0
2030-02-24 14:00:00,-0.0,10763.474353910022,2381.3173127566442,13144.791666666666,20.0,-0.0,-0.0,0.0
2030-02-24 15:00:00,-0.0,13373.363095238095,-0.0,13144.791666666666,20.0,28.571428571428573,20.0,200.0
2030-02-24 16:00:00,-0.0,13373.363095238095,-0.0,13144.791666666666,20.0,28.571428571428573,20.0,200.0
2030-02-24 17:00:00,-0.0,13373.363095238095,-0.0,13144.791666666666,20.0,28.571428571428573,20.0,200.0
2030-02-24 18:00:00,-0.0,13373.363095238095,-0.0,13144.791666666666,20.0,28.571428571428573,20.0,200.0
2030-02-24 19:00:00,-0.0,13373.363095238095,-0.0,13144.791666666666,20.0,28.571428571428573,20.0,200.0
2030-02-24 20:00:00,-0.0,13373.363095238095,-0.0,13144.791666666666,20.0,28.571428571428573,20.0,200.0
2030-02-24 21:00:00,-0.0,13373.363095238095,-0.0,13144.791666666666,20.0,28.571428571428573,20.0,200.0
2030-02-24 22:00:00,-0.0,13373.363095238095,-0.0,13144.791666666666,20.0,28.571428571428573,20.0,200.0
2030-02-24 23:00:00,-0.0,13373.363095238095,-0.0,13144.791666666666,20.0,28.571428571428573,20.0,200.0
2030-02-25 00:00:00,-0.0,13373.363095238095,-0.0,13144.791666666666,20.0,28.571428571428573,20.0,200.0
2030-02-25 01:00:00,-0.0,13373.363095238095,-0.0,13144.791666666666,20.0,28.571428571428573,20.0,200.0
2030-02-25 02:00:00,1317.4510052958929,12055.912089942203,-0.0,13144.791666666666,20.0,28.571428571428573,20.0,200.0
2030-02-25 03:00:00,6141.1725629657,7232.190532272394,-0.0,13144.791666666666,20.0,28.571428571428573,20.0,200.0
2030-02-25 04:00:00,12816.8122267381,556.5508684999942,-0.0,13144.791666666666,20.0,28.571428571428573,20.0,200.0
2030-02-25 05:00:00,13373.363095238095,-0.0,-0.0,13144.791666666666,20.0,28.571428571428573,20.0,200.0
2030-02-25 06:00:00,13373.363095238095,-0.0,-0.0,13144.791666666666,20.0,28.571428571428573,20.0,200.0
2030-02-25 07:00:00,13373.363095238095,-0.0,-0.0,13144.791666666666,20.0,28.571428571428573,20.0,200.0
2030-02-25 08:00:00,13373.363095238095,-0.0,-0.0,13144.791666666666,20.0,28.571428571428573,20.0,200.0
2030-02-25 09:00:00,13373.363095238095,-0.0,-0.0,13144.791666666666,20.0,28.571428571428573,20.0,200.0
2030-02-25 10:00:00,13373.363095238095,-0.0,-0.0,13144.791666666666,20.0,28.571428571428573,20.0,200.0
2030-02-25 11:00:00,13373.363095238095,-0.0,-0.0,13144.791666666666,20.0,28.571428571428573,20.0,200.0
2030-02-25 12:00:00,4761.332401933617,8612.03069330448,-0.0,13144.791666666666,20.0,28.571428571428573,20.0,200.0
2030-02-25 13:00:00,-0.0,13373.363095238095,-0.0,13144.791666666666,20.0,28.571428571428573,20.0,200.0
2030-02-25 14:00:00,-0.0,13373.363095238095,-0.0,13144.791666666666,20.0,28.571428571428573,20.0,200.0
2030-02-25 15:00:00,-0.0,13373.363095238095,-0.0,13144.791666666666,20.0,28.571428571428573,20.0,200.0
2030-02-25 16:00:00,-0.0,13373.363095238095,-0.0,13144.791666666666,20.0,28.571428571428573,20.0,200.0
2030-02-25 17:00:00,-0.0,13373.363095238095,-0.0,13144.791666666666,20.0,28.571428571428573,20.0,200.0
2030-02-25 18:00:00,-0.0,13373.363095238095,-0.0,13144.791666666666,20.0,28.571428571428573,20.0,200.0
2030-02-25 19:00:00,-0.0,13373.363095238095,-0.0,13144.791666666666,20.0,28.571428571428573,20.0,200.0
2030-02-25 20:00:00,-0.0,13373.363095238095,-0.0,13144.791666666666,20.0,28.571428571428573,20.0,200.0
2030-02-25 21:00:00,-0.0,13373.363095238095,-0.0,13144.791666666666,20.0,28.571428571428573,20.0,200.0
2030-02-25 22:00:00,-0.0,13373.363095238095,-0.0,13144.791666666666,20.0,28.571428571428573,20.0,200.0
2030-02-25 23:00:00,-0.0,13373.363095238095,-0.0,13144.791666666666,20.0,28.571428571428573,20.0,200.0
2030-02-26 00:00:00,-0.0,13373.363095238095,-0.0,13144.791666666666,20.0,28.571428571428573,20.0,200.0
2030-02-26 01:00:00,-0.0,13373.363095238095,-0.0,13144.791666666666,20.0,28.571428571428573,20.0,200.0
2030-02-26 02:00:00,-0.0,13373.363095238095,-0.0,13144.791666666666,20.0,28.571428571428573,20.0,200.0
2030-02-26 03:00:00,13373.363095238095,-0.0,-0.0,13144.791666666666,20.0,28.571428571428573,20.0,200.0
2030-02-26 04:00:00,13374.562185583345,-0.0,-0.0,13144.791666666666,20.0,29.770518916679755,20.839363241675827,200.0
2030-02-26 05:00:00,13378.448892219696,-0.0,-0.0,13144.791666666666,20.0,33.657225553029114,23.56005788712038,200.0
2030-02-26 06:00:00,13378.448892219696,-0.0,-0.0,13144.791666666666,20.0,33.657225553029114,23.56005788712038,200.0
2030-02-26 07:00:00,13378.448892219696,-0.0,-0.0,13144.791666666666,20.0,33.657225553029114,23.56005788712038,200.0
2030-02-26 08:00:00,13378.448892219696,-0.0,-0.0,13144.791666666666,20.0,33.657225553029114,23.56005788712038,200.0
2030-02-26 09:00:00,13378.448892219696,-0.0,-0.0,13144.791666666666,20.0,33.657225553029114,23.56005788712038,200.0
2030-02-26 10:00:00,12208.517958310242,1169.9309339094543,-0.0,13144.791666666666,20.0,33.657225553029114,23.56005788712038,200.0
2030-02-26 11:00:00,3382.532060163804,9995.916832055893,-0.0,13144.791666666666,20.0,33.657225553029114,23.56005788712038,200.0
2030-02-26 12:00:00,-0.0,13378.448892219696,-0.0,13144.791666666666,20.0,33.657225553029114,23.56005788712038,200.0
2030-02-26 13:00:00,-0.0,13378.448892219696,-0.0,13144.791666666666,20.0,33.657225553029114,23.56005788712038,200.0
2030-02-26 14:00:00,-0.0,13378.448892219696,-0.0,13144.791666666666,20.0,33.657225553029114,23.56005788712038,200.0
2030-02-26 15:00:00,-0.0,13378.448892219696,-0.0,13144.791666666666,20.0,33.657225553029114,23.56005788712038,200.0
2030-02-26 16:00:00,-0.0,9346.303546529733,3798.4881201369335,13144.791666666666,20.0,-0.0,-0.0,0.0
2030-02-26 17:00:00,-0.0,9346.303546529733,3798.4881201369335,13144.791666666666,20.0,-0.0,-0.0,0.0
2030-02-26 18:00:00,-0.0,13373.363095238095,-0.0,13144.791666666666,20.0,28.571428571428573,20.0,200.0
2030-02-26 19:00:00,-0.0,13373.363095238095,-0.0,13144.791666666666,20.0,28.571428571428573,20.0,200.0
2030-02-26 20:00:00,-0.0,13373.363095238095,-0.0,13144.791666666666,20.0,28.571428571428573,20.0,200.0
2030-02-26 21:00:00,-0.0,13373.363095238095,-0.0,13144.791666666666,20.0,28.571428571428573,20.0,200.0
2030-02-26 22:00:00,-0.0,13373.363095238095,-0.0,13144.791666666666,20.0,28.571428571428573,20.0,200.0
2030-02-26 23:00:00,-0.0,13373.363095238095,-0.0,13144.791666666666,20.0,28.571428571428573,20.0,200.0
2030-02-27 00:00:00,-0.0,13373.363095238095,-0.0,13144.791666666666,20.0,28.571428571428573,20.0,200.0
2030-02-27 01:00:00,-0.0,13373.363095238095,-0.0,13144.791666666666,20.0,28.571428571428573,20.0,200.0
2030-02-27 02:00:00,1174.995766364924,12198.367328873172,-0.0,13144.791666666666,20.0,28.571428571428573,20.0,200.0
2030-02-27 03:00:00,-0.0,13373.363095238095,-0.0,13144.791666666666,20.0,28.571428571428573,20.0,200.0
2030-02-27 04:00:00,13373.363095238095,-0.0,-0.0,13144.791666666666,20.0,28.571428571428573,20.0,200.0
2030-02-27 05:00:00,13373.363095238095,-0.0,-0.0,13144.791666666666,20.0,28.571428571428573,20.0,200.0
2030-02-27 06:00:00,13373.363095238095,-0.0,-0.0,13144.791666666666,20.0,28.571428571428573,20.0,200.0
2030-02-27 07:00:00,13373.363095238095,-0.0,-0.0,13144.791666666666,20.0,28.571428571428573,20.0,200.0
2030-02-27 08:00:00,13373.363095238095,-0.0,-0.0,13144.791666666666,20.0,28.571428571428573,20.0,200.0
2030-02-27 09:00:00,-0.0,13373.363095238095,-0.0,13144.791666666666,20.0,28.571428571428573,20.0,200.0
2030-02-27 10:00:00,13373.363095238095,-0.0,-0.0,13144.791666666666,20.0,28.571428571428573,20.0,200.0
2030-02-27 11:00:00,13373.363095238095,-0.0,-0.0,13144.791666666666,20.0,28.571428571428573,20.0,200.0
2030-02-27 12:00:00,-0.0,13373.363095238095,-0.0,13144.791666666666,20.0,28.571428571428573,20.0,200.0
2030-02-27 13:00:00,-0.0,13373.363095238095,-0.0,13144.791666666666,20.0,28.571428571428573,20.0,200.0
2030-02-27 14:00:00,-0.0,13373.363095238095,-0.0,13144.791666666666,20.0,28.571428571428573,20.0,200.0
2030-02-27 15:00:00,-0.0,13373.363095238095,-0.0,13144.791666666666,20.0,28.571428571428573,20.0,200.0
2030-02-27 16:00:00,-0.0,13373.363095238095,-0.0,13144.791666666666,20.0,28.571428571428573,20.0,200.0
2030-02-27 17:00:00,-0.0,13373.363095238095,-0.0,13144.791666666666,20.0,28.571428571428573,20.0,200.0
2030-02-27 18:00:00,-0.0,13373.363095238095,-0.0,13144.791666666666,20.0,28.571428571428573,20.0,200.0
2030-02-27 19:00:00,-0.0,13373.363095238095,-0.0,13144.791666666666,20.0,28.571428571428573,20.0,200.0
2030-02-27 20:00:00,-0.0,13373.363095238095,-0.0,13144.791666666666,20.0,28.571428571428573,20.0,200.0
2030-02-27 21:00:00,-0.0,13373.363095238095,-0.0,13144.791666666666,20.0,28.571428571428573,20.0,200.0
2030-02-27 22:00:00,-0.0,13378.1594566191,-0.0,13144.791666666666,20.0,33.36778995243346,23.357452966703423,200.0
2030-02-27 23:00:00,-0.0,13378.448892219696,-0.0,13144.791666666666,20.0,33.657225553029114,23.56005788712038,200.0
2030-02-28 00:00:00,-0.0,13378.448892219696,-0.0,13144.791666666666,20.0,33.657225553029114,23.56005788712038,200.0
2030-02-28 01:00:00,-0.0,13378.448892219696,-0.0,13144.791666666666,20.0,33.657225553029114,23.56005788712038,200.0
2030-02-28 02:00:00,-0.0,13378.448892219696,-0.0,13144.791666666666,20.0,33.657225553029114,23.56005788712038,200.0
2030-02-28 03:00:00,13378.448892219696,-0.0,-0.0,13144.791666666666,20.0,33.657225553029114,23.56005788712038,200.0
2030-02-28 04:00:00,13378.448892219696,-0.0,-0.0,13144.791666666666,20.0,33.657225553029114,23.56005788712038,200.0
2030-02-28 05:00:00,13378.448892219696,-0.0,-0.0,13144.791666666666,20.0,33.657225553029114,23.56005788712038,200.0
2030-02-28 06:00:00,13378.448892219696,-0.0,-0.0,13144.791666666666,20.0,33.657225553029114,23.56005788712038,200.0
2030-02-28 07:00:00,13378.448892219696,-0.0,-0.0,13144.791666666666,20.0,33.657225553029114,23.56005788712038,200.0
2030-02-28 08:00:00,13378.448892219696,-0.0,-0.0,13144.791666666666,20.0,33.657225553029114,23.56005788712038,200.0
2030-02-28 09:00:00,13378.448892219696,-0.0,-0.0,13144.791666666666,20.0,33.657225553029114,23.56005788712038,200.0
2030-02-28 10:00:00,-0.0,13378.448892219696,-0.0,13144.791666666666,20.0,33.657225553029114,23.56005788712038,200.0
2030-02-28 11:00:00,13378.448892219696,-0.0,-0.0,13144.791666666666,20.0,33.657225553029114,23.56005788712038,200.0
2030-02-28 12:00:00,-0.0,13378.448892219696,-0.0,13144.791666666666,20.0,33.657225553029114,23.56005788712038,200.0
2030-02-28 13:00:00,-0.0,13378.448892219696,-0.0,13144.791666666666,20.0,33.657225553029114,23.56005788712038,200.0
2030-02-28 14:00:00,-0.0,13378.448892219696,-0.0,13144.791666666666,20.0,33.657225553029114,23.56005788712038,200.0
2030-02-28 15:00:00,-0.0,13378.448892219696,-0.0,13144.791666666666,20.0,33.657225553029114,23.56005788712038,200.0
2030-02-28 16:00:00,-0.0,13378.448892219696,-0.0,13144.791666666666,20.0,33.657225553029114,23.56005788712038,200.0
2030-02-28 17:00:00,-0.0,13378.448892219696,-0.0,13144.791666666666,20.0,33.657225553029114,23.56005788712038,200.0
2030-02-28 18:00:00,-0.0,13378.448892219696,-0.0,13144.791666666666,20.0,33.657225553029114,23.56005788712038,200.0
2030-02-28 19:00:00,-0.0,13378.448892219696,-0.0,13144.791666666666,20.0,33.657225553029114,23.56005788712038,200.0
2030-02-28 20:00:00,-0.0,13378.448892219696,-0.0,13144.791666666666,20.0,33.657225553029114,23.56005788712038,200.0
2030-02-28 21:00:00,-0.0,13378.448892219696,-0.0,13144.791666666666,20.0,33.657225553029114,23.56005788712038,200.0
2030-02-28 22:00:00,-0.0,13378.448892219696,-0.0,13144.791666666666,20.0,33.657225553029114,23.56005788712038,200.0
2030-02-28 23:00:00,-0.0,13378.448892219696,-0.0,13144.791666666666,20.0,33.657225553029114,23.56005788712038,200.0
2030-03-01 00:00:00,-0.0,12414.302386843352,-0.0,12180.645161290322,20.0,33.657225553029114,23.56005788712038,200.0
2030-03-01 01:00:00,-0.0,12414.302386843352,-0.0,12180.645161290322,20.0,33.657225553029114,23.56005788712038,200.0
2030-03-01 02:00:00,8651.296262085105,3763.006124758247,-0.0,12180.645161290322,20.0,33.657225553029114,23.56005788712038,200.0
2030-03-01 03:00:00,12414.302386843352,-0.0,-0.0,12180.645161290322,20.0,33.657225553029114,23.56005788712038,200.0
2030-03-01 04:00:00,12414.302386843352,-0.0,-0.0,12180.645161290322,20.0,33.657225553029114,23.56005788712038,200.0
2030-03-01 05:00:00,12414.302386843352,-0.0,-0.0,12180.645161290322,20.0,33.657225553029114,23.56005788712038,200.0
2030-03-01 06:00:00,12414.302386843352,-0.0,-0.0,12180.645161290322,20.0,33.657225553029114,23.56005788712038,200.0
2030-03-01 07:00:00,12414.302386843352,-0.0,-0.0,12180.645161290322,20.0,33.657225553029114,23.56005788712038,200.0
2030-03-01 08:00:00,12414.302386843352,-0.0,-0.0,12180.645161290322,20.0,33.657225553029114,23.56005788712038,200.0
2030-03-01 09:00:00,12414.302386843352,-0.0,-0.0,12180.645161290322,20.0,33.657225553029114,23.56005788712038,200.0
2030-03-01 10:00:00,12414.302386843352,-0.0,-0.0,12180.645161290322,20.0,33.657225553029114,23.56005788712038,200.0
2030-03-01 11:00:00,12414.302386843352,-0.0,-0.0,12180.645161290322,20.0,33.657225553029114,23.56005788712038,200.0
2030-03-01 12:00:00,6785.860505573004,5628.441881270348,-0.0,12180.645161290322,20.0,33.657225553029114,23.56005788712038,200.0
2030-03-01 13:00:00,-0.0,12414.302386843352,-0.0,12180.645161290322,20.0,33.657225553029114,23.56005788712038,200.0
2030-03-01 14:00:00,-0.0,12414.302386843352,-0.0,12180.645161290322,20.0,33.657225553029114,23.56005788712038,200.0
2030-03-01 15:00:00,-0.0,12414.302386843352,-0.0,12180.645161290322,20.0,33.657225553029114,23.56005788712038,200.0
2030-03-01 16:00:00,-0.0,12414.302386843352,-0.0,12180.645161290322,20.0,33.657225553029114,23.56005788712038,200.0
2030-03-01 17:00:00,-0.0,12414.302386843352,-0.0,12180.645161290322,20.0,33.657225553029114,23.56005788712038,200.0
2030-03-01 18:00:00,-0.0,12414.302386843352,-0.0,12180.645161290322,20.0,33.657225553029114,23.56005788712038,200.0
2030-03-01 19:00:00,-0.0,6511.96193176913,5668.683229521192,12180.645161290322,20.0,-0.0,-0.0,0.0
2030-03-01 20:00:00,-0.0,-0.0,12180.645161290322,12180.645161290322,20.0,-0.0,-0.0,0.0
2030-03-01 21:00:00,-0.0,-0.0,12180.645161290322,12180.645161290322,20.0,-0.0,-0.0,0.0
2030-03-01 22:00:00,-0.0,-0.0,12180.645161290322,12180.645161290322,20.0,-0.0,-0.0,0.0
2030-03-01 23:00:00,-0.0,-0.0,12180.645161290322,12180.645161290322,20.0,-0.0,-0.0,0.0
2030-03-02 00:00:00,-0.0,-0.0,12180.645161290322,12180.645161290322,20.0,-0.0,-0.0,0.0
2030-03-02 01:00:00,-0.0,-0.0,12180.645161290322,12180.645161290322,20.0,-0.0,-0.0,0.0
2030-03-02 02:00:00,9785.739077221506,-0.0,2394.906084068816,12180.645161290322,20.0,-0.0,-0.0,0.0
2030-03-02 03:00:00,12409.216589861751,-0.0,-0.0,12180.645161290322,20.0,28.571428571428573,20.0,200.0
2030-03-02 04:00:00,12409.216589861751,-0.0,-0.0,12180.645161290322,20.0,28.571428571428573,20.0,200.0
2030-03-02 05:00:00,12409.216589861751,-0.0,-0.0,12180.645161290322,20.0,28.571428571428573,20.0,200.0
2030-03-02 06:00:00,12409.216589861751,-0.0,-0.0,12180.645161290322,20.0,28.571428571428573,20.0,200.0
2030-03-02 07:00:00,12409.216589861751,-0.0,-0.0,12180.645161290322,20.0,28.571428571428573,20.0,200.0
2030-03-02 08:00:00,12409.216589861751,-0.0,-0.0,12180.645161290322,20.0,28.571428571428573,20.0,200.0
2030-03-02 09:00:00,12409.216589861751,-0.0,-0.0,12180.645161290322,20.0,28.571428571428573,20.0,200.0
2030-03-02 10:00:00,12409.216589861751,-0.0,-0.0,12180.645161290322,20.0,28.571428571428573,20.0,200.0
2030-03-02 11:00:00,12409.216589861751,-0.0,-0.0,12180.645161290322,20.0,28.571428571428573,20.0,200.0
2030-03-02 12:00:00,-0.0,12409.216589861751,-0.0,12180.645161290322,20.0,28.571428571428573,20.0,200.0
2030-03-02 13:00:00,-0.0,12409.216589861751,-0.0,12180.645161290322,20.0,28.571428571428573,20.0,200.0
2030-03-02 14:00:00,-0.0,12413.72351564216,-0.0,12180.645161290322,20.0,33.07835435183823,23.15484804628676,200.0
2030-03-02 15:00:00,-0.0,12414.302386843352,-0.0,12180.645161290322,20.0,33.657225553029114,23.56005788712038,200.0
2030-03-02 16:00:00,-0.0,12414.302386843352,-0.0,12180.645161290322,20.0,33.657225553029114,23.56005788712038,200.0
2030-03-02 17:00:00,-0.0,12414.302386843352,-0.0,12180.645161290322,20.0,33.657225553029114,23.56005788712038,200.0
2030-03-02 18:00:00,-0.0,12414.302386843352,-0.0,12180.645161290322,20.0,33.657225553029114,23.56005788712038,200.0
2030-03-02 19:00:00,-0.0,12414.302386843352,-0.0,12180.645161290322,20.0,33.657225553029114,23.56005788712038,200.0
2030-03-02 20:00:00,-0.0,12414.302386843352,-0.0,12180.645161290322,20.0,33.657225553029114,23.56005788712038,200.0
2030-03-02 21:00:00,-0.0,12414.302386843352,-0.0,12180.645161290322,20.0,33.657225553029114,23.56005788712038,200.0
2030-03-02 22:00:00,-0.0,12414.302386843352,-0.0,12180.645161290322,20.0,33.657225553029114,23.56005788712038,200.0
2030-03-02 23:00:00,-0.0,12414.302386843352,-0.0,12180.645161290322,20.0,33.657225553029114,23.56005788712038,200.0
2030-03-03 00:00:00,-0.0,12414.302386843352,-0.0,12180.645161290322,20.0,33.657225553029114,23.56005788712038,200.0
2030-03-03 01:00:00,-0.0,12414.302386843352,-0.0,12180.645161290322,20.0,33.657225553029114,23.56005788712038,200.0
2030-03-03 02:00:00,-0.0,12414.302386843352,-0.0,12180.645161290322,20.0,33.657225553029114,23.56005788712038,200.0
2030-03-03 03:00:00,12414.302386843352,-0.0,-0.0,12180.645161290322,20.0,33.657225553029114,23.56005788712038,200.0
2030-03-03 04:00:00,12414.302386843352,-0.0,-0.0,12180.645161290322,20.0,33.657225553029114,23.56005788712038,200.0
2030-03-03 05:00:00,12414.302386843352,-0.0,-0.0,12180.645161290322,20.0,33.657225553029114,23.56005788712038,200.0
2030-03-03 06:00:00,12414.302386843352,-0.0,-0.0,12180.645161290322,20.0,33.657225553029114,23.56005788712038,200.0
2030-03-03 07:00:00,12414.302386843352,-0.0,-0.0,12180.645161290322,20.0,33.657225553029114,23.56005788712038,200.0
2030-03-03 08:00:00,12414.302386843352,-0.0,-0.0,12180.645161290322,20.0,33.657225553029114,23.56005788712038,200.0
2030-03-03 09:00:00,12414.302386843352,-0.0,-0.0,12180.645161290322,20.0,33.657225553029114,23.56005788712038,200.0
2030-03-03 10:00:00,12414.302386843352,-0.0,-0.0,12180.645161290322,20.0,33.657225553029114,23.56005788712038,200.0
2030-03-03 11:00:00,12414.302386843352,-0.0,-0.0,12180.645161290322,20.0,33.657225553029114,23.56005788712038,200.0
2030-03-03 12:00:00,-0.0,12414.302386843352,-0.0,12180.645161290322,20.0,33.657225553029114,23.56005788712038,200.0
2030-03-03 13:00:00,-0.0,12414.302386843352,-0.0,12180.645161290322,20.0,33.657225553029114,23.56005788712038,200.0
2030-03-03 14:00:00,-0.0,12414.302386843352,-0.0,12180.645161290322,20.0,33.657225553029114,23.56005788712038,200.0
2030-03-03 15:00:00,-0.0,12414.302386843352,-0.0,12180.645161290322,20.0,33.657225553029114,23.56005788712038,200.0
2030-03-03 16:00:00,-0.0,12414.302386843352,-0.0,12180.645161290322,20.0,33.657225553029114,23.56005788712038,200.0
2030-03-03 17:00:00,-0.0,12414.302386843352,-0.0,12180.645161290322,20.0,33.657225553029114,23.56005788712038,200.0
2030-03-03 18:00:00,-0.0,12414.302386843352,-0.0,12180.645161290322,20.0,33.657225553029114,23.56005788712038,200.0
2030-03-03 19:00:00,-0.0,12414.302386843352,-0.0,12180.645161290322,20.0,33.657225553029114,23.56005788712038,200.0
2030-03-03 20:00:00,-0.0,12414.302386843352,-0.0,12180.645161290322,20.0,33.657225553029114,23.56005788712038,200.0
2030-03-03 21:00:00,-0.0,12414.302386843352,-0.0,12180.645161290322,20.0,33.657225553029114,23.56005788712038,200.0
2030-03-03 22:00:00,-0.0,12414.302386843352,-0.0,12180.645161290322,20.0,33.657225553029114,23.56005788712038,200.0
2030-03-03 23:00:00,-0.0,12414.302386843352,-0.0,12180.645161290322,20.0,33.657225553029114,23.56005788712038,200.0
2030-03-04 00:00:00,-0.0,12414.302386843352,-0.0,12180.645161290322,20.0,33.657225553029114,23.56005788712038,200.0
2030-03-04 01:00:00,-0.0,12414.302386843352,-0.0,12180.645161290322,20.0,33.657225553029114,23.56005788712038,200.0
2030-03-04 02:00:00,-0.0,12414.302386843352,-0.0,12180.645161290322,20.0,33.657225553029114,23.56005788712038,200.0
2030-03-04 03:00:00,5742.92178551634,6671.380601327012,-0.0,12180.645161290322,20.0,33.657225553029114,23.56005788712038,200.0
2030-03-04 04:00:00,7590.680614569863,4823.621772273489,-0.0,12180.645161290322,20.0,33.657225553029114,23.56005788712038,200.0
2030-03-04 05:00:00,8148.0237391465,4266.278647696852,-0.0,12180.645161290322,20.0,33.657225553029114,23.56005788712038,200.0
2030-03-04 06:00:00,12414.302386843352,-0.0,-0.0,12180.645161290322,20.0,33.657225553029114,23.56005788712038,200.0
2030-03-04 07:00:00,-0.0,12414.302386843352,-0.0,12180.645161290322,20.0,33.657225553029114,23.56005788712038,200.0
2030-03-04 08:00:00,-0.0,12414.302386843352,-0.0,12180.645161290322,20.0,33.657225553029114,23.56005788712038,200.0
2030-03-04 09:00:00,12414.302386843352,-0.0,-0.0,12180.645161290322,20.0,33.657225553029114,23.56005788712038,200.0
2030-03-04 10:00:00,-0.0,12414.302386843352,-0.0,12180.645161290322,20.0,33.657225553029114,23.56005788712038,200.0
2030-03-04 11:00:00,9365.652095264488,3048.650291578864,-0.0,12180.645161290322,20.0,33.657225553029114,23.56005788712038,200.0
2030-03-04 12:00:00,2242.8901487160542,10171.412238127297,-0.0,12180.645161290322,20.0,33.657225553029114,23.56005788712038,200.0
2030-03-04 13:00:00,-0.0,12414.302386843352,-0.0,12180.645161290322,20.0,33.657225553029114,23.56005788712038,200.0
2030-03-04 14:00:00,-0.0,12414.302386843352,-0.0,12180.645161290322,20.0,33.657225553029114,23.56005788712038,200.0
2030-03-04 15:00:00,-0.0,12414.302386843352,-0.0,12180.645161290322,20.0,33.657225553029114,23.56005788712038,200.0
2030-03-04 16:00:00,-0.0,12414.302386843352,-0.0,12180.645161290322,20.0,33.657225553029114,23.56005788712038,200.0
2030-03-04 17:00:00,-0.0,12414.302386843352,-0.0,12180.645161290322,20.0,33.657225553029114,23.56005788712038,200.0
2030-03-04 18:00:00,-0.0,12414.302386843352,-0.0,12180.645161290322,20.0,33.657225553029114,23.56005788712038,200.0
2030-03-04 19:00:00,-0.0,12414.302386843352,-0.0,12180.645161290322,20.0,33.657225553029114,23.56005788712038,200.0
2030-03-04 20:00:00,-0.0,12414.302386843352,-0.0,12180.645161290322,20.0,33.657225553029114,23.56005788712038,200.0
2030-03-04 21:00:00,-0.0,12414.302386843352,-0.0,12180.645161290322,20.0,33.657225553029114,23.56005788712038,200.0
2030-03-04 22:00:00,-0.0,12414.302386843352,-0.0,12180.645161290322,20.0,33.657225553029114,23.56005788712038,200.0
2030-03-04 23:00:00,-0.0,12414.302386843352,-0.0,12180.645161290322,20.0,33.657225553029114,23.56005788712038,200.0
2030-03-05 00:00:00,-0.0,12414.302386843352,-0.0,12180.645161290322,20.0,33.657225553029114,23.56005788712038,200.0
2030-03-05 01:00:00,-0.0,12414.302386843352,-0.0,12180.645161290322,20.0,33.657225553029114,23.56005788712038,200.0
2030-03-05 02:00:00,7715.458926042245,4698.843460801107,-0.0,12180.645161290322,20.0,33.657225553029114,23.56005788712038,200.0
2030-03-05 03:00:00,12414.302386843352,-0.0,-0.0,12180.645161290322,20.0,33.657225553029114,23.56005788712038,200.0
2030-03-05 04:00:00,12414.302386843352,-0.0,-0.0,12180.645161290322,20.0,33.657225553029114,23.56005788712038,200.0
2030-03-05 05:00:00,12414.302386843352,-0.0,-0.0,12180.645161290322,20.0,33.657225553029114,23.56005788712038,200.0
2030-03-05 06:00:00,12414.302386843352,-0.0,-0.0,12180.645161290322,20.0,33.657225553029114,23.56005788712038,200.0
2030-03-05 07:00:00,12414.302386843352,-0.0,-0.0,12180.645161290322,20.0,33.657225553029114,23.56005788712038,200.0
2030-03-05 08:00:00,12414.302386843352,-0.0,-0.0,12180.645161290322,20.0,33.657225553029114,23.56005788712038,200.0
2030-03-05 09:00:00,12414.302386843352,-0.0,-0.0,12180.645161290322,20.0,33.657225553029114,23.56005788712038,200.0
2030-03-05 10:00:00,12414.302386843352,-0.0,-0.0,12180.645161290322,20.0,33.657225553029114,23.56005788712038,200.0
2030-03-05 11:00:00,12414.302386843352,-0.0,-0.0,12180.645161290322,20.0,33.657225553029114,23.56005788712038,200.0
2030-03-05 12:00:00,7871.431815382722,4542.87057146063,-0.0,12180.645161290322,20.0,33.657225553029114,23.56005788712038,200.0
2030-03-05 13:00:00,-0.0,12414.302386843352,-0.0,12180.645161290322,20.0,33.657225553029114,23.56005788712038,200.0
2030-03-05 14:00:00,-0.0,12180.645161290322,-0.0,12180.645161290322,20.0,-0.0,-0.0,0.0
2030-03-05 15:00:00,-0.0,5094.791124388843,7085.854036901479,12180.645161290322,20.0,-0.0,-0.0,0.0
2030-03-05 16:00:00,-0.0,9346.303546529733,2834.3416147605894,12180.645161290322,20.0,-0.0,-0.0,0.0
2030-03-05 17:00:00,-0.0,12414.302386843352,-0.0,12180.645161290322,20.0,33.657225553029114,23.56005788712038,200.0
2030-03-05 18:00:00,-0.0,12414.302386843352,-0.0,12180.645161290322,20.0,33.657225553029114,23.56005788712038,200.0
2030-03-05 19:00:00,-0.0,10763.474353910022,1417.1708073803002,12180.645161290322,20.0,-0.0,-0.0,0.0
2030-03-05 20:00:00,-0.0,10763.474353910022,1417.1708073803002,12180.645161290322,20.0,-0.0,-0.0,0.0
2030-03-05 21:00:00,-0.0,12180.645161290322,-0.0,12180.645161290322,20.0,-0.0,-0.0,0.0
2030-03-05 22:00:00,-0.0,12414.302386843352,-0.0,12180.645161290322,20.0,33.657225553029114,23.56005788712038,200.0
2030-03-05 23:00:00,-0.0,12180.645161290322,-0.0,12180.645161290322,20.0,-0.0,-0.0,0.0
2030-03-06 00:00:00,-0.0,7929.132739149419,4251.512422140903,12180.645161290322,20.0,-0.0,-0.0,0.0
2030-03-06 01:00:00,-0.0,3677.6203170085287,8503.024844281794,12180.645161290322,20.0,-0.0,-0.0,0.0
2030-03-06 02:00:00,4062.573857688282,3677.6203170085287,4440.450986593512,12180.645161290322,20.0,-0.0,-0.0,0.0
2030-03-06 03:00:00,12414.302386843352,-0.0,-0.0,12180.645161290322,20.0,33.657225553029114,23.56005788712038,200.0
2030-03-06 04:00:00,12414.302386843352,-0.0,-0.0,12180.645161290322,20.0,33.657225553029114,23.56005788712038,200.0
2030-03-06 05:00:00,12414.302386843352,-0.0,-0.0,12180.645161290322,20.0,33.657225553029114,23.56005788712038,200.0
2030-03-06 06:00:00,12414.302386843352,-0.0,-0.0,12180.645161290322,20.0,33.657225553029114,23.56005788712038,200.0
2030-03-06 07:00:00,12414.302386843352,-0.0,-0.0,12180.645161290322,20.0,33.657225553029114,23.56005788712038,200.0
2030-03-06 08:00:00,12414.302386843352,-0.0,-0.0,12180.645161290322,20.0,33.657225553029114,23.56005788712038,200.0
2030-03-06 09:00:00,12414.302386843352,-0.0,-0.0,12180.645161290322,20.0,33.657225553029114,23.56005788712038,200.0
2030-03-06 10:00:00,12414.302386843352,-0.0,-0.0,12180.645161290322,20.0,33.657225553029114,23.56005788712038,200.0
2030-03-06 11:00:00,12414.302386843352,-0.0,-0.0,12180.645161290322,20.0,33.657225553029114,23.56005788712038,200.0
2030-03-06 12:00:00,5420.577814212699,6993.724572630653,-0.0,12180.645161290322,20.0,33.657225553029114,23.56005788712038,200.0
2030-03-06 13:00:00,-0.0,12414.302386843352,-0.0,12180.645161290322,20.0,33.657225553029114,23.56005788712038,200.0
2030-03-06 14:00:00,-0.0,12414.302386843352,-0.0,12180.645161290322,20.0,33.657225553029114,23.56005788712038,200.0
2030-03-06 15:00:00,-0.0,12414.302386843352,-0.0,12180.645161290322,20.0,33.657225553029114,23.56005788712038,200.0
2030-03-06 16:00:00,-0.0,12414.302386843352,-0.0,12180.645161290322,20.0,33.657225553029114,23.56005788712038,200.0
2030-03-06 17:00:00,-0.0,12414.302386843352,-0.0,12180.645161290322,20.0,33.657225553029114,23.56005788712038,200.0
2030-03-06 18:00:00,-0.0,3677.6203170085287,8503.024844281794,12180.645161290322,20.0,-0.0,-0.0,0.0
2030-03-06 19:00:00,-0.0,-0.0,12180.645161290322,12180.645161290322,20.0,-0.0,-0.0,0.0
2030-03-06 20:00:00,-0.0,-0.0,12180.645161290322,12180.645161290322,20.0,-0.0,-0.0,0.0
2030-03-06 21:00:00,-0.0,-0.0,12180.645161290322,12180.645161290322,20.0,-0.0,-0.0,0.0
2030-03-06 22:00:00,-0.0,-0.0,12180.645161290322,12180.645161290322,20.0,-0.0,-0.0,0.0
2030-03-06 23:00:00,-0.0,10763.474353910022,1417.1708073803002,12180.645161290322,20.0,-0.0,-0.0,0.0
2030-03-07 00:00:00,-0.0,12409.216589861751,-0.0,12180.645161290322,20.0,28.571428571428573,20.0,200.0
2030-03-07 01:00:00,-0.0,12409.216589861751,-0.0,12180.645161290322,20.0,28.571428571428573,20.0,200.0
2030-03-07 02:00:00,7429.508628918038,4979.707960943712,-0.0,12180.645161290322,20.0,28.571428571428573,20.0,200.0
2030-03-07 03:00:00,12409.216589861751,-0.0,-0.0,12180.645161290322,20.0,28.571428571428573,20.0,200.0
2030-03-07 04:00:00,12409.216589861751,-0.0,-0.0,12180.645161290322,20.0,28.571428571428573,20.0,200.0
2030-03-07 05:00:00,12409.216589861751,-0.0,-0.0,12180.645161290322,20.0,28.571428571428573,20.0,200.0
2030-03-07 06:00:00,12409.216589861751,-0.0,-0.0,12180.645161290322,20.0,28.571428571428573,20.0,200.0
2030-03-07 07:00:00,12409.216589861751,-0.0,-0.0,12180.645161290322,20.0,28.571428571428573,20.0,200.0
2030-03-07 08:00:00,12409.216589861751,-0.0,-0.0,12180.645161290322,20.0,28.571428571428573,20.0,200.0
2030-03-07 09:00:00,12409.216589861751,-0.0,-0.0,12180.645161290322,20.0,28.571428571428573,20.0,200.0
2030-03-07 10:00:00,12409.216589861751,-0.0,-0.0,12180.645161290322,20.0,28.571428571428573,20.0,200.0
2030-03-07 11:00:00,-0.0,12409.216589861751,-0.0,12180.645161290322,20.0,28.571428571428573,20.0,200.0
2030-03-07 12:00:00,-0.0,12409.216589861751,-0.0,12180.645161290322,20.0,28.571428571428573,20.0,200.0
2030-03-07 13:00:00,-0.0,12409.216589861751,-0.0,12180.645161290322,20.0,28.571428571428573,20.0,200.0
2030-03-07 14:00:00,-0.0,12409.216589861751,-0.0,12180.645161290322,20.0,28.571428571428573,20.0,200.0
2030-03-07 15:00:00,-0.0,12409.216589861751,-0.0,12180.645161290322,20.0,28.571428571428573,20.0,200.0
2030-03-07 16:00:00,-0.0,12409.216589861751,-0.0,12180.645161290322,20.0,28.571428571428573,20.0,200.0
2030-03-07 17:00:00,-0.0,12409.216589861751,-0.0,12180.645161290322,20.0,28.571428571428573,20.0,200.0
2030-03-07 18:00:00,-0.0,12409.216589861751,-0.0,12180.645161290322,20.0,28.571428571428573,20.0,200.0
2030-03-07 19:00:00,-0.0,12409.216589861751,-0.0,12180.645161290322,20.0,28.571428571428573,20.0,200.0
2030-03-07 20:00:00,-0.0,12409.216589861751,-0.0,12180.645161290322,20.0,28.571428571428573,20.0,200.0
2030-03-07 21:00:00,-0.0,12409.216589861751,-0.0,12180.645161290322,20.0,28.571428571428573,20.0,200.0
2030-03-07 22:00:00,-0.0,12409.216589861751,-0.0,12180.645161290322,20.0,28.571428571428573,20.0,200.0
2030-03-07 23:00:00,-0.0,12409.216589861751,-0.0,12180.645161290322,20.0,28.571428571428573,20.0,200.0
2030-03-08 00:00:00,-0.0,12409.216589861751,-0.0,12180.645161290322,20.0,28.571428571428573,20.0,200.0
2030-03-08 01:00:00,-0.0,12409.216589861751,-0.0,12180.645161290322,20.0,28.571428571428573,20.0,200.0
2030-03-08 02:00:00,-0.0,12409.216589861751,-0.0,12180.645161290322,20.0,28.571428571428573,20.0,200.0
2030-03-08 03:00:00,12409.216589861751,-0.0,-0.0,12180.645161290322,20.0,28.571428571428573,20.0,200.0
2030-03-08 04:00:00,12409.216589861751,-0.0,-0.0,12180.645161290322,20.0,28.571428571428573,20.0,200.0
2030-03-08 05:00:00,12409.216589861751,-0.0,-0.0,12180.645161290322,20.0,28.571428571428573,20.0,200.0
2030-03-08 06:00:00,12409.216589861751,-0.0,-0.0,12180.645161290322,20.0,28.571428571428573,20.0,200.0
2030-03-08 07:00:00,12409.216589861751,-0.0,-0.0,12180.645161290322,20.0,28.571428571428573,20.0,200.0
2030-03-08 08:00:00,12409.216589861751,-0.0,-0.0,12180.645161290322,20.0,28.571428571428573,20.0,200.0
2030-03-08 09:00:00,12409.216589861751,-0.0,-0.0,12180.645161290322,20.0,28.571428571428573,20.0,200.0
2030-03-08 10:00:00,-0.0,12409.216589861751,-0.0,12180.645161290322,20.0,28.571428571428573,20.0,200.0
2030-03-08 11:00:00,12409.216589861751,-0.0,-0.0,12180.645161290322,20.0,28.571428571428573,20.0,200.0
2030-03-08 12:00:00,7847.515972350515,4561.700617511236,-0.0,12180.645161290322,20.0,28.571428571428573,20.0,200.0
2030-03-08 13:00:00,-0.0,12409.216589861751,-0.0,12180.645161290322,20.0,28.571428571428573,20.0,200.0
2030-03-08 14:00:00,-0.0,12409.216589861751,-0.0,12180.645161290322,20.0,28.571428571428573,20.0,200.0
2030-03-08 15:00:00,-0.0,12409.216589861751,-0.0,12180.645161290322,20.0,28.571428571428573,20.0,200.0
2030-03-08 16:00:00,-0.0,12409.216589861751,-0.0,12180.645161290322,20.0,28.571428571428573,20.0,200.0
2030-03-08 17:00:00,-0.0,12409.216589861751,-0.0,12180.645161290322,20.0,28.571428571428573,20.0,200.0
2030-03-08 18:00:00,-0.0,12409.216589861751,-0.0,12180.645161290322,20.0,28.571428571428573,20.0,200.0
2030-03-08 19:00:00,-0.0,12409.216589861751,-0.0,12180.645161290322,20.0,28.571428571428573,20.0,200.0
2030-03-08 20:00:00,-0.0,12409.216589861751,-0.0,12180.645161290322,20.0,28.571428571428573,20.0,200.0
2030-03-08 21:00:00,-0.0,12409.216589861751,-0.0,12180.645161290322,20.0,28.571428571428573,20.0,200.0
2030-03-08 22:00:00,-0.0,12409.216589861751,-0.0,12180.645161290322,20.0,28.571428571428573,20.0,200.0
2030-03-08 23:00:00,-0.0,12409.216589861751,-0.0,12180.645161290322,20.0,28.571428571428573,20.0,200.0
2030-03-09 00:00:00,-0.0,12409.216589861751,-0.0,12180.645161290322,20.0,28.571428571428573,20.0,200.0
2030-03-09 01:00:00,-0.0,12409.216589861751,-0.0,12180.645161290322,20.0,28.571428571428573,20.0,200.0
2030-03-09 02:00:00,-0.0,12409.216589861751,-0.0,12180.645161290322,20.0,28.571428571428573,20.0,200.0
2030-03-09 03:00:00,12409.216589861751,-0.0,-0.0,12180.645161290322,20.0,28.571428571428573,20.0,200.0
2030-03-09 04:00:00,12409.216589861751,-0.0,-0.0,12180.645161290322,20.0,28.571428571428573,20.0,200.0
2030-03-09 05:00:00,12409.216589861751,-0.0,-0.0,12180.645161290322,20.0,28.571428571428573,20.0,200.0
2030-03-09 06:00:00,12409.216589861751,-0.0,-0.0,12180.645161290322,20.0,28.571428571428573,20.0,200.0
2030-03-09 07:00:00,12409.216589861751,-0.0,-0.0,12180.645161290322,20.0,28.571428571428573,20.0,200.0
2030-03-09 08:00:00,12409.216589861751,-0.0,-0.0,12180.645161290322,20.0,28.571428571428573,20.0,200.0
2030-03-09 09:00:00,12409.216589861751,-0.0,-0.0,12180.645161290322,20.0,28.571428571428573,20.0,200.0
2030-03-09 10:00:00,12409.216589861751,-0.0,-0.0,12180.645161290322,20.0,28.571428571428573,20.0,200.0
2030-03-09 11:00:00,12409.216589861751,-0.0,-0.0,12180.645161290322,20.0,28.571428571428573,20.0,200.0
2030-03-09 12:00:00,10020.73823049449,2388.478359367261,-0.0,12180.645161290322,20.0,28.571428571428573,20.0,200.0
2030-03-09 13:00:00,-0.0,12409.216589861751,-0.0,12180.645161290322,20.0,28.571428571428573,20.0,200.0
2030-03-09 14:00:00,-0.0,12409.216589861751,-0.0,12180.645161290322,20.0,28.571428571428573,20.0,200.0
2030-03-09 15:00:00,-0.0,12409.216589861751,-0.0,12180.645161290322,20.0,28.571428571428573,20.0,200.0
2030-03-09 16:00:00,-0.0,12412.689817068642,-0.0,12180.645161290322,20.0,32.044655778320006,22.431259044824003,200.0
2030-03-09 17:00:00,-0.0,12414.302386843352,-0.0,12180.645161290322,20.0,33.657225553029114,23.56005788712038,200.0
2030-03-09 18:00:00,-0.0,12414.302386843352,-0.0,12180.645161290322,20.0,33.657225553029114,23.56005788712038,200.0
2030-03-09 19:00:00,-0.0,12414.302386843352,-0.0,12180.645161290322,20.0,33.657225553029114,23.56005788712038,200.0
2030-03-09 20:00:00,-0.0,12414.302386843352,-0.0,12180.645161290322,20.0,33.657225553029114,23.56005788712038,200.0
2030-03-09 21:00:00,-0.0,12414.302386843352,-0.0,12180.645161290322,20.0,33.657225553029114,23.56005788712038,200.0
2030-03-09 22:00:00,-0.0,12414.302386843352,-0.0,12180.645161290322,20.0,33.657225553029114,23.56005788712038,200.0
2030-03-09 23:00:00,-0.0,12414.302386843352,-0.0,12180.645161290322,20.0,33.657225553029114,23.56005788712038,200.0
2030-03-10 00:00:00,-0.0,12414.302386843352,-0.0,12180.645161290322,20.0,33.657225553029114,23.56005788712038,200.0
2030-03-10 01:00:00,-0.0,12414.302386843352,-0.0,12180.645161290322,20.0,33.657225553029114,23.56005788712038,200.0
2030-03-10 02:00:00,12414.302386843352,-0.0,-0.0,12180.645161290322,20.0,33.657225553029114,23.56005788712038,200.0
2030-03-10 03:00:00,12414.302386843352,-0.0,-0.0,12180.645161290322,20.0,33.657225553029114,23.56005788712038,200.0
2030-03-10 04:00:00,12414.302386843352,-0.0,-0.0,12180.645161290322,20.0,33.657225553029114,23.56005788712038,200.0
2030-03-10 05:00:00,12414.302386843352,-0.0,-0.0,12180.645161290322,20.0,33.657225553029114,23.56005788712038,200.0
2030-03-10 06:00:00,12414.302386843352,-0.0,-0.0,12180.645161290322,20.0,33.657225553029114,23.56005788712038,200.0
2030-03-10 07:00:00,12414.302386843352,-0.0,-0.0,12180.645161290322,20.0,33.657225553029114,23.56005788712038,200.0
2030-03-10 08:00:00,12414.302386843352,-0.0,-0.0,12180.645161290322,20.0,33.657225553029114,23.56005788712038,200.0
2030-03-10 09:00:00,12414.302386843352,-0.0,-0.0,12180.645161290322,20.0,33.657225553029114,23.56005788712038,200.0
2030-03-10 10:00:00,12414.302386843352,-0.0,-0.0,12180.645161290322,20.0,33.657225553029114,23.56005788712038,200.0
2030-03-10 11:00:00,12414.302386843352,-0.0,-0.0,12180.645161290322,20.0,33.657225553029114,23.56005788712038,200.0
2030-03-10 12:00:00,9268.948903873392,3145.35348296996,-0.0,12180.645161290322,20.0,33.657225553029114,23.56005788712038,200.0
2030-03-10 13:00:00,-0.0,12414.302386843352,-0.0,12180.645161290322,20.0,33.657225553029114,23.56005788712038,200.0
2030-03-10 14:00:00,-0.0,12414.302386843352,-0.0,12180.645161290322,20.0,33.657225553029114,23.56005788712038,200.0
2030-03-10 15:00:00,-0.0,12414.302386843352,-0.0,12180.645161290322,20.0,33.657225553029114,23.56005788712038,200.0
2030-03-10 16:00:00,-0.0,12414.302386843352,-0.0,12180.645161290322,20.0,33.657225553029114,23.56005788712038,200.0
2030-03-10 17:00:00,-0.0,12414.302386843352,-0.0,12180.645161290322,20.0,33.657225553029114,23.56005788712038,200.0
2030-03-10 18:00:00,-0.0,12414.302386843352,-0.0,12180.645161290322,20.0,33.657225553029114,23.56005788712038,200.0
2030-03-10 19:00:00,-0.0,12414.302386843352,-0.0,12180.645161290322,20.0,33.657225553029114,23.56005788712038,200.0
2030-03-10 20:00:00,-0.0,12414.302386843352,-0.0,12180.645161290322,20.0,33.657225553029114,23.56005788712038,200.0
2030-03-10 21:00:00,-0.0,12414.302386843352,-0.0,12180.645161290322,20.0,33.657225553029114,23.56005788712038,200.0
2030-03-10 22:00:00,-0.0,12414.302386843352,-0.0,12180.645161290322,20.0,33.657225553029114,23.56005788712038,200.0
2030-03-10 23:00:00,-0.0,12414.302386843352,-0.0,12180.645161290322,20.0,33.657225553029114,23.56005788712038,200.0
2030-03-11 00:00:00,-0.0,12414.302386843352,-0.0,12180.645161290322,20.0,33.657225553029114,23.56005788712038,200.0
2030-03-11 01:00:00,-0.0,12414.302386843352,-0.0,12180.645161290322,20.0,33.657225553029114,23.56005788712038,200.0
2030-03-11 02:00:00,12414.302386843352,-0.0,-0.0,12180.645161290322,20.0,33.657225553029114,23.56005788712038,200.0
2030-03-11 03:00:00,12414.302386843352,-0.0,-0.0,12180.645161290322,20.0,33.657225553029114,23.56005788712038,200.0
2030-03-11 04:00:00,12414.302386843352,-0.0,-0.0,12180.645161290322,20.0,33.657225553029114,23.56005788712038,200.0
2030-03-11 05:00:00,12414.302386843352,-0.0,-0.0,12180.645161290322,20.0,33.657225553029114,23.56005788712038,200.0
2030-03-11 06:00:00,12414.302386843352,-0.0,-0.0,12180.645161290322,20.0,33.657225553029114,23.56005788712038,200.0
2030-03-11 07:00:00,12414.302386843352,-0.0,-0.0,12180.645161290322,20.0,33.657225553029114,23.56005788712038,200.0
2030-03-11 08:00:00,12414.302386843352,-0.0,-0.0,12180.645161290322,20.0,33.657225553029114,23.56005788712038,200.0
2030-03-11 09:00:00,12414.302386843352,-0.0,-0.0,12180.645161290322,20.0,33.657225553029114,23.56005788712038,200.0
2030-03-11 10:00:00,12414.302386843352,-0.0,-0.0,12180.645161290322,20.0,33.657225553029114,23.56005788712038,200.0
2030-03-11 11:00:00,12414.302386843352,-0.0,-0.0,12180.645161290322,20.0,33.657225553029114,23.56005788712038,200.0
2030-03-11 12:00:00,-0.0,12414.302386843352,-0.0,12180.645161290322,20.0,33.657225553029114,23.56005788712038,200.0
2030-03-11 13:00:00,-0.0,12414.302386843352,-0.0,12180.645161290322,20.0,33.657225553029114,23.56005788712038,200.0
2030-03-11 14:00:00,-0.0,12414.302386843352,-0.0,12180.645161290322,20.0,33.657225553029114,23.56005788712038,200.0
2030-03-11 15:00:00,-0.0,12414.302386843352,-0.0,12180.645161290322,20.0,33.657225553029114,23.56005788712038,200.0
2030-03-11 16:00:00,-0.0,12414.302386843352,-0.0,12180.645161290322,20.0,33.657225553029114,23.56005788712038,200.0
2030-03-11 17:00:00,-0.0,12414.302386843352,-0.0,12180.645161290322,20.0,33.657225553029114,23.56005788712038,200.0
2030-03-11 18:00:00,-0.0,12414.302386843352,-0.0,12180.645161290322,20.0,33.657225553029114,23.56005788712038,200.0
2030-03-11 19:00:00,-0.0,12414.302386843352,-0.0,12180.645161290322,20.0,33.657225553029114,23.56005788712038,200.0
2030-03-11 20:00:00,-0.0,12414.302386843352,-0.0,12180.645161290322,20.0,33.657225553029114,23.56005788712038,200.0
2030-03-11 21:00:00,-0.0,12414.302386843352,-0.0,12180.645161290322,20.0,33.657225553029114,23.56005788712038,200.0
2030-03-11 22:00:00,-0.0,12414.302386843352,-0.0,12180.645161290322,20.0,33.657225553029114,23.56005788712038,200.0
2030-03-11 23:00:00,-0.0,12414.302386843352,-0.0,12180.645161290322,20.0,33.657225553029114,23.56005788712038,200.0
2030-03-12 00:00:00,-0.0,12414.302386843352,-0.0,12180.645161290322,20.0,33.657225553029114,23.56005788712038,200.0
2030-03-12 01:00:00,-0.0,12414.302386843352,-0.0,12180.645161290322,20.0,33.657225553029114,23.56005788712038,200.0
2030-03-12 02:00:00,-0.0,12414.302386843352,-0.0,12180.645161290322,20.0,33.657225553029114,23.56005788712038,200.0
2030-03-12 03:00:00,12414.302386843352,-0.0,-0.0,12180.645161290322,20.0,33.657225553029114,23.56005788712038,200.0
2030-03-12 04:00:00,12414.302386843352,-0.0,-0.0,12180.645161290322,20.0,33.657225553029114,23.56005788712038,200.0
2030-03-12 05:00:00,12414.302386843352,-0.0,-0.0,12180.645161290322,20.0,33.657225553029114,23.56005788712038,200.0
2030-03-12 06:00:00,12414.302386843352,-0.0,-0.0,12180.645161290322,20.0,33.657225553029114,23.56005788712038,200.0
2030-03-12 07:00:00,12414.302386843352,-0.0,-0.0,12180.645161290322,20.0,33.657225553029114,23.56005788712038,200.0
2030-03-12 08:00:00,12414.302386843352,-0.0,-0.0,12180.645161290322,20.0,33.657225553029114,23.56005788712038,200.0
2030-03-12 09:00:00,12414.302386843352,-0.0,-0.0,12180.645161290322,20.0,33.657225553029114,23.56005788712038,200.0
2030-03-12 10:00:00,12414.302386843352,-0.0,-0.0,12180.645161290322,20.0,33.657225553029114,23.56005788712038,200.0
2030-03-12 11:00:00,12414.302386843352,-0.0,-0.0,12180.645161290322,20.0,33.657225553029114,23.56005788712038,200.0
2030-03-12 12:00:00,8244.726930537596,4169.575456305756,-0.0,12180.645161290322,20.0,33.657225553029114,23.56005788712038,200.0
2030-03-12 13:00:00,-0.0,12414.302386843352,-0.0,12180.645161290322,20.0,33.657225553029114,23.56005788712038,200.0
2030-03-12 14:00:00,-0.0,12414.302386843352,-0.0,12180.645161290322,20.0,33.657225553029114,23.56005788712038,200.0
2030-03-12 15:00:00,-0.0,12414.302386843352,-0.0,12180.645161290322,20.0,33.657225553029114,23.56005788712038,200.0
2030-03-12 16:00:00,-0.0,12414.302386843352,-0.0,12180.645161290322,20.0,33.657225553029114,23.56005788712038,200.0
2030-03-12 17:00:00,-0.0,12414.302386843352,-0.0,12180.645161290322,20.0,33.657225553029114,23.56005788712038,200.0
2030-03-12 18:00:00,-0.0,12414.302386843352,-0.0,12180.645161290322,20.0,33.657225553029114,23.56005788712038,200.0
2030-03-12 19:00:00,-0.0,12414.302386843352,-0.0,12180.645161290322,20.0,33.657225553029114,23.56005788712038,200.0
2030-03-12 20:00:00,-0.0,12414.302386843352,-0.0,12180.645161290322,20.0,33.657225553029114,23.56005788712038,200.0
2030-03-12 21:00:00,-0.0,12414.302386843352,-0.0,12180.645161290322,20.0,33.657225553029114,23.56005788712038,200.0
2030-03-12 22:00:00,-0.0,12414.302386843352,-0.0,12180.645161290322,20.0,33.657225553029114,23.56005788712038,200.0
2030-03-12 23:00:00,-0.0,12414.302386843352,-0.0,12180.645161290322,20.0,33.657225553029114,23.56005788712038,200.0
2030-03-13 00:00:00,-0.0,12414.302386843352,-0.0,12180.645161290322,20.0,33.657225553029114,23.56005788712038,200.0
2030-03-13 01:00:00,-0.0,7929.132739149419,4251.512422140903,12180.645161290322,20.0,-0.0,-0.0,0.0
2030-03-13 02:00:00,11483.76393250816,930.538454335192,-0.0,12180.645161290322,20.0,33.657225553029114,23.56005788712038,200.0
2030-03-13 03:00:00,12414.302386843352,-0.0,-0.0,12180.645161290322,20.0,33.657225553029114,23.56005788712038,200.0
2030-03-13 04:00:00,12414.302386843352,-0.0,-0.0,12180.645161290322,20.0,33.657225553029114,23.56005788712038,200.0
2030-03-13 05:00:00,12414.302386843352,-0.0,-0.0,12180.645161290322,20.0,33.657225553029114,23.56005788712038,200.0
2030-03-13 06:00:00,12414.302386843352,-0.0,-0.0,12180.645161290322,20.0,33.657225553029114,23.56005788712038,200.0
2030-03-13 07:00:00,12414.302386843352,-0.0,-0.0,12180.645161290322,20.0,33.657225553029114,23.56005788712038,200.0
2030-03-13 08:00:00,12414.302386843352,-0.0,-0.0,12180.645161290322,20.0,33.657225553029114,23.56005788712038,200.0
2030-03-13 09:00:00,12414.302386843352,-0.0,-0.0,12180.645161290322,20.0,33.657225553029114,23.56005788712038,200.0
2030-03-13 10:00:00,12414.302386843352,-0.0,-0.0,12180.645161290322,20.0,33.657225553029114,23.56005788712038,200.0
2030-03-13 11:00:00,12414.302386843352,-0.0,-0.0,12180.645161290322,20.0,33.657225553029114,23.56005788712038,200.0
2030-03-13 12:00:00,4321.488853993473,6511.96193176913,1347.1943755277189,12180.645161290322,20.0,-0.0,-0.0,0.0
2030-03-13 13:00:00,-0.0,12414.302386843352,-0.0,12180.645161290322,20.0,33.657225553029114,23.56005788712038,200.0
2030-03-13 14:00:00,-0.0,12180.645161290322,-0.0,12180.645161290322,20.0,-0.0,-0.0,0.0
2030-03-13 15:00:00,-0.0,6511.96193176913,5668.683229521192,12180.645161290322,20.0,-0.0,-0.0,0.0
2030-03-13 16:00:00,-0.0,3677.6203170085287,8503.024844281794,12180.645161290322,20.0,-0.0,-0.0,0.0
2030-03-13 17:00:00,-0.0,-0.0,12180.645161290322,12180.645161290322,20.0,-0.0,-0.0,0.0
2030-03-13 18:00:00,-0.0,-0.0,12180.645161290322,12180.645161290322,20.0,-0.0,-0.0,0.0
2030-03-13 19:00:00,-0.0,-0.0,12180.645161290322,12180.645161290322,20.0,-0.0,-0.0,0.0
2030-03-13 20:00:00,-0.0,12414.302386843352,-0.0,12180.645161290322,20.0,33.657225553029114,23.56005788712038,200.0
2030-03-13 21:00:00,-0.0,12414.302386843352,-0.0,12180.645161290322,20.0,33.657225553029114,23.56005788712038,200.0
2030-03-13 22:00:00,-0.0,12414.302386843352,-0.0,12180.645161290322,20.0,33.657225553029114,23.56005788712038,200.0
2030-03-13 23:00:00,-0.0,12414.302386843352,-0.0,12180.645161290322,20.0,33.657225553029114,23.56005788712038,200.0
2030-03-14 00:00:00,-0.0,12414.302386843352,-0.0,12180.645161290322,20.0,33.657225553029114,23.56005788712038,200.0
2030-03-14 01:00:00,-0.0,12414.302386843352,-0.0,12180.645161290322,20.0,33.657225553029114,23.56005788712038,200.0
2030-03-14 02:00:00,12414.302386843352,-0.0,-0.0,12180.645161290322,20.0,33.657225553029114,23.56005788712038,200.0
2030-03-14 03:00:00,12414.302386843352,-0.0,-0.0,12180.645161290322,20.0,33.657225553029114,23.56005788712038,200.0
2030-03-14 04:00:00,12414.302386843352,-0.0,-0.0,12180.645161290322,20.0,33.657225553029114,23.56005788712038,200.0
2030-03-14 05:00:00,12414.302386843352,-0.0,-0.0,12180.645161290322,20.0,33.657225553029114,23.56005788712038,200.0
2030-03-14 06:00:00,12414.302386843352,-0.0,-0.0,12180.645161290322,20.0,33.657225553029114,23.56005788712038,200.0
2030-03-14 07:00:00,12414.302386843352,-0.0,-0.0,12180.645161290322,20.0,33.657225553029114,23.56005788712038,200.0
2030-03-14 08:00:00,12414.302386843352,-0.0,-0.0,12180.645161290322,20.0,33.657225553029114,23.56005788712038,200.0
2030-03-14 09:00:00,12414.302386843352,-0.0,-0.0,12180.645161290322,20.0,33.657225553029114,23.56005788712038,200.0
2030-03-14 10:00:00,12414.302386843352,-0.0,-0.0,12180.645161290322,20.0,33.657225553029114,23.56005788712038,200.0
2030-03-14 11:00:00,12414.302386843352,-0.0,-0.0,12180.645161290322,20.0,33.657225553029114,23.56005788712038,200.0
2030-03-14 12:00:00,8741.76053790257,3672.541848940782,-0.0,12180.645161290322,20.0,33.657225553029114,23.56005788712038,200.0
2030-03-14 13:00:00,-0.0,-0.0,12180.645161290322,12180.645161290322,20.0,-0.0,-0.0,0.0
2030-03-14 14:00:00,-0.0,-0.0,12180.645161290322,12180.645161290322,20.0,-0.0,-0.0,0.0
2030-03-14 15:00:00,-0.0,-0.0,12180.645161290322,12180.645161290322,20.0,-0.0,-0.0,0.0
2030-03-14 16:00:00,-0.0,-0.0,12180.645161290322,12180.645161290322,20.0,-0.0,-0.0,0.0
2030-03-14 17:00:00,-0.0,-0.0,12180.645161290322,12180.645161290322,20.0,-0.0,-0.0,0.0
2030-03-14 18:00:00,-0.0,-0.0,12180.645161290322,12180.645161290322,20.0,-0.0,-0.0,0.0
2030-03-14 19:00:00,-0.0,2462.9024821111293,9717.742679179193,12180.645161290322,20.0,-0.0,-0.0,0.0
2030-03-14 20:00:00,-0.0,12180.645161290322,-0.0,12180.645161290322,20.0,-0.0,-0.0,0.0
2030-03-14 21:00:00,-0.0,12414.302386843352,-0.0,12180.645161290322,20.0,33.657225553029114,23.56005788712038,200.0
2030-03-14 22:00:00,-0.0,12414.302386843352,-0.0,12180.645161290322,20.0,33.657225553029114,23.56005788712038,200.0
2030-03-14 23:00:00,-0.0,12414.302386843352,-0.0,12180.645161290322,20.0,33.657225553029114,23.56005788712038,200.0
2030-03-15 00:00:00,-0.0,12414.302386843352,-0.0,12180.645161290322,20.0,33.657225553029114,23.56005788712038,200.0
2030-03-15 01:00:00,-0.0,12414.302386843352,-0.0,12180.645161290322,20.0,33.657225553029114,23.56005788712038,200.0
2030-03-15 02:00:00,9138.971496089662,3275.3308907536903,-0.0,12180.645161290322,20.0,33.657225553029114,23.56005788712038,200.0
2030-03-15 03:00:00,12414.302386843352,-0.0,-0.0,12180.645161290322,20.0,33.657225553029114,23.56005788712038,200.0
2030-03-15 04:00:00,12414.302386843352,-0.0,-0.0,12180.645161290322,20.0,33.657225553029114,23.56005788712038,200.0
2030-03-15 05:00:00,12414.302386843352,-0.0,-0.0,12180.645161290322,20.0,33.657225553029114,23.56005788712038,200.0
2030-03-15 06:00:00,12414.302386843352,-0.0,-0.0,12180.645161290322,20.0,33.657225553029114,23.56005788712038,200.0
2030-03-15 07:00:00,12414.302386843352,-0.0,-0.0,12180.645161290322,20.0,33.657225553029114,23.56005788712038,200.0
2030-03-15 08:00:00,-0.0,12414.302386843352,-0.0,12180.645161290322,20.0,33.657225553029114,23.56005788712038,200.0
2030-03-15 09:00:00,12414.302386843352,-0.0,-0.0,12180.645161290322,20.0,33.657225553029114,23.56005788712038,200.0
2030-03-15 10:00:00,12414.302386843352,-0.0,-0.0,12180.645161290322,20.0,33.657225553029114,23.56005788712038,200.0
2030-03-15 11:00:00,12414.302386843352,-0.0,-0.0,12180.645161290322,20.0,33.657225553029114,23.56005788712038,200.0
2030-03-15 12:00:00,6519.666774431925,5894.635612411427,-0.0,12180.645161290322,20.0,33.657225553029114,23.56005788712038,200.0
2030-03-15 13:00:00,-0.0,12414.302386843352,-0.0,12180.645161290322,20.0,33.657225553029114,23.56005788712038,200.0
2030-03-15 14:00:00,-0.0,12414.302386843352,-0.0,12180.645161290322,20.0,33.657225553029114,23.56005788712038,200.0
2030-03-15 15:00:00,-0.0,12414.302386843352,-0.0,12180.645161290322,20.0,33.657225553029114,23.56005788712038,200.0
2030-03-15 16:00:00,-0.0,12414.302386843352,-0.0,12180.645161290322,20.0,33.657225553029114,23.56005788712038,200.0
2030-03-15 17:00:00,-0.0,12414.302386843352,-0.0,12180.645161290322,20.0,33.657225553029114,23.56005788712038,200.0
2030-03-15 18:00:00,-0.0,12414.302386843352,-0.0,12180.645161290322,20.0,33.657225553029114,23.56005788712038,200.0
2030-03-15 19:00:00,-0.0,12414.302386843352,-0.0,12180.645161290322,20.0,33.657225553029114,23.56005788712038,200.0
2030-03-15 20:00:00,-0.0,12414.302386843352,-0.0,12180.645161290322,20.0,33.657225553029114,23.56005788712038,200.0
2030-03-15 21:00:00,-0.0,12414.302386843352,-0.0,12180.645161290322,20.0,33.657225553029114,23.56005788712038,200.0
2030-03-15 22:00:00,-0.0,2462.9024821111293,9717.742679179193,12180.645161290322,20.0,-0.0,-0.0,0.0
2030-03-15 23:00:00,-0.0,-0.0,12180.645161290322,12180.645161290322,20.0,-0.0,-0.0,0.0
2030-03-16 00:00:00,-0.0,12414.302386843352,-0.0,12180.645161290322,20.0,33.657225553029114,23.56005788712038,200.0
2030-03-16 01:00:00,-0.0,12414.302386843352,-0.0,12180.645161290322,20.0,33.657225553029114,23.56005788712038,200.0
2030-03-16 02:00:00,-0.0,12414.302386843352,-0.0,12180.645161290322,20.0,33.657225553029114,23.56005788712038,200.0
2030-03-16 03:00:00,12414.302386843352,-0.0,-0.0,12180.645161290322,20.0,33.657225553029114,23.56005788712038,200.0
2030-03-16 04:00:00,12414.302386843352,-0.0,-0.0,12180.645161290322,20.0,33.657225553029114,23.56005788712038,200.0
2030-03-16 05:00:00,12414.302386843352,-0.0,-0.0,12180.645161290322,20.0,33.657225553029114,23.56005788712038,200.0
2030-03-16 06:00:00,12414.302386843352,-0.0,-0.0,12180.645161290322,20.0,33.657225553029114,23.56005788712038,200.0
2030-03-16 07:00:00,12414.302386843352,-0.0,-0.0,12180.645161290322,20.0,33.657225553029114,23.56005788712038,200.0
2030-03-16 08:00:00,12414.302386843352,-0.0,-0.0,12180.645161290322,20.0,33.657225553029114,23.56005788712038,200.0
2030-03-16 09:00:00,12414.302386843352,-0.0,-0.0,12180.645161290322,20.0,33.657225553029114,23.56005788712038,200.0
2030-03-16 10:00:00,12414.302386843352,-0.0,-0.0,12180.645161290322,20.0,33.657225553029114,23.56005788712038,200.0
2030-03-16 11:00:00,12414.302386843352,-0.0,-0.0,12180.645161290322,20.0,33.657225553029114,23.56005788712038,200.0
2030-03-16 12:00:00,-0.0,12414.302386843352,-0.0,12180.645161290322,20.0,33.657225553029114,23.56005788712038,200.0
2030-03-16 13:00:00,-0.0,12414.302386843352,-0.0,12180.645161290322,20.0,33.657225553029114,23.56005788712038,200.0
2030-03-16 14:00:00,-0.0,12414.302386843352,-0.0,12180.645161290322,20.0,33.657225553029114,23.56005788712038,200.0
2030-03-16 15:00:00,-0.0,12414.302386843352,-0.0,12180.645161290322,20.0,33.657225553029114,23.56005788712038,200.0
2030-03-16 16:00:00,-0.0,12414.302386843352,-0.0,12180.645161290322,20.0,33.657225553029114,23.56005788712038,200.0
2030-03-16 17:00:00,-0.0,12414.302386843352,-0.0,12180.645161290322,20.0,33.657225553029114,23.56005788712038,200.0
2030-03-16 18:00:00,-0.0,5094.791124388843,7085.854036901479,12180.645161290322,20.0,-0.0,-0.0,0.0
2030-03-16 19:00:00,-0.0,2462.9024821111293,9717.742679179193,12180.645161290322,20.0,-0.0,-0.0,0.0
2030-03-16 20:00:00,-0.0,3677.6203170085287,8503.024844281794,12180.645161290322,20.0,-0.0,-0.0,0.0
2030-03-16 21:00:00,-0.0,1045.7316747308414,11134.91348655948,12180.645161290322,20.0,-0.0,-0.0,0.0
2030-03-16 22:00:00,-0.0,-0.0,12180.645161290322,12180.645161290322,20.0,-0.0,-0.0,0.0
2030-03-16 23:00:00,-0.0,-0.0,12180.645161290322,12180.645161290322,20.0,-0.0,-0.0,0.0
2030-03-17 00:00:00,-0.0,-0.0,12180.645161290322,12180.645161290322,20.0,-0.0,-0.0,0.0
2030-03-17 01:00:00,-0.0,-0.0,12180.645161290322,12180.645161290322,20.0,-0.0,-0.0,0.0
2030-03-17 02:00:00,11106.309540304208,-0.0,1074.335620986114,12180.645161290322,20.0,-0.0,-0.0,0.0
2030-03-17 03:00:00,12409.216589861751,-0.0,-0.0,12180.645161290322,20.0,28.571428571428573,20.0,200.0
2030-03-17 04:00:00,12409.216589861751,-0.0,-0.0,12180.645161290322,20.0,28.571428571428573,20.0,200.0
2030-03-17 05:00:00,12409.216589861751,-0.0,-0.0,12180.645161290322,20.0,28.571428571428573,20.0,200.0
2030-03-17 06:00:00,12409.216589861751,-0.0,-0.0,12180.645161290322,20.0,28.571428571428573,20.0,200.0
2030-03-17 07:00:00,12409.216589861751,-0.0,-0.0,12180.645161290322,20.0,28.571428571428573,20.0,200.0
2030-03-17 08:00:00,12409.216589861751,-0.0,-0.0,12180.645161290322,20.0,28.571428571428573,20.0,200.0
2030-03-17 09:00:00,12409.216589861751,-0.0,-0.0,12180.645161290322,20.0,28.571428571428573,20.0,200.0
2030-03-17 10:00:00,12409.216589861751,-0.0,-0.0,12180.645161290322,20.0,28.571428571428573,20.0,200.0
2030-03-17 11:00:00,12409.216589861751,-0.0,-0.0,12180.645161290322,20.0,28.571428571428573,20.0,200.0
2030-03-17 12:00:00,4898.588544553237,7510.628045308514,-0.0,12180.645161290322,20.0,28.571428571428573,20.0,200.0
2030-03-17 13:00:00,-0.0,12409.216589861751,-0.0,12180.645161290322,20.0,28.571428571428573,20.0,200.0
2030-03-17 14:00:00,-0.0,12409.216589861751,-0.0,12180.645161290322,20.0,28.571428571428573,20.0,200.0
2030-03-17 15:00:00,-0.0,12409.216589861751,-0.0,12180.645161290322,20.0,28.571428571428573,20.0,200.0
2030-03-17 16:00:00,-0.0,12409.216589861751,-0.0,12180.645161290322,20.0,28.571428571428573,20.0,200.0
2030-03-17 17:00:00,-0.0,12409.216589861751,-0.0,12180.645161290322,20.0,28.571428571428573,20.0,200.0
2030-03-17 18:00:00,-0.0,12409.216589861751,-0.0,12180.645161290322,20.0,28.571428571428573,20.0,200.0
2030-03-17 19:00:00,-0.0,12409.216589861751,-0.0,12180.645161290322,20.0,28.571428571428573,20.0,200.0
2030-03-17 20:00:00,-0.0,12409.216589861751,-0.0,12180.645161290322,20.0,28.571428571428573,20.0,200.0
2030-03-17 21:00:00,-0.0,12409.216589861751,-0.0,12180.645161290322,20.0,28.571428571428573,20.0,200.0
2030-03-17 22:00:00,-0.0,12409.216589861751,-0.0,12180.645161290322,20.0,28.571428571428573,20.0,200.0
2030-03-17 23:00:00,-0.0,12409.216589861751,-0.0,12180.645161290322,20.0,28.571428571428573,20.0,200.0
2030-03-18 00:00:00,-0.0,12414.302386843352,-0.0,12180.645161290322,20.0,33.657225553029114,23.56005788712038,200.0
2030-03-18 01:00:00,-0.0,12404.13079288015,-0.0,12180.645161290322,20.0,23.48563158982803,16.43994211287962,200.0
2030-03-18 02:00:00,9625.60691083195,2783.6096790298006,-0.0,12180.645161290322,20.0,28.571428571428573,20.0,200.0
2030-03-18 03:00:00,12409.216589861751,-0.0,-0.0,12180.645161290322,20.0,28.571428571428573,20.0,200.0
2030-03-18 04:00:00,12409.216589861751,-0.0,-0.0,12180.645161290322,20.0,28.571428571428573,20.0,200.0
2030-03-18 05:00:00,12409.216589861751,-0.0,-0.0,12180.645161290322,20.0,28.571428571428573,20.0,200.0
2030-03-18 06:00:00,12409.216589861751,-0.0,-0.0,12180.645161290322,20.0,28.571428571428573,20.0,200.0
2030-03-18 07:00:00,12409.216589861751,-0.0,-0.0,12180.645161290322,20.0,28.571428571428573,20.0,200.0
2030-03-18 08:00:00,12409.216589861751,-0.0,-0.0,12180.645161290322,20.0,28.571428571428573,20.0,200.0
2030-03-18 09:00:00,12409.216589861751,-0.0,-0.0,12180.645161290322,20.0,28.571428571428573,20.0,200.0
2030-03-18 10:00:00,12409.216589861751,-0.0,-0.0,12180.645161290322,20.0,28.571428571428573,20.0,200.0
2030-03-18 11:00:00,12409.216589861751,-0.0,-0.0,12180.645161290322,20.0,28.571428571428573,20.0,200.0
2030-03-18 12:00:00,-0.0,12409.216589861751,-0.0,12180.645161290322,20.0,28.571428571428573,20.0,200.0
2030-03-18 13:00:00,-0.0,12409.216589861751,-0.0,12180.645161290322,20.0,28.571428571428573,20.0,200.0
2030-03-18 14:00:00,-0.0,12409.216589861751,-0.0,12180.645161290322,20.0,28.571428571428573,20.0,200.0
2030-03-18 15:00:00,-0.0,12409.216589861751,-0.0,12180.645161290322,20.0,28.571428571428573,20.0,200.0
2030-03-18 16:00:00,-0.0,12414.302386843352,-0.0,12180.645161290322,20.0,33.657225553029114,23.56005788712038,200.0
2030-03-18 17:00:00,-0.0,12404.13079288015,-0.0,12180.645161290322,20.0,23.48563158982803,16.43994211287962,200.0
2030-03-18 18:00:00,-0.0,12409.216589861751,-0.0,12180.645161290322,20.0,28.571428571428573,20.0,200.0
2030-03-18 19:00:00,-0.0,12409.216589861751,-0.0,12180.645161290322,20.0,28.571428571428573,20.0,200.0
2030-03-18 20:00:00,-0.0,12409.216589861751,-0.0,12180.645161290322,20.0,28.571428571428573,20.0,200.0
2030-03-18 21:00:00,-0.0,12409.216589861751,-0.0,12180.645161290322,20.0,28.571428571428573,20.0,200.0
2030-03-18 22:00:00,-0.0,12409.216589861751,-0.0,12180.645161290322,20.0,28.571428571428573,20.0,200.0
2030-03-18 23:00:00,-0.0,12409.216589861751,-0.0,12180.645161290322,20.0,28.571428571428573,20.0,200.0
2030-03-19 00:00:00,-0.0,12414.302386843352,-0.0,12180.645161290322,20.0,33.657225553029114,23.56005788712038,200.0
2030-03-19 01:00:00,-0.0,12404.13079288015,-0.0,12180.645161290322,20.0,23.48563158982803,16.43994211287962,200.0
2030-03-19 02:00:00,9823.172570663219,2586.0440191985317,-0.0,12180.645161290322,20.0,28.571428571428573,20.0,200.0
2030-03-19 03:00:00,12409.216589861751,-0.0,-0.0,12180.645161290322,20.0,28.571428571428573,20.0,200.0
2030-03-19 04:00:00,12409.216589861751,-0.0,-0.0,12180.645161290322,20.0,28.571428571428573,20.0,200.0
2030-03-19 05:00:00,12409.216589861751,-0.0,-0.0,12180.645161290322,20.0,28.571428571428573,20.0,200.0
2030-03-19 06:00:00,12409.216589861751,-0.0,-0.0,12180.645161290322,20.0,28.571428571428573,20.0,200.0
2030-03-19 07:00:00,12409.216589861751,-0.0,-0.0,12180.645161290322,20.0,28.571428571428573,20.0,200.0
2030-03-19 08:00:00,12409.216589861751,-0.0,-0.0,12180.645161290322,20.0,28.571428571428573,20.0,200.0
2030-03-19 09:00:00,12409.671417234078,-0.0,-0.0,12180.645161290322,20.0,29.026255943756254,20.318379160629377,200.0
2030-03-19 10:00:00,12414.302386843352,-0.0,-0.0,12180.645161290322,20.0,33.657225553029114,23.56005788712038,200.0
2030-03-19 11:00:00,12414.302386843352,-0.0,-0.0,12180.645161290322,20.0,33.657225553029114,23.56005788712038,200.0
2030-03-19 12:00:00,9109.856556746105,3304.4458300972474,-0.0,12180.645161290322,20.0,33.657225553029114,23.56005788712038,200.0
2030-03-19 13:00:00,-0.0,12414.302386843352,-0.0,12180.645161290322,20.0,33.657225553029114,23.56005788712038,200.0
2030-03-19 14:00:00,-0.0,12414.302386843352,-0.0,12180.645161290322,20.0,33.657225553029114,23.56005788712038,200.0
2030-03-19 15:00:00,-0.0,12414.302386843352,-0.0,12180.645161290322,20.0,33.657225553029114,23.56005788712038,200.0
2030-03-19 16:00:00,-0.0,12414.302386843352,-0.0,12180.645161290322,20.0,33.657225553029114,23.56005788712038,200.0
2030-03-19 17:00:00,-0.0,12414.302386843352,-0.0,12180.645161290322,20.0,33.657225553029114,23.56005788712038,200.0
2030-03-19 18:00:00,-0.0,12414.302386843352,-0.0,12180.645161290322,20.0,33.657225553029114,23.56005788712038,200.0
2030-03-19 19:00:00,-0.0,12414.302386843352,-0.0,12180.645161290322,20.0,33.657225553029114,23.56005788712038,200.0
2030-03-19 20:00:00,-0.0,12414.302386843352,-0.0,12180.645161290322,20.0,33.657225553029114,23.56005788712038,200.0
2030-03-19 21:00:00,-0.0,12414.302386843352,-0.0,12180.645161290322,20.0,33.657225553029114,23.56005788712038,200.0
2030-03-19 22:00:00,-0.0,12414.302386843352,-0.0,12180.645161290322,20.0,33.657225553029114,23.56005788712038,200.0
2030-03-19 23:00:00,-0.0,12414.302386843352,-0.0,12180.645161290322,20.0,33.657225553029114,23.56005788712038,200.0
2030-03-20 00:00:00,-0.0,12414.302386843352,-0.0,12180.645161290322,20.0,33.657225553029114,23.56005788712038,200.0
2030-03-20 01:00:00,-0.0,12414.302386843352,-0.0,12180.645161290322,20.0,33.657225553029114,23.56005788712038,200.0
2030-03-20 02:00:00,12414.302386843352,-0.0,-0.0,12180.645161290322,20.0,33.657225553029114,23.56005788712038,200.0
2030-03-20 03:00:00,12414.302386843352,-0.0,-0.0,12180.645161290322,20.0,33.657225553029114,23.56005788712038,200.0
2030-03-20 04:00:00,12414.302386843352,-0.0,-0.0,12180.645161290322,20.0,33.657225553029114,23.56005788712038,200.0
2030-03-20 05:00:00,12414.302386843352,-0.0,-0.0,12180.645161290322,20.0,33.657225553029114,23.56005788712038,200.0
2030-03-20 06:00:00,12414.302386843352,-0.0,-0.0,12180.645161290322,20.0,33.657225553029114,23.56005788712038,200.0
2030-03-20 07:00:00,12414.302386843352,-0.0,-0.0,12180.645161290322,20.0,33.657225553029114,23.56005788712038,200.0
2030-03-20 08:00:00,12414.302386843352,-0.0,-0.0,12180.645161290322,20.0,33.657225553029114,23.56005788712038,200.0
2030-03-20 09:00:00,12414.302386843352,-0.0,-0.0,12180.645161290322,20.0,33.657225553029114,23.56005788712038,200.0
2030-03-20 10:00:00,12414.302386843352,-0.0,-0.0,12180.645161290322,20.0,33.657225553029114,23.56005788712038,200.0
2030-03-20 11:00:00,12414.302386843352,-0.0,-0.0,12180.645161290322,20.0,33.657225553029114,23.56005788712038,200.0
2030-03-20 12:00:00,9234.634868218487,3179.667518624865,-0.0,12180.645161290322,20.0,33.657225553029114,23.56005788712038,200.0
2030-03-20 13:00:00,-0.0,12414.302386843352,-0.0,12180.645161290322,20.0,33.657225553029114,23.56005788712038,200.0
2030-03-20 14:00:00,-0.0,3677.6203170085287,8503.024844281794,12180.645161290322,20.0,-0.0,-0.0,0.0
2030-03-20 15:00:00,-0.0,-0.0,12180.645161290322,12180.645161290322,20.0,-0.0,-0.0,0.0
2030-03-20 16:00:00,-0.0,-0.0,12180.645161290322,12180.645161290322,20.0,-0.0,-0.0,0.0
2030-03-20 17:00:00,-0.0,3677.6203170085287,8503.024844281794,12180.645161290322,20.0,-0.0,-0.0,0.0
2030-03-20 18:00:00,-0.0,5094.791124388843,7085.854036901479,12180.645161290322,20.0,-0.0,-0.0,0.0
2030-03-20 19:00:00,-0.0,12409.216589861751,-0.0,12180.645161290322,20.0,28.571428571428573,20.0,200.0
2030-03-20 20:00:00,-0.0,12409.216589861751,-0.0,12180.645161290322,20.0,28.571428571428573,20.0,200.0
2030-03-20 21:00:00,-0.0,12409.216589861751,-0.0,12180.645161290322,20.0,28.571428571428573,20.0,200.0
2030-03-20 22:00:00,-0.0,12409.216589861751,-0.0,12180.645161290322,20.0,28.571428571428573,20.0,200.0
2030-03-20 23:00:00,-0.0,12409.216589861751,-0.0,12180.645161290322,20.0,28.571428571428573,20.0,200.0
2030-03-21 00:00:00,-0.0,12414.302386843352,-0.0,12180.645161290322,20.0,33.657225553029114,23.56005788712038,200.0
2030-03-21 01:00:00,-0.0,12404.13079288015,-0.0,12180.645161290322,20.0,23.48563158982803,16.43994211287962,200.0
2030-03-21 02:00:00,12410.87050757933,-0.0,-0.0,12180.645161290322,20.0,30.225346289007497,21.157742402305246,200.0
2030-03-21 03:00:00,12414.302386843352,-0.0,-0.0,12180.645161290322,20.0,33.657225553029114,23.56005788712038,200.0
2030-03-21 04:00:00,12414.302386843352,-0.0,-0.0,12180.645161290322,20.0,33.657225553029114,23.56005788712038,200.0
2030-03-21 05:00:00,12414.302386843352,-0.0,-0.0,12180.645161290322,20.0,33.657225553029114,23.56005788712038,200.0
2030-03-21 06:00:00,12414.302386843352,-0.0,-0.0,12180.645161290322,20.0,33.657225553029114,23.56005788712038,200.0
2030-03-21 07:00:00,12414.302386843352,-0.0,-0.0,12180.645161290322,20.0,33.657225553029114,23.56005788712038,200.0
2030-03-21 08:00:00,12414.302386843352,-0.0,-0.0,12180.645161290322,20.0,33.657225553029114,23.56005788712038,200.0
2030-03-21 09:00:00,12414.302386843352,-0.0,-0.0,12180.645161290322,20.0,33.657225553029114,23.56005788712038,200.0
2030-03-21 10:00:00,-0.0,12414.302386843352,-0.0,12180.645161290322,20.0,33.657225553029114,23.56005788712038,200.0
2030-03-21 11:00:00,12414.302386843352,-0.0,-0.0,12180.645161290322,20.0,33.657225553029114,23.56005788712038,200.0
2030-03-21 12:00:00,9697.354439928567,2716.9479469147846,-0.0,12180.645161290322,20.0,33.657225553029114,23.56005788712038,200.0
2030-03-21 13:00:00,-0.0,12414.302386843352,-0.0,12180.645161290322,20.0,33.657225553029114,23.56005788712038,200.0
2030-03-21 14:00:00,-0.0,12414.302386843352,-0.0,12180.645161290322,20.0,33.657225553029114,23.56005788712038,200.0
2030-03-21 15:00:00,-0.0,12414.302386843352,-0.0,12180.645161290322,20.0,33.657225553029114,23.56005788712038,200.0
2030-03-21 16:00:00,-0.0,12414.302386843352,-0.0,12180.645161290322,20.0,33.657225553029114,23.56005788712038,200.0
2030-03-21 17:00:00,-0.0,12414.302386843352,-0.0,12180.645161290322,20.0,33.657225553029114,23.56005788712038,200.0
2030-03-21 18:00:00,-0.0,12414.302386843352,-0.0,12180.645161290322,20.0,33.657225553029114,23.56005788712038,200.0
2030-03-21 19:00:00,-0.0,12414.302386843352,-0.0,12180.645161290322,20.0,33.657225553029114,23.56005788712038,200.0
2030-03-21 20:00:00,-0.0,12414.302386843352,-0.0,12180.645161290322,20.0,33.657225553029114,23.56005788712038,200.0
2030-03-21 21:00:00,-0.0,12414.302386843352,-0.0,12180.645161290322,20.0,33.657225553029114,23.56005788712038,200.0
2030-03-21 22:00:00,-0.0,12414.302386843352,-0.0,12180.645161290322,20.0,33.657225553029114,23.56005788712038,200.0
2030-03-21 23:00:00,-0.0,12414.302386843352,-0.0,12180.645161290322,20.0,33.657225553029114,23.56005788712038,200.0
2030-03-22 00:00:00,-0.0,12414.302386843352,-0.0,12180.645161290322,20.0,33.657225553029114,23.56005788712038,200.0
2030-03-22 01:00:00,-0.0,12414.302386843352,-0.0,12180.645161290322,20.0,33.657225553029114,23.56005788712038,200.0
2030-03-22 02:00:00,-0.0,12414.302386843352,-0.0,12180.645161290322,20.0,33.657225553029114,23.56005788712038,200.0
2030-03-22 03:00:00,10906.664241948396,1507.638144894956,-0.0,12180.645161290322,20.0,33.657225553029114,23.56005788712038,200.0
2030-03-22 04:00:00,12414.302386843352,-0.0,-0.0,12180.645161290322,20.0,33.657225553029114,23.56005788712038,200.0
2030-03-22 05:00:00,8918.529812488454,3495.772574354898,-0.0,12180.645161290322,20.0,33.657225553029114,23.56005788712038,200.0
2030-03-22 06:00:00,12414.302386843352,-0.0,-0.0,12180.645161290322,20.0,33.657225553029114,23.56005788712038,200.0
2030-03-22 07:00:00,12414.302386843352,-0.0,-0.0,12180.645161290322,20.0,33.657225553029114,23.56005788712038,200.0
2030-03-22 08:00:00,12414.302386843352,-0.0,-0.0,12180.645161290322,20.0,33.657225553029114,23.56005788712038,200.0
2030-03-22 09:00:00,12414.302386843352,-0.0,-0.0,12180.645161290322,20.0,33.657225553029114,23.56005788712038,200.0
2030-03-22 10:00:00,12414.302386843352,-0.0,-0.0,12180.645161290322,20.0,33.657225553029114,23.56005788712038,200.0
2030-03-22 11:00:00,12414.302386843352,-0.0,-0.0,12180.645161290322,20.0,33.657225553029114,23.56005788712038,200.0
2030-03-22 12:00:00,7734.175672763103,4680.126714080249,-0.0,12180.645161290322,20.0,33.657225553029114,23.56005788712038,200.0
2030-03-22 13:00:00,-0.0,12414.302386843352,-0.0,12180.645161290322,20.0,33.657225553029114,23.56005788712038,200.0
2030-03-22 14:00:00,-0.0,12414.302386843352,-0.0,12180.645161290322,20.0,33.657225553029114,23.56005788712038,200.0
2030-03-22 15:00:00,-0.0,12414.302386843352,-0.0,12180.645161290322,20.0,33.657225553029114,23.56005788712038,200.0
2030-03-22 16:00:00,-0.0,12414.302386843352,-0.0,12180.645161290322,20.0,33.657225553029114,23.56005788712038,200.0
2030-03-22 17:00:00,-0.0,12414.302386843352,-0.0,12180.645161290322,20.0,33.657225553029114,23.56005788712038,200.0
2030-03-22 18:00:00,-0.0,6511.96193176913,5668.683229521192,12180.645161290322,20.0,-0.0,-0.0,0.0
2030-03-22 19:00:00,-0.0,3677.6203170085287,8503.024844281794,12180.645161290322,20.0,-0.0,-0.0,0.0
2030-03-22 20:00:00,-0.0,1045.7316747308414,11134.91348655948,12180.645161290322,20.0,-0.0,-0.0,0.0
2030-03-22 21:00:00,-0.0,3677.6203170085287,8503.024844281794,12180.645161290322,20.0,-0.0,-0.0,0.0
2030-03-22 22:00:00,-0.0,6511.96193176913,5668.683229521192,12180.645161290322,20.0,-0.0,-0.0,0.0
2030-03-22 23:00:00,-0.0,10763.474353910022,1417.1708073803002,12180.645161290322,20.0,-0.0,-0.0,0.0
2030-03-23 00:00:00,-0.0,10763.474353910022,1417.1708073803002,12180.645161290322,20.0,-0.0,-0.0,0.0
2030-03-23 01:00:00,-0.0,12409.216589861751,-0.0,12180.645161290322,20.0,28.571428571428573,20.0,200.0
2030-03-23 02:00:00,9886.60154566168,2522.61504420007,-0.0,12180.645161290322,20.0,28.571428571428573,20.0,200.0
2030-03-23 03:00:00,12409.216589861751,-0.0,-0.0,12180.645161290322,20.0,28.571428571428573,20.0,200.0
2030-03-23 04:00:00,12409.216589861751,-0.0,-0.0,12180.645161290322,20.0,28.571428571428573,20.0,200.0
2030-03-23 05:00:00,12409.216589861751,-0.0,-0.0,12180.645161290322,20.0,28.571428571428573,20.0,200.0
2030-03-23 06:00:00,12409.216589861751,-0.0,-0.0,12180.645161290322,20.0,28.571428571428573,20.0,200.0
2030-03-23 07:00:00,12409.216589861751,-0.0,-0.0,12180.645161290322,20.0,28.571428571428573,20.0,200.0
2030-03-23 08:00:00,12409.216589861751,-0.0,-0.0,12180.645161290322,20.0,28.571428571428573,20.0,200.0
2030-03-23 09:00:00,12409.216589861751,-0.0,-0.0,12180.645161290322,20.0,28.571428571428573,20.0,200.0
2030-03-23 10:00:00,-0.0,12409.216589861751,-0.0,12180.645161290322,20.0,28.571428571428573,20.0,200.0
2030-03-23 11:00:00,5479.8475121620795,6929.369077699671,-0.0,12180.645161290322,20.0,28.571428571428573,20.0,200.0
2030-03-23 12:00:00,3905.561149085536,8503.655440776216,-0.0,12180.645161290322,20.0,28.571428571428573,20.0,200.0
2030-03-23 13:00:00,-0.0,12409.216589861751,-0.0,12180.645161290322,20.0,28.571428571428573,20.0,200.0
2030-03-23 14:00:00,-0.0,12409.216589861751,-0.0,12180.645161290322,20.0,28.571428571428573,20.0,200.0
2030-03-23 15:00:00,-0.0,12409.216589861751,-0.0,12180.645161290322,20.0,28.571428571428573,20.0,200.0
2030-03-23 16:00:00,-0.0,12409.216589861751,-0.0,12180.645161290322,20.0,28.571428571428573,20.0,200.0
2030-03-23 17:00:00,-0.0,12409.216589861751,-0.0,12180.645161290322,20.0,28.571428571428573,20.0,200.0
2030-03-23 18:00:00,-0.0,12409.216589861751,-0.0,12180.645161290322,20.0,28.571428571428573,20.0,200.0
2030-03-23 19:00:00,-0.0,12409.216589861751,-0.0,12180.645161290322,20.0,28.571428571428573,20.0,200.0
2030-03-23 20:00:00,-0.0,12409.216589861751,-0.0,12180.645161290322,20.0,28.571428571428573,20.0,200.0
2030-03-23 21:00:00,-0.0,12409.216589861751,-0.0,12180.645161290322,20.0,28.571428571428573,20.0,200.0
2030-03-23 22:00:00,-0.0,12409.216589861751,-0.0,12180.645161290322,20.0,28.571428571428573,20.0,200.0
2030-03-23 23:00:00,-0.0,12409.216589861751,-0.0,12180.645161290322,20.0,28.571428571428573,20.0,200.0
2030-03-24 00:00:00,-0.0,12409.216589861751,-0.0,12180.645161290322,20.0,28.571428571428573,20.0,200.0
2030-03-24 01:00:00,-0.0,12409.216589861751,-0.0,12180.645161290322,20.0,28.571428571428573,20.0,200.0
2030-03-24 02:00:00,-0.0,12409.216589861751,-0.0,12180.645161290322,20.0,28.571428571428573,20.0,200.0
2030-03-24 03:00:00,8570.190359628055,3839.026230233695,-0.0,12180.645161290322,20.0,28.571428571428573,20.0,200.0
2030-03-24 04:00:00,12409.216589861751,-0.0,-0.0,12180.645161290322,20.0,28.571428571428573,20.0,200.0
2030-03-24 05:00:00,12409.216589861751,-0.0,-0.0,12180.645161290322,20.0,28.571428571428573,20.0,200.0
2030-03-24 06:00:00,12409.216589861751,-0.0,-0.0,12180.645161290322,20.0,28.571428571428573,20.0,200.0
2030-03-24 07:00:00,12409.216589861751,-0.0,-0.0,12180.645161290322,20.0,28.571428571428573,20.0,200.0
2030-03-24 08:00:00,12409.216589861751,-0.0,-0.0,12180.645161290322,20.0,28.571428571428573,20.0,200.0
2030-03-24 09:00:00,12409.216589861751,-0.0,-0.0,12180.645161290322,20.0,28.571428571428573,20.0,200.0
2030-03-24 10:00:00,12409.216589861751,-0.0,-0.0,12180.645161290322,20.0,28.571428571428573,20.0,200.0
2030-03-24 11:00:00,12409.216589861751,-0.0,-0.0,12180.645161290322,20.0,28.571428571428573,20.0,200.0
2030-03-24 12:00:00,8919.569631750725,3489.646958111026,-0.0,12180.645161290322,20.0,28.571428571428573,20.0,200.0
2030-03-24 13:00:00,-0.0,12409.216589861751,-0.0,12180.645161290322,20.0,28.571428571428573,20.0,200.0
2030-03-24 14:00:00,-0.0,12409.216589861751,-0.0,12180.645161290322,20.0,28.571428571428573,20.0,200.0
2030-03-24 15:00:00,-0.0,12409.216589861751,-0.0,12180.645161290322,20.0,28.571428571428573,20.0,200.0
2030-03-24 16:00:00,-0.0,12409.216589861751,-0.0,12180.645161290322,20.0,28.571428571428573,20.0,200.0
2030-03-24 17:00:00,-0.0,12409.216589861751,-0.0,12180.645161290322,20.0,28.571428571428573,20.0,200.0
2030-03-24 18:00:00,-0.0,12409.216589861751,-0.0,12180.645161290322,20.0,28.571428571428573,20.0,200.0
2030-03-24 19:00:00,-0.0,12409.216589861751,-0.0,12180.645161290322,20.0,28.571428571428573,20.0,200.0
2030-03-24 20:00:00,-0.0,12409.216589861751,-0.0,12180.645161290322,20.0,28.571428571428573,20.0,200.0
2030-03-24 21:00:00,-0.0,12409.216589861751,-0.0,12180.645161290322,20.0,28.571428571428573,20.0,200.0
2030-03-24 22:00:00,-0.0,12409.216589861751,-0.0,12180.645161290322,20.0,28.571428571428573,20.0,200.0
2030-03-24 23:00:00,-0.0,12409.216589861751,-0.0,12180.645161290322,20.0,28.571428571428573,20.0,200.0
2030-03-25 00:00:00,-0.0,12409.216589861751,-0.0,12180.645161290322,20.0,28.571428571428573,20.0,200.0
2030-03-25 01:00:00,-0.0,12409.216589861751,-0.0,12180.645161290322,20.0,28.571428571428573,20.0,200.0
2030-03-25 02:00:00,11673.011038241273,736.2055516204774,-0.0,12180.645161290322,20.0,28.571428571428573,20.0,200.0
2030-03-25 03:00:00,12409.216589861751,-0.0,-0.0,12180.645161290322,20.0,28.571428571428573,20.0,200.0
2030-03-25 04:00:00,12409.216589861751,-0.0,-0.0,12180.645161290322,20.0,28.571428571428573,20.0,200.0
2030-03-25 05:00:00,12409.216589861751,-0.0,-0.0,12180.645161290322,20.0,28.571428571428573,20.0,200.0
2030-03-25 06:00:00,12409.216589861751,-0.0,-0.0,12180.645161290322,20.0,28.571428571428573,20.0,200.0
2030-03-25 07:00:00,12409.216589861751,-0.0,-0.0,12180.645161290322,20.0,28.571428571428573,20.0,200.0
2030-03-25 08:00:00,12409.216589861751,-0.0,-0.0,12180.645161290322,20.0,28.571428571428573,20.0,200.0
2030-03-25 09:00:00,12409.216589861751,-0.0,-0.0,12180.645161290322,20.0,28.571428571428573,20.0,200.0
2030-03-25 10:00:00,12409.216589861751,-0.0,-0.0,12180.645161290322,20.0,28.571428571428573,20.0,200.0
2030-03-25 11:00:00,12409.216589861751,-0.0,-0.0,12180.645161290322,20.0,28.571428571428573,20.0,200.0
2030-03-25 12:00:00,-0.0,12409.216589861751,-0.0,12180.645161290322,20.0,28.571428571428573,20.0,200.0
2030-03-25 13:00:00,-0.0,12409.216589861751,-0.0,12180.645161290322,20.0,28.571428571428573,20.0,200.0
2030-03-25 14:00:00,-0.0,12409.216589861751,-0.0,12180.645161290322,20.0,28.571428571428573,20.0,200.0
2030-03-25 15:00:00,-0.0,12409.216589861751,-0.0,12180.645161290322,20.0,28.571428571428573,20.0,200.0
2030-03-25 16:00:00,-0.0,12413.310036212704,-0.0,12180.645161290322,20.0,32.66487492238209,22.865412445667463,200.0
2030-03-25 17:00:00,-0.0,12414.302386843352,-0.0,12180.645161290322,20.0,33.657225553029114,23.56005788712038,200.0
2030-03-25 18:00:00,-0.0,12414.302386843352,-0.0,12180.645161290322,20.0,33.657225553029114,23.56005788712038,200.0
2030-03-25 19:00:00,-0.0,12414.302386843352,-0.0,12180.645161290322,20.0,33.657225553029114,23.56005788712038,200.0
2030-03-25 20:00:00,-0.0,12414.302386843352,-0.0,12180.645161290322,20.0,33.657225553029114,23.56005788712038,200.0
2030-03-25 21:00:00,-0.0,12414.302386843352,-0.0,12180.645161290322,20.0,33.657225553029114,23.56005788712038,200.0
2030-03-25 22:00:00,-0.0,12414.302386843352,-0.0,12180.645161290322,20.0,33.657225553029114,23.56005788712038,200.0
2030-03-25 23:00:00,-0.0,12414.302386843352,-0.0,12180.645161290322,20.0,33.657225553029114,23.56005788712038,200.0
2030-03-26 00:00:00,-0.0,12414.302386843352,-0.0,12180.645161290322,20.0,33.657225553029114,23.56005788712038,200.0
2030-03-26 01:00:00,-0.0,12414.302386843352,-0.0,12180.645161290322,20.0,33.657225553029114,23.56005788712038,200.0
2030-03-26 02:00:00,12414.302386843352,-0.0,-0.0,12180.645161290322,20.0,33.657225553029114,23.56005788712038,200.0
2030-03-26 03:00:00,12414.302386843352,-0.0,-0.0,12180.645161290322,20.0,33.657225553029114,23.56005788712038,200.0
2030-03-26 04:00:00,12414.302386843352,-0.0,-0.0,12180.645161290322,20.0,33.657225553029114,23.56005788712038,200.0
2030-03-26 05:00:00,12414.302386843352,-0.0,-0.0,12180.645161290322,20.0,33.657225553029114,23.56005788712038,200.0
2030-03-26 06:00:00,12414.302386843352,-0.0,-0.0,12180.645161290322,20.0,33.657225553029114,23.56005788712038,200.0
2030-03-26 07:00:00,12414.302386843352,-0.0,-0.0,12180.645161290322,20.0,33.657225553029114,23.56005788712038,200.0
2030-03-26 08:00:00,12414.302386843352,-0.0,-0.0,12180.645161290322,20.0,33.657225553029114,23.56005788712038,200.0
2030-03-26 09:00:00,12414.302386843352,-0.0,-0.0,12180.645161290322,20.0,33.657225553029114,23.56005788712038,200.0
2030-03-26 10:00:00,12414.302386843352,-0.0,-0.0,12180.645161290322,20.0,33.657225553029114,23.56005788712038,200.0
2030-03-26 11:00:00,12414.302386843352,-0.0,-0.0,12180.645161290322,20.0,33.657225553029114,23.56005788712038,200.0
2030-03-26 12:00:00,11786.351337828675,627.9510490146768,-0.0,12180.645161290322,20.0,33.657225553029114,23.56005788712038,200.0
2030-03-26 13:00:00,-0.0,12414.302386843352,-0.0,12180.645161290322,20.0,33.657225553029114,23.56005788712038,200.0
2030-03-26 14:00:00,-0.0,12414.302386843352,-0.0,12180.645161290322,20.0,33.657225553029114,23.56005788712038,200.0
2030-03-26 15:00:00,-0.0,12414.302386843352,-0.0,12180.645161290322,20.0,33.657225553029114,23.56005788712038,200.0
2030-03-26 16:00:00,-0.0,12414.302386843352,-0.0,12180.645161290322,20.0,33.657225553029114,23.56005788712038,200.0
2030-03-26 17:00:00,-0.0,12414.302386843352,-0.0,12180.645161290322,20.0,33.657225553029114,23.56005788712038,200.0
2030-03-26 18:00:00,-0.0,12414.302386843352,-0.0,12180.645161290322,20.0,33.657225553029114,23.56005788712038,200.0
2030-03-26 19:00:00,-0.0,12414.302386843352,-0.0,12180.645161290322,20.0,33.657225553029114,23.56005788712038,200.0
2030-03-26 20:00:00,-0.0,12414.302386843352,-0.0,12180.645161290322,20.0,33.657225553029114,23.56005788712038,200.0
2030-03-26 21:00:00,-0.0,12414.302386843352,-0.0,12180.645161290322,20.0,33.657225553029114,23.56005788712038,200.0
2030-03-26 22:00:00,-0.0,12414.302386843352,-0.0,12180.645161290322,20.0,33.657225553029114,23.56005788712038,200.0
2030-03-26 23:00:00,-0.0,12414.302386843352,-0.0,12180.645161290322,20.0,33.657225553029114,23.56005788712038,200.0
2030-03-27 00:00:00,-0.0,12414.302386843352,-0.0,12180.645161290322,20.0,33.657225553029114,23.56005788712038,200.0
2030-03-27 01:00:00,-0.0,12414.302386843352,-0.0,12180.645161290322,20.0,33.657225553029114,23.56005788712038,200.0
2030-03-27 02:00:00,12414.302386843352,-0.0,-0.0,12180.645161290322,20.0,33.657225553029114,23.56005788712038,200.0
2030-03-27 03:00:00,12414.302386843352,-0.0,-0.0,12180.645161290322,20.0,33.657225553029114,23.56005788712038,200.0
2030-03-27 04:00:00,12414.302386843352,-0.0,-0.0,12180.645161290322,20.0,33.657225553029114,23.56005788712038,200.0
2030-03-27 05:00:00,12414.302386843352,-0.0,-0.0,12180.645161290322,20.0,33.657225553029114,23.56005788712038,200.0
2030-03-27 06:00:00,12414.302386843352,-0.0,-0.0,12180.645161290322,20.0,33.657225553029114,23.56005788712038,200.0
2030-03-27 07:00:00,12414.302386843352,-0.0,-0.0,12180.645161290322,20.0,33.657225553029114,23.56005788712038,200.0
2030-03-27 08:00:00,12414.302386843352,-0.0,-0.0,12180.645161290322,20.0,33.657225553029114,23.56005788712038,200.0
2030-03-27 09:00:00,12414.302386843352,-0.0,-0.0,12180.645161290322,20.0,33.657225553029114,23.56005788712038,200.0
2030-03-27 10:00:00,12414.302386843352,-0.0,-0.0,12180.645161290322,20.0,33.657225553029114,23.56005788712038,200.0
2030-03-27 11:00:00,12414.302386843352,-0.0,-0.0,12180.645161290322,20.0,33.657225553029114,23.56005788712038,200.0
2030-03-27 12:00:00,11125.026287025064,1289.2760998182875,-0.0,12180.645161290322,20.0,33.657225553029114,23.56005788712038,200.0
2030-03-27 13:00:00,-0.0,12414.302386843352,-0.0,12180.645161290322,20.0,33.657225553029114,23.56005788712038,200.0
2030-03-27 14:00:00,-0.0,12414.302386843352,-0.0,12180.645161290322,20.0,33.657225553029114,23.56005788712038,200.0
2030-03-27 15:00:00,-0.0,12414.302386843352,-0.0,12180.645161290322,20.0,33.657225553029114,23.56005788712038,200.0
2030-03-27 16:00:00,-0.0,12414.302386843352,-0.0,12180.645161290322,20.0,33.657225553029114,23.56005788712038,200.0
2030-03-27 17:00:00,-0.0,12414.302386843352,-0.0,12180.645161290322,20.0,33.657225553029114,23.56005788712038,200.0
2030-03-27 18:00:00,-0.0,12414.302386843352,-0.0,12180.645161290322,20.0,33.657225553029114,23.56005788712038,200.0
2030-03-27 19:00:00,-0.0,12414.302386843352,-0.0,12180.645161290322,20.0,33.657225553029114,23.56005788712038,200.0
2030-03-27 20:00:00,-0.0,12414.302386843352,-0.0,12180.645161290322,20.0,33.657225553029114,23.56005788712038,200.0
2030-03-27 21:00:00,-0.0,12414.302386843352,-0.0,12180.645161290322,20.0,33.657225553029114,23.56005788712038,200.0
2030-03-27 22:00:00,-0.0,12414.302386843352,-0.0,12180.645161290322,20.0,33.657225553029114,23.56005788712038,200.0
2030-03-27 23:00:00,-0.0,12180.645161290322,-0.0,12180.645161290322,20.0,-0.0,-0.0,0.0
2030-03-28 00:00:00,-0.0,12180.645161290322,-0.0,12180.645161290322,20.0,-0.0,-0.0,0.0
2030-03-28 01:00:00,781.9440852269229,7929.132739149419,3469.5683369139806,12180.645161290322,20.0,-0.0,-0.0,0.0
2030-03-28 02:00:00,12414.302386843352,-0.0,-0.0,12180.645161290322,20.0,33.657225553029114,23.56005788712038,200.0
2030-03-28 03:00:00,12414.302386843352,-0.0,-0.0,12180.645161290322,20.0,33.657225553029114,23.56005788712038,200.0
2030-03-28 04:00:00,12414.302386843352,-0.0,-0.0,12180.645161290322,20.0,33.657225553029114,23.56005788712038,200.0
2030-03-28 05:00:00,12414.302386843352,-0.0,-0.0,12180.645161290322,20.0,33.657225553029114,23.56005788712038,200.0
2030-03-28 06:00:00,12414.302386843352,-0.0,-0.0,12180.645161290322,20.0,33.657225553029114,23.56005788712038,200.0
2030-03-28 07:00:00,12414.302386843352,-0.0,-0.0,12180.645161290322,20.0,33.657225553029114,23.56005788712038,200.0
2030-03-28 08:00:00,12414.302386843352,-0.0,-0.0,12180.645161290322,20.0,33.657225553029114,23.56005788712038,200.0
2030-03-28 09:00:00,12414.302386843352,-0.0,-0.0,12180.645161290322,20.0,33.657225553029114,23.56005788712038,200.0
2030-03-28 10:00:00,12414.302386843352,-0.0,-0.0,12180.645161290322,20.0,33.657225553029114,23.56005788712038,200.0
2030-03-28 11:00:00,12414.302386843352,-0.0,-0.0,12180.645161290322,20.0,33.657225553029114,23.56005788712038,200.0
2030-03-28 12:00:00,10554.16551203892,1860.1368748044315,-0.0,12180.645161290322,20.0,33.657225553029114,23.56005788712038,200.0
2030-03-28 13:00:00,-0.0,12414.302386843352,-0.0,12180.645161290322,20.0,33.657225553029114,23.56005788712038,200.0
2030-03-28 14:00:00,-0.0,12414.302386843352,-0.0,12180.645161290322,20.0,33.657225553029114,23.56005788712038,200.0
2030-03-28 15:00:00,-0.0,12414.302386843352,-0.0,12180.645161290322,20.0,33.657225553029114,23.56005788712038,200.0
2030-03-28 16:00:00,-0.0,12414.302386843352,-0.0,12180.645161290322,20.0,33.657225553029114,23.56005788712038,200.0
2030-03-28 17:00:00,-0.0,12414.302386843352,-0.0,12180.645161290322,20.0,33.657225553029114,23.56005788712038,200.0
2030-03-28 18:00:00,-0.0,12414.302386843352,-0.0,12180.645161290322,20.0,33.657225553029114,23.56005788712038,200.0
2030-03-28 19:00:00,-0.0,12414.302386843352,-0.0,12180.645161290322,20.0,33.657225553029114,23.56005788712038,200.0
2030-03-28 20:00:00,-0.0,12414.302386843352,-0.0,12180.645161290322,20.0,33.657225553029114,23.56005788712038,200.0
2030-03-28 21:00:00,-0.0,12414.302386843352,-0.0,12180.645161290322,20.0,33.657225553029114,23.56005788712038,200.0
2030-03-28 22:00:00,-0.0,12414.302386843352,-0.0,12180.645161290322,20.0,33.657225553029114,23.56005788712038,200.0
2030-03-28 23:00:00,-0.0,12414.302386843352,-0.0,12180.645161290322,20.0,33.657225553029114,23.56005788712038,200.0
2030-03-29 00:00:00,-0.0,12414.302386843352,-0.0,12180.645161290322,20.0,33.657225553029114,23.56005788712038,200.0
2030-03-29 01:00:00,727.8734835888911,11686.42890325446,-0.0,12180.645161290322,20.0,33.657225553029114,23.56005788712038,200.0
2030-03-29 02:00:00,12414.302386843352,-0.0,-0.0,12180.645161290322,20.0,33.657225553029114,23.56005788712038,200.0
2030-03-29 03:00:00,12414.302386843352,-0.0,-0.0,12180.645161290322,20.0,33.657225553029114,23.56005788712038,200.0
2030-03-29 04:00:00,12414.302386843352,-0.0,-0.0,12180.645161290322,20.0,33.657225553029114,23.56005788712038,200.0
2030-03-29 05:00:00,12414.302386843352,-0.0,-0.0,12180.645161290322,20.0,33.657225553029114,23.56005788712038,200.0
2030-03-29 06:00:00,12414.302386843352,-0.0,-0.0,12180.645161290322,20.0,33.657225553029114,23.56005788712038,200.0
2030-03-29 07:00:00,12414.302386843352,-0.0,-0.0,12180.645161290322,20.0,33.657225553029114,23.56005788712038,200.0
2030-03-29 08:00:00,12414.302386843352,-0.0,-0.0,12180.645161290322,20.0,33.657225553029114,23.56005788712038,200.0
2030-03-29 09:00:00,12414.302386843352,-0.0,-0.0,12180.645161290322,20.0,33.657225553029114,23.56005788712038,200.0
2030-03-29 10:00:00,12414.302386843352,-0.0,-0.0,12180.645161290322,20.0,33.657225553029114,23.56005788712038,200.0
2030-03-29 11:00:00,12414.302386843352,-0.0,-0.0,12180.645161290322,20.0,33.657225553029114,23.56005788712038,200.0
2030-03-29 12:00:00,-0.0,12414.302386843352,-0.0,12180.645161290322,20.0,33.657225553029114,23.56005788712038,200.0
2030-03-29 13:00:00,-0.0,12414.302386843352,-0.0,12180.645161290322,20.0,33.657225553029114,23.56005788712038,200.0
2030-03-29 14:00:00,-0.0,12414.302386843352,-0.0,12180.645161290322,20.0,33.657225553029114,23.56005788712038,200.0
2030-03-29 15:00:00,-0.0,12414.302386843352,-0.0,12180.645161290322,20.0,33.657225553029114,23.56005788712038,200.0
2030-03-29 16:00:00,-0.0,12414.302386843352,-0.0,12180.645161290322,20.0,33.657225553029114,23.56005788712038,200.0
2030-03-29 17:00:00,-0.0,12414.302386843352,-0.0,12180.645161290322,20.0,33.657225553029114,23.56005788712038,200.0
2030-03-29 18:00:00,-0.0,12414.302386843352,-0.0,12180.645161290322,20.0,33.657225553029114,23.56005788712038,200.0
2030-03-29 19:00:00,-0.0,12414.302386843352,-0.0,12180.645161290322,20.0,33.657225553029114,23.56005788712038,200.0
2030-03-29 20:00:00,-0.0,12414.302386843352,-0.0,12180.645161290322,20.0,33.657225553029114,23.56005788712038,200.0
2030-03-29 21:00:00,-0.0,12414.302386843352,-0.0,12180.645161290322,20.0,33.657225553029114,23.56005788712038,200.0
2030-03-29 22:00:00,-0.0,12414.302386843352,-0.0,12180.645161290322,20.0,33.657225553029114,23.56005788712038,200.0
2030-03-29 23:00:00,-0.0,12414.302386843352,-0.0,12180.645161290322,20.0,33.657225553029114,23.56005788712038,200.0
2030-03-30 00:00:00,-0.0,12414.302386843352,-0.0,12180.645161290322,20.0,33.657225553029114,23.56005788712038,200.0
2030-03-30 01:00:00,-0.0,12414.302386843352,-0.0,12180.645161290322,20.0,33.657225553029114,23.56005788712038,200.0
2030-03-30 02:00:00,12414.302386843352,-0.0,-0.0,12180.645161290322,20.0,33.657225553029114,23.56005788712038,200.0
2030-03-30 03:00:00,12414.302386843352,-0.0,-0.0,12180.645161290322,20.0,33.657225553029114,23.56005788712038,200.0
2030-03-30 04:00:00,12414.302386843352,-0.0,-0.0,12180.645161290322,20.0,33.657225553029114,23.56005788712038,200.0
2030-03-30 05:00:00,12414.302386843352,-0.0,-0.0,12180.645161290322,20.0,33.657225553029114,23.56005788712038,200.0
2030-03-30 06:00:00,12414.302386843352,-0.0,-0.0,12180.645161290322,20.0,33.657225553029114,23.56005788712038,200.0
2030-03-30 07:00:00,12414.302386843352,-0.0,-0.0,12180.645161290322,20.0,33.657225553029114,23.56005788712038,200.0
2030-03-30 08:00:00,12414.302386843352,-0.0,-0.0,12180.645161290322,20.0,33.657225553029114,23.56005788712038,200.0
2030-03-30 09:00:00,12414.302386843352,-0.0,-0.0,12180.645161290322,20.0,33.657225553029114,23.56005788712038,200.0
2030-03-30 10:00:00,12414.302386843352,-0.0,-0.0,12180.645161290322,20.0,33.657225553029114,23.56005788712038,200.0
2030-03-30 11:00:00,12414.302386843352,-0.0,-0.0,12180.645161290322,20.0,33.657225553029114,23.56005788712038,200.0
2030-03-30 12:00:00,11824.82465053267,589.4777363106823,-0.0,12180.645161290322,20.0,33.657225553029114,23.56005788712038,200.0
2030-03-30 13:00:00,-0.0,12414.302386843352,-0.0,12180.645161290322,20.0,33.657225553029114,23.56005788712038,200.0
2030-03-30 14:00:00,-0.0,12414.302386843352,-0.0,12180.645161290322,20.0,33.657225553029114,23.56005788712038,200.0
2030-03-30 15:00:00,-0.0,12414.302386843352,-0.0,12180.645161290322,20.0,33.657225553029114,23.56005788712038,200.0
2030-03-30 16:00:00,-0.0,12414.302386843352,-0.0,12180.645161290322,20.0,33.657225553029114,23.56005788712038,200.0
2030-03-30 17:00:00,-0.0,12414.302386843352,-0.0,12180.645161290322,20.0,33.657225553029114,23.56005788712038,200.0
2030-03-30 18:00:00,-0.0,12414.302386843352,-0.0,12180.645161290322,20.0,33.657225553029114,23.56005788712038,200.0
2030-03-30 19:00:00,-0.0,12414.302386843352,-0.0,12180.645161290322,20.0,33.657225553029114,23.56005788712038,200.0
2030-03-30 20:00:00,-0.0,12414.302386843352,-0.0,12180.645161290322,20.0,33.657225553029114,23.56005788712038,200.0
2030-03-30 21:00:00,-0.0,12414.302386843352,-0.0,12180.645161290322,20.0,33.657225553029114,23.56005788712038,200.0
2030-03-30 22:00:00,-0.0,12414.302386843352,-0.0,12180.645161290322,20.0,33.657225553029114,23.56005788712038,200.0
2030-03-30 23:00:00,-0.0,12414.302386843352,-0.0,12180.645161290322,20.0,33.657225553029114,23.56005788712038,200.0
2030-03-31 00:00:00,-0.0,12414.302386843352,-0.0,12180.645161290322,20.0,33.657225553029114,23.56005788712038,200.0
2030-03-31 01:00:00,-0.0,12414.302386843352,-0.0,12180.645161290322,20.0,33.657225553029114,23.56005788712038,200.0
2030-03-31 02:00:00,12414.302386843352,-0.0,-0.0,12180.645161290322,20.0,33.657225553029114,23.56005788712038,200.0
2030-03-31 03:00:00,12414.302386843352,-0.0,-0.0,12180.645161290322,20.0,33.657225553029114,23.56005788712038,200.0
2030-03-31 04:00:00,12414.302386843352,-0.0,-0.0,12180.645161290322,20.0,33.657225553029114,23.56005788712038,200.0
2030-03-31 05:00:00,12414.302386843352,-0.0,-0.0,12180.645161290322,20.0,33.657225553029114,23.56005788712038,200.0
2030-03-31 06:00:00,12414.302386843352,-0.0,-0.0,12180.645161290322,20.0,33.657225553029114,23.56005788712038,200.0
2030-03-31 07:00:00,12414.302386843352,-0.0,-0.0,12180.645161290322,20.0,33.657225553029114,23.56005788712038,200.0
2030-03-31 08:00:00,12414.302386843352,-0.0,-0.0,12180.645161290322,20.0,33.657225553029114,23.56005788712038,200.0
2030-03-31 09:00:00,12414.302386843352,-0.0,-0.0,12180.645161290322,20.0,33.657225553029114,23.56005788712038,200.0
2030-03-31 10:00:00,12414.302386843352,-0.0,-0.0,12180.645161290322,20.0,33.657225553029114,23.56005788712038,200.0
2030-03-31 11:00:00,12414.302386843352,-0.0,-0.0,12180.645161290322,20.0,33.657225553029114,23.56005788712038,200.0
2030-03-31 12:00:00,11852.899770613954,561.4026162293976,-0.0,12180.645161290322,20.0,33.657225553029114,23.56005788712038,200.0
2030-03-31 13:00:00,-0.0,12414.302386843352,-0.0,12180.645161290322,20.0,33.657225553029114,23.56005788712038,200.0
2030-03-31 14:00:00,-0.0,12414.302386843352,-0.0,12180.645161290322,20.0,33.657225553029114,23.56005788712038,200.0
2030-03-31 15:00:00,-0.0,12414.302386843352,-0.0,12180.645161290322,20.0,33.657225553029114,23.56005788712038,200.0
2030-03-31 16:00:00,-0.0,10763.474353910022,1417.1708073803002,12180.645161290322,20.0,-0.0,-0.0,0.0
2030-03-31 17:00:00,-0.0,12414.302386843352,-0.0,12180.645161290322,20.0,33.657225553029114,23.56005788712038,200.0
2030-03-31 18:00:00,-0.0,12414.302386843352,-0.0,12180.645161290322,20.0,33.657225553029114,23.56005788712038,200.0
2030-03-31 19:00:00,-0.0,12414.302386843352,-0.0,12180.645161290322,20.0,33.657225553029114,23.56005788712038,200.0
2030-03-31 20:00:00,-0.0,12414.302386843352,-0.0,12180.645161290322,20.0,33.657225553029114,23.56005788712038,200.0
2030-03-31 21:00:00,-0.0,12414.302386843352,-0.0,12180.645161290322,20.0,33.657225553029114,23.56005788712038,200.0
2030-03-31 22:00:00,-0.0,9346.303546529733,2834.3416147605894,12180.645161290322,20.0,-0.0,-0.0,0.0
2030-03-31 23:00:00,-0.0,1045.7316747308414,11134.91348655948,12180.645161290322,20.0,-0.0,-0.0,0.0
2030-04-01 00:00:00,-0.0,-0.0,11257.083333333334,11257.083333333334,20.0,-0.0,-0.0,0.0
2030-04-01 01:00:00,1484.8619065213377,1045.7316747308414,8726.489752081156,11257.083333333334,20.0,-0.0,-0.0,0.0
2030-04-01 02:00:00,11490.740558886364,-0.0,-0.0,11257.083333333334,20.0,33.657225553029114,23.56005788712038,200.0
2030-04-01 03:00:00,11490.740558886364,-0.0,-0.0,11257.083333333334,20.0,33.657225553029114,23.56005788712038,200.0
2030-04-01 04:00:00,11490.740558886364,-0.0,-0.0,11257.083333333334,20.0,33.657225553029114,23.56005788712038,200.0
2030-04-01 05:00:00,11490.740558886364,-0.0,-0.0,11257.083333333334,20.0,33.657225553029114,23.56005788712038,200.0
2030-04-01 06:00:00,11490.740558886364,-0.0,-0.0,11257.083333333334,20.0,33.657225553029114,23.56005788712038,200.0
2030-04-01 07:00:00,11490.740558886364,-0.0,-0.0,11257.083333333334,20.0,33.657225553029114,23.56005788712038,200.0
2030-04-01 08:00:00,11490.740558886364,-0.0,-0.0,11257.083333333334,20.0,33.657225553029114,23.56005788712038,200.0
2030-04-01 09:00:00,11490.740558886364,-0.0,-0.0,11257.083333333334,20.0,33.657225553029114,23.56005788712038,200.0
2030-04-01 10:00:00,10285.892142373299,1204.8484165130649,-0.0,11257.083333333334,20.0,33.657225553029114,23.56005788712038,200.0
2030-04-01 11:00:00,-0.0,11490.740558886364,-0.0,11257.083333333334,20.0,33.657225553029114,23.56005788712038,200.0
2030-04-01 12:00:00,-0.0,11490.740558886364,-0.0,11257.083333333334,20.0,33.657225553029114,23.56005788712038,200.0
2030-04-01 13:00:00,-0.0,11490.740558886364,-0.0,11257.083333333334,20.0,33.657225553029114,23.56005788712038,200.0
2030-04-01 14:00:00,-0.0,11490.740558886364,-0.0,11257.083333333334,20.0,33.657225553029114,23.56005788712038,200.0
2030-04-01 15:00:00,-0.0,11490.740558886364,-0.0,11257.083333333334,20.0,33.657225553029114,23.56005788712038,200.0
2030-04-01 16:00:00,-0.0,11490.740558886364,-0.0,11257.083333333334,20.0,33.657225553029114,23.56005788712038,200.0
2030-04-01 17:00:00,-0.0,11490.740558886364,-0.0,11257.083333333334,20.0,33.657225553029114,23.56005788712038,200.0
2030-04-01 18:00:00,-0.0,11490.740558886364,-0.0,11257.083333333334,20.0,33.657225553029114,23.56005788712038,200.0
2030-04-01 19:00:00,-0.0,11490.740558886364,-0.0,11257.083333333334,20.0,33.657225553029114,23.56005788712038,200.0
2030-04-01 20:00:00,-0.0,11490.740558886364,-0.0,11257.083333333334,20.0,33.657225553029114,23.56005788712038,200.0
2030-04-01 21:00:00,-0.0,11490.740558886364,-0.0,11257.083333333334,20.0,33.657225553029114,23.56005788712038,200.0
2030-04-01 22:00:00,-0.0,11490.740558886364,-0.0,11257.083333333334,20.0,33.657225553029114,23.56005788712038,200.0
2030-04-01 23:00:00,-0.0,11490.740558886364,-0.0,11257.083333333334,20.0,33.657225553029114,23.56005788712038,200.0
2030-04-02 00:00:00,-0.0,11490.740558886364,-0.0,11257.083333333334,20.0,33.657225553029114,23.56005788712038,200.0
2030-04-02 01:00:00,1385.0392573434326,10105.701301542931,-0.0,11257.083333333334,20.0,33.657225553029114,23.56005788712038,200.0
2030-04-02 02:00:00,10055.052266149394,1435.6882927369697,-0.0,11257.083333333334,20.0,33.657225553029114,23.56005788712038,200.0
2030-04-02 03:00:00,11490.740558886364,-0.0,-0.0,11257.083333333334,20.0,33.657225553029114,23.56005788712038,200.0
2030-04-02 04:00:00,11490.740558886364,-0.0,-0.0,11257.083333333334,20.0,33.657225553029114,23.56005788712038,200.0
2030-04-02 05:00:00,11490.740558886364,-0.0,-0.0,11257.083333333334,20.0,33.657225553029114,23.56005788712038,200.0
2030-04-02 06:00:00,11490.740558886364,-0.0,-0.0,11257.083333333334,20.0,33.657225553029114,23.56005788712038,200.0
2030-04-02 07:00:00,11490.740558886364,-0.0,-0.0,11257.083333333334,20.0,33.657225553029114,23.56005788712038,200.0
2030-04-02 08:00:00,11490.740558886364,-0.0,-0.0,11257.083333333334,20.0,33.657225553029114,23.56005788712038,200.0
2030-04-02 09:00:00,11490.740558886364,-0.0,-0.0,11257.083333333334,20.0,33.657225553029114,23.56005788712038,200.0
2030-04-02 10:00:00,11490.740558886364,-0.0,-0.0,11257.083333333334,20.0,33.657225553029114,23.56005788712038,200.0
2030-04-02 11:00:00,11490.740558886364,-0.0,-0.0,11257.083333333334,20.0,33.657225553029114,23.56005788712038,200.0
2030-04-02 12:00:00,-0.0,11490.740558886364,-0.0,11257.083333333334,20.0,33.657225553029114,23.56005788712038,200.0
2030-04-02 13:00:00,-0.0,11490.740558886364,-0.0,11257.083333333334,20.0,33.657225553029114,23.56005788712038,200.0
2030-04-02 14:00:00,-0.0,11490.740558886364,-0.0,11257.083333333334,20.0,33.657225553029114,23.56005788712038,200.0
2030-04-02 15:00:00,-0.0,11490.740558886364,-0.0,11257.083333333334,20.0,33.657225553029114,23.56005788712038,200.0
2030-04-02 16:00:00,-0.0,11490.740558886364,-0.0,11257.083333333334,20.0,33.657225553029114,23.56005788712038,200.0
2030-04-02 17:00:00,-0.0,3677.6203170085287,7579.463016324806,11257.083333333334,20.0,-0.0,-0.0,0.0
2030-04-02 18:00:00,-0.0,-0.0,11257.083333333334,11257.083333333334,20.0,-0.0,-0.0,0.0
2030-04-02 19:00:00,-0.0,-0.0,11257.083333333334,11257.083333333334,20.0,-0.0,-0.0,0.0
2030-04-02 20:00:00,-0.0,-0.0,11257.083333333334,11257.083333333334,20.0,-0.0,-0.0,0.0
2030-04-02 21:00:00,-0.0,-0.0,11257.083333333334,11257.083333333334,20.0,-0.0,-0.0,0.0
2030-04-02 22:00:00,-0.0,-0.0,11257.083333333334,11257.083333333334,20.0,-0.0,-0.0,0.0
2030-04-02 23:00:00,-0.0,-0.0,11257.083333333334,11257.083333333334,20.0,-0.0,-0.0,0.0
2030-04-03 00:00:00,-0.0,-0.0,11257.083333333334,11257.083333333334,20.0,-0.0,-0.0,0.0
2030-04-03 01:00:00,-0.0,11490.740558886364,-0.0,11257.083333333334,20.0,33.657225553029114,23.56005788712038,200.0
2030-04-03 02:00:00,7696.742179321388,3793.998379564976,-0.0,11257.083333333334,20.0,33.657225553029114,23.56005788712038,200.0
2030-04-03 03:00:00,11490.740558886364,-0.0,-0.0,11257.083333333334,20.0,33.657225553029114,23.56005788712038,200.0
2030-04-03 04:00:00,11490.740558886364,-0.0,-0.0,11257.083333333334,20.0,33.657225553029114,23.56005788712038,200.0
2030-04-03 05:00:00,11490.740558886364,-0.0,-0.0,11257.083333333334,20.0,33.657225553029114,23.56005788712038,200.0
2030-04-03 06:00:00,11490.740558886364,-0.0,-0.0,11257.083333333334,20.0,33.657225553029114,23.56005788712038,200.0
2030-04-03 07:00:00,11490.740558886364,-0.0,-0.0,11257.083333333334,20.0,33.657225553029114,23.56005788712038,200.0
2030-04-03 08:00:00,11490.740558886364,-0.0,-0.0,11257.083333333334,20.0,33.657225553029114,23.56005788712038,200.0
2030-04-03 09:00:00,11490.740558886364,-0.0,-0.0,11257.083333333334,20.0,33.657225553029114,23.56005788712038,200.0
2030-04-03 10:00:00,11490.740558886364,-0.0,-0.0,11257.083333333334,20.0,33.657225553029114,23.56005788712038,200.0
2030-04-03 11:00:00,11490.740558886364,-0.0,-0.0,11257.083333333334,20.0,33.657225553029114,23.56005788712038,200.0
2030-04-03 12:00:00,8332.071748568253,3158.6688103181114,-0.0,11257.083333333334,20.0,33.657225553029114,23.56005788712038,200.0
2030-04-03 13:00:00,-0.0,11490.740558886364,-0.0,11257.083333333334,20.0,33.657225553029114,23.56005788712038,200.0
2030-04-03 14:00:00,-0.0,11490.740558886364,-0.0,11257.083333333334,20.0,33.657225553029114,23.56005788712038,200.0
2030-04-03 15:00:00,-0.0,11490.740558886364,-0.0,11257.083333333334,20.0,33.657225553029114,23.56005788712038,200.0
2030-04-03 16:00:00,-0.0,11490.740558886364,-0.0,11257.083333333334,20.0,33.657225553029114,23.56005788712038,200.0
2030-04-03 17:00:00,-0.0,11490.740558886364,-0.0,11257.083333333334,20.0,33.657225553029114,23.56005788712038,200.0
2030-04-03 18:00:00,-0.0,11490.740558886364,-0.0,11257.083333333334,20.0,33.657225553029114,23.56005788712038,200.0
2030-04-03 19:00:00,-0.0,11490.740558886364,-0.0,11257.083333333334,20.0,33.657225553029114,23.56005788712038,200.0
2030-04-03 20:00:00,-0.0,11490.740558886364,-0.0,11257.083333333334,20.0,33.657225553029114,23.56005788712038,200.0
2030-04-03 21:00:00,-0.0,11490.740558886364,-0.0,11257.083333333334,20.0,33.657225553029114,23.56005788712038,200.0
2030-04-03 22:00:00,-0.0,11490.740558886364,-0.0,11257.083333333334,20.0,33.657225553029114,23.56005788712038,200.0
2030-04-03 23:00:00,-0.0,11490.740558886364,-0.0,11257.083333333334,20.0,33.657225553029114,23.56005788712038,200.0
2030-04-04 00:00:00,-0.0,11490.740558886364,-0.0,11257.083333333334,20.0,33.657225553029114,23.56005788712038,200.0
2030-04-04 01:00:00,-0.0,11490.740558886364,-0.0,11257.083333333334,20.0,33.657225553029114,23.56005788712038,200.0
2030-04-04 02:00:00,11490.740558886364,-0.0,-0.0,11257.083333333334,20.0,33.657225553029114,23.56005788712038,200.0
2030-04-04 03:00:00,11490.740558886364,-0.0,-0.0,11257.083333333334,20.0,33.657225553029114,23.56005788712038,200.0
2030-04-04 04:00:00,11490.740558886364,-0.0,-0.0,11257.083333333334,20.0,33.657225553029114,23.56005788712038,200.0
2030-04-04 05:00:00,11490.740558886364,-0.0,-0.0,11257.083333333334,20.0,33.657225553029114,23.56005788712038,200.0
2030-04-04 06:00:00,11490.740558886364,-0.0,-0.0,11257.083333333334,20.0,33.657225553029114,23.56005788712038,200.0
2030-04-04 07:00:00,11490.740558886364,-0.0,-0.0,11257.083333333334,20.0,33.657225553029114,23.56005788712038,200.0
2030-04-04 08:00:00,11490.740558886364,-0.0,-0.0,11257.083333333334,20.0,33.657225553029114,23.56005788712038,200.0
2030-04-04 09:00:00,11490.740558886364,-0.0,-0.0,11257.083333333334,20.0,33.657225553029114,23.56005788712038,200.0
2030-04-04 10:00:00,11490.740558886364,-0.0,-0.0,11257.083333333334,20.0,33.657225553029114,23.56005788712038,200.0
2030-04-04 11:00:00,11490.740558886364,-0.0,-0.0,11257.083333333334,20.0,33.657225553029114,23.56005788712038,200.0
2030-04-04 12:00:00,-0.0,11490.740558886364,-0.0,11257.083333333334,20.0,33.657225553029114,23.56005788712038,200.0
2030-04-04 13:00:00,-0.0,11490.740558886364,-0.0,11257.083333333334,20.0,33.657225553029114,23.56005788712038,200.0
2030-04-04 14:00:00,-0.0,11490.740558886364,-0.0,11257.083333333334,20.0,33.657225553029114,23.56005788712038,200.0
2030-04-04 15:00:00,-0.0,11490.740558886364,-0.0,11257.083333333334,20.0,33.657225553029114,23.56005788712038,200.0
2030-04-04 16:00:00,-0.0,11490.740558886364,-0.0,11257.083333333334,20.0,33.657225553029114,23.56005788712038,200.0
2030-04-04 17:00:00,-0.0,11490.740558886364,-0.0,11257.083333333334,20.0,33.657225553029114,23.56005788712038,200.0
2030-04-04 18:00:00,-0.0,11490.740558886364,-0.0,11257.083333333334,20.0,33.657225553029114,23.56005788712038,200.0
2030-04-04 19:00:00,-0.0,11490.740558886364,-0.0,11257.083333333334,20.0,33.657225553029114,23.56005788712038,200.0
2030-04-04 20:00:00,-0.0,11490.740558886364,-0.0,11257.083333333334,20.0,33.657225553029114,23.56005788712038,200.0
2030-04-04 21:00:00,-0.0,10763.474353910022,493.6089794233121,11257.083333333334,20.0,-0.0,-0.0,0.0
2030-04-04 22:00:00,-0.0,7929.132739149419,3327.950594183915,11257.083333333334,20.0,-0.0,-0.0,0.0
2030-04-04 23:00:00,-0.0,6511.96193176913,4745.121401564204,11257.083333333334,20.0,-0.0,-0.0,0.0
2030-04-05 00:00:00,-0.0,5094.791124388843,6162.292208944491,11257.083333333334,20.0,-0.0,-0.0,0.0
2030-04-05 01:00:00,2095.235813473726,5094.791124388843,4067.056395470765,11257.083333333334,20.0,-0.0,-0.0,0.0
2030-04-05 02:00:00,11490.740558886364,-0.0,-0.0,11257.083333333334,20.0,33.657225553029114,23.56005788712038,200.0
2030-04-05 03:00:00,11490.740558886364,-0.0,-0.0,11257.083333333334,20.0,33.657225553029114,23.56005788712038,200.0
2030-04-05 04:00:00,11490.740558886364,-0.0,-0.0,11257.083333333334,20.0,33.657225553029114,23.56005788712038,200.0
2030-04-05 05:00:00,11490.740558886364,-0.0,-0.0,11257.083333333334,20.0,33.657225553029114,23.56005788712038,200.0
2030-04-05 06:00:00,11490.740558886364,-0.0,-0.0,11257.083333333334,20.0,33.657225553029114,23.56005788712038,200.0
2030-04-05 07:00:00,11490.740558886364,-0.0,-0.0,11257.083333333334,20.0,33.657225553029114,23.56005788712038,200.0
2030-04-05 08:00:00,11490.740558886364,-0.0,-0.0,11257.083333333334,20.0,33.657225553029114,23.56005788712038,200.0
2030-04-05 09:00:00,11490.740558886364,-0.0,-0.0,11257.083333333334,20.0,33.657225553029114,23.56005788712038,200.0
2030-04-05 10:00:00,11490.740558886364,-0.0,-0.0,11257.083333333334,20.0,33.657225553029114,23.56005788712038,200.0
2030-04-05 11:00:00,11490.740558886364,-0.0,-0.0,11257.083333333334,20.0,33.657225553029114,23.56005788712038,200.0
2030-04-05 12:00:00,6886.722974013179,4604.017584873185,-0.0,11257.083333333334,20.0,33.657225553029114,23.56005788712038,200.0
2030-04-05 13:00:00,-0.0,11490.740558886364,-0.0,11257.083333333334,20.0,33.657225553029114,23.56005788712038,200.0
2030-04-05 14:00:00,-0.0,11490.740558886364,-0.0,11257.083333333334,20.0,33.657225553029114,23.56005788712038,200.0
2030-04-05 15:00:00,-0.0,11490.740558886364,-0.0,11257.083333333334,20.0,33.657225553029114,23.56005788712038,200.0
2030-04-05 16:00:00,-0.0,11490.740558886364,-0.0,11257.083333333334,20.0,33.657225553029114,23.56005788712038,200.0
2030-04-05 17:00:00,-0.0,11490.740558886364,-0.0,11257.083333333334,20.0,33.657225553029114,23.56005788712038,200.0
2030-04-05 18:00:00,-0.0,6511.96193176913,4745.121401564204,11257.083333333334,20.0,-0.0,-0.0,0.0
2030-04-05 19:00:00,-0.0,-0.0,11257.083333333334,11257.083333333334,20.0,-0.0,-0.0,0.0
2030-04-05 20:00:00,-0.0,-0.0,11257.083333333334,11257.083333333334,20.0,-0.0,-0.0,0.0
2030-04-05 21:00:00,-0.0,-0.0,11257.083333333334,11257.083333333334,20.0,-0.0,-0.0,0.0
2030-04-05 22:00:00,-0.0,1045.7316747308414,10211.351658602493,11257.083333333334,20.0,-0.0,-0.0,0.0
2030-04-05 23:00:00,-0.0,-0.0,11257.083333333334,11257.083333333334,20.0,-0.0,-0.0,0.0
2030-04-06 00:00:00,-0.0,-0.0,11257.083333333334,11257.083333333334,20.0,-0.0,-0.0,0.0
2030-04-06 01:00:00,1861.2764794630214,-0.0,9395.806853870312,11257.083333333334,20.0,-0.0,-0.0,0.0
2030-04-06 02:00:00,7045.815321140465,-0.0,4211.268012192869,11257.083333333334,20.0,-0.0,-0.0,0.0
2030-04-06 03:00:00,11490.740558886364,-0.0,-0.0,11257.083333333334,20.0,33.657225553029114,23.56005788712038,200.0
2030-04-06 04:00:00,11490.740558886364,-0.0,-0.0,11257.083333333334,20.0,33.657225553029114,23.56005788712038,200.0
2030-04-06 05:00:00,11490.740558886364,-0.0,-0.0,11257.083333333334,20.0,33.657225553029114,23.56005788712038,200.0
2030-04-06 06:00:00,11490.740558886364,-0.0,-0.0,11257.083333333334,20.0,33.657225553029114,23.56005788712038,200.0
2030-04-06 07:00:00,11490.740558886364,-0.0,-0.0,11257.083333333334,20.0,33.657225553029114,23.56005788712038,200.0
2030-04-06 08:00:00,11490.740558886364,-0.0,-0.0,11257.083333333334,20.0,33.657225553029114,23.56005788712038,200.0
2030-04-06 09:00:00,11490.740558886364,-0.0,-0.0,11257.083333333334,20.0,33.657225553029114,23.56005788712038,200.0
2030-04-06 10:00:00,11490.740558886364,-0.0,-0.0,11257.083333333334,20.0,33.657225553029114,23.56005788712038,200.0
2030-04-06 11:00:00,6647.5645436911145,3677.6203170085287,931.8984726336912,11257.083333333334,20.0,-0.0,-0.0,0.0
2030-04-06 12:00:00,2408.2214114169597,-0.0,8848.861921916374,11257.083333333334,20.0,-0.0,-0.0,0.0
2030-04-06 13:00:00,47.83168606441284,-0.0,11209.25164726892,11257.083333333334,20.0,-0.0,-0.0,0.0
2030-04-06 14:00:00,-0.0,-0.0,11257.083333333334,11257.083333333334,20.0,-0.0,-0.0,0.0
2030-04-06 15:00:00,-0.0,-0.0,11257.083333333334,11257.083333333334,20.0,-0.0,-0.0,0.0
2030-04-06 16:00:00,-0.0,-0.0,11257.083333333334,11257.083333333334,20.0,-0.0,-0.0,0.0
2030-04-06 17:00:00,-0.0,-0.0,11257.083333333334,11257.083333333334,20.0,-0.0,-0.0,0.0
2030-04-06 18:00:00,-0.0,-0.0,11257.083333333334,11257.083333333334,20.0,-0.0,-0.0,0.0
2030-04-06 19:00:00,-0.0,-0.0,11257.083333333334,11257.083333333334,20.0,-0.0,-0.0,0.0
2030-04-06 20:00:00,-0.0,-0.0,11257.083333333334,11257.083333333334,20.0,-0.0,-0.0,0.0
2030-04-06 21:00:00,-0.0,-0.0,11257.083333333334,11257.083333333334,20.0,-0.0,-0.0,0.0
2030-04-06 22:00:00,-0.0,-0.0,11257.083333333334,11257.083333333334,20.0,-0.0,-0.0,0.0
2030-04-06 23:00:00,-0.0,-0.0,11257.083333333334,11257.083333333334,20.0,-0.0,-0.0,0.0
2030-04-07 00:00:00,-0.0,1045.7316747308414,10211.351658602493,11257.083333333334,20.0,-0.0,-0.0,0.0
2030-04-07 01:00:00,2406.14177289242,2462.9024821111293,6388.039078329785,11257.083333333334,20.0,-0.0,-0.0,0.0
2030-04-07 02:00:00,11485.654761904763,-0.0,-0.0,11257.083333333334,20.0,28.571428571428573,20.0,200.0
2030-04-07 03:00:00,11485.654761904763,-0.0,-0.0,11257.083333333334,20.0,28.571428571428573,20.0,200.0
2030-04-07 04:00:00,11485.654761904763,-0.0,-0.0,11257.083333333334,20.0,28.571428571428573,20.0,200.0
2030-04-07 05:00:00,11485.654761904763,-0.0,-0.0,11257.083333333334,20.0,28.571428571428573,20.0,200.0
2030-04-07 06:00:00,11485.654761904763,-0.0,-0.0,11257.083333333334,20.0,28.571428571428573,20.0,200.0
2030-04-07 07:00:00,11485.654761904763,-0.0,-0.0,11257.083333333334,20.0,28.571428571428573,20.0,200.0
2030-04-07 08:00:00,11485.654761904763,-0.0,-0.0,11257.083333333334,20.0,28.571428571428573,20.0,200.0
2030-04-07 09:00:00,-0.0,11485.654761904763,-0.0,11257.083333333334,20.0,28.571428571428573,20.0,200.0
2030-04-07 10:00:00,11485.654761904763,-0.0,-0.0,11257.083333333334,20.0,28.571428571428573,20.0,200.0
2030-04-07 11:00:00,11485.654761904763,-0.0,-0.0,11257.083333333334,20.0,28.571428571428573,20.0,200.0
2030-04-07 12:00:00,9274.14800018473,2211.506761720032,-0.0,11257.083333333334,20.0,28.571428571428573,20.0,200.0
2030-04-07 13:00:00,-0.0,11485.654761904763,-0.0,11257.083333333334,20.0,28.571428571428573,20.0,200.0
2030-04-07 14:00:00,-0.0,11485.654761904763,-0.0,11257.083333333334,20.0,28.571428571428573,20.0,200.0
2030-04-07 15:00:00,-0.0,11485.654761904763,-0.0,11257.083333333334,20.0,28.571428571428573,20.0,200.0
2030-04-07 16:00:00,-0.0,11485.654761904763,-0.0,11257.083333333334,20.0,28.571428571428573,20.0,200.0
2030-04-07 17:00:00,-0.0,11485.654761904763,-0.0,11257.083333333334,20.0,28.571428571428573,20.0,200.0
2030-04-07 18:00:00,-0.0,11485.654761904763,-0.0,11257.083333333334,20.0,28.571428571428573,20.0,200.0
2030-04-07 19:00:00,-0.0,11485.654761904763,-0.0,11257.083333333334,20.0,28.571428571428573,20.0,200.0
2030-04-07 20:00:00,-0.0,11485.654761904763,-0.0,11257.083333333334,20.0,28.571428571428573,20.0,200.0
2030-04-07 21:00:00,-0.0,11485.654761904763,-0.0,11257.083333333334,20.0,28.571428571428573,20.0,200.0
2030-04-07 22:00:00,-0.0,11485.654761904763,-0.0,11257.083333333334,20.0,28.571428571428573,20.0,200.0
2030-04-07 23:00:00,-0.0,11485.654761904763,-0.0,11257.083333333334,20.0,28.571428571428573,20.0,200.0
2030-04-08 00:00:00,-0.0,11485.654761904763,-0.0,11257.083333333334,20.0,28.571428571428573,20.0,200.0
2030-04-08 01:00:00,-0.0,11485.654761904763,-0.0,11257.083333333334,20.0,28.571428571428573,20.0,200.0
2030-04-08 02:00:00,11485.654761904763,-0.0,-0.0,11257.083333333334,20.0,28.571428571428573,20.0,200.0
2030-04-08 03:00:00,11485.654761904763,-0.0,-0.0,11257.083333333334,20.0,28.571428571428573,20.0,200.0
2030-04-08 04:00:00,11485.654761904763,-0.0,-0.0,11257.083333333334,20.0,28.571428571428573,20.0,200.0
2030-04-08 05:00:00,-0.0,11485.654761904763,-0.0,11257.083333333334,20.0,28.571428571428573,20.0,200.0
2030-04-08 06:00:00,11485.654761904763,-0.0,-0.0,11257.083333333334,20.0,28.571428571428573,20.0,200.0
2030-04-08 07:00:00,-0.0,11485.654761904763,-0.0,11257.083333333334,20.0,28.571428571428573,20.0,200.0
2030-04-08 08:00:00,-0.0,11485.654761904763,-0.0,11257.083333333334,20.0,28.571428571428573,20.0,200.0
2030-04-08 09:00:00,11485.654761904763,-0.0,-0.0,11257.083333333334,20.0,28.571428571428573,20.0,200.0
2030-04-08 10:00:00,11485.654761904763,-0.0,-0.0,11257.083333333334,20.0,28.571428571428573,20.0,200.0
2030-04-08 11:00:00,11485.654761904763,-0.0,-0.0,11257.083333333334,20.0,28.571428571428573,20.0,200.0
2030-04-08 12:00:00,6240.995212143605,5249.745346742759,-0.0,11257.083333333334,20.0,33.657225553029114,23.56005788712038,200.0
2030-04-08 13:00:00,-0.0,11480.568964923163,-0.0,11257.083333333334,20.0,23.48563158982803,16.43994211287962,200.0
2030-04-08 14:00:00,-0.0,11485.654761904763,-0.0,11257.083333333334,20.0,28.571428571428573,20.0,200.0
2030-04-08 15:00:00,-0.0,11485.654761904763,-0.0,11257.083333333334,20.0,28.571428571428573,20.0,200.0
2030-04-08 16:00:00,-0.0,11485.654761904763,-0.0,11257.083333333334,20.0,28.571428571428573,20.0,200.0
2030-04-08 17:00:00,-0.0,11485.654761904763,-0.0,11257.083333333334,20.0,28.571428571428573,20.0,200.0
2030-04-08 18:00:00,-0.0,11485.654761904763,-0.0,11257.083333333334,20.0,28.571428571428573,20.0,200.0
2030-04-08 19:00:00,-0.0,11485.654761904763,-0.0,11257.083333333334,20.0,28.571428571428573,20.0,200.0
2030-04-08 20:00:00,-0.0,11485.654761904763,-0.0,11257.083333333334,20.0,28.571428571428573,20.0,200.0
2030-04-08 21:00:00,-0.0,11485.654761904763,-0.0,11257.083333333334,20.0,28.571428571428573,20.0,200.0
2030-04-08 22:00:00,-0.0,11488.962597339922,-0.0,11257.083333333334,20.0,31.879264006586762,22.315484804610733,200.0
2030-04-08 23:00:00,-0.0,11490.740558886364,-0.0,11257.083333333334,20.0,33.657225553029114,23.56005788712038,200.0
2030-04-09 00:00:00,-0.0,11490.740558886364,-0.0,11257.083333333334,20.0,33.657225553029114,23.56005788712038,200.0
2030-04-09 01:00:00,1011.7441421885586,10478.996416697806,-0.0,11257.083333333334,20.0,33.657225553029114,23.56005788712038,200.0
2030-04-09 02:00:00,-0.0,11490.740558886364,-0.0,11257.083333333334,20.0,33.657225553029114,23.56005788712038,200.0
2030-04-09 03:00:00,-0.0,11490.740558886364,-0.0,11257.083333333334,20.0,33.657225553029114,23.56005788712038,200.0
2030-04-09 04:00:00,-0.0,11490.740558886364,-0.0,11257.083333333334,20.0,33.657225553029114,23.56005788712038,200.0
2030-04-09 05:00:00,11490.740558886364,-0.0,-0.0,11257.083333333334,20.0,33.657225553029114,23.56005788712038,200.0
2030-04-09 06:00:00,11490.740558886364,-0.0,-0.0,11257.083333333334,20.0,33.657225553029114,23.56005788712038,200.0
2030-04-09 07:00:00,11490.740558886364,-0.0,-0.0,11257.083333333334,20.0,33.657225553029114,23.56005788712038,200.0
2030-04-09 08:00:00,11490.740558886364,-0.0,-0.0,11257.083333333334,20.0,33.657225553029114,23.56005788712038,200.0
2030-04-09 09:00:00,11490.740558886364,-0.0,-0.0,11257.083333333334,20.0,33.657225553029114,23.56005788712038,200.0
2030-04-09 10:00:00,11490.740558886364,-0.0,-0.0,11257.083333333334,20.0,33.657225553029114,23.56005788712038,200.0
2030-04-09 11:00:00,11490.740558886364,-0.0,-0.0,11257.083333333334,20.0,33.657225553029114,23.56005788712038,200.0
2030-04-09 12:00:00,-0.0,11490.740558886364,-0.0,11257.083333333334,20.0,33.657225553029114,23.56005788712038,200.0
2030-04-09 13:00:00,-0.0,11490.740558886364,-0.0,11257.083333333334,20.0,33.657225553029114,23.56005788712038,200.0
2030-04-09 14:00:00,-0.0,11490.740558886364,-0.0,11257.083333333334,20.0,33.657225553029114,23.56005788712038,200.0
2030-04-09 15:00:00,-0.0,11490.740558886364,-0.0,11257.083333333334,20.0,33.657225553029114,23.56005788712038,200.0
2030-04-09 16:00:00,-0.0,11490.740558886364,-0.0,11257.083333333334,20.0,33.657225553029114,23.56005788712038,200.0
2030-04-09 17:00:00,-0.0,3677.6203170085287,7579.463016324806,11257.083333333334,20.0,-0.0,-0.0,0.0
2030-04-09 18:00:00,-0.0,3677.6203170085287,7579.463016324806,11257.083333333334,20.0,-0.0,-0.0,0.0
2030-04-09 19:00:00,-0.0,11490.740558886364,-0.0,11257.083333333334,20.0,33.657225553029114,23.56005788712038,200.0
2030-04-09 20:00:00,-0.0,11490.740558886364,-0.0,11257.083333333334,20.0,33.657225553029114,23.56005788712038,200.0
2030-04-09 21:00:00,-0.0,11490.740558886364,-0.0,11257.083333333334,20.0,33.657225553029114,23.56005788712038,200.0
2030-04-09 22:00:00,-0.0,11490.740558886364,-0.0,11257.083333333334,20.0,33.657225553029114,23.56005788712038,200.0
2030-04-09 23:00:00,-0.0,11490.740558886364,-0.0,11257.083333333334,20.0,33.657225553029114,23.56005788712038,200.0
2030-04-10 00:00:00,-0.0,11490.740558886364,-0.0,11257.083333333334,20.0,33.657225553029114,23.56005788712038,200.0
2030-04-10 01:00:00,-0.0,11490.740558886364,-0.0,11257.083333333334,20.0,33.657225553029114,23.56005788712038,200.0
2030-04-10 02:00:00,4781.088967916744,6709.65159096962,-0.0,11257.083333333334,20.0,33.657225553029114,23.56005788712038,200.0
2030-04-10 03:00:00,9159.76788133506,2330.9726775513045,-0.0,11257.083333333334,20.0,33.657225553029114,23.56005788712038,200.0
2030-04-10 04:00:00,11490.740558886364,-0.0,-0.0,11257.083333333334,20.0,33.657225553029114,23.56005788712038,200.0
2030-04-10 05:00:00,11490.740558886364,-0.0,-0.0,11257.083333333334,20.0,33.657225553029114,23.56005788712038,200.0
2030-04-10 06:00:00,11490.740558886364,-0.0,-0.0,11257.083333333334,20.0,33.657225553029114,23.56005788712038,200.0
2030-04-10 07:00:00,11490.740558886364,-0.0,-0.0,11257.083333333334,20.0,33.657225553029114,23.56005788712038,200.0
2030-04-10 08:00:00,11490.740558886364,-0.0,-0.0,11257.083333333334,20.0,33.657225553029114,23.56005788712038,200.0
2030-04-10 09:00:00,-0.0,11490.740558886364,-0.0,11257.083333333334,20.0,33.657225553029114,23.56005788712038,200.0
2030-04-10 10:00:00,11490.740558886364,-0.0,-0.0,11257.083333333334,20.0,33.657225553029114,23.56005788712038,200.0
2030-04-10 11:00:00,11490.740558886364,-0.0,-0.0,11257.083333333334,20.0,33.657225553029114,23.56005788712038,200.0
2030-04-10 12:00:00,-0.0,11490.740558886364,-0.0,11257.083333333334,20.0,33.657225553029114,23.56005788712038,200.0
2030-04-10 13:00:00,-0.0,11490.740558886364,-0.0,11257.083333333334,20.0,33.657225553029114,23.56005788712038,200.0
2030-04-10 14:00:00,-0.0,11490.740558886364,-0.0,11257.083333333334,20.0,33.657225553029114,23.56005788712038,200.0
2030-04-10 15:00:00,-0.0,11490.740558886364,-0.0,11257.083333333334,20.0,33.657225553029114,23.56005788712038,200.0
2030-04-10 16:00:00,-0.0,11490.740558886364,-0.0,11257.083333333334,20.0,33.657225553029114,23.56005788712038,200.0
2030-04-10 17:00:00,-0.0,11490.740558886364,-0.0,11257.083333333334,20.0,33.657225553029114,23.56005788712038,200.0
2030-04-10 18:00:00,-0.0,11490.740558886364,-0.0,11257.083333333334,20.0,33.657225553029114,23.56005788712038,200.0
2030-04-10 19:00:00,-0.0,11490.740558886364,-0.0,11257.083333333334,20.0,33.657225553029114,23.56005788712038,200.0
2030-04-10 20:00:00,-0.0,11490.740558886364,-0.0,11257.083333333334,20.0,33.657225553029114,23.56005788712038,200.0
2030-04-10 21:00:00,-0.0,11490.740558886364,-0.0,11257.083333333334,20.0,33.657225553029114,23.56005788712038,200.0
2030-04-10 22:00:00,-0.0,11490.740558886364,-0.0,11257.083333333334,20.0,33.657225553029114,23.56005788712038,200.0
2030-04-10 23:00:00,-0.0,11490.740558886364,-0.0,11257.083333333334,20.0,33.657225553029114,23.56005788712038,200.0
2030-04-11 00:00:00,-0.0,11490.740558886364,-0.0,11257.083333333334,20.0,33.657225553029114,23.56005788712038,200.0
2030-04-11 01:00:00,3612.3321171254393,7878.408441760925,-0.0,11257.083333333334,20.0,33.657225553029114,23.56005788712038,200.0
2030-04-11 02:00:00,11490.740558886364,-0.0,-0.0,11257.083333333334,20.0,33.657225553029114,23.56005788712038,200.0
2030-04-11 03:00:00,11490.740558886364,-0.0,-0.0,11257.083333333334,20.0,33.657225553029114,23.56005788712038,200.0
2030-04-11 04:00:00,11490.740558886364,-0.0,-0.0,11257.083333333334,20.0,33.657225553029114,23.56005788712038,200.0
2030-04-11 05:00:00,11490.740558886364,-0.0,-0.0,11257.083333333334,20.0,33.657225553029114,23.56005788712038,200.0
2030-04-11 06:00:00,11490.740558886364,-0.0,-0.0,11257.083333333334,20.0,33.657225553029114,23.56005788712038,200.0
2030-04-11 07:00:00,11490.740558886364,-0.0,-0.0,11257.083333333334,20.0,33.657225553029114,23.56005788712038,200.0
2030-04-11 08:00:00,11490.740558886364,-0.0,-0.0,11257.083333333334,20.0,33.657225553029114,23.56005788712038,200.0
2030-04-11 09:00:00,11490.740558886364,-0.0,-0.0,11257.083333333334,20.0,33.657225553029114,23.56005788712038,200.0
2030-04-11 10:00:00,11490.740558886364,-0.0,-0.0,11257.083333333334,20.0,33.657225553029114,23.56005788712038,200.0
2030-04-11 11:00:00,11490.740558886364,-0.0,-0.0,11257.083333333334,20.0,33.657225553029114,23.56005788712038,200.0
2030-04-11 12:00:00,11490.740558886364,-0.0,-0.0,11257.083333333334,20.0,33.657225553029114,23.56005788712038,200.0
2030-04-11 13:00:00,-0.0,11490.740558886364,-0.0,11257.083333333334,20.0,33.657225553029114,23.56005788712038,200.0
2030-04-11 14:00:00,-0.0,11490.740558886364,-0.0,11257.083333333334,20.0,33.657225553029114,23.56005788712038,200.0
2030-04-11 15:00:00,-0.0,11490.740558886364,-0.0,11257.083333333334,20.0,33.657225553029114,23.56005788712038,200.0
2030-04-11 16:00:00,-0.0,11490.740558886364,-0.0,11257.083333333334,20.0,33.657225553029114,23.56005788712038,200.0
2030-04-11 17:00:00,-0.0,11490.740558886364,-0.0,11257.083333333334,20.0,33.657225553029114,23.56005788712038,200.0
2030-04-11 18:00:00,-0.0,11490.740558886364,-0.0,11257.083333333334,20.0,33.657225553029114,23.56005788712038,200.0
2030-04-11 19:00:00,-0.0,11490.740558886364,-0.0,11257.083333333334,20.0,33.657225553029114,23.56005788712038,200.0
2030-04-11 20:00:00,-0.0,11490.740558886364,-0.0,11257.083333333334,20.0,33.657225553029114,23.56005788712038,200.0
2030-04-11 21:00:00,-0.0,7929.132739149419,3327.950594183915,11257.083333333334,20.0,-0.0,-0.0,0.0
2030-04-11 22:00:00,-0.0,-0.0,11257.083333333334,11257.083333333334,20.0,-0.0,-0.0,0.0
2030-04-11 23:00:00,-0.0,-0.0,11257.083333333334,11257.083333333334,20.0,-0.0,-0.0,0.0
2030-04-12 00:00:00,-0.0,-0.0,11257.083333333334,11257.083333333334,20.0,-0.0,-0.0,0.0
2030-04-12 01:00:00,3297.2668806576767,-0.0,7959.816452675657,11257.083333333334,20.0,-0.0,-0.0,0.0
2030-04-12 02:00:00,11490.740558886364,-0.0,-0.0,11257.083333333334,20.0,33.657225553029114,23.56005788712038,200.0
2030-04-12 03:00:00,11490.740558886364,-0.0,-0.0,11257.083333333334,20.0,33.657225553029114,23.56005788712038,200.0
2030-04-12 04:00:00,11490.740558886364,-0.0,-0.0,11257.083333333334,20.0,33.657225553029114,23.56005788712038,200.0
2030-04-12 05:00:00,11490.740558886364,-0.0,-0.0,11257.083333333334,20.0,33.657225553029114,23.56005788712038,200.0
2030-04-12 06:00:00,11490.740558886364,-0.0,-0.0,11257.083333333334,20.0,33.657225553029114,23.56005788712038,200.0
2030-04-12 07:00:00,11490.740558886364,-0.0,-0.0,11257.083333333334,20.0,33.657225553029114,23.56005788712038,200.0
2030-04-12 08:00:00,11490.740558886364,-0.0,-0.0,11257.083333333334,20.0,33.657225553029114,23.56005788712038,200.0
2030-04-12 09:00:00,11490.740558886364,-0.0,-0.0,11257.083333333334,20.0,33.657225553029114,23.56005788712038,200.0
2030-04-12 10:00:00,11490.740558886364,-0.0,-0.0,11257.083333333334,20.0,33.657225553029114,23.56005788712038,200.0
2030-04-12 11:00:00,11490.740558886364,-0.0,-0.0,11257.083333333334,20.0,33.657225553029114,23.56005788712038,200.0
2030-04-12 12:00:00,4219.586566291028,-0.0,7037.496767042306,11257.083333333334,20.0,-0.0,-0.0,0.0
2030-04-12 13:00:00,478.3168606441284,-0.0,10778.766472689205,11257.083333333334,20.0,-0.0,-0.0,0.0
2030-04-12 14:00:00,-0.0,-0.0,11257.083333333334,11257.083333333334,20.0,-0.0,-0.0,0.0
2030-04-12 15:00:00,-0.0,-0.0,11257.083333333334,11257.083333333334,20.0,-0.0,-0.0,0.0
2030-04-12 16:00:00,-0.0,-0.0,11257.083333333334,11257.083333333334,20.0,-0.0,-0.0,0.0
2030-04-12 17:00:00,-0.0,-0.0,11257.083333333334,11257.083333333334,20.0,-0.0,-0.0,0.0
2030-04-12 18:00:00,-0.0,7929.132739149419,3327.950594183915,11257.083333333334,20.0,-0.0,-0.0,0.0
2030-04-12 19:00:00,-0.0,11485.654761904763,-0.0,11257.083333333334,20.0,28.571428571428573,20.0,200.0
2030-04-12 20:00:00,-0.0,11485.654761904763,-0.0,11257.083333333334,20.0,28.571428571428573,20.0,200.0
2030-04-12 21:00:00,-0.0,11485.654761904763,-0.0,11257.083333333334,20.0,28.571428571428573,20.0,200.0
2030-04-12 22:00:00,-0.0,11485.654761904763,-0.0,11257.083333333334,20.0,28.571428571428573,20.0,200.0
2030-04-12 23:00:00,-0.0,11485.654761904763,-0.0,11257.083333333334,20.0,28.571428571428573,20.0,200.0
2030-04-13 00:00:00,-0.0,11485.654761904763,-0.0,11257.083333333334,20.0,28.571428571428573,20.0,200.0
2030-04-13 01:00:00,2697.2911663279765,8788.363595576788,-0.0,11257.083333333334,20.0,28.571428571428573,20.0,200.0
2030-04-13 02:00:00,9803.416004680093,1682.2387572246691,-0.0,11257.083333333334,20.0,28.571428571428573,20.0,200.0
2030-04-13 03:00:00,-0.0,11485.654761904763,-0.0,11257.083333333334,20.0,28.571428571428573,20.0,200.0
2030-04-13 04:00:00,-0.0,11485.654761904763,-0.0,11257.083333333334,20.0,28.571428571428573,20.0,200.0
2030-04-13 05:00:00,6043.429552312335,5442.225209592428,-0.0,11257.083333333334,20.0,28.571428571428573,20.0,200.0
2030-04-13 06:00:00,11485.654761904763,-0.0,-0.0,11257.083333333334,20.0,28.571428571428573,20.0,200.0
2030-04-13 07:00:00,-0.0,11485.654761904763,-0.0,11257.083333333334,20.0,28.571428571428573,20.0,200.0
2030-04-13 08:00:00,11485.654761904763,-0.0,-0.0,11257.083333333334,20.0,28.571428571428573,20.0,200.0
2030-04-13 09:00:00,10405.471357534321,1080.1834043704414,-0.0,11257.083333333334,20.0,28.571428571428573,20.0,200.0
2030-04-13 10:00:00,-0.0,11485.654761904763,-0.0,11257.083333333334,20.0,28.571428571428573,20.0,200.0
2030-04-13 11:00:00,-0.0,11485.654761904763,-0.0,11257.083333333334,20.0,28.571428571428573,20.0,200.0
2030-04-13 12:00:00,4926.663664634522,6558.99109727024,-0.0,11257.083333333334,20.0,28.571428571428573,20.0,200.0
2030-04-13 13:00:00,-0.0,11485.654761904763,-0.0,11257.083333333334,20.0,28.571428571428573,20.0,200.0
2030-04-13 14:00:00,-0.0,11485.654761904763,-0.0,11257.083333333334,20.0,28.571428571428573,20.0,200.0
2030-04-13 15:00:00,-0.0,11485.654761904763,-0.0,11257.083333333334,20.0,28.571428571428573,20.0,200.0
2030-04-13 16:00:00,-0.0,11485.654761904763,-0.0,11257.083333333334,20.0,28.571428571428573,20.0,200.0
2030-04-13 17:00:00,-0.0,11485.654761904763,-0.0,11257.083333333334,20.0,28.571428571428573,20.0,200.0
2030-04-13 18:00:00,-0.0,11485.654761904763,-0.0,11257.083333333334,20.0,28.571428571428573,20.0,200.0
2030-04-13 19:00:00,-0.0,11485.654761904763,-0.0,11257.083333333334,20.0,28.571428571428573,20.0,200.0
2030-04-13 20:00:00,-0.0,11485.654761904763,-0.0,11257.083333333334,20.0,28.571428571428573,20.0,200.0
2030-04-13 21:00:00,-0.0,11485.654761904763,-0.0,11257.083333333334,20.0,28.571428571428573,20.0,200.0
2030-04-13 22:00:00,-0.0,11485.654761904763,-0.0,11257.083333333334,20.0,28.571428571428573,20.0,200.0
2030-04-13 23:00:00,-0.0,11485.654761904763,-0.0,11257.083333333334,20.0,28.571428571428573,20.0,200.0
2030-04-14 00:00:00,-0.0,11485.654761904763,-0.0,11257.083333333334,20.0,28.571428571428573,20.0,200.0
2030-04-14 01:00:00,-0.0,11485.654761904763,-0.0,11257.083333333334,20.0,28.571428571428573,20.0,200.0
2030-04-14 02:00:00,2017.2493688034876,9468.405393101275,-0.0,11257.083333333334,20.0,28.571428571428573,20.0,200.0
2030-04-14 03:00:00,-0.0,11485.654761904763,-0.0,11257.083333333334,20.0,28.571428571428573,20.0,200.0
2030-04-14 04:00:00,11485.654761904763,-0.0,-0.0,11257.083333333334,20.0,28.571428571428573,20.0,200.0
2030-04-14 05:00:00,11485.654761904763,-0.0,-0.0,11257.083333333334,20.0,28.571428571428573,20.0,200.0
2030-04-14 06:00:00,11485.654761904763,-0.0,-0.0,11257.083333333334,20.0,28.571428571428573,20.0,200.0
2030-04-14 07:00:00,-0.0,11485.654761904763,-0.0,11257.083333333334,20.0,28.571428571428573,20.0,200.0
2030-04-14 08:00:00,-0.0,11485.654761904763,-0.0,11257.083333333334,20.0,28.571428571428573,20.0,200.0
2030-04-14 09:00:00,11485.654761904763,-0.0,-0.0,11257.083333333334,20.0,28.571428571428573,20.0,200.0
2030-04-14 10:00:00,11478.564836196812,7.089925707950119,-0.0,11257.083333333334,20.0,28.571428571428573,20.0,200.0
2030-04-14 11:00:00,5097.194023646777,6388.460738257985,-0.0,11257.083333333334,20.0,28.571428571428573,20.0,200.0
2030-04-14 12:00:00,-0.0,11490.740558886364,-0.0,11257.083333333334,20.0,33.657225553029114,23.56005788712038,200.0
2030-04-14 13:00:00,-0.0,11480.568964923163,-0.0,11257.083333333334,20.0,23.48563158982803,16.43994211287962,200.0
2030-04-14 14:00:00,-0.0,11485.654761904763,-0.0,11257.083333333334,20.0,28.571428571428573,20.0,200.0
2030-04-14 15:00:00,-0.0,11485.654761904763,-0.0,11257.083333333334,20.0,28.571428571428573,20.0,200.0
2030-04-14 16:00:00,-0.0,11485.654761904763,-0.0,11257.083333333334,20.0,28.571428571428573,20.0,200.0
2030-04-14 17:00:00,-0.0,11485.654761904763,-0.0,11257.083333333334,20.0,28.571428571428573,20.0,200.0
2030-04-14 18:00:00,-0.0,11485.654761904763,-0.0,11257.083333333334,20.0,28.571428571428573,20.0,200.0
2030-04-14 19:00:00,-0.0,11485.654761904763,-0.0,11257.083333333334,20.0,28.571428571428573,20.0,200.0
2030-04-14 20:00:00,-0.0,11485.654761904763,-0.0,11257.083333333334,20.0,28.571428571428573,20.0,200.0
2030-04-14 21:00:00,-0.0,11485.654761904763,-0.0,11257.083333333334,20.0,28.571428571428573,20.0,200.0
2030-04-14 22:00:00,-0.0,11485.654761904763,-0.0,11257.083333333334,20.0,28.571428571428573,20.0,200.0
2030-04-14 23:00:00,-0.0,11485.654761904763,-0.0,11257.083333333334,20.0,28.571428571428573,20.0,200.0
2030-04-15 00:00:00,-0.0,11485.654761904763,-0.0,11257.083333333334,20.0,28.571428571428573,20.0,200.0
2030-04-15 01:00:00,-0.0,11485.654761904763,-0.0,11257.083333333334,20.0,28.571428571428573,20.0,200.0
2030-04-15 02:00:00,11485.654761904763,-0.0,-0.0,11257.083333333334,20.0,28.571428571428573,20.0,200.0
2030-04-15 03:00:00,11485.654761904763,-0.0,-0.0,11257.083333333334,20.0,28.571428571428573,20.0,200.0
2030-04-15 04:00:00,11485.654761904763,-0.0,-0.0,11257.083333333334,20.0,28.571428571428573,20.0,200.0
2030-04-15 05:00:00,11485.654761904763,-0.0,-0.0,11257.083333333334,20.0,28.571428571428573,20.0,200.0
2030-04-15 06:00:00,11485.654761904763,-0.0,-0.0,11257.083333333334,20.0,28.571428571428573,20.0,200.0
2030-04-15 07:00:00,11485.654761904763,-0.0,-0.0,11257.083333333334,20.0,28.571428571428573,20.0,200.0
2030-04-15 08:00:00,11485.654761904763,-0.0,-0.0,11257.083333333334,20.0,28.571428571428573,20.0,200.0
2030-04-15 09:00:00,11485.654761904763,-0.0,-0.0,11257.083333333334,20.0,28.571428571428573,20.0,200.0
2030-04-15 10:00:00,11485.654761904763,-0.0,-0.0,11257.083333333334,20.0,28.571428571428573,20.0,200.0
2030-04-15 11:00:00,11485.654761904763,-0.0,-0.0,11257.083333333334,20.0,28.571428571428573,20.0,200.0
2030-04-15 12:00:00,7199.708571956402,4285.94618994836,-0.0,11257.083333333334,20.0,28.571428571428573,20.0,200.0
2030-04-15 13:00:00,-0.0,11485.654761904763,-0.0,11257.083333333334,20.0,28.571428571428573,20.0,200.0
2030-04-15 14:00:00,-0.0,11485.654761904763,-0.0,11257.083333333334,20.0,28.571428571428573,20.0,200.0
2030-04-15 15:00:00,-0.0,11490.740558886364,-0.0,11257.083333333334,20.0,33.657225553029114,23.56005788712038,200.0
2030-04-15 16:00:00,-0.0,11480.568964923163,-0.0,11257.083333333334,20.0,23.48563158982803,16.43994211287962,200.0
2030-04-15 17:00:00,-0.0,11485.654761904763,-0.0,11257.083333333334,20.0,28.571428571428573,20.0,200.0
2030-04-15 18:00:00,-0.0,11485.654761904763,-0.0,11257.083333333334,20.0,28.571428571428573,20.0,200.0
2030-04-15 19:00:00,-0.0,11485.654761904763,-0.0,11257.083333333334,20.0,28.571428571428573,20.0,200.0
2030-04-15 20:00:00,-0.0,11485.654761904763,-0.0,11257.083333333334,20.0,28.571428571428573,20.0,200.0
2030-04-15 21:00:00,-0.0,11485.654761904763,-0.0,11257.083333333334,20.0,28.571428571428573,20.0,200.0
2030-04-15 22:00:00,-0.0,11485.654761904763,-0.0,11257.083333333334,20.0,28.571428571428573,20.0,200.0
2030-04-15 23:00:00,-0.0,11485.654761904763,-0.0,11257.083333333334,20.0,28.571428571428573,20.0,200.0
2030-04-16 00:00:00,-0.0,11485.654761904763,-0.0,11257.083333333334,20.0,28.571428571428573,20.0,200.0
2030-04-16 01:00:00,-0.0,11485.654761904763,-0.0,11257.083333333334,20.0,28.571428571428573,20.0,200.0
2030-04-16 02:00:00,-0.0,11485.654761904763,-0.0,11257.083333333334,20.0,28.571428571428573,20.0,200.0
2030-04-16 03:00:00,10373.236960403967,1112.4178015007958,-0.0,11257.083333333334,20.0,28.571428571428573,20.0,200.0
2030-04-16 04:00:00,-0.0,11485.654761904763,-0.0,11257.083333333334,20.0,28.571428571428573,20.0,200.0
2030-04-16 05:00:00,11485.654761904763,-0.0,-0.0,11257.083333333334,20.0,28.571428571428573,20.0,200.0
2030-04-16 06:00:00,11485.654761904763,-0.0,-0.0,11257.083333333334,20.0,28.571428571428573,20.0,200.0
2030-04-16 07:00:00,11485.654761904763,-0.0,-0.0,11257.083333333334,20.0,28.571428571428573,20.0,200.0
2030-04-16 08:00:00,-0.0,11485.654761904763,-0.0,11257.083333333334,20.0,28.571428571428573,20.0,200.0
2030-04-16 09:00:00,11485.654761904763,-0.0,-0.0,11257.083333333334,20.0,28.571428571428573,20.0,200.0
2030-04-16 10:00:00,11485.654761904763,-0.0,-0.0,11257.083333333334,20.0,28.571428571428573,20.0,200.0
2030-04-16 11:00:00,-0.0,11485.654761904763,-0.0,11257.083333333334,20.0,28.571428571428573,20.0,200.0
2030-04-16 12:00:00,-0.0,11485.654761904763,-0.0,11257.083333333334,20.0,28.571428571428573,20.0,200.0
2030-04-16 13:00:00,-0.0,11485.654761904763,-0.0,11257.083333333334,20.0,28.571428571428573,20.0,200.0
2030-04-16 14:00:00,-0.0,11485.654761904763,-0.0,11257.083333333334,20.0,28.571428571428573,20.0,200.0
2030-04-16 15:00:00,-0.0,11485.654761904763,-0.0,11257.083333333334,20.0,28.571428571428573,20.0,200.0
2030-04-16 16:00:00,-0.0,11485.654761904763,-0.0,11257.083333333334,20.0,28.571428571428573,20.0,200.0
2030-04-16 17:00:00,-0.0,11485.654761904763,-0.0,11257.083333333334,20.0,28.571428571428573,20.0,200.0
2030-04-16 18:00:00,-0.0,11486.274981048822,-0.0,11257.083333333334,20.0,29.191647715488948,20.434153400842263,200.0
2030-04-16 19:00:00,-0.0,11490.740558886364,-0.0,11257.083333333334,20.0,33.657225553029114,23.56005788712038,200.0
2030-04-16 20:00:00,-0.0,11490.740558886364,-0.0,11257.083333333334,20.0,33.657225553029114,23.56005788712038,200.0
2030-04-16 21:00:00,-0.0,11490.740558886364,-0.0,11257.083333333334,20.0,33.657225553029114,23.56005788712038,200.0
2030-04-16 22:00:00,-0.0,11490.740558886364,-0.0,11257.083333333334,20.0,33.657225553029114,23.56005788712038,200.0
2030-04-16 23:00:00,-0.0,11490.740558886364,-0.0,11257.083333333334,20.0,33.657225553029114,23.56005788712038,200.0
2030-04-17 00:00:00,-0.0,11490.740558886364,-0.0,11257.083333333334,20.0,33.657225553029114,23.56005788712038,200.0
2030-04-17 01:00:00,-0.0,11490.740558886364,-0.0,11257.083333333334,20.0,33.657225553029114,23.56005788712038,200.0
2030-04-17 02:00:00,-0.0,11490.740558886364,-0.0,11257.083333333334,20.0,33.657225553029114,23.56005788712038,200.0
2030-04-17 03:00:00,11490.740558886364,-0.0,-0.0,11257.083333333334,20.0,33.657225553029114,23.56005788712038,200.0
2030-04-17 04:00:00,11490.740558886364,-0.0,-0.0,11257.083333333334,20.0,33.657225553029114,23.56005788712038,200.0
2030-04-17 05:00:00,11490.740558886364,-0.0,-0.0,11257.083333333334,20.0,33.657225553029114,23.56005788712038,200.0
2030-04-17 06:00:00,11490.740558886364,-0.0,-0.0,11257.083333333334,20.0,33.657225553029114,23.56005788712038,200.0
2030-04-17 07:00:00,11490.740558886364,-0.0,-0.0,11257.083333333334,20.0,33.657225553029114,23.56005788712038,200.0
2030-04-17 08:00:00,11490.740558886364,-0.0,-0.0,11257.083333333334,20.0,33.657225553029114,23.56005788712038,200.0
2030-04-17 09:00:00,11490.740558886364,-0.0,-0.0,11257.083333333334,20.0,33.657225553029114,23.56005788712038,200.0
2030-04-17 10:00:00,11490.740558886364,-0.0,-0.0,11257.083333333334,20.0,33.657225553029114,23.56005788712038,200.0
2030-04-17 11:00:00,11490.740558886364,-0.0,-0.0,11257.083333333334,20.0,33.657225553029114,23.56005788712038,200.0
2030-04-17 12:00:00,11490.740558886364,-0.0,-0.0,11257.083333333334,20.0,33.657225553029114,23.56005788712038,200.0
2030-04-17 13:00:00,-0.0,11490.740558886364,-0.0,11257.083333333334,20.0,33.657225553029114,23.56005788712038,200.0
2030-04-17 14:00:00,-0.0,11490.740558886364,-0.0,11257.083333333334,20.0,33.657225553029114,23.56005788712038,200.0
2030-04-17 15:00:00,-0.0,11490.740558886364,-0.0,11257.083333333334,20.0,33.657225553029114,23.56005788712038,200.0
2030-04-17 16:00:00,-0.0,11490.740558886364,-0.0,11257.083333333334,20.0,33.657225553029114,23.56005788712038,200.0
2030-04-17 17:00:00,-0.0,11490.740558886364,-0.0,11257.083333333334,20.0,33.657225553029114,23.56005788712038,200.0
2030-04-17 18:00:00,-0.0,11490.740558886364,-0.0,11257.083333333334,20.0,33.657225553029114,23.56005788712038,200.0
2030-04-17 19:00:00,-0.0,11490.740558886364,-0.0,11257.083333333334,20.0,33.657225553029114,23.56005788712038,200.0
2030-04-17 20:00:00,-0.0,11490.740558886364,-0.0,11257.083333333334,20.0,33.657225553029114,23.56005788712038,200.0
2030-04-17 21:00:00,-0.0,11490.740558886364,-0.0,11257.083333333334,20.0,33.657225553029114,23.56005788712038,200.0
2030-04-17 22:00:00,-0.0,11490.740558886364,-0.0,11257.083333333334,20.0,33.657225553029114,23.56005788712038,200.0
2030-04-17 23:00:00,-0.0,11490.740558886364,-0.0,11257.083333333334,20.0,33.657225553029114,23.56005788712038,200.0
2030-04-18 00:00:00,-0.0,11490.740558886364,-0.0,11257.083333333334,20.0,33.657225553029114,23.56005788712038,200.0
2030-04-18 01:00:00,4632.3948134121565,6858.345745474207,-0.0,11257.083333333334,20.0,33.657225553029114,23.56005788712038,200.0
2030-04-18 02:00:00,11490.740558886364,-0.0,-0.0,11257.083333333334,20.0,33.657225553029114,23.56005788712038,200.0
2030-04-18 03:00:00,11490.740558886364,-0.0,-0.0,11257.083333333334,20.0,33.657225553029114,23.56005788712038,200.0
2030-04-18 04:00:00,11490.740558886364,-0.0,-0.0,11257.083333333334,20.0,33.657225553029114,23.56005788712038,200.0
2030-04-18 05:00:00,11490.740558886364,-0.0,-0.0,11257.083333333334,20.0,33.657225553029114,23.56005788712038,200.0
2030-04-18 06:00:00,11490.740558886364,-0.0,-0.0,11257.083333333334,20.0,33.657225553029114,23.56005788712038,200.0
2030-04-18 07:00:00,11490.740558886364,-0.0,-0.0,11257.083333333334,20.0,33.657225553029114,23.56005788712038,200.0
2030-04-18 08:00:00,11490.740558886364,-0.0,-0.0,11257.083333333334,20.0,33.657225553029114,23.56005788712038,200.0
2030-04-18 09:00:00,11490.740558886364,-0.0,-0.0,11257.083333333334,20.0,33.657225553029114,23.56005788712038,200.0
2030-04-18 10:00:00,11490.740558886364,-0.0,-0.0,11257.083333333334,20.0,33.657225553029114,23.56005788712038,200.0
2030-04-18 11:00:00,11490.740558886364,-0.0,-0.0,11257.083333333334,20.0,33.657225553029114,23.56005788712038,200.0
2030-04-18 12:00:00,-0.0,11490.740558886364,-0.0,11257.083333333334,20.0,33.657225553029114,23.56005788712038,200.0
2030-04-18 13:00:00,-0.0,11490.740558886364,-0.0,11257.083333333334,20.0,33.657225553029114,23.56005788712038,200.0
2030-04-18 14:00:00,-0.0,11490.740558886364,-0.0,11257.083333333334,20.0,33.657225553029114,23.56005788712038,200.0
2030-04-18 15:00:00,-0.0,11490.740558886364,-0.0,11257.083333333334,20.0,33.657225553029114,23.56005788712038,200.0
2030-04-18 16:00:00,-0.0,11490.740558886364,-0.0,11257.083333333334,20.0,33.657225553029114,23.56005788712038,200.0
2030-04-18 17:00:00,-0.0,11490.740558886364,-0.0,11257.083333333334,20.0,33.657225553029114,23.56005788712038,200.0
2030-04-18 18:00:00,-0.0,11490.740558886364,-0.0,11257.083333333334,20.0,33.657225553029114,23.56005788712038,200.0
2030-04-18 19:00:00,-0.0,11490.740558886364,-0.0,11257.083333333334,20.0,33.657225553029114,23.56005788712038,200.0
2030-04-18 20:00:00,-0.0,11490.740558886364,-0.0,11257.083333333334,20.0,33.657225553029114,23.56005788712038,200.0
2030-04-18 21:00:00,-0.0,11490.740558886364,-0.0,11257.083333333334,20.0,33.657225553029114,23.56005788712038,200.0
2030-04-18 22:00:00,-0.0,11490.740558886364,-0.0,11257.083333333334,20.0,33.657225553029114,23.56005788712038,200.0
2030-04-18 23:00:00,-0.0,11490.740558886364,-0.0,11257.083333333334,20.0,33.657225553029114,23.56005788712038,200.0
2030-04-19 00:00:00,-0.0,11490.740558886364,-0.0,11257.083333333334,20.0,33.657225553029114,23.56005788712038,200.0
2030-04-19 01:00:00,-0.0,11490.740558886364,-0.0,11257.083333333334,20.0,33.657225553029114,23.56005788712038,200.0
2030-04-19 02:00:00,11490.740558886364,-0.0,-0.0,11257.083333333334,20.0,33.657225553029114,23.56005788712038,200.0
2030-04-19 03:00:00,11490.740558886364,-0.0,-0.0,11257.083333333334,20.0,33.657225553029114,23.56005788712038,200.0
2030-04-19 04:00:00,11490.740558886364,-0.0,-0.0,11257.083333333334,20.0,33.657225553029114,23.56005788712038,200.0
2030-04-19 05:00:00,11490.740558886364,-0.0,-0.0,11257.083333333334,20.0,33.657225553029114,23.56005788712038,200.0
2030-04-19 06:00:00,11490.740558886364,-0.0,-0.0,11257.083333333334,20.0,33.657225553029114,23.56005788712038,200.0
2030-04-19 07:00:00,11490.740558886364,-0.0,-0.0,11257.083333333334,20.0,33.657225553029114,23.56005788712038,200.0
2030-04-19 08:00:00,11490.740558886364,-0.0,-0.0,11257.083333333334,20.0,33.657225553029114,23.56005788712038,200.0
2030-04-19 09:00:00,11490.740558886364,-0.0,-0.0,11257.083333333334,20.0,33.657225553029114,23.56005788712038,200.0
2030-04-19 10:00:00,11490.740558886364,-0.0,-0.0,11257.083333333334,20.0,33.657225553029114,23.56005788712038,200.0
2030-04-19 11:00:00,11490.740558886364,-0.0,-0.0,11257.083333333334,20.0,33.657225553029114,23.56005788712038,200.0
2030-04-19 12:00:00,11490.740558886364,-0.0,-0.0,11257.083333333334,20.0,33.657225553029114,23.56005788712038,200.0
2030-04-19 13:00:00,799.6210126855103,7929.132739149419,2528.329581498405,11257.083333333334,20.0,-0.0,-0.0,0.0
2030-04-19 14:00:00,-0.0,-0.0,11257.083333333334,11257.083333333334,20.0,-0.0,-0.0,0.0
2030-04-19 15:00:00,-0.0,-0.0,11257.083333333334,11257.083333333334,20.0,-0.0,-0.0,0.0
2030-04-19 16:00:00,-0.0,-0.0,11257.083333333334,11257.083333333334,20.0,-0.0,-0.0,0.0
2030-04-19 17:00:00,-0.0,5094.791124388843,6162.292208944491,11257.083333333334,20.0,-0.0,-0.0,0.0
2030-04-19 18:00:00,-0.0,11490.740558886364,-0.0,11257.083333333334,20.0,33.657225553029114,23.56005788712038,200.0
2030-04-19 19:00:00,-0.0,11490.740558886364,-0.0,11257.083333333334,20.0,33.657225553029114,23.56005788712038,200.0
2030-04-19 20:00:00,-0.0,11490.740558886364,-0.0,11257.083333333334,20.0,33.657225553029114,23.56005788712038,200.0
2030-04-19 21:00:00,-0.0,10763.474353910022,493.6089794233121,11257.083333333334,20.0,-0.0,-0.0,0.0
2030-04-19 22:00:00,-0.0,7929.132739149419,3327.950594183915,11257.083333333334,20.0,-0.0,-0.0,0.0
2030-04-19 23:00:00,-0.0,9346.303546529733,1910.7797868036014,11257.083333333334,20.0,-0.0,-0.0,0.0
2030-04-20 00:00:00,-0.0,11490.740558886364,-0.0,11257.083333333334,20.0,33.657225553029114,23.56005788712038,200.0
2030-04-20 01:00:00,4986.973181846173,6503.767377040191,-0.0,11257.083333333334,20.0,33.657225553029114,23.56005788712038,200.0
2030-04-20 02:00:00,11490.740558886364,-0.0,-0.0,11257.083333333334,20.0,33.657225553029114,23.56005788712038,200.0
2030-04-20 03:00:00,11490.740558886364,-0.0,-0.0,11257.083333333334,20.0,33.657225553029114,23.56005788712038,200.0
2030-04-20 04:00:00,11490.740558886364,-0.0,-0.0,11257.083333333334,20.0,33.657225553029114,23.56005788712038,200.0
2030-04-20 05:00:00,11490.740558886364,-0.0,-0.0,11257.083333333334,20.0,33.657225553029114,23.56005788712038,200.0
2030-04-20 06:00:00,11490.740558886364,-0.0,-0.0,11257.083333333334,20.0,33.657225553029114,23.56005788712038,200.0
2030-04-20 07:00:00,11490.740558886364,-0.0,-0.0,11257.083333333334,20.0,33.657225553029114,23.56005788712038,200.0
2030-04-20 08:00:00,11490.740558886364,-0.0,-0.0,11257.083333333334,20.0,33.657225553029114,23.56005788712038,200.0
2030-04-20 09:00:00,11490.740558886364,-0.0,-0.0,11257.083333333334,20.0,33.657225553029114,23.56005788712038,200.0
2030-04-20 10:00:00,11490.740558886364,-0.0,-0.0,11257.083333333334,20.0,33.657225553029114,23.56005788712038,200.0
2030-04-20 11:00:00,11490.740558886364,-0.0,-0.0,11257.083333333334,20.0,33.657225553029114,23.56005788712038,200.0
2030-04-20 12:00:00,11490.740558886364,-0.0,-0.0,11257.083333333334,20.0,33.657225553029114,23.56005788712038,200.0
2030-04-20 13:00:00,727.2662049763421,10763.474353910022,-0.0,11257.083333333334,20.0,33.657225553029114,23.56005788712038,200.0
2030-04-20 14:00:00,-0.0,11490.740558886364,-0.0,11257.083333333334,20.0,33.657225553029114,23.56005788712038,200.0
2030-04-20 15:00:00,-0.0,11490.740558886364,-0.0,11257.083333333334,20.0,33.657225553029114,23.56005788712038,200.0
2030-04-20 16:00:00,-0.0,11490.740558886364,-0.0,11257.083333333334,20.0,33.657225553029114,23.56005788712038,200.0
2030-04-20 17:00:00,-0.0,11490.740558886364,-0.0,11257.083333333334,20.0,33.657225553029114,23.56005788712038,200.0
2030-04-20 18:00:00,-0.0,-0.0,11257.083333333334,11257.083333333334,20.0,-0.0,-0.0,0.0
2030-04-20 19:00:00,-0.0,11490.740558886364,-0.0,11257.083333333334,20.0,33.657225553029114,23.56005788712038,200.0
2030-04-20 20:00:00,-0.0,-0.0,11257.083333333334,11257.083333333334,20.0,-0.0,-0.0,0.0
2030-04-20 21:00:00,-0.0,-0.0,11257.083333333334,11257.083333333334,20.0,-0.0,-0.0,0.0
2030-04-20 22:00:00,-0.0,-0.0,11257.083333333334,11257.083333333334,20.0,-0.0,-0.0,0.0
2030-04-20 23:00:00,-0.0,-0.0,11257.083333333334,11257.083333333334,20.0,-0.0,-0.0,0.0
2030-04-21 00:00:00,49.91132458894213,-0.0,11207.172008744392,11257.083333333334,20.0,-0.0,-0.0,0.0
2030-04-21 01:00:00,5002.5704707802215,-0.0,6254.512862553112,11257.083333333334,20.0,-0.0,-0.0,0.0
2030-04-21 02:00:00,11490.740558886364,-0.0,-0.0,11257.083333333334,20.0,33.657225553029114,23.56005788712038,200.0
2030-04-21 03:00:00,11490.740558886364,-0.0,-0.0,11257.083333333334,20.0,33.657225553029114,23.56005788712038,200.0
2030-04-21 04:00:00,11490.740558886364,-0.0,-0.0,11257.083333333334,20.0,33.657225553029114,23.56005788712038,200.0
2030-04-21 05:00:00,11490.740558886364,-0.0,-0.0,11257.083333333334,20.0,33.657225553029114,23.56005788712038,200.0
2030-04-21 06:00:00,11490.740558886364,-0.0,-0.0,11257.083333333334,20.0,33.657225553029114,23.56005788712038,200.0
2030-04-21 07:00:00,11490.740558886364,-0.0,-0.0,11257.083333333334,20.0,33.657225553029114,23.56005788712038,200.0
2030-04-21 08:00:00,11490.740558886364,-0.0,-0.0,11257.083333333334,20.0,33.657225553029114,23.56005788712038,200.0
2030-04-21 09:00:00,11490.740558886364,-0.0,-0.0,11257.083333333334,20.0,33.657225553029114,23.56005788712038,200.0
2030-04-21 10:00:00,11490.740558886364,-0.0,-0.0,11257.083333333334,20.0,33.657225553029114,23.56005788712038,200.0
2030-04-21 11:00:00,11490.740558886364,-0.0,-0.0,11257.083333333334,20.0,33.657225553029114,23.56005788712038,200.0
2030-04-21 12:00:00,11490.740558886364,-0.0,-0.0,11257.083333333334,20.0,33.657225553029114,23.56005788712038,200.0
2030-04-21 13:00:00,-0.0,11490.740558886364,-0.0,11257.083333333334,20.0,33.657225553029114,23.56005788712038,200.0
2030-04-21 14:00:00,-0.0,11490.740558886364,-0.0,11257.083333333334,20.0,33.657225553029114,23.56005788712038,200.0
2030-04-21 15:00:00,-0.0,7929.132739149419,3327.950594183915,11257.083333333334,20.0,-0.0,-0.0,0.0
2030-04-21 16:00:00,-0.0,-0.0,11257.083333333334,11257.083333333334,20.0,-0.0,-0.0,0.0
2030-04-21 17:00:00,-0.0,3677.6203170085287,7579.463016324806,11257.083333333334,20.0,-0.0,-0.0,0.0
2030-04-21 18:00:00,-0.0,11485.654761904763,-0.0,11257.083333333334,20.0,28.571428571428573,20.0,200.0
2030-04-21 19:00:00,-0.0,11485.654761904763,-0.0,11257.083333333334,20.0,28.571428571428573,20.0,200.0
2030-04-21 20:00:00,-0.0,11485.654761904763,-0.0,11257.083333333334,20.0,28.571428571428573,20.0,200.0
2030-04-21 21:00:00,-0.0,11485.654761904763,-0.0,11257.083333333334,20.0,28.571428571428573,20.0,200.0
2030-04-21 22:00:00,-0.0,11485.654761904763,-0.0,11257.083333333334,20.0,28.571428571428573,20.0,200.0
2030-04-21 23:00:00,-0.0,11485.654761904763,-0.0,11257.083333333334,20.0,28.571428571428573,20.0,200.0
2030-04-22 00:00:00,-0.0,11485.654761904763,-0.0,11257.083333333334,20.0,28.571428571428573,20.0,200.0
2030-04-22 01:00:00,5114.870951105364,6370.783810799398,-0.0,11257.083333333334,20.0,28.571428571428573,20.0,200.0
2030-04-22 02:00:00,11485.654761904763,-0.0,-0.0,11257.083333333334,20.0,28.571428571428573,20.0,200.0
2030-04-22 03:00:00,11485.654761904763,-0.0,-0.0,11257.083333333334,20.0,28.571428571428573,20.0,200.0
2030-04-22 04:00:00,11485.654761904763,-0.0,-0.0,11257.083333333334,20.0,28.571428571428573,20.0,200.0
2030-04-22 05:00:00,11485.654761904763,-0.0,-0.0,11257.083333333334,20.0,28.571428571428573,20.0,200.0
2030-04-22 06:00:00,11485.654761904763,-0.0,-0.0,11257.083333333334,20.0,28.571428571428573,20.0,200.0
2030-04-22 07:00:00,11485.654761904763,-0.0,-0.0,11257.083333333334,20.0,28.571428571428573,20.0,200.0
2030-04-22 08:00:00,11485.654761904763,-0.0,-0.0,11257.083333333334,20.0,28.571428571428573,20.0,200.0
2030-04-22 09:00:00,11485.654761904763,-0.0,-0.0,11257.083333333334,20.0,28.571428571428573,20.0,200.0
2030-04-22 10:00:00,11489.252032940516,-0.0,-0.0,11257.083333333334,20.0,32.16869960718211,22.518089725027476,200.0
2030-04-22 11:00:00,11490.740558886364,-0.0,-0.0,11257.083333333334,20.0,33.657225553029114,23.56005788712038,200.0
2030-04-22 12:00:00,11087.59279358334,403.14776530302333,-0.0,11257.083333333334,20.0,33.657225553029114,23.56005788712038,200.0
2030-04-22 13:00:00,-0.0,11490.740558886364,-0.0,11257.083333333334,20.0,33.657225553029114,23.56005788712038,200.0
2030-04-22 14:00:00,-0.0,11490.740558886364,-0.0,11257.083333333334,20.0,33.657225553029114,23.56005788712038,200.0
2030-04-22 15:00:00,-0.0,11490.740558886364,-0.0,11257.083333333334,20.0,33.657225553029114,23.56005788712038,200.0
2030-04-22 16:00:00,-0.0,11490.740558886364,-0.0,11257.083333333334,20.0,33.657225553029114,23.56005788712038,200.0
2030-04-22 17:00:00,-0.0,11490.740558886364,-0.0,11257.083333333334,20.0,33.657225553029114,23.56005788712038,200.0
2030-04-22 18:00:00,-0.0,11490.740558886364,-0.0,11257.083333333334,20.0,33.657225553029114,23.56005788712038,200.0
2030-04-22 19:00:00,-0.0,11490.740558886364,-0.0,11257.083333333334,20.0,33.657225553029114,23.56005788712038,200.0
2030-04-22 20:00:00,-0.0,11490.740558886364,-0.0,11257.083333333334,20.0,33.657225553029114,23.56005788712038,200.0
2030-04-22 21:00:00,-0.0,11490.740558886364,-0.0,11257.083333333334,20.0,33.657225553029114,23.56005788712038,200.0
2030-04-22 22:00:00,-0.0,11490.740558886364,-0.0,11257.083333333334,20.0,33.657225553029114,23.56005788712038,200.0
2030-04-22 23:00:00,-0.0,11490.740558886364,-0.0,11257.083333333334,20.0,33.657225553029114,23.56005788712038,200.0
2030-04-23 00:00:00,-0.0,11490.740558886364,-0.0,11257.083333333334,20.0,33.657225553029114,23.56005788712038,200.0
2030-04-23 01:00:00,5323.874622821603,6166.865936064761,-0.0,11257.083333333334,20.0,33.657225553029114,23.56005788712038,200.0
2030-04-23 02:00:00,11490.740558886364,-0.0,-0.0,11257.083333333334,20.0,33.657225553029114,23.56005788712038,200.0
2030-04-23 03:00:00,11490.740558886364,-0.0,-0.0,11257.083333333334,20.0,33.657225553029114,23.56005788712038,200.0
2030-04-23 04:00:00,11490.740558886364,-0.0,-0.0,11257.083333333334,20.0,33.657225553029114,23.56005788712038,200.0
2030-04-23 05:00:00,11490.740558886364,-0.0,-0.0,11257.083333333334,20.0,33.657225553029114,23.56005788712038,200.0
2030-04-23 06:00:00,11490.740558886364,-0.0,-0.0,11257.083333333334,20.0,33.657225553029114,23.56005788712038,200.0
2030-04-23 07:00:00,11490.740558886364,-0.0,-0.0,11257.083333333334,20.0,33.657225553029114,23.56005788712038,200.0
2030-04-23 08:00:00,11490.740558886364,-0.0,-0.0,11257.083333333334,20.0,33.657225553029114,23.56005788712038,200.0
2030-04-23 09:00:00,11490.740558886364,-0.0,-0.0,11257.083333333334,20.0,33.657225553029114,23.56005788712038,200.0
2030-04-23 10:00:00,11490.740558886364,-0.0,-0.0,11257.083333333334,20.0,33.657225553029114,23.56005788712038,200.0
2030-04-23 11:00:00,11490.740558886364,-0.0,-0.0,11257.083333333334,20.0,33.657225553029114,23.56005788712038,200.0
2030-04-23 12:00:00,-0.0,11490.740558886364,-0.0,11257.083333333334,20.0,33.657225553029114,23.56005788712038,200.0
2030-04-23 13:00:00,1074.1332979247493,10416.607260961615,-0.0,11257.083333333334,20.0,33.657225553029114,23.56005788712038,200.0
2030-04-23 14:00:00,-0.0,11490.740558886364,-0.0,11257.083333333334,20.0,33.657225553029114,23.56005788712038,200.0
2030-04-23 15:00:00,-0.0,11490.740558886364,-0.0,11257.083333333334,20.0,33.657225553029114,23.56005788712038,200.0
2030-04-23 16:00:00,-0.0,11490.740558886364,-0.0,11257.083333333334,20.0,33.657225553029114,23.56005788712038,200.0
2030-04-23 17:00:00,-0.0,11490.740558886364,-0.0,11257.083333333334,20.0,33.657225553029114,23.56005788712038,200.0
2030-04-23 18:00:00,-0.0,11490.740558886364,-0.0,11257.083333333334,20.0,33.657225553029114,23.56005788712038,200.0
2030-04-23 19:00:00,-0.0,3677.6203170085287,7579.463016324806,11257.083333333334,20.0,-0.0,-0.0,0.0
2030-04-23 20:00:00,-0.0,5094.791124388843,6162.292208944491,11257.083333333334,20.0,-0.0,-0.0,0.0
2030-04-23 21:00:00,-0.0,9346.303546529733,1910.7797868036014,11257.083333333334,20.0,-0.0,-0.0,0.0
2030-04-23 22:00:00,-0.0,9346.303546529733,1910.7797868036014,11257.083333333334,20.0,-0.0,-0.0,0.0
2030-04-23 23:00:00,-0.0,11490.740558886364,-0.0,11257.083333333334,20.0,33.657225553029114,23.56005788712038,200.0
2030-04-24 00:00:00,158.05252786501634,6511.96193176913,4587.068873699187,11257.083333333334,20.0,-0.0,-0.0,0.0
2030-04-24 01:00:00,5660.776063797022,3677.6203170085287,1918.6869525277834,11257.083333333334,20.0,-0.0,-0.0,0.0
2030-04-24 02:00:00,11485.654761904763,-0.0,-0.0,11257.083333333334,20.0,28.571428571428573,20.0,200.0
2030-04-24 03:00:00,11485.654761904763,-0.0,-0.0,11257.083333333334,20.0,28.571428571428573,20.0,200.0
2030-04-24 04:00:00,11485.654761904763,-0.0,-0.0,11257.083333333334,20.0,28.571428571428573,20.0,200.0
2030-04-24 05:00:00,11485.654761904763,-0.0,-0.0,11257.083333333334,20.0,28.571428571428573,20.0,200.0
2030-04-24 06:00:00,11485.654761904763,-0.0,-0.0,11257.083333333334,20.0,28.571428571428573,20.0,200.0
2030-04-24 07:00:00,11485.654761904763,-0.0,-0.0,11257.083333333334,20.0,28.571428571428573,20.0,200.0
2030-04-24 08:00:00,11485.654761904763,-0.0,-0.0,11257.083333333334,20.0,28.571428571428573,20.0,200.0
2030-04-24 09:00:00,11485.654761904763,-0.0,-0.0,11257.083333333334,20.0,28.571428571428573,20.0,200.0
2030-04-24 10:00:00,11485.654761904763,-0.0,-0.0,11257.083333333334,20.0,28.571428571428573,20.0,200.0
2030-04-24 11:00:00,11490.740558886364,-0.0,-0.0,11257.083333333334,20.0,33.657225553029114,23.56005788712038,200.0
2030-04-24 12:00:00,11490.740558886364,-0.0,-0.0,11257.083333333334,20.0,33.657225553029114,23.56005788712038,200.0
2030-04-24 13:00:00,1083.4916712851777,10391.991496656385,-0.0,11257.083333333334,20.0,18.39983460822749,12.879884225759243,200.0
2030-04-24 14:00:00,-0.0,11485.654761904763,-0.0,11257.083333333334,20.0,28.571428571428573,20.0,200.0
2030-04-24 15:00:00,-0.0,11485.654761904763,-0.0,11257.083333333334,20.0,28.571428571428573,20.0,200.0
2030-04-24 16:00:00,-0.0,11485.654761904763,-0.0,11257.083333333334,20.0,28.571428571428573,20.0,200.0
2030-04-24 17:00:00,-0.0,11485.654761904763,-0.0,11257.083333333334,20.0,28.571428571428573,20.0,200.0
2030-04-24 18:00:00,-0.0,11485.654761904763,-0.0,11257.083333333334,20.0,28.571428571428573,20.0,200.0
2030-04-24 19:00:00,-0.0,11489.99629591344,-0.0,11257.083333333334,20.0,32.912962580105614,23.03907380607393,200.0
2030-04-24 20:00:00,-0.0,11490.740558886364,-0.0,11257.083333333334,20.0,33.657225553029114,23.56005788712038,200.0
2030-04-24 21:00:00,-0.0,11490.740558886364,-0.0,11257.083333333334,20.0,33.657225553029114,23.56005788712038,200.0
2030-04-24 22:00:00,-0.0,11490.740558886364,-0.0,11257.083333333334,20.0,33.657225553029114,23.56005788712038,200.0
2030-04-24 23:00:00,-0.0,11490.740558886364,-0.0,11257.083333333334,20.0,33.657225553029114,23.56005788712038,200.0
2030-04-25 00:00:00,-0.0,11490.740558886364,-0.0,11257.083333333334,20.0,33.657225553029114,23.56005788712038,200.0
2030-04-25 01:00:00,6152.610574850669,5338.129984035695,-0.0,11257.083333333334,20.0,33.657225553029114,23.56005788712038,200.0
2030-04-25 02:00:00,11490.740558886364,-0.0,-0.0,11257.083333333334,20.0,33.657225553029114,23.56005788712038,200.0
2030-04-25 03:00:00,11490.740558886364,-0.0,-0.0,11257.083333333334,20.0,33.657225553029114,23.56005788712038,200.0
2030-04-25 04:00:00,11490.740558886364,-0.0,-0.0,11257.083333333334,20.0,33.657225553029114,23.56005788712038,200.0
2030-04-25 05:00:00,11490.740558886364,-0.0,-0.0,11257.083333333334,20.0,33.657225553029114,23.56005788712038,200.0
2030-04-25 06:00:00,11490.740558886364,-0.0,-0.0,11257.083333333334,20.0,33.657225553029114,23.56005788712038,200.0
2030-04-25 07:00:00,11490.740558886364,-0.0,-0.0,11257.083333333334,20.0,33.657225553029114,23.56005788712038,200.0
2030-04-25 08:00:00,11490.740558886364,-0.0,-0.0,11257.083333333334,20.0,33.657225553029114,23.56005788712038,200.0
2030-04-25 09:00:00,11490.740558886364,-0.0,-0.0,11257.083333333334,20.0,33.657225553029114,23.56005788712038,200.0
2030-04-25 10:00:00,11490.740558886364,-0.0,-0.0,11257.083333333334,20.0,33.657225553029114,23.56005788712038,200.0
2030-04-25 11:00:00,11490.740558886364,-0.0,-0.0,11257.083333333334,20.0,33.657225553029114,23.56005788712038,200.0
2030-04-25 12:00:00,11257.083333333334,-0.0,-0.0,11257.083333333334,20.0,-0.0,-0.0,0.0
2030-04-25 13:00:00,1474.4637138986393,-0.0,9782.619619434694,11257.083333333334,20.0,-0.0,-0.0,0.0
2030-04-25 14:00:00,-0.0,6511.96193176913,4745.121401564204,11257.083333333334,20.0,-0.0,-0.0,0.0
2030-04-25 15:00:00,-0.0,11485.654761904763,-0.0,11257.083333333334,20.0,28.571428571428573,20.0,200.0
2030-04-25 16:00:00,-0.0,11485.654761904763,-0.0,11257.083333333334,20.0,28.571428571428573,20.0,200.0
2030-04-25 17:00:00,-0.0,11485.654761904763,-0.0,11257.083333333334,20.0,28.571428571428573,20.0,200.0
2030-04-25 18:00:00,-0.0,11485.654761904763,-0.0,11257.083333333334,20.0,28.571428571428573,20.0,200.0
2030-04-25 19:00:00,-0.0,11485.654761904763,-0.0,11257.083333333334,20.0,28.571428571428573,20.0,200.0
2030-04-25 20:00:00,-0.0,11485.654761904763,-0.0,11257.083333333334,20.0,28.571428571428573,20.0,200.0
2030-04-25 21:00:00,-0.0,11485.654761904763,-0.0,11257.083333333334,20.0,28.571428571428573,20.0,200.0
2030-04-25 22:00:00,-0.0,11485.654761904763,-0.0,11257.083333333334,20.0,28.571428571428573,20.0,200.0
2030-04-25 23:00:00,-0.0,11490.740558886364,-0.0,11257.083333333334,20.0,33.657225553029114,23.56005788712038,200.0
2030-04-26 00:00:00,-0.0,11480.568964923163,-0.0,11257.083333333334,20.0,23.48563158982803,16.43994211287962,200.0
2030-04-26 01:00:00,-0.0,11485.654761904763,-0.0,11257.083333333334,20.0,28.571428571428573,20.0,200.0
2030-04-26 02:00:00,10009.300218609522,1476.3545432952408,-0.0,11257.083333333334,20.0,28.571428571428573,20.0,200.0
2030-04-26 03:00:00,11485.654761904763,-0.0,-0.0,11257.083333333334,20.0,28.571428571428573,20.0,200.0
2030-04-26 04:00:00,11485.654761904763,-0.0,-0.0,11257.083333333334,20.0,28.571428571428573,20.0,200.0
2030-04-26 05:00:00,11485.654761904763,-0.0,-0.0,11257.083333333334,20.0,28.571428571428573,20.0,200.0
2030-04-26 06:00:00,11485.654761904763,-0.0,-0.0,11257.083333333334,20.0,28.571428571428573,20.0,200.0
2030-04-26 07:00:00,11485.654761904763,-0.0,-0.0,11257.083333333334,20.0,28.571428571428573,20.0,200.0
2030-04-26 08:00:00,11485.654761904763,-0.0,-0.0,11257.083333333334,20.0,28.571428571428573,20.0,200.0
2030-04-26 09:00:00,11485.654761904763,-0.0,-0.0,11257.083333333334,20.0,28.571428571428573,20.0,200.0
2030-04-26 10:00:00,11485.654761904763,-0.0,-0.0,11257.083333333334,20.0,28.571428571428573,20.0,200.0
2030-04-26 11:00:00,11485.654761904763,-0.0,-0.0,11257.083333333334,20.0,28.571428571428573,20.0,200.0
2030-04-26 12:00:00,6872.165504341401,4613.489257563361,-0.0,11257.083333333334,20.0,28.571428571428573,20.0,200.0
2030-04-26 13:00:00,-0.0,11485.654761904763,-0.0,11257.083333333334,20.0,28.571428571428573,20.0,200.0
2030-04-26 14:00:00,-0.0,11485.654761904763,-0.0,11257.083333333334,20.0,28.571428571428573,20.0,200.0
2030-04-26 15:00:00,-0.0,11485.654761904763,-0.0,11257.083333333334,20.0,28.571428571428573,20.0,200.0
2030-04-26 16:00:00,-0.0,11485.654761904763,-0.0,11257.083333333334,20.0,28.571428571428573,20.0,200.0
2030-04-26 17:00:00,-0.0,11485.654761904763,-0.0,11257.083333333334,20.0,28.571428571428573,20.0,200.0
2030-04-26 18:00:00,-0.0,11485.654761904763,-0.0,11257.083333333334,20.0,28.571428571428573,20.0,200.0
2030-04-26 19:00:00,-0.0,11485.654761904763,-0.0,11257.083333333334,20.0,28.571428571428573,20.0,200.0
2030-04-26 20:00:00,-0.0,11485.654761904763,-0.0,11257.083333333334,20.0,28.571428571428573,20.0,200.0
2030-04-26 21:00:00,-0.0,11485.654761904763,-0.0,11257.083333333334,20.0,28.571428571428573,20.0,200.0
2030-04-26 22:00:00,-0.0,11485.654761904763,-0.0,11257.083333333334,20.0,28.571428571428573,20.0,200.0
2030-04-26 23:00:00,-0.0,11485.654761904763,-0.0,11257.083333333334,20.0,28.571428571428573,20.0,200.0
2030-04-27 00:00:00,-0.0,11486.853852250013,-0.0,11257.083333333334,20.0,29.770518916679755,20.839363241675827,200.0
2030-04-27 01:00:00,6408.40611336905,5082.334445517314,-0.0,11257.083333333334,20.0,33.657225553029114,23.56005788712038,200.0
2030-04-27 02:00:00,11490.740558886364,-0.0,-0.0,11257.083333333334,20.0,33.657225553029114,23.56005788712038,200.0
2030-04-27 03:00:00,11490.740558886364,-0.0,-0.0,11257.083333333334,20.0,33.657225553029114,23.56005788712038,200.0
2030-04-27 04:00:00,11490.740558886364,-0.0,-0.0,11257.083333333334,20.0,33.657225553029114,23.56005788712038,200.0
2030-04-27 05:00:00,11490.740558886364,-0.0,-0.0,11257.083333333334,20.0,33.657225553029114,23.56005788712038,200.0
2030-04-27 06:00:00,11490.740558886364,-0.0,-0.0,11257.083333333334,20.0,33.657225553029114,23.56005788712038,200.0
2030-04-27 07:00:00,11490.740558886364,-0.0,-0.0,11257.083333333334,20.0,33.657225553029114,23.56005788712038,200.0
2030-04-27 08:00:00,11490.740558886364,-0.0,-0.0,11257.083333333334,20.0,33.657225553029114,23.56005788712038,200.0
2030-04-27 09:00:00,11490.740558886364,-0.0,-0.0,11257.083333333334,20.0,33.657225553029114,23.56005788712038,200.0
2030-04-27 10:00:00,11490.740558886364,-0.0,-0.0,11257.083333333334,20.0,33.657225553029114,23.56005788712038,200.0
2030-04-27 11:00:00,11490.740558886364,-0.0,-0.0,11257.083333333334,20.0,33.657225553029114,23.56005788712038,200.0
2030-04-27 12:00:00,10756.930268181539,-0.0,500.1530651517951,11257.083333333334,20.0,-0.0,-0.0,0.0
2030-04-27 13:00:00,1020.0626962867173,-0.0,10237.020637046617,11257.083333333334,20.0,-0.0,-0.0,0.0
2030-04-27 14:00:00,-0.0,11485.654761904763,-0.0,11257.083333333334,20.0,28.571428571428573,20.0,200.0
2030-04-27 15:00:00,-0.0,11485.654761904763,-0.0,11257.083333333334,20.0,28.571428571428573,20.0,200.0
2030-04-27 16:00:00,-0.0,11485.654761904763,-0.0,11257.083333333334,20.0,28.571428571428573,20.0,200.0
2030-04-27 17:00:00,-0.0,11485.654761904763,-0.0,11257.083333333334,20.0,28.571428571428573,20.0,200.0
2030-04-27 18:00:00,-0.0,11485.654761904763,-0.0,11257.083333333334,20.0,28.571428571428573,20.0,200.0
2030-04-27 19:00:00,-0.0,11485.654761904763,-0.0,11257.083333333334,20.0,28.571428571428573,20.0,200.0
2030-04-27 20:00:00,-0.0,11485.654761904763,-0.0,11257.083333333334,20.0,28.571428571428573,20.0,200.0
2030-04-27 21:00:00,-0.0,11485.654761904763,-0.0,11257.083333333334,20.0,28.571428571428573,20.0,200.0
2030-04-27 22:00:00,-0.0,11485.654761904763,-0.0,11257.083333333334,20.0,28.571428571428573,20.0,200.0
2030-04-27 23:00:00,-0.0,11485.654761904763,-0.0,11257.083333333334,20.0,28.571428571428573,20.0,200.0
2030-04-28 00:00:00,-0.0,11485.654761904763,-0.0,11257.083333333334,20.0,28.571428571428573,20.0,200.0
2030-04-28 01:00:00,5985.199673625224,5500.455088279538,-0.0,11257.083333333334,20.0,28.571428571428573,20.0,200.0
2030-04-28 02:00:00,11485.654761904763,-0.0,-0.0,11257.083333333334,20.0,28.571428571428573,20.0,200.0
2030-04-28 03:00:00,11485.654761904763,-0.0,-0.0,11257.083333333334,20.0,28.571428571428573,20.0,200.0
2030-04-28 04:00:00,11485.654761904763,-0.0,-0.0,11257.083333333334,20.0,28.571428571428573,20.0,200.0
2030-04-28 05:00:00,11485.654761904763,-0.0,-0.0,11257.083333333334,20.0,28.571428571428573,20.0,200.0
2030-04-28 06:00:00,11485.654761904763,-0.0,-0.0,11257.083333333334,20.0,28.571428571428573,20.0,200.0
2030-04-28 07:00:00,11485.654761904763,-0.0,-0.0,11257.083333333334,20.0,28.571428571428573,20.0,200.0
2030-04-28 08:00:00,11485.654761904763,-0.0,-0.0,11257.083333333334,20.0,28.571428571428573,20.0,200.0
2030-04-28 09:00:00,11485.654761904763,-0.0,-0.0,11257.083333333334,20.0,28.571428571428573,20.0,200.0
2030-04-28 10:00:00,11485.654761904763,-0.0,-0.0,11257.083333333334,20.0,28.571428571428573,20.0,200.0
2030-04-28 11:00:00,11485.654761904763,-0.0,-0.0,11257.083333333334,20.0,28.571428571428573,20.0,200.0
2030-04-28 12:00:00,-0.0,11490.740558886364,-0.0,11257.083333333334,20.0,33.657225553029114,23.56005788712038,200.0
2030-04-28 13:00:00,1296.6546200504959,10192.142585517691,-0.0,11257.083333333334,20.0,31.713872234854435,22.199710564398103,200.0
2030-04-28 14:00:00,-0.0,11490.740558886364,-0.0,11257.083333333334,20.0,33.657225553029114,23.56005788712038,200.0
2030-04-28 15:00:00,-0.0,11490.740558886364,-0.0,11257.083333333334,20.0,33.657225553029114,23.56005788712038,200.0
2030-04-28 16:00:00,-0.0,11490.740558886364,-0.0,11257.083333333334,20.0,33.657225553029114,23.56005788712038,200.0
2030-04-28 17:00:00,-0.0,11490.740558886364,-0.0,11257.083333333334,20.0,33.657225553029114,23.56005788712038,200.0
2030-04-28 18:00:00,-0.0,10763.474353910022,493.6089794233121,11257.083333333334,20.0,-0.0,-0.0,0.0
2030-04-28 19:00:00,-0.0,11485.654761904763,-0.0,11257.083333333334,20.0,28.571428571428573,20.0,200.0
2030-04-28 20:00:00,-0.0,11485.654761904763,-0.0,11257.083333333334,20.0,28.571428571428573,20.0,200.0
2030-04-28 21:00:00,-0.0,11485.654761904763,-0.0,11257.083333333334,20.0,28.571428571428573,20.0,200.0
2030-04-28 22:00:00,-0.0,11485.654761904763,-0.0,11257.083333333334,20.0,28.571428571428573,20.0,200.0
2030-04-28 23:00:00,-0.0,11485.654761904763,-0.0,11257.083333333334,20.0,28.571428571428573,20.0,200.0
2030-04-29 00:00:00,-0.0,11485.654761904763,-0.0,11257.083333333334,20.0,28.571428571428573,20.0,200.0
2030-04-29 01:00:00,6527.985328530083,4957.669433374679,-0.0,11257.083333333334,20.0,28.571428571428573,20.0,200.0
2030-04-29 02:00:00,11485.654761904763,-0.0,-0.0,11257.083333333334,20.0,28.571428571428573,20.0,200.0
2030-04-29 03:00:00,11485.654761904763,-0.0,-0.0,11257.083333333334,20.0,28.571428571428573,20.0,200.0
2030-04-29 04:00:00,11485.654761904763,-0.0,-0.0,11257.083333333334,20.0,28.571428571428573,20.0,200.0
2030-04-29 05:00:00,11485.654761904763,-0.0,-0.0,11257.083333333334,20.0,28.571428571428573,20.0,200.0
2030-04-29 06:00:00,11485.654761904763,-0.0,-0.0,11257.083333333334,20.0,28.571428571428573,20.0,200.0
2030-04-29 07:00:00,11485.654761904763,-0.0,-0.0,11257.083333333334,20.0,28.571428571428573,20.0,200.0
2030-04-29 08:00:00,11485.654761904763,-0.0,-0.0,11257.083333333334,20.0,28.571428571428573,20.0,200.0
2030-04-29 09:00:00,11485.654761904763,-0.0,-0.0,11257.083333333334,20.0,28.571428571428573,20.0,200.0
2030-04-29 10:00:00,11485.654761904763,-0.0,-0.0,11257.083333333334,20.0,28.571428571428573,20.0,200.0
2030-04-29 11:00:00,-0.0,11485.654761904763,-0.0,11257.083333333334,20.0,28.571428571428573,20.0,200.0
2030-04-29 12:00:00,-0.0,11488.797205568188,-0.0,11257.083333333334,20.0,31.713872234854435,22.199710564398103,200.0
2030-04-29 13:00:00,-0.0,11490.740558886364,-0.0,11257.083333333334,20.0,33.657225553029114,23.56005788712038,200.0
2030-04-29 14:00:00,-0.0,11490.740558886364,-0.0,11257.083333333334,20.0,33.657225553029114,23.56005788712038,200.0
2030-04-29 15:00:00,-0.0,11490.740558886364,-0.0,11257.083333333334,20.0,33.657225553029114,23.56005788712038,200.0
2030-04-29 16:00:00,-0.0,11490.740558886364,-0.0,11257.083333333334,20.0,33.657225553029114,23.56005788712038,200.0
2030-04-29 17:00:00,-0.0,11490.740558886364,-0.0,11257.083333333334,20.0,33.657225553029114,23.56005788712038,200.0
2030-04-29 18:00:00,-0.0,2462.9024821111293,8794.180851222205,11257.083333333334,20.0,-0.0,-0.0,0.0
2030-04-29 19:00:00,-0.0,11485.654761904763,-0.0,11257.083333333334,20.0,28.571428571428573,20.0,200.0
2030-04-29 20:00:00,-0.0,11485.654761904763,-0.0,11257.083333333334,20.0,28.571428571428573,20.0,200.0
2030-04-29 21:00:00,-0.0,11485.654761904763,-0.0,11257.083333333334,20.0,28.571428571428573,20.0,200.0
2030-04-29 22:00:00,-0.0,11485.654761904763,-0.0,11257.083333333334,20.0,28.571428571428573,20.0,200.0
2030-04-29 23:00:00,-0.0,11485.654761904763,-0.0,11257.083333333334,20.0,28.571428571428573,20.0,200.0
2030-04-30 00:00:00,-0.0,11485.654761904763,-0.0,11257.083333333334,20.0,28.571428571428573,20.0,200.0
2030-04-30 01:00:00,-0.0,11485.654761904763,-0.0,11257.083333333334,20.0,28.571428571428573,20.0,200.0
2030-04-30 02:00:00,11485.654761904763,-0.0,-0.0,11257.083333333334,20.0,28.571428571428573,20.0,200.0
2030-04-30 03:00:00,11485.654761904763,-0.0,-0.0,11257.083333333334,20.0,28.571428571428573,20.0,200.0
2030-04-30 04:00:00,11485.654761904763,-0.0,-0.0,11257.083333333334,20.0,28.571428571428573,20.0,200.0
2030-04-30 05:00:00,11485.654761904763,-0.0,-0.0,11257.083333333334,20.0,28.571428571428573,20.0,200.0
2030-04-30 06:00:00,11485.654761904763,-0.0,-0.0,11257.083333333334,20.0,28.571428571428573,20.0,200.0
2030-04-30 07:00:00,11485.654761904763,-0.0,-0.0,11257.083333333334,20.0,28.571428571428573,20.0,200.0
2030-04-30 08:00:00,11485.654761904763,-0.0,-0.0,11257.083333333334,20.0,28.571428571428573,20.0,200.0
2030-04-30 09:00:00,11485.654761904763,-0.0,-0.0,11257.083333333334,20.0,28.571428571428573,20.0,200.0
2030-04-30 10:00:00,11485.654761904763,-0.0,-0.0,11257.083333333334,20.0,28.571428571428573,20.0,200.0
2030-04-30 11:00:00,-0.0,11485.654761904763,-0.0,11257.083333333334,20.0,28.571428571428573,20.0,200.0
2030-04-30 12:00:00,7322.407244904243,4163.247517000519,-0.0,11257.083333333334,20.0,28.571428571428573,20.0,200.0
2030-04-30 13:00:00,-0.0,11485.654761904763,-0.0,11257.083333333334,20.0,28.571428571428573,20.0,200.0
2030-04-30 14:00:00,-0.0,11485.654761904763,-0.0,11257.083333333334,20.0,28.571428571428573,20.0,200.0
2030-04-30 15:00:00,-0.0,11485.654761904763,-0.0,11257.083333333334,20.0,28.571428571428573,20.0,200.0
2030-04-30 16:00:00,-0.0,11485.654761904763,-0.0,11257.083333333334,20.0,28.571428571428573,20.0,200.0
2030-04-30 17:00:00,-0.0,11485.654761904763,-0.0,11257.083333333334,20.0,28.571428571428573,20.0,200.0
2030-04-30 18:00:00,-0.0,11485.654761904763,-0.0,11257.083333333334,20.0,28.571428571428573,20.0,200.0
2030-04-30 19:00:00,-0.0,11490.740558886364,-0.0,11257.083333333334,20.0,33.657225553029114,23.56005788712038,200.0
2030-04-30 20:00:00,-0.0,11490.740558886364,-0.0,11257.083333333334,20.0,33.657225553029114,23.56005788712038,200.0
2030-04-30 21:00:00,-0.0,11475.483167941562,-0.0,11257.083333333334,20.0,18.39983460822749,12.879884225759243,200.0
2030-04-30 22:00:00,-0.0,11485.654761904763,-0.0,11257.083333333334,20.0,28.571428571428573,20.0,200.0
2030-04-30 23:00:00,-0.0,11485.654761904763,-0.0,11257.083333333334,20.0,28.571428571428573,20.0,200.0
2030-05-01 00:00:00,-0.0,10922.119815668206,-0.0,10693.548387096776,20.0,28.571428571428573,20.0,200.0
2030-05-01 01:00:00,5791.793290843033,5130.326524825172,-0.0,10693.548387096776,20.0,28.571428571428573,20.0,200.0
2030-05-01 02:00:00,10922.119815668206,-0.0,-0.0,10693.548387096776,20.0,28.571428571428573,20.0,200.0
2030-05-01 03:00:00,10922.119815668206,-0.0,-0.0,10693.548387096776,20.0,28.571428571428573,20.0,200.0
2030-05-01 04:00:00,10922.119815668206,-0.0,-0.0,10693.548387096776,20.0,28.571428571428573,20.0,200.0
2030-05-01 05:00:00,10922.119815668206,-0.0,-0.0,10693.548387096776,20.0,28.571428571428573,20.0,200.0
2030-05-01 06:00:00,10922.119815668206,-0.0,-0.0,10693.548387096776,20.0,28.571428571428573,20.0,200.0
2030-05-01 07:00:00,10922.119815668206,-0.0,-0.0,10693.548387096776,20.0,28.571428571428573,20.0,200.0
2030-05-01 08:00:00,10922.119815668206,-0.0,-0.0,10693.548387096776,20.0,28.571428571428573,20.0,200.0
2030-05-01 09:00:00,10922.119815668206,-0.0,-0.0,10693.548387096776,20.0,28.571428571428573,20.0,200.0
2030-05-01 10:00:00,10922.119815668206,-0.0,-0.0,10693.548387096776,20.0,28.571428571428573,20.0,200.0
2030-05-01 11:00:00,10922.119815668206,-0.0,-0.0,10693.548387096776,20.0,28.571428571428573,20.0,200.0
2030-05-01 12:00:00,-0.0,10925.717086703959,-0.0,10693.548387096776,20.0,32.16869960718211,22.518089725027476,200.0
2030-05-01 13:00:00,-0.0,10927.205612649806,-0.0,10693.548387096776,20.0,33.657225553029114,23.56005788712038,200.0
2030-05-01 14:00:00,-0.0,10927.205612649806,-0.0,10693.548387096776,20.0,33.657225553029114,23.56005788712038,200.0
2030-05-01 15:00:00,-0.0,10927.205612649806,-0.0,10693.548387096776,20.0,33.657225553029114,23.56005788712038,200.0
2030-05-01 16:00:00,-0.0,10927.205612649806,-0.0,10693.548387096776,20.0,33.657225553029114,23.56005788712038,200.0
2030-05-01 17:00:00,-0.0,10927.205612649806,-0.0,10693.548387096776,20.0,33.657225553029114,23.56005788712038,200.0
2030-05-01 18:00:00,-0.0,10927.205612649806,-0.0,10693.548387096776,20.0,33.657225553029114,23.56005788712038,200.0
2030-05-01 19:00:00,-0.0,10927.205612649806,-0.0,10693.548387096776,20.0,33.657225553029114,23.56005788712038,200.0
2030-05-01 20:00:00,-0.0,10927.205612649806,-0.0,10693.548387096776,20.0,33.657225553029114,23.56005788712038,200.0
2030-05-01 21:00:00,-0.0,10927.205612649806,-0.0,10693.548387096776,20.0,33.657225553029114,23.56005788712038,200.0
2030-05-01 22:00:00,-0.0,10927.205612649806,-0.0,10693.548387096776,20.0,33.657225553029114,23.56005788712038,200.0
2030-05-01 23:00:00,-0.0,10927.205612649806,-0.0,10693.548387096776,20.0,33.657225553029114,23.56005788712038,200.0
2030-05-02 00:00:00,-0.0,10927.205612649806,-0.0,10693.548387096776,20.0,33.657225553029114,23.56005788712038,200.0
2030-05-02 01:00:00,-0.0,10927.205612649806,-0.0,10693.548387096776,20.0,33.657225553029114,23.56005788712038,200.0
2030-05-02 02:00:00,10927.205612649806,-0.0,-0.0,10693.548387096776,20.0,33.657225553029114,23.56005788712038,200.0
2030-05-02 03:00:00,10927.205612649806,-0.0,-0.0,10693.548387096776,20.0,33.657225553029114,23.56005788712038,200.0
2030-05-02 04:00:00,10927.205612649806,-0.0,-0.0,10693.548387096776,20.0,33.657225553029114,23.56005788712038,200.0
2030-05-02 05:00:00,10927.205612649806,-0.0,-0.0,10693.548387096776,20.0,33.657225553029114,23.56005788712038,200.0
2030-05-02 06:00:00,10927.205612649806,-0.0,-0.0,10693.548387096776,20.0,33.657225553029114,23.56005788712038,200.0
2030-05-02 07:00:00,10927.205612649806,-0.0,-0.0,10693.548387096776,20.0,33.657225553029114,23.56005788712038,200.0
2030-05-02 08:00:00,10927.205612649806,-0.0,-0.0,10693.548387096776,20.0,33.657225553029114,23.56005788712038,200.0
2030-05-02 09:00:00,10927.205612649806,-0.0,-0.0,10693.548387096776,20.0,33.657225553029114,23.56005788712038,200.0
2030-05-02 10:00:00,10927.205612649806,-0.0,-0.0,10693.548387096776,20.0,33.657225553029114,23.56005788712038,200.0
2030-05-02 11:00:00,10927.205612649806,-0.0,-0.0,10693.548387096776,20.0,33.657225553029114,23.56005788712038,200.0
2030-05-02 12:00:00,-0.0,10927.205612649806,-0.0,10693.548387096776,20.0,33.657225553029114,23.56005788712038,200.0
2030-05-02 13:00:00,2531.959903627071,8395.245709022736,-0.0,10693.548387096776,20.0,33.657225553029114,23.56005788712038,200.0
2030-05-02 14:00:00,-0.0,10927.205612649806,-0.0,10693.548387096776,20.0,33.657225553029114,23.56005788712038,200.0
2030-05-02 15:00:00,-0.0,10927.205612649806,-0.0,10693.548387096776,20.0,33.657225553029114,23.56005788712038,200.0
2030-05-02 16:00:00,-0.0,10927.205612649806,-0.0,10693.548387096776,20.0,33.657225553029114,23.56005788712038,200.0
2030-05-02 17:00:00,-0.0,10927.205612649806,-0.0,10693.548387096776,20.0,33.657225553029114,23.56005788712038,200.0
2030-05-02 18:00:00,-0.0,10927.205612649806,-0.0,10693.548387096776,20.0,33.657225553029114,23.56005788712038,200.0
2030-05-02 19:00:00,-0.0,10927.205612649806,-0.0,10693.548387096776,20.0,33.657225553029114,23.56005788712038,200.0
2030-05-02 20:00:00,-0.0,10927.205612649806,-0.0,10693.548387096776,20.0,33.657225553029114,23.56005788712038,200.0
2030-05-02 21:00:00,-0.0,10927.205612649806,-0.0,10693.548387096776,20.0,33.657225553029114,23.56005788712038,200.0
2030-05-02 22:00:00,-0.0,9346.303546529733,1347.2448405670439,10693.548387096776,20.0,-0.0,-0.0,0.0
2030-05-02 23:00:00,-0.0,6511.96193176913,4181.586455327646,10693.548387096776,20.0,-0.0,-0.0,0.0
2030-05-03 00:00:00,432.5648131042552,3677.6203170085287,6583.363256983993,10693.548387096776,20.0,-0.0,-0.0,0.0
2030-05-03 01:00:00,4456.665358088553,-0.0,6236.883029008223,10693.548387096776,20.0,-0.0,-0.0,0.0
2030-05-03 02:00:00,8580.588552250754,-0.0,2112.959834846022,10693.548387096776,20.0,-0.0,-0.0,0.0
2030-05-03 03:00:00,8500.522469055977,-0.0,2193.0259180407993,10693.548387096776,20.0,-0.0,-0.0,0.0
2030-05-03 04:00:00,10925.717086703959,-0.0,-0.0,10693.548387096776,20.0,32.16869960718211,22.518089725027476,200.0
2030-05-03 05:00:00,10927.205612649806,-0.0,-0.0,10693.548387096776,20.0,33.657225553029114,23.56005788712038,200.0
2030-05-03 06:00:00,10927.205612649806,-0.0,-0.0,10693.548387096776,20.0,33.657225553029114,23.56005788712038,200.0
2030-05-03 07:00:00,10927.205612649806,-0.0,-0.0,10693.548387096776,20.0,33.657225553029114,23.56005788712038,200.0
2030-05-03 08:00:00,10927.205612649806,-0.0,-0.0,10693.548387096776,20.0,33.657225553029114,23.56005788712038,200.0
2030-05-03 09:00:00,10927.205612649806,-0.0,-0.0,10693.548387096776,20.0,33.657225553029114,23.56005788712038,200.0
2030-05-03 10:00:00,10927.205612649806,-0.0,-0.0,10693.548387096776,20.0,33.657225553029114,23.56005788712038,200.0
2030-05-03 11:00:00,10927.205612649806,-0.0,-0.0,10693.548387096776,20.0,33.657225553029114,23.56005788712038,200.0
2030-05-03 12:00:00,5407.06016380319,5520.145448846616,-0.0,10693.548387096776,20.0,33.657225553029114,23.56005788712038,200.0
2030-05-03 13:00:00,-0.0,10927.205612649806,-0.0,10693.548387096776,20.0,33.657225553029114,23.56005788712038,200.0
2030-05-03 14:00:00,-0.0,10927.205612649806,-0.0,10693.548387096776,20.0,33.657225553029114,23.56005788712038,200.0
2030-05-03 15:00:00,-0.0,10927.205612649806,-0.0,10693.548387096776,20.0,33.657225553029114,23.56005788712038,200.0
2030-05-03 16:00:00,-0.0,10927.205612649806,-0.0,10693.548387096776,20.0,33.657225553029114,23.56005788712038,200.0
2030-05-03 17:00:00,-0.0,10927.205612649806,-0.0,10693.548387096776,20.0,33.657225553029114,23.56005788712038,200.0
2030-05-03 18:00:00,-0.0,10927.205612649806,-0.0,10693.548387096776,20.0,33.657225553029114,23.56005788712038,200.0
2030-05-03 19:00:00,-0.0,10927.205612649806,-0.0,10693.548387096776,20.0,33.657225553029114,23.56005788712038,200.0
2030-05-03 20:00:00,-0.0,10927.205612649806,-0.0,10693.548387096776,20.0,33.657225553029114,23.56005788712038,200.0
2030-05-03 21:00:00,-0.0,10927.205612649806,-0.0,10693.548387096776,20.0,33.657225553029114,23.56005788712038,200.0
2030-05-03 22:00:00,-0.0,10927.205612649806,-0.0,10693.548387096776,20.0,33.657225553029114,23.56005788712038,200.0
2030-05-03 23:00:00,-0.0,10927.205612649806,-0.0,10693.548387096776,20.0,33.657225553029114,23.56005788712038,200.0
2030-05-04 00:00:00,-0.0,10927.205612649806,-0.0,10693.548387096776,20.0,33.657225553029114,23.56005788712038,200.0
2030-05-04 01:00:00,5467.369681014841,5459.835931634965,-0.0,10693.548387096776,20.0,33.657225553029114,23.56005788712038,200.0
2030-05-04 02:00:00,10927.205612649806,-0.0,-0.0,10693.548387096776,20.0,33.657225553029114,23.56005788712038,200.0
2030-05-04 03:00:00,10927.205612649806,-0.0,-0.0,10693.548387096776,20.0,33.657225553029114,23.56005788712038,200.0
2030-05-04 04:00:00,10927.205612649806,-0.0,-0.0,10693.548387096776,20.0,33.657225553029114,23.56005788712038,200.0
2030-05-04 05:00:00,10927.205612649806,-0.0,-0.0,10693.548387096776,20.0,33.657225553029114,23.56005788712038,200.0
2030-05-04 06:00:00,10927.205612649806,-0.0,-0.0,10693.548387096776,20.0,33.657225553029114,23.56005788712038,200.0
2030-05-04 07:00:00,10927.205612649806,-0.0,-0.0,10693.548387096776,20.0,33.657225553029114,23.56005788712038,200.0
2030-05-04 08:00:00,10927.205612649806,-0.0,-0.0,10693.548387096776,20.0,33.657225553029114,23.56005788712038,200.0
2030-05-04 09:00:00,10927.205612649806,-0.0,-0.0,10693.548387096776,20.0,33.657225553029114,23.56005788712038,200.0
2030-05-04 10:00:00,10927.205612649806,-0.0,-0.0,10693.548387096776,20.0,33.657225553029114,23.56005788712038,200.0
2030-05-04 11:00:00,10927.205612649806,-0.0,-0.0,10693.548387096776,20.0,33.657225553029114,23.56005788712038,200.0
2030-05-04 12:00:00,10186.069493195384,741.1361194544224,-0.0,10693.548387096776,20.0,33.657225553029114,23.56005788712038,200.0
2030-05-04 13:00:00,893.2047462897963,-0.0,9800.34364080698,10693.548387096776,20.0,-0.0,-0.0,0.0
2030-05-04 14:00:00,-0.0,-0.0,10693.548387096776,10693.548387096776,20.0,-0.0,-0.0,0.0
2030-05-04 15:00:00,-0.0,-0.0,10693.548387096776,10693.548387096776,20.0,-0.0,-0.0,0.0
2030-05-04 16:00:00,-0.0,5094.791124388843,5598.7572627079335,10693.548387096776,20.0,-0.0,-0.0,0.0
2030-05-04 17:00:00,-0.0,10763.474353910022,-0.0,10693.548387096776,20.0,-0.0,-0.0,69.9259668132454
2030-05-04 18:00:00,-0.0,10927.205612649806,-0.0,10693.548387096776,20.0,33.657225553029114,23.56005788712038,200.0
2030-05-04 19:00:00,-0.0,7929.132739149419,2764.4156479473577,10693.548387096776,20.0,-0.0,-0.0,0.0
2030-05-04 20:00:00,-0.0,10922.119815668206,-0.0,10693.548387096776,20.0,28.571428571428573,20.0,200.0
2030-05-04 21:00:00,-0.0,10922.119815668206,-0.0,10693.548387096776,20.0,28.571428571428573,20.0,200.0
2030-05-04 22:00:00,-0.0,10922.119815668206,-0.0,10693.548387096776,20.0,28.571428571428573,20.0,200.0
2030-05-04 23:00:00,-0.0,10927.205612649806,-0.0,10693.548387096776,20.0,33.657225553029114,23.56005788712038,200.0
2030-05-05 00:00:00,659.2454122790813,10257.788606407525,-0.0,10693.548387096776,20.0,23.48563158982803,16.43994211287962,200.0
2030-05-05 01:00:00,7038.536586304576,3883.5832293636286,-0.0,10693.548387096776,20.0,28.571428571428573,20.0,200.0
2030-05-05 02:00:00,10922.119815668206,-0.0,-0.0,10693.548387096776,20.0,28.571428571428573,20.0,200.0
2030-05-05 03:00:00,10922.119815668206,-0.0,-0.0,10693.548387096776,20.0,28.571428571428573,20.0,200.0
2030-05-05 04:00:00,10922.119815668206,-0.0,-0.0,10693.548387096776,20.0,28.571428571428573,20.0,200.0
2030-05-05 05:00:00,10922.119815668206,-0.0,-0.0,10693.548387096776,20.0,28.571428571428573,20.0,200.0
2030-05-05 06:00:00,10922.119815668206,-0.0,-0.0,10693.548387096776,20.0,28.571428571428573,20.0,200.0
2030-05-05 07:00:00,10922.119815668206,-0.0,-0.0,10693.548387096776,20.0,28.571428571428573,20.0,200.0
2030-05-05 08:00:00,10922.119815668206,-0.0,-0.0,10693.548387096776,20.0,28.571428571428573,20.0,200.0
2030-05-05 09:00:00,10922.119815668206,-0.0,-0.0,10693.548387096776,20.0,28.571428571428573,20.0,200.0
2030-05-05 10:00:00,10922.119815668206,-0.0,-0.0,10693.548387096776,20.0,28.571428571428573,20.0,200.0
2030-05-05 11:00:00,10922.119815668206,-0.0,-0.0,10693.548387096776,20.0,28.571428571428573,20.0,200.0
2030-05-05 12:00:00,10922.119815668206,-0.0,-0.0,10693.548387096776,20.0,28.571428571428573,20.0,200.0
2030-05-05 13:00:00,-0.0,10922.119815668206,-0.0,10693.548387096776,20.0,28.571428571428573,20.0,200.0
2030-05-05 14:00:00,-0.0,10922.119815668206,-0.0,10693.548387096776,20.0,28.571428571428573,20.0,200.0
2030-05-05 15:00:00,-0.0,10922.119815668206,-0.0,10693.548387096776,20.0,28.571428571428573,20.0,200.0
2030-05-05 16:00:00,-0.0,10922.119815668206,-0.0,10693.548387096776,20.0,28.571428571428573,20.0,200.0
2030-05-05 17:00:00,-0.0,10922.119815668206,-0.0,10693.548387096776,20.0,28.571428571428573,20.0,200.0
2030-05-05 18:00:00,-0.0,10922.119815668206,-0.0,10693.548387096776,20.0,28.571428571428573,20.0,200.0
2030-05-05 19:00:00,-0.0,10922.119815668206,-0.0,10693.548387096776,20.0,28.571428571428573,20.0,200.0
2030-05-05 20:00:00,-0.0,10922.119815668206,-0.0,10693.548387096776,20.0,28.571428571428573,20.0,200.0
2030-05-05 21:00:00,-0.0,10922.119815668206,-0.0,10693.548387096776,20.0,28.571428571428573,20.0,200.0
2030-05-05 22:00:00,-0.0,10922.119815668206,-0.0,10693.548387096776,20.0,28.571428571428573,20.0,200.0
2030-05-05 23:00:00,-0.0,10922.119815668206,-0.0,10693.548387096776,20.0,28.571428571428573,20.0,200.0
2030-05-06 00:00:00,-0.0,10922.119815668206,-0.0,10693.548387096776,20.0,28.571428571428573,20.0,200.0
2030-05-06 01:00:00,7046.855140402735,3875.26467526547,-0.0,10693.548387096776,20.0,28.571428571428573,20.0,200.0
2030-05-06 02:00:00,10922.119815668206,-0.0,-0.0,10693.548387096776,20.0,28.571428571428573,20.0,200.0
2030-05-06 03:00:00,10922.119815668206,-0.0,-0.0,10693.548387096776,20.0,28.571428571428573,20.0,200.0
2030-05-06 04:00:00,10922.119815668206,-0.0,-0.0,10693.548387096776,20.0,28.571428571428573,20.0,200.0
2030-05-06 05:00:00,10922.119815668206,-0.0,-0.0,10693.548387096776,20.0,28.571428571428573,20.0,200.0
2030-05-06 06:00:00,10922.119815668206,-0.0,-0.0,10693.548387096776,20.0,28.571428571428573,20.0,200.0
2030-05-06 07:00:00,10922.119815668206,-0.0,-0.0,10693.548387096776,20.0,28.571428571428573,20.0,200.0
2030-05-06 08:00:00,10922.119815668206,-0.0,-0.0,10693.548387096776,20.0,28.571428571428573,20.0,200.0
2030-05-06 09:00:00,10922.119815668206,-0.0,-0.0,10693.548387096776,20.0,28.571428571428573,20.0,200.0
2030-05-06 10:00:00,10922.119815668206,-0.0,-0.0,10693.548387096776,20.0,28.571428571428573,20.0,200.0
2030-05-06 11:00:00,-0.0,10922.119815668206,-0.0,10693.548387096776,20.0,28.571428571428573,20.0,200.0
2030-05-06 12:00:00,-0.0,10922.119815668206,-0.0,10693.548387096776,20.0,28.571428571428573,20.0,200.0
2030-05-06 13:00:00,-0.0,10922.119815668206,-0.0,10693.548387096776,20.0,28.571428571428573,20.0,200.0
2030-05-06 14:00:00,-0.0,10922.119815668206,-0.0,10693.548387096776,20.0,28.571428571428573,20.0,200.0
2030-05-06 15:00:00,-0.0,10922.119815668206,-0.0,10693.548387096776,20.0,28.571428571428573,20.0,200.0
2030-05-06 16:00:00,-0.0,10922.119815668206,-0.0,10693.548387096776,20.0,28.571428571428573,20.0,200.0
2030-05-06 17:00:00,-0.0,10922.119815668206,-0.0,10693.548387096776,20.0,28.571428571428573,20.0,200.0
2030-05-06 18:00:00,-0.0,10922.119815668206,-0.0,10693.548387096776,20.0,28.571428571428573,20.0,200.0
2030-05-06 19:00:00,-0.0,10922.119815668206,-0.0,10693.548387096776,20.0,28.571428571428573,20.0,200.0
2030-05-06 20:00:00,-0.0,10922.119815668206,-0.0,10693.548387096776,20.0,28.571428571428573,20.0,200.0
2030-05-06 21:00:00,-0.0,10922.119815668206,-0.0,10693.548387096776,20.0,28.571428571428573,20.0,200.0
2030-05-06 22:00:00,-0.0,10922.119815668206,-0.0,10693.548387096776,20.0,28.571428571428573,20.0,200.0
2030-05-06 23:00:00,-0.0,10922.119815668206,-0.0,10693.548387096776,20.0,28.571428571428573,20.0,200.0
2030-05-07 00:00:00,-0.0,10922.119815668206,-0.0,10693.548387096776,20.0,28.571428571428573,20.0,200.0
2030-05-07 01:00:00,7017.740201059179,3904.3796146090262,-0.0,10693.548387096776,20.0,28.571428571428573,20.0,200.0
2030-05-07 02:00:00,10922.119815668206,-0.0,-0.0,10693.548387096776,20.0,28.571428571428573,20.0,200.0
2030-05-07 03:00:00,10923.773733385784,-0.0,-0.0,10693.548387096776,20.0,30.225346289007497,21.157742402305246,200.0
2030-05-07 04:00:00,10927.205612649806,-0.0,-0.0,10693.548387096776,20.0,33.657225553029114,23.56005788712038,200.0
2030-05-07 05:00:00,10927.205612649806,-0.0,-0.0,10693.548387096776,20.0,33.657225553029114,23.56005788712038,200.0
2030-05-07 06:00:00,10927.205612649806,-0.0,-0.0,10693.548387096776,20.0,33.657225553029114,23.56005788712038,200.0
2030-05-07 07:00:00,-0.0,10927.205612649806,-0.0,10693.548387096776,20.0,33.657225553029114,23.56005788712038,200.0
2030-05-07 08:00:00,10927.205612649806,-0.0,-0.0,10693.548387096776,20.0,33.657225553029114,23.56005788712038,200.0
2030-05-07 09:00:00,-0.0,10927.205612649806,-0.0,10693.548387096776,20.0,33.657225553029114,23.56005788712038,200.0
2030-05-07 10:00:00,-0.0,10927.205612649806,-0.0,10693.548387096776,20.0,33.657225553029114,23.56005788712038,200.0
2030-05-07 11:00:00,10927.205612649806,-0.0,-0.0,10693.548387096776,20.0,33.657225553029114,23.56005788712038,200.0
2030-05-07 12:00:00,10927.205612649806,-0.0,-0.0,10693.548387096776,20.0,33.657225553029114,23.56005788712038,200.0
2030-05-07 13:00:00,-0.0,10927.205612649806,-0.0,10693.548387096776,20.0,33.657225553029114,23.56005788712038,200.0
2030-05-07 14:00:00,-0.0,10927.205612649806,-0.0,10693.548387096776,20.0,33.657225553029114,23.56005788712038,200.0
2030-05-07 15:00:00,-0.0,10927.205612649806,-0.0,10693.548387096776,20.0,33.657225553029114,23.56005788712038,200.0
2030-05-07 16:00:00,-0.0,10927.205612649806,-0.0,10693.548387096776,20.0,33.657225553029114,23.56005788712038,200.0
2030-05-07 17:00:00,-0.0,10927.205612649806,-0.0,10693.548387096776,20.0,33.657225553029114,23.56005788712038,200.0
2030-05-07 18:00:00,-0.0,10927.205612649806,-0.0,10693.548387096776,20.0,33.657225553029114,23.56005788712038,200.0
2030-05-07 19:00:00,-0.0,10927.205612649806,-0.0,10693.548387096776,20.0,33.657225553029114,23.56005788712038,200.0
2030-05-07 20:00:00,-0.0,10927.205612649806,-0.0,10693.548387096776,20.0,33.657225553029114,23.56005788712038,200.0
2030-05-07 21:00:00,-0.0,10927.205612649806,-0.0,10693.548387096776,20.0,33.657225553029114,23.56005788712038,200.0
2030-05-07 22:00:00,-0.0,10927.205612649806,-0.0,10693.548387096776,20.0,33.657225553029114,23.56005788712038,200.0
2030-05-07 23:00:00,-0.0,10927.205612649806,-0.0,10693.548387096776,20.0,33.657225553029114,23.56005788712038,200.0
2030-05-08 00:00:00,-0.0,10927.205612649806,-0.0,10693.548387096776,20.0,33.657225553029114,23.56005788712038,200.0
2030-05-08 01:00:00,7325.526702691053,3601.678909958753,-0.0,10693.548387096776,20.0,33.657225553029114,23.56005788712038,200.0
2030-05-08 02:00:00,10927.205612649806,-0.0,-0.0,10693.548387096776,20.0,33.657225553029114,23.56005788712038,200.0
2030-05-08 03:00:00,10927.205612649806,-0.0,-0.0,10693.548387096776,20.0,33.657225553029114,23.56005788712038,200.0
2030-05-08 04:00:00,10927.205612649806,-0.0,-0.0,10693.548387096776,20.0,33.657225553029114,23.56005788712038,200.0
2030-05-08 05:00:00,10927.205612649806,-0.0,-0.0,10693.548387096776,20.0,33.657225553029114,23.56005788712038,200.0
2030-05-08 06:00:00,10927.205612649806,-0.0,-0.0,10693.548387096776,20.0,33.657225553029114,23.56005788712038,200.0
2030-05-08 07:00:00,10927.205612649806,-0.0,-0.0,10693.548387096776,20.0,33.657225553029114,23.56005788712038,200.0
2030-05-08 08:00:00,10927.205612649806,-0.0,-0.0,10693.548387096776,20.0,33.657225553029114,23.56005788712038,200.0
2030-05-08 09:00:00,10927.205612649806,-0.0,-0.0,10693.548387096776,20.0,33.657225553029114,23.56005788712038,200.0
2030-05-08 10:00:00,10927.205612649806,-0.0,-0.0,10693.548387096776,20.0,33.657225553029114,23.56005788712038,200.0
2030-05-08 11:00:00,10927.205612649806,-0.0,-0.0,10693.548387096776,20.0,33.657225553029114,23.56005788712038,200.0
2030-05-08 12:00:00,-0.0,10927.205612649806,-0.0,10693.548387096776,20.0,33.657225553029114,23.56005788712038,200.0
2030-05-08 13:00:00,1795.7678659400212,9131.437746709786,-0.0,10693.548387096776,20.0,33.657225553029114,23.56005788712038,200.0
2030-05-08 14:00:00,-0.0,10927.205612649806,-0.0,10693.548387096776,20.0,33.657225553029114,23.56005788712038,200.0
2030-05-08 15:00:00,-0.0,10927.205612649806,-0.0,10693.548387096776,20.0,33.657225553029114,23.56005788712038,200.0
2030-05-08 16:00:00,-0.0,10927.205612649806,-0.0,10693.548387096776,20.0,33.657225553029114,23.56005788712038,200.0
2030-05-08 17:00:00,-0.0,10927.205612649806,-0.0,10693.548387096776,20.0,33.657225553029114,23.56005788712038,200.0
2030-05-08 18:00:00,-0.0,10927.205612649806,-0.0,10693.548387096776,20.0,33.657225553029114,23.56005788712038,200.0
2030-05-08 19:00:00,-0.0,-0.0,10693.548387096776,10693.548387096776,20.0,-0.0,-0.0,0.0
2030-05-08 20:00:00,-0.0,-0.0,10693.548387096776,10693.548387096776,20.0,-0.0,-0.0,0.0
2030-05-08 21:00:00,-0.0,-0.0,10693.548387096776,10693.548387096776,20.0,-0.0,-0.0,0.0
2030-05-08 22:00:00,-0.0,-0.0,10693.548387096776,10693.548387096776,20.0,-0.0,-0.0,0.0
2030-05-08 23:00:00,-0.0,-0.0,10693.548387096776,10693.548387096776,20.0,-0.0,-0.0,0.0
2030-05-09 00:00:00,653.0064967054623,-0.0,10040.541890391314,10693.548387096776,20.0,-0.0,-0.0,0.0
2030-05-09 01:00:00,7910.944947348975,-0.0,2782.6034397478015,10693.548387096776,20.0,-0.0,-0.0,0.0
2030-05-09 02:00:00,10922.119815668206,-0.0,-0.0,10693.548387096776,20.0,28.571428571428573,20.0,200.0
2030-05-09 03:00:00,10922.119815668206,-0.0,-0.0,10693.548387096776,20.0,28.571428571428573,20.0,200.0
2030-05-09 04:00:00,10922.119815668206,-0.0,-0.0,10693.548387096776,20.0,28.571428571428573,20.0,200.0
2030-05-09 05:00:00,10922.119815668206,-0.0,-0.0,10693.548387096776,20.0,28.571428571428573,20.0,200.0
2030-05-09 06:00:00,10922.119815668206,-0.0,-0.0,10693.548387096776,20.0,28.571428571428573,20.0,200.0
2030-05-09 07:00:00,10922.119815668206,-0.0,-0.0,10693.548387096776,20.0,28.571428571428573,20.0,200.0
2030-05-09 08:00:00,10922.119815668206,-0.0,-0.0,10693.548387096776,20.0,28.571428571428573,20.0,200.0
2030-05-09 09:00:00,10922.119815668206,-0.0,-0.0,10693.548387096776,20.0,28.571428571428573,20.0,200.0
2030-05-09 10:00:00,10922.119815668206,-0.0,-0.0,10693.548387096776,20.0,28.571428571428573,20.0,200.0
2030-05-09 11:00:00,10922.119815668206,-0.0,-0.0,10693.548387096776,20.0,28.571428571428573,20.0,200.0
2030-05-09 12:00:00,9748.305583779791,1173.814231888414,-0.0,10693.548387096776,20.0,28.571428571428573,20.0,200.0
2030-05-09 13:00:00,1896.630334380196,9025.48948128801,-0.0,10693.548387096776,20.0,28.571428571428573,20.0,200.0
2030-05-09 14:00:00,-0.0,10927.205612649806,-0.0,10693.548387096776,20.0,33.657225553029114,23.56005788712038,200.0
2030-05-09 15:00:00,-0.0,10917.034018686605,-0.0,10693.548387096776,20.0,23.48563158982803,16.43994211287962,200.0
2030-05-09 16:00:00,-0.0,10922.119815668206,-0.0,10693.548387096776,20.0,28.571428571428573,20.0,200.0
2030-05-09 17:00:00,-0.0,10922.119815668206,-0.0,10693.548387096776,20.0,28.571428571428573,20.0,200.0
2030-05-09 18:00:00,-0.0,10922.119815668206,-0.0,10693.548387096776,20.0,28.571428571428573,20.0,200.0
2030-05-09 19:00:00,-0.0,10922.119815668206,-0.0,10693.548387096776,20.0,28.571428571428573,20.0,200.0
2030-05-09 20:00:00,-0.0,10922.119815668206,-0.0,10693.548387096776,20.0,28.571428571428573,20.0,200.0
2030-05-09 21:00:00,-0.0,10927.205612649806,-0.0,10693.548387096776,20.0,33.657225553029114,23.56005788712038,200.0
2030-05-09 22:00:00,-0.0,10917.034018686605,-0.0,10693.548387096776,20.0,23.48563158982803,16.43994211287962,200.0
2030-05-09 23:00:00,-0.0,10922.119815668206,-0.0,10693.548387096776,20.0,28.571428571428573,20.0,200.0
2030-05-10 00:00:00,-0.0,10922.119815668206,-0.0,10693.548387096776,20.0,28.571428571428573,20.0,200.0
2030-05-10 01:00:00,7551.16748260361,3370.952333064595,-0.0,10693.548387096776,20.0,28.571428571428573,20.0,200.0
2030-05-10 02:00:00,10922.119815668206,-0.0,-0.0,10693.548387096776,20.0,28.571428571428573,20.0,200.0
2030-05-10 03:00:00,10922.119815668206,-0.0,-0.0,10693.548387096776,20.0,28.571428571428573,20.0,200.0
2030-05-10 04:00:00,10922.119815668206,-0.0,-0.0,10693.548387096776,20.0,28.571428571428573,20.0,200.0
2030-05-10 05:00:00,10922.119815668206,-0.0,-0.0,10693.548387096776,20.0,28.571428571428573,20.0,200.0
2030-05-10 06:00:00,10922.119815668206,-0.0,-0.0,10693.548387096776,20.0,28.571428571428573,20.0,200.0
2030-05-10 07:00:00,10922.119815668206,-0.0,-0.0,10693.548387096776,20.0,28.571428571428573,20.0,200.0
2030-05-10 08:00:00,10922.119815668206,-0.0,-0.0,10693.548387096776,20.0,28.571428571428573,20.0,200.0
2030-05-10 09:00:00,10922.119815668206,-0.0,-0.0,10693.548387096776,20.0,28.571428571428573,20.0,200.0
2030-05-10 10:00:00,10922.119815668206,-0.0,-0.0,10693.548387096776,20.0,28.571428571428573,20.0,200.0
2030-05-10 11:00:00,10922.119815668206,-0.0,-0.0,10693.548387096776,20.0,28.571428571428573,20.0,200.0
2030-05-10 12:00:00,9418.682877640249,1503.436938027956,-0.0,10693.548387096776,20.0,28.571428571428573,20.0,200.0
2030-05-10 13:00:00,-0.0,10922.119815668206,-0.0,10693.548387096776,20.0,28.571428571428573,20.0,200.0
2030-05-10 14:00:00,-0.0,10922.119815668206,-0.0,10693.548387096776,20.0,28.571428571428573,20.0,200.0
2030-05-10 15:00:00,-0.0,10922.119815668206,-0.0,10693.548387096776,20.0,28.571428571428573,20.0,200.0
2030-05-10 16:00:00,-0.0,10922.119815668206,-0.0,10693.548387096776,20.0,28.571428571428573,20.0,200.0
2030-05-10 17:00:00,-0.0,10922.119815668206,-0.0,10693.548387096776,20.0,28.571428571428573,20.0,200.0
2030-05-10 18:00:00,-0.0,10922.119815668206,-0.0,10693.548387096776,20.0,28.571428571428573,20.0,200.0
2030-05-10 19:00:00,-0.0,10922.119815668206,-0.0,10693.548387096776,20.0,28.571428571428573,20.0,200.0
2030-05-10 20:00:00,-0.0,10922.119815668206,-0.0,10693.548387096776,20.0,28.571428571428573,20.0,200.0
2030-05-10 21:00:00,-0.0,10922.119815668206,-0.0,10693.548387096776,20.0,28.571428571428573,20.0,200.0
2030-05-10 22:00:00,-0.0,10922.119815668206,-0.0,10693.548387096776,20.0,28.571428571428573,20.0,200.0
2030-05-10 23:00:00,-0.0,10922.119815668206,-0.0,10693.548387096776,20.0,28.571428571428573,20.0,200.0
2030-05-11 00:00:00,-0.0,10922.119815668206,-0.0,10693.548387096776,20.0,28.571428571428573,20.0,200.0
2030-05-11 01:00:00,5681.57244904243,5240.547366625775,-0.0,10693.548387096776,20.0,28.571428571428573,20.0,200.0
2030-05-11 02:00:00,10922.119815668206,-0.0,-0.0,10693.548387096776,20.0,28.571428571428573,20.0,200.0
2030-05-11 03:00:00,10922.119815668206,-0.0,-0.0,10693.548387096776,20.0,28.571428571428573,20.0,200.0
2030-05-11 04:00:00,10922.119815668206,-0.0,-0.0,10693.548387096776,20.0,28.571428571428573,20.0,200.0
2030-05-11 05:00:00,10922.119815668206,-0.0,-0.0,10693.548387096776,20.0,28.571428571428573,20.0,200.0
2030-05-11 06:00:00,10922.119815668206,-0.0,-0.0,10693.548387096776,20.0,28.571428571428573,20.0,200.0
2030-05-11 07:00:00,10922.119815668206,-0.0,-0.0,10693.548387096776,20.0,28.571428571428573,20.0,200.0
2030-05-11 08:00:00,10922.119815668206,-0.0,-0.0,10693.548387096776,20.0,28.571428571428573,20.0,200.0
2030-05-11 09:00:00,10922.119815668206,-0.0,-0.0,10693.548387096776,20.0,28.571428571428573,20.0,200.0
2030-05-11 10:00:00,10922.119815668206,-0.0,-0.0,10693.548387096776,20.0,28.571428571428573,20.0,200.0
2030-05-11 11:00:00,10922.119815668206,-0.0,-0.0,10693.548387096776,20.0,28.571428571428573,20.0,200.0
2030-05-11 12:00:00,-0.0,10922.119815668206,-0.0,10693.548387096776,20.0,28.571428571428573,20.0,200.0
2030-05-11 13:00:00,-0.0,10922.119815668206,-0.0,10693.548387096776,20.0,28.571428571428573,20.0,200.0
2030-05-11 14:00:00,-0.0,10922.119815668206,-0.0,10693.548387096776,20.0,28.571428571428573,20.0,200.0
2030-05-11 15:00:00,-0.0,10922.119815668206,-0.0,10693.548387096776,20.0,28.571428571428573,20.0,200.0
2030-05-11 16:00:00,-0.0,10922.119815668206,-0.0,10693.548387096776,20.0,28.571428571428573,20.0,200.0
2030-05-11 17:00:00,-0.0,10922.119815668206,-0.0,10693.548387096776,20.0,28.571428571428573,20.0,200.0
2030-05-11 18:00:00,-0.0,10922.119815668206,-0.0,10693.548387096776,20.0,28.571428571428573,20.0,200.0
2030-05-11 19:00:00,-0.0,10922.119815668206,-0.0,10693.548387096776,20.0,28.571428571428573,20.0,200.0
2030-05-11 20:00:00,-0.0,10922.119815668206,-0.0,10693.548387096776,20.0,28.571428571428573,20.0,200.0
2030-05-11 21:00:00,-0.0,10922.119815668206,-0.0,10693.548387096776,20.0,28.571428571428573,20.0,200.0
2030-05-11 22:00:00,-0.0,10922.119815668206,-0.0,10693.548387096776,20.0,28.571428571428573,20.0,200.0
2030-05-11 23:00:00,-0.0,10922.119815668206,-0.0,10693.548387096776,20.0,28.571428571428573,20.0,200.0
2030-05-12 00:00:00,-0.0,10922.119815668206,-0.0,10693.548387096776,20.0,28.571428571428573,20.0,200.0
2030-05-12 01:00:00,-0.0,10922.119815668206,-0.0,10693.548387096776,20.0,28.571428571428573,20.0,200.0
2030-05-12 02:00:00,10922.119815668206,-0.0,-0.0,10693.548387096776,20.0,28.571428571428573,20.0,200.0
2030-05-12 03:00:00,10922.119815668206,-0.0,-0.0,10693.548387096776,20.0,28.571428571428573,20.0,200.0
2030-05-12 04:00:00,10922.119815668206,-0.0,-0.0,10693.548387096776,20.0,28.571428571428573,20.0,200.0
2030-05-12 05:00:00,10922.119815668206,-0.0,-0.0,10693.548387096776,20.0,28.571428571428573,20.0,200.0
2030-05-12 06:00:00,10922.119815668206,-0.0,-0.0,10693.548387096776,20.0,28.571428571428573,20.0,200.0
2030-05-12 07:00:00,10922.119815668206,-0.0,-0.0,10693.548387096776,20.0,28.571428571428573,20.0,200.0
2030-05-12 08:00:00,10922.119815668206,-0.0,-0.0,10693.548387096776,20.0,28.571428571428573,20.0,200.0
2030-05-12 09:00:00,10922.119815668206,-0.0,-0.0,10693.548387096776,20.0,28.571428571428573,20.0,200.0
2030-05-12 10:00:00,10922.119815668206,-0.0,-0.0,10693.548387096776,20.0,28.571428571428573,20.0,200.0
2030-05-12 11:00:00,10922.119815668206,-0.0,-0.0,10693.548387096776,20.0,28.571428571428573,20.0,200.0
2030-05-12 12:00:00,-0.0,10922.119815668206,-0.0,10693.548387096776,20.0,28.571428571428573,20.0,200.0
2030-05-12 13:00:00,-0.0,10922.119815668206,-0.0,10693.548387096776,20.0,28.571428571428573,20.0,200.0
2030-05-12 14:00:00,-0.0,10922.119815668206,-0.0,10693.548387096776,20.0,28.571428571428573,20.0,200.0
2030-05-12 15:00:00,-0.0,10922.119815668206,-0.0,10693.548387096776,20.0,28.571428571428573,20.0,200.0
2030-05-12 16:00:00,-0.0,10922.119815668206,-0.0,10693.548387096776,20.0,28.571428571428573,20.0,200.0
2030-05-12 17:00:00,-0.0,10922.119815668206,-0.0,10693.548387096776,20.0,28.571428571428573,20.0,200.0
2030-05-12 18:00:00,-0.0,10924.972823731036,-0.0,10693.548387096776,20.0,31.4244366342589,21.99710564398123,200.0
2030-05-12 19:00:00,-0.0,10927.205612649806,-0.0,10693.548387096776,20.0,33.657225553029114,23.56005788712038,200.0
2030-05-12 20:00:00,-0.0,10927.205612649806,-0.0,10693.548387096776,20.0,33.657225553029114,23.56005788712038,200.0
2030-05-12 21:00:00,-0.0,10927.205612649806,-0.0,10693.548387096776,20.0,33.657225553029114,23.56005788712038,200.0
2030-05-12 22:00:00,-0.0,10927.205612649806,-0.0,10693.548387096776,20.0,33.657225553029114,23.56005788712038,200.0
2030-05-12 23:00:00,-0.0,10927.205612649806,-0.0,10693.548387096776,20.0,33.657225553029114,23.56005788712038,200.0
2030-05-13 00:00:00,-0.0,10927.205612649806,-0.0,10693.548387096776,20.0,33.657225553029114,23.56005788712038,200.0
2030-05-13 01:00:00,7706.100552681816,3221.10505996799,-0.0,10693.548387096776,20.0,33.657225553029114,23.56005788712038,200.0
2030-05-13 02:00:00,10927.205612649806,-0.0,-0.0,10693.548387096776,20.0,33.657225553029114,23.56005788712038,200.0
2030-05-13 03:00:00,10927.205612649806,-0.0,-0.0,10693.548387096776,20.0,33.657225553029114,23.56005788712038,200.0
2030-05-13 04:00:00,10927.205612649806,-0.0,-0.0,10693.548387096776,20.0,33.657225553029114,23.56005788712038,200.0
2030-05-13 05:00:00,10927.205612649806,-0.0,-0.0,10693.548387096776,20.0,33.657225553029114,23.56005788712038,200.0
2030-05-13 06:00:00,10927.205612649806,-0.0,-0.0,10693.548387096776,20.0,33.657225553029114,23.56005788712038,200.0
2030-05-13 07:00:00,10927.205612649806,-0.0,-0.0,10693.548387096776,20.0,33.657225553029114,23.56005788712038,200.0
2030-05-13 08:00:00,10927.205612649806,-0.0,-0.0,10693.548387096776,20.0,33.657225553029114,23.56005788712038,200.0
2030-05-13 09:00:00,10927.205612649806,-0.0,-0.0,10693.548387096776,20.0,33.657225553029114,23.56005788712038,200.0
2030-05-13 10:00:00,10927.205612649806,-0.0,-0.0,10693.548387096776,20.0,33.657225553029114,23.56005788712038,200.0
2030-05-13 11:00:00,10927.205612649806,-0.0,-0.0,10693.548387096776,20.0,33.657225553029114,23.56005788712038,200.0
2030-05-13 12:00:00,10927.205612649806,-0.0,-0.0,10693.548387096776,20.0,33.657225553029114,23.56005788712038,200.0
2030-05-13 13:00:00,-0.0,10927.205612649806,-0.0,10693.548387096776,20.0,33.657225553029114,23.56005788712038,200.0
2030-05-13 14:00:00,-0.0,10927.205612649806,-0.0,10693.548387096776,20.0,33.657225553029114,23.56005788712038,200.0
2030-05-13 15:00:00,-0.0,10927.205612649806,-0.0,10693.548387096776,20.0,33.657225553029114,23.56005788712038,200.0
2030-05-13 16:00:00,-0.0,10927.205612649806,-0.0,10693.548387096776,20.0,33.657225553029114,23.56005788712038,200.0
2030-05-13 17:00:00,-0.0,10927.205612649806,-0.0,10693.548387096776,20.0,33.657225553029114,23.56005788712038,200.0
2030-05-13 18:00:00,-0.0,10927.205612649806,-0.0,10693.548387096776,20.0,33.657225553029114,23.56005788712038,200.0
2030-05-13 19:00:00,-0.0,10927.205612649806,-0.0,10693.548387096776,20.0,33.657225553029114,23.56005788712038,200.0
2030-05-13 20:00:00,-0.0,10927.205612649806,-0.0,10693.548387096776,20.0,33.657225553029114,23.56005788712038,200.0
2030-05-13 21:00:00,-0.0,10927.205612649806,-0.0,10693.548387096776,20.0,33.657225553029114,23.56005788712038,200.0
2030-05-13 22:00:00,-0.0,10927.205612649806,-0.0,10693.548387096776,20.0,33.657225553029114,23.56005788712038,200.0
2030-05-13 23:00:00,-0.0,10927.205612649806,-0.0,10693.548387096776,20.0,33.657225553029114,23.56005788712038,200.0
2030-05-14 00:00:00,-0.0,10927.205612649806,-0.0,10693.548387096776,20.0,33.657225553029114,23.56005788712038,200.0
2030-05-14 01:00:00,5360.268297001047,5566.937315648759,-0.0,10693.548387096776,20.0,33.657225553029114,23.56005788712038,200.0
2030-05-14 02:00:00,10927.205612649806,-0.0,-0.0,10693.548387096776,20.0,33.657225553029114,23.56005788712038,200.0
2030-05-14 03:00:00,10927.205612649806,-0.0,-0.0,10693.548387096776,20.0,33.657225553029114,23.56005788712038,200.0
2030-05-14 04:00:00,10927.205612649806,-0.0,-0.0,10693.548387096776,20.0,33.657225553029114,23.56005788712038,200.0
2030-05-14 05:00:00,10927.205612649806,-0.0,-0.0,10693.548387096776,20.0,33.657225553029114,23.56005788712038,200.0
2030-05-14 06:00:00,10927.205612649806,-0.0,-0.0,10693.548387096776,20.0,33.657225553029114,23.56005788712038,200.0
2030-05-14 07:00:00,10927.205612649806,-0.0,-0.0,10693.548387096776,20.0,33.657225553029114,23.56005788712038,200.0
2030-05-14 08:00:00,10927.205612649806,-0.0,-0.0,10693.548387096776,20.0,33.657225553029114,23.56005788712038,200.0
2030-05-14 09:00:00,10927.205612649806,-0.0,-0.0,10693.548387096776,20.0,33.657225553029114,23.56005788712038,200.0
2030-05-14 10:00:00,10927.205612649806,-0.0,-0.0,10693.548387096776,20.0,33.657225553029114,23.56005788712038,200.0
2030-05-14 11:00:00,-0.0,10927.205612649806,-0.0,10693.548387096776,20.0,33.657225553029114,23.56005788712038,200.0
2030-05-14 12:00:00,-0.0,10927.205612649806,-0.0,10693.548387096776,20.0,33.657225553029114,23.56005788712038,200.0
2030-05-14 13:00:00,1691.7859397130367,9235.41967293677,-0.0,10693.548387096776,20.0,33.657225553029114,23.56005788712038,200.0
2030-05-14 14:00:00,-0.0,10927.205612649806,-0.0,10693.548387096776,20.0,33.657225553029114,23.56005788712038,200.0
2030-05-14 15:00:00,-0.0,10927.205612649806,-0.0,10693.548387096776,20.0,33.657225553029114,23.56005788712038,200.0
2030-05-14 16:00:00,-0.0,10927.205612649806,-0.0,10693.548387096776,20.0,33.657225553029114,23.56005788712038,200.0
2030-05-14 17:00:00,-0.0,10927.205612649806,-0.0,10693.548387096776,20.0,33.657225553029114,23.56005788712038,200.0
2030-05-14 18:00:00,-0.0,10927.205612649806,-0.0,10693.548387096776,20.0,33.657225553029114,23.56005788712038,200.0
2030-05-14 19:00:00,-0.0,10927.205612649806,-0.0,10693.548387096776,20.0,33.657225553029114,23.56005788712038,200.0
2030-05-14 20:00:00,-0.0,6511.96193176913,4181.586455327646,10693.548387096776,20.0,-0.0,-0.0,0.0
2030-05-14 21:00:00,-0.0,5094.791124388843,5598.7572627079335,10693.548387096776,20.0,-0.0,-0.0,0.0
2030-05-14 22:00:00,-0.0,3677.6203170085287,7015.928070088248,10693.548387096776,20.0,-0.0,-0.0,0.0
2030-05-14 23:00:00,-0.0,2462.9024821111293,8230.645904985648,10693.548387096776,20.0,-0.0,-0.0,0.0
2030-05-15 00:00:00,837.0545061272247,-0.0,9856.493880969552,10693.548387096776,20.0,-0.0,-0.0,0.0
2030-05-15 01:00:00,2349.991532729848,-0.0,8343.556854366929,10693.548387096776,20.0,-0.0,-0.0,0.0
2030-05-15 02:00:00,2440.4558085473145,8486.749804102492,-0.0,10693.548387096776,20.0,33.657225553029114,23.56005788712038,200.0
2030-05-15 03:00:00,4570.005657675966,2462.9024821111293,3660.6402473096814,10693.548387096776,20.0,-0.0,-0.0,0.0
2030-05-15 04:00:00,3627.9294060594866,-0.0,7065.61898103729,10693.548387096776,20.0,-0.0,-0.0,0.0
2030-05-15 05:00:00,3699.676935156106,6511.96193176913,481.90952017153995,10693.548387096776,20.0,-0.0,-0.0,0.0
2030-05-15 06:00:00,6294.0259945193675,4628.093821148837,-0.0,10693.548387096776,20.0,28.571428571428573,20.0,200.0
2030-05-15 07:00:00,5292.680044953508,5629.439770714697,-0.0,10693.548387096776,20.0,28.571428571428573,20.0,200.0
2030-05-15 08:00:00,-0.0,10922.119815668206,-0.0,10693.548387096776,20.0,28.571428571428573,20.0,200.0
2030-05-15 09:00:00,-0.0,10922.119815668206,-0.0,10693.548387096776,20.0,28.571428571428573,20.0,200.0
2030-05-15 10:00:00,-0.0,10922.119815668206,-0.0,10693.548387096776,20.0,28.571428571428573,20.0,200.0
2030-05-15 11:00:00,7126.921223597514,3795.198592070691,-0.0,10693.548387096776,20.0,28.571428571428573,20.0,200.0
2030-05-15 12:00:00,-0.0,10922.119815668206,-0.0,10693.548387096776,20.0,28.571428571428573,20.0,200.0
2030-05-15 13:00:00,-0.0,10922.119815668206,-0.0,10693.548387096776,20.0,28.571428571428573,20.0,200.0
2030-05-15 14:00:00,-0.0,10922.119815668206,-0.0,10693.548387096776,20.0,28.571428571428573,20.0,200.0
2030-05-15 15:00:00,-0.0,10922.119815668206,-0.0,10693.548387096776,20.0,28.571428571428573,20.0,200.0
2030-05-15 16:00:00,-0.0,10922.119815668206,-0.0,10693.548387096776,20.0,28.571428571428573,20.0,200.0
2030-05-15 17:00:00,-0.0,10922.119815668206,-0.0,10693.548387096776,20.0,28.571428571428573,20.0,200.0
2030-05-15 18:00:00,-0.0,10922.119815668206,-0.0,10693.548387096776,20.0,28.571428571428573,20.0,200.0
2030-05-15 19:00:00,-0.0,10922.119815668206,-0.0,10693.548387096776,20.0,28.571428571428573,20.0,200.0
2030-05-15 20:00:00,-0.0,10922.119815668206,-0.0,10693.548387096776,20.0,28.571428571428573,20.0,200.0
2030-05-15 21:00:00,-0.0,10922.119815668206,-0.0,10693.548387096776,20.0,28.571428571428573,20.0,200.0
2030-05-15 22:00:00,-0.0,10922.119815668206,-0.0,10693.548387096776,20.0,28.571428571428573,20.0,200.0
2030-05-15 23:00:00,-0.0,10922.119815668206,-0.0,10693.548387096776,20.0,28.571428571428573,20.0,200.0
2030-05-16 00:00:00,1356.964137262147,9565.15567840606,-0.0,10693.548387096776,20.0,28.571428571428573,20.0,200.0
2030-05-16 01:00:00,8307.116086273787,2615.003729394418,-0.0,10693.548387096776,20.0,28.571428571428573,20.0,200.0
2030-05-16 02:00:00,10922.119815668206,-0.0,-0.0,10693.548387096776,20.0,28.571428571428573,20.0,200.0
2030-05-16 03:00:00,10922.119815668206,-0.0,-0.0,10693.548387096776,20.0,28.571428571428573,20.0,200.0
2030-05-16 04:00:00,10922.119815668206,-0.0,-0.0,10693.548387096776,20.0,28.571428571428573,20.0,200.0
2030-05-16 05:00:00,10922.119815668206,-0.0,-0.0,10693.548387096776,20.0,28.571428571428573,20.0,200.0
2030-05-16 06:00:00,10922.119815668206,-0.0,-0.0,10693.548387096776,20.0,28.571428571428573,20.0,200.0
2030-05-16 07:00:00,10922.119815668206,-0.0,-0.0,10693.548387096776,20.0,28.571428571428573,20.0,200.0
2030-05-16 08:00:00,10922.119815668206,-0.0,-0.0,10693.548387096776,20.0,28.571428571428573,20.0,200.0
2030-05-16 09:00:00,10922.119815668206,-0.0,-0.0,10693.548387096776,20.0,28.571428571428573,20.0,200.0
2030-05-16 10:00:00,10922.119815668206,-0.0,-0.0,10693.548387096776,20.0,28.571428571428573,20.0,200.0
2030-05-16 11:00:00,10922.119815668206,-0.0,-0.0,10693.548387096776,20.0,28.571428571428573,20.0,200.0
2030-05-16 12:00:00,10922.119815668206,-0.0,-0.0,10693.548387096776,20.0,28.571428571428573,20.0,200.0
2030-05-16 13:00:00,-0.0,10922.119815668206,-0.0,10693.548387096776,20.0,28.571428571428573,20.0,200.0
2030-05-16 14:00:00,-0.0,10922.119815668206,-0.0,10693.548387096776,20.0,28.571428571428573,20.0,200.0
2030-05-16 15:00:00,-0.0,10922.119815668206,-0.0,10693.548387096776,20.0,28.571428571428573,20.0,200.0
2030-05-16 16:00:00,-0.0,10922.119815668206,-0.0,10693.548387096776,20.0,28.571428571428573,20.0,200.0
2030-05-16 17:00:00,-0.0,10922.119815668206,-0.0,10693.548387096776,20.0,28.571428571428573,20.0,200.0
2030-05-16 18:00:00,-0.0,10927.205612649806,-0.0,10693.548387096776,20.0,33.657225553029114,23.56005788712038,200.0
2030-05-16 19:00:00,-0.0,10917.034018686605,-0.0,10693.548387096776,20.0,23.48563158982803,16.43994211287962,200.0
2030-05-16 20:00:00,-0.0,10922.119815668206,-0.0,10693.548387096776,20.0,28.571428571428573,20.0,200.0
2030-05-16 21:00:00,-0.0,10922.119815668206,-0.0,10693.548387096776,20.0,28.571428571428573,20.0,200.0
2030-05-16 22:00:00,-0.0,10922.119815668206,-0.0,10693.548387096776,20.0,28.571428571428573,20.0,200.0
2030-05-16 23:00:00,-0.0,10922.119815668206,-0.0,10693.548387096776,20.0,28.571428571428573,20.0,200.0
2030-05-17 00:00:00,1510.8573880780837,9411.262427590122,-0.0,10693.548387096776,20.0,28.571428571428573,20.0,200.0
2030-05-17 01:00:00,8298.797532175628,2623.3222834925773,-0.0,10693.548387096776,20.0,28.571428571428573,20.0,200.0
2030-05-17 02:00:00,10922.119815668206,-0.0,-0.0,10693.548387096776,20.0,28.571428571428573,20.0,200.0
2030-05-17 03:00:00,10922.119815668206,-0.0,-0.0,10693.548387096776,20.0,28.571428571428573,20.0,200.0
2030-05-17 04:00:00,10922.119815668206,-0.0,-0.0,10693.548387096776,20.0,28.571428571428573,20.0,200.0
2030-05-17 05:00:00,10922.119815668206,-0.0,-0.0,10693.548387096776,20.0,28.571428571428573,20.0,200.0
2030-05-17 06:00:00,10922.119815668206,-0.0,-0.0,10693.548387096776,20.0,28.571428571428573,20.0,200.0
2030-05-17 07:00:00,10922.119815668206,-0.0,-0.0,10693.548387096776,20.0,28.571428571428573,20.0,200.0
2030-05-17 08:00:00,10922.119815668206,-0.0,-0.0,10693.548387096776,20.0,28.571428571428573,20.0,200.0
2030-05-17 09:00:00,10923.318906013455,-0.0,-0.0,10693.548387096776,20.0,29.770518916679755,20.839363241675827,200.0
2030-05-17 10:00:00,10927.205612649806,-0.0,-0.0,10693.548387096776,20.0,33.657225553029114,23.56005788712038,200.0
2030-05-17 11:00:00,10927.205612649806,-0.0,-0.0,10693.548387096776,20.0,33.657225553029114,23.56005788712038,200.0
2030-05-17 12:00:00,6827.453276063798,4099.752336586009,-0.0,10693.548387096776,20.0,33.657225553029114,23.56005788712038,200.0
2030-05-17 13:00:00,-0.0,10927.205612649806,-0.0,10693.548387096776,20.0,33.657225553029114,23.56005788712038,200.0
2030-05-17 14:00:00,-0.0,10927.205612649806,-0.0,10693.548387096776,20.0,33.657225553029114,23.56005788712038,200.0
2030-05-17 15:00:00,-0.0,10927.205612649806,-0.0,10693.548387096776,20.0,33.657225553029114,23.56005788712038,200.0
2030-05-17 16:00:00,-0.0,10927.205612649806,-0.0,10693.548387096776,20.0,33.657225553029114,23.56005788712038,200.0
2030-05-17 17:00:00,-0.0,10927.205612649806,-0.0,10693.548387096776,20.0,33.657225553029114,23.56005788712038,200.0
2030-05-17 18:00:00,-0.0,10927.205612649806,-0.0,10693.548387096776,20.0,33.657225553029114,23.56005788712038,200.0
2030-05-17 19:00:00,-0.0,10927.205612649806,-0.0,10693.548387096776,20.0,33.657225553029114,23.56005788712038,200.0
2030-05-17 20:00:00,-0.0,10927.205612649806,-0.0,10693.548387096776,20.0,33.657225553029114,23.56005788712038,200.0
2030-05-17 21:00:00,-0.0,3677.6203170085287,7015.928070088248,10693.548387096776,20.0,-0.0,-0.0,0.0
2030-05-17 22:00:00,-0.0,9346.303546529733,1347.2448405670439,10693.548387096776,20.0,-0.0,-0.0,0.0
2030-05-17 23:00:00,-0.0,10922.119815668206,-0.0,10693.548387096776,20.0,28.571428571428573,20.0,200.0
2030-05-18 00:00:00,1528.534315536671,9393.585500131534,-0.0,10693.548387096776,20.0,28.571428571428573,20.0,200.0
2030-05-18 01:00:00,8181.297955539135,2740.82186012907,-0.0,10693.548387096776,20.0,28.571428571428573,20.0,200.0
2030-05-18 02:00:00,10922.119815668206,-0.0,-0.0,10693.548387096776,20.0,28.571428571428573,20.0,200.0
2030-05-18 03:00:00,10922.119815668206,-0.0,-0.0,10693.548387096776,20.0,28.571428571428573,20.0,200.0
2030-05-18 04:00:00,10922.119815668206,-0.0,-0.0,10693.548387096776,20.0,28.571428571428573,20.0,200.0
2030-05-18 05:00:00,10922.119815668206,-0.0,-0.0,10693.548387096776,20.0,28.571428571428573,20.0,200.0
2030-05-18 06:00:00,10922.119815668206,-0.0,-0.0,10693.548387096776,20.0,28.571428571428573,20.0,200.0
2030-05-18 07:00:00,-0.0,10925.717086703959,-0.0,10693.548387096776,20.0,32.16869960718211,22.518089725027476,200.0
2030-05-18 08:00:00,10927.205612649806,-0.0,-0.0,10693.548387096776,20.0,33.657225553029114,23.56005788712038,200.0
2030-05-18 09:00:00,-0.0,10927.205612649806,-0.0,10693.548387096776,20.0,33.657225553029114,23.56005788712038,200.0
2030-05-18 10:00:00,10927.205612649806,-0.0,-0.0,10693.548387096776,20.0,33.657225553029114,23.56005788712038,200.0
2030-05-18 11:00:00,10927.205612649806,-0.0,-0.0,10693.548387096776,20.0,33.657225553029114,23.56005788712038,200.0
2030-05-18 12:00:00,10849.474182523556,77.73143012625042,-0.0,10693.548387096776,20.0,33.657225553029114,23.56005788712038,200.0
2030-05-18 13:00:00,-0.0,10927.205612649806,-0.0,10693.548387096776,20.0,33.657225553029114,23.56005788712038,200.0
2030-05-18 14:00:00,-0.0,10927.205612649806,-0.0,10693.548387096776,20.0,33.657225553029114,23.56005788712038,200.0
2030-05-18 15:00:00,-0.0,10927.205612649806,-0.0,10693.548387096776,20.0,33.657225553029114,23.56005788712038,200.0
2030-05-18 16:00:00,-0.0,10927.205612649806,-0.0,10693.548387096776,20.0,33.657225553029114,23.56005788712038,200.0
2030-05-18 17:00:00,-0.0,10927.205612649806,-0.0,10693.548387096776,20.0,33.657225553029114,23.56005788712038,200.0
2030-05-18 18:00:00,-0.0,10927.205612649806,-0.0,10693.548387096776,20.0,33.657225553029114,23.56005788712038,200.0
2030-05-18 19:00:00,-0.0,10927.205612649806,-0.0,10693.548387096776,20.0,33.657225553029114,23.56005788712038,200.0
2030-05-18 20:00:00,-0.0,10927.205612649806,-0.0,10693.548387096776,20.0,33.657225553029114,23.56005788712038,200.0
2030-05-18 21:00:00,-0.0,10927.205612649806,-0.0,10693.548387096776,20.0,33.657225553029114,23.56005788712038,200.0
2030-05-18 22:00:00,-0.0,10927.205612649806,-0.0,10693.548387096776,20.0,33.657225553029114,23.56005788712038,200.0
2030-05-18 23:00:00,-0.0,10927.205612649806,-0.0,10693.548387096776,20.0,33.657225553029114,23.56005788712038,200.0
2030-05-19 00:00:00,-0.0,10927.205612649806,-0.0,10693.548387096776,20.0,33.657225553029114,23.56005788712038,200.0
2030-05-19 01:00:00,8237.448195701707,2689.7574169480995,-0.0,10693.548387096776,20.0,33.657225553029114,23.56005788712038,200.0
2030-05-19 02:00:00,10927.205612649806,-0.0,-0.0,10693.548387096776,20.0,33.657225553029114,23.56005788712038,200.0
2030-05-19 03:00:00,10927.205612649806,-0.0,-0.0,10693.548387096776,20.0,33.657225553029114,23.56005788712038,200.0
2030-05-19 04:00:00,10927.205612649806,-0.0,-0.0,10693.548387096776,20.0,33.657225553029114,23.56005788712038,200.0
2030-05-19 05:00:00,10927.205612649806,-0.0,-0.0,10693.548387096776,20.0,33.657225553029114,23.56005788712038,200.0
2030-05-19 06:00:00,10927.205612649806,-0.0,-0.0,10693.548387096776,20.0,33.657225553029114,23.56005788712038,200.0
2030-05-19 07:00:00,10927.205612649806,-0.0,-0.0,10693.548387096776,20.0,33.657225553029114,23.56005788712038,200.0
2030-05-19 08:00:00,10927.205612649806,-0.0,-0.0,10693.548387096776,20.0,33.657225553029114,23.56005788712038,200.0
2030-05-19 09:00:00,10927.205612649806,-0.0,-0.0,10693.548387096776,20.0,33.657225553029114,23.56005788712038,200.0
2030-05-19 10:00:00,10927.205612649806,-0.0,-0.0,10693.548387096776,20.0,33.657225553029114,23.56005788712038,200.0
2030-05-19 11:00:00,10927.205612649806,-0.0,-0.0,10693.548387096776,20.0,33.657225553029114,23.56005788712038,200.0
2030-05-19 12:00:00,8187.536871112743,2739.6687415370634,-0.0,10693.548387096776,20.0,33.657225553029114,23.56005788712038,200.0
2030-05-19 13:00:00,-0.0,10927.205612649806,-0.0,10693.548387096776,20.0,33.657225553029114,23.56005788712038,200.0
2030-05-19 14:00:00,-0.0,10927.205612649806,-0.0,10693.548387096776,20.0,33.657225553029114,23.56005788712038,200.0
2030-05-19 15:00:00,-0.0,10927.205612649806,-0.0,10693.548387096776,20.0,33.657225553029114,23.56005788712038,200.0
2030-05-19 16:00:00,-0.0,10927.205612649806,-0.0,10693.548387096776,20.0,33.657225553029114,23.56005788712038,200.0
2030-05-19 17:00:00,-0.0,6511.96193176913,4181.586455327646,10693.548387096776,20.0,-0.0,-0.0,0.0
2030-05-19 18:00:00,-0.0,-0.0,10693.548387096776,10693.548387096776,20.0,-0.0,-0.0,0.0
2030-05-19 19:00:00,-0.0,-0.0,10693.548387096776,10693.548387096776,20.0,-0.0,-0.0,0.0
2030-05-19 20:00:00,-0.0,-0.0,10693.548387096776,10693.548387096776,20.0,-0.0,-0.0,0.0
2030-05-19 21:00:00,-0.0,-0.0,10693.548387096776,10693.548387096776,20.0,-0.0,-0.0,0.0
2030-05-19 22:00:00,-0.0,7929.132739149419,2764.4156479473577,10693.548387096776,20.0,-0.0,-0.0,0.0
2030-05-19 23:00:00,-0.0,10922.119815668206,-0.0,10693.548387096776,20.0,28.571428571428573,20.0,200.0
2030-05-20 00:00:00,-0.0,10922.119815668206,-0.0,10693.548387096776,20.0,28.571428571428573,20.0,200.0
2030-05-20 01:00:00,6276.34906706078,4645.770748607425,-0.0,10693.548387096776,20.0,28.571428571428573,20.0,200.0
2030-05-20 02:00:00,-0.0,10922.119815668206,-0.0,10693.548387096776,20.0,28.571428571428573,20.0,200.0
2030-05-20 03:00:00,10922.119815668206,-0.0,-0.0,10693.548387096776,20.0,28.571428571428573,20.0,200.0
2030-05-20 04:00:00,10922.119815668206,-0.0,-0.0,10693.548387096776,20.0,28.571428571428573,20.0,200.0
2030-05-20 05:00:00,10922.119815668206,-0.0,-0.0,10693.548387096776,20.0,28.571428571428573,20.0,200.0
2030-05-20 06:00:00,10922.119815668206,-0.0,-0.0,10693.548387096776,20.0,28.571428571428573,20.0,200.0
2030-05-20 07:00:00,10922.119815668206,-0.0,-0.0,10693.548387096776,20.0,28.571428571428573,20.0,200.0
2030-05-20 08:00:00,-0.0,10922.119815668206,-0.0,10693.548387096776,20.0,28.571428571428573,20.0,200.0
2030-05-20 09:00:00,10922.119815668206,-0.0,-0.0,10693.548387096776,20.0,28.571428571428573,20.0,200.0
2030-05-20 10:00:00,10922.119815668206,-0.0,-0.0,10693.548387096776,20.0,28.571428571428573,20.0,200.0
2030-05-20 11:00:00,10922.119815668206,-0.0,-0.0,10693.548387096776,20.0,28.571428571428573,20.0,200.0
2030-05-20 12:00:00,-0.0,10922.119815668206,-0.0,10693.548387096776,20.0,28.571428571428573,20.0,200.0
2030-05-20 13:00:00,-0.0,10922.119815668206,-0.0,10693.548387096776,20.0,28.571428571428573,20.0,200.0
2030-05-20 14:00:00,-0.0,10922.119815668206,-0.0,10693.548387096776,20.0,28.571428571428573,20.0,200.0
2030-05-20 15:00:00,-0.0,10922.119815668206,-0.0,10693.548387096776,20.0,28.571428571428573,20.0,200.0
2030-05-20 16:00:00,-0.0,10922.119815668206,-0.0,10693.548387096776,20.0,28.571428571428573,20.0,200.0
2030-05-20 17:00:00,-0.0,10922.119815668206,-0.0,10693.548387096776,20.0,28.571428571428573,20.0,200.0
2030-05-20 18:00:00,-0.0,10922.119815668206,-0.0,10693.548387096776,20.0,28.571428571428573,20.0,200.0
2030-05-20 19:00:00,-0.0,10922.119815668206,-0.0,10693.548387096776,20.0,28.571428571428573,20.0,200.0
2030-05-20 20:00:00,-0.0,10922.119815668206,-0.0,10693.548387096776,20.0,28.571428571428573,20.0,200.0
2030-05-20 21:00:00,-0.0,10922.119815668206,-0.0,10693.548387096776,20.0,28.571428571428573,20.0,200.0
2030-05-20 22:00:00,-0.0,10922.119815668206,-0.0,10693.548387096776,20.0,28.571428571428573,20.0,200.0
2030-05-20 23:00:00,-0.0,10922.119815668206,-0.0,10693.548387096776,20.0,28.571428571428573,20.0,200.0
2030-05-21 00:00:00,1455.7469671777822,9466.372848490424,-0.0,10693.548387096776,20.0,28.571428571428573,20.0,200.0
2030-05-21 01:00:00,8425.65548217255,2496.4643334956554,-0.0,10693.548387096776,20.0,28.571428571428573,20.0,200.0
2030-05-21 02:00:00,10922.119815668206,-0.0,-0.0,10693.548387096776,20.0,28.571428571428573,20.0,200.0
2030-05-21 03:00:00,10922.119815668206,-0.0,-0.0,10693.548387096776,20.0,28.571428571428573,20.0,200.0
2030-05-21 04:00:00,10922.119815668206,-0.0,-0.0,10693.548387096776,20.0,28.571428571428573,20.0,200.0
2030-05-21 05:00:00,10922.119815668206,-0.0,-0.0,10693.548387096776,20.0,28.571428571428573,20.0,200.0
2030-05-21 06:00:00,10922.119815668206,-0.0,-0.0,10693.548387096776,20.0,28.571428571428573,20.0,200.0
2030-05-21 07:00:00,10922.119815668206,-0.0,-0.0,10693.548387096776,20.0,28.571428571428573,20.0,200.0
2030-05-21 08:00:00,10922.119815668206,-0.0,-0.0,10693.548387096776,20.0,28.571428571428573,20.0,200.0
2030-05-21 09:00:00,10922.119815668206,-0.0,-0.0,10693.548387096776,20.0,28.571428571428573,20.0,200.0
2030-05-21 10:00:00,10922.119815668206,-0.0,-0.0,10693.548387096776,20.0,28.571428571428573,20.0,200.0
2030-05-21 11:00:00,10922.119815668206,-0.0,-0.0,10693.548387096776,20.0,28.571428571428573,20.0,200.0
2030-05-21 12:00:00,-0.0,10922.119815668206,-0.0,10693.548387096776,20.0,28.571428571428573,20.0,200.0
2030-05-21 13:00:00,-0.0,10927.205612649806,-0.0,10693.548387096776,20.0,33.657225553029114,23.56005788712038,200.0
2030-05-21 14:00:00,-0.0,10917.034018686605,-0.0,10693.548387096776,20.0,23.48563158982803,16.43994211287962,200.0
2030-05-21 15:00:00,-0.0,10922.119815668206,-0.0,10693.548387096776,20.0,28.571428571428573,20.0,200.0
2030-05-21 16:00:00,-0.0,10922.119815668206,-0.0,10693.548387096776,20.0,28.571428571428573,20.0,200.0
2030-05-21 17:00:00,-0.0,10922.119815668206,-0.0,10693.548387096776,20.0,28.571428571428573,20.0,200.0
2030-05-21 18:00:00,-0.0,10922.119815668206,-0.0,10693.548387096776,20.0,28.571428571428573,20.0,200.0
2030-05-21 19:00:00,-0.0,10922.119815668206,-0.0,10693.548387096776,20.0,28.571428571428573,20.0,200.0
2030-05-21 20:00:00,-0.0,10922.119815668206,-0.0,10693.548387096776,20.0,28.571428571428573,20.0,200.0
2030-05-21 21:00:00,-0.0,10922.119815668206,-0.0,10693.548387096776,20.0,28.571428571428573,20.0,200.0
2030-05-21 22:00:00,-0.0,10922.119815668206,-0.0,10693.548387096776,20.0,28.571428571428573,20.0,200.0
2030-05-21 23:00:00,-0.0,10922.119815668206,-0.0,10693.548387096776,20.0,28.571428571428573,20.0,200.0
2030-05-22 00:00:00,1930.944370035101,8991.175445633105,-0.0,10693.548387096776,20.0,28.571428571428573,20.0,200.0
2030-05-22 01:00:00,8532.756866186342,2389.3629494818624,-0.0,10693.548387096776,20.0,28.571428571428573,20.0,200.0
2030-05-22 02:00:00,10922.119815668206,-0.0,-0.0,10693.548387096776,20.0,28.571428571428573,20.0,200.0
2030-05-22 03:00:00,10926.047870247425,-0.0,-0.0,10693.548387096776,20.0,32.49948315064858,22.749638205454005,200.0
2030-05-22 04:00:00,10927.205612649806,-0.0,-0.0,10693.548387096776,20.0,33.657225553029114,23.56005788712038,200.0
2030-05-22 05:00:00,10927.205612649806,-0.0,-0.0,10693.548387096776,20.0,33.657225553029114,23.56005788712038,200.0
2030-05-22 06:00:00,10927.205612649806,-0.0,-0.0,10693.548387096776,20.0,33.657225553029114,23.56005788712038,200.0
2030-05-22 07:00:00,10927.205612649806,-0.0,-0.0,10693.548387096776,20.0,33.657225553029114,23.56005788712038,200.0
2030-05-22 08:00:00,10927.205612649806,-0.0,-0.0,10693.548387096776,20.0,33.657225553029114,23.56005788712038,200.0
2030-05-22 09:00:00,10927.205612649806,-0.0,-0.0,10693.548387096776,20.0,33.657225553029114,23.56005788712038,200.0
2030-05-22 10:00:00,10927.205612649806,-0.0,-0.0,10693.548387096776,20.0,33.657225553029114,23.56005788712038,200.0
2030-05-22 11:00:00,10927.205612649806,-0.0,-0.0,10693.548387096776,20.0,33.657225553029114,23.56005788712038,200.0
2030-05-22 12:00:00,-0.0,10927.205612649806,-0.0,10693.548387096776,20.0,33.657225553029114,23.56005788712038,200.0
2030-05-22 13:00:00,-0.0,10927.205612649806,-0.0,10693.548387096776,20.0,33.657225553029114,23.56005788712038,200.0
2030-05-22 14:00:00,-0.0,10927.205612649806,-0.0,10693.548387096776,20.0,33.657225553029114,23.56005788712038,200.0
2030-05-22 15:00:00,-0.0,10927.205612649806,-0.0,10693.548387096776,20.0,33.657225553029114,23.56005788712038,200.0
2030-05-22 16:00:00,-0.0,10927.205612649806,-0.0,10693.548387096776,20.0,33.657225553029114,23.56005788712038,200.0
2030-05-22 17:00:00,-0.0,10927.205612649806,-0.0,10693.548387096776,20.0,33.657225553029114,23.56005788712038,200.0
2030-05-22 18:00:00,-0.0,10927.205612649806,-0.0,10693.548387096776,20.0,33.657225553029114,23.56005788712038,200.0
2030-05-22 19:00:00,-0.0,10927.205612649806,-0.0,10693.548387096776,20.0,33.657225553029114,23.56005788712038,200.0
2030-05-22 20:00:00,-0.0,10927.205612649806,-0.0,10693.548387096776,20.0,33.657225553029114,23.56005788712038,200.0
2030-05-22 21:00:00,-0.0,10927.205612649806,-0.0,10693.548387096776,20.0,33.657225553029114,23.56005788712038,200.0
2030-05-22 22:00:00,-0.0,10927.205612649806,-0.0,10693.548387096776,20.0,33.657225553029114,23.56005788712038,200.0
2030-05-22 23:00:00,-0.0,10927.205612649806,-0.0,10693.548387096776,20.0,33.657225553029114,23.56005788712038,200.0
2030-05-23 00:00:00,1677.2284700412588,9249.977142608548,-0.0,10693.548387096776,20.0,33.657225553029114,23.56005788712038,200.0
2030-05-23 01:00:00,8469.327891187882,2457.877721461924,-0.0,10693.548387096776,20.0,33.657225553029114,23.56005788712038,200.0
2030-05-23 02:00:00,10927.205612649806,-0.0,-0.0,10693.548387096776,20.0,33.657225553029114,23.56005788712038,200.0
2030-05-23 03:00:00,10927.205612649806,-0.0,-0.0,10693.548387096776,20.0,33.657225553029114,23.56005788712038,200.0
2030-05-23 04:00:00,10927.205612649806,-0.0,-0.0,10693.548387096776,20.0,33.657225553029114,23.56005788712038,200.0
2030-05-23 05:00:00,10927.205612649806,-0.0,-0.0,10693.548387096776,20.0,33.657225553029114,23.56005788712038,200.0
2030-05-23 06:00:00,10927.205612649806,-0.0,-0.0,10693.548387096776,20.0,33.657225553029114,23.56005788712038,200.0
2030-05-23 07:00:00,10927.205612649806,-0.0,-0.0,10693.548387096776,20.0,33.657225553029114,23.56005788712038,200.0
2030-05-23 08:00:00,10927.205612649806,-0.0,-0.0,10693.548387096776,20.0,33.657225553029114,23.56005788712038,200.0
2030-05-23 09:00:00,10927.205612649806,-0.0,-0.0,10693.548387096776,20.0,33.657225553029114,23.56005788712038,200.0
2030-05-23 10:00:00,10927.205612649806,-0.0,-0.0,10693.548387096776,20.0,33.657225553029114,23.56005788712038,200.0
2030-05-23 11:00:00,10927.205612649806,-0.0,-0.0,10693.548387096776,20.0,33.657225553029114,23.56005788712038,200.0
2030-05-23 12:00:00,10927.205612649806,-0.0,-0.0,10693.548387096776,20.0,33.657225553029114,23.56005788712038,200.0
2030-05-23 13:00:00,-0.0,10927.205612649806,-0.0,10693.548387096776,20.0,33.657225553029114,23.56005788712038,200.0
2030-05-23 14:00:00,-0.0,10927.205612649806,-0.0,10693.548387096776,20.0,33.657225553029114,23.56005788712038,200.0
2030-05-23 15:00:00,-0.0,10927.205612649806,-0.0,10693.548387096776,20.0,33.657225553029114,23.56005788712038,200.0
2030-05-23 16:00:00,-0.0,10927.205612649806,-0.0,10693.548387096776,20.0,33.657225553029114,23.56005788712038,200.0
2030-05-23 17:00:00,-0.0,10927.205612649806,-0.0,10693.548387096776,20.0,33.657225553029114,23.56005788712038,200.0
2030-05-23 18:00:00,-0.0,10927.205612649806,-0.0,10693.548387096776,20.0,33.657225553029114,23.56005788712038,200.0
2030-05-23 19:00:00,-0.0,-0.0,10693.548387096776,10693.548387096776,20.0,-0.0,-0.0,0.0
2030-05-23 20:00:00,-0.0,9346.303546529733,1347.2448405670439,10693.548387096776,20.0,-0.0,-0.0,0.0
2030-05-23 21:00:00,-0.0,10927.205612649806,-0.0,10693.548387096776,20.0,33.657225553029114,23.56005788712038,200.0
2030-05-23 22:00:00,-0.0,10927.205612649806,-0.0,10693.548387096776,20.0,33.657225553029114,23.56005788712038,200.0
2030-05-23 23:00:00,-0.0,10927.205612649806,-0.0,10693.548387096776,20.0,33.657225553029114,23.56005788712038,200.0
2030-05-24 00:00:00,-0.0,10927.205612649806,-0.0,10693.548387096776,20.0,33.657225553029114,23.56005788712038,200.0
2030-05-24 01:00:00,-0.0,10927.205612649806,-0.0,10693.548387096776,20.0,33.657225553029114,23.56005788712038,200.0
2030-05-24 02:00:00,10927.205612649806,-0.0,-0.0,10693.548387096776,20.0,33.657225553029114,23.56005788712038,200.0
2030-05-24 03:00:00,-0.0,10927.205612649806,-0.0,10693.548387096776,20.0,33.657225553029114,23.56005788712038,200.0
2030-05-24 04:00:00,10927.205612649806,-0.0,-0.0,10693.548387096776,20.0,33.657225553029114,23.56005788712038,200.0
2030-05-24 05:00:00,10927.205612649806,-0.0,-0.0,10693.548387096776,20.0,33.657225553029114,23.56005788712038,200.0
2030-05-24 06:00:00,10927.205612649806,-0.0,-0.0,10693.548387096776,20.0,33.657225553029114,23.56005788712038,200.0
2030-05-24 07:00:00,10927.205612649806,-0.0,-0.0,10693.548387096776,20.0,33.657225553029114,23.56005788712038,200.0
2030-05-24 08:00:00,10927.205612649806,-0.0,-0.0,10693.548387096776,20.0,33.657225553029114,23.56005788712038,200.0
2030-05-24 09:00:00,10927.205612649806,-0.0,-0.0,10693.548387096776,20.0,33.657225553029114,23.56005788712038,200.0
2030-05-24 10:00:00,10927.205612649806,-0.0,-0.0,10693.548387096776,20.0,33.657225553029114,23.56005788712038,200.0
2030-05-24 11:00:00,10927.205612649806,-0.0,-0.0,10693.548387096776,20.0,33.657225553029114,23.56005788712038,200.0
2030-05-24 12:00:00,-0.0,10927.205612649806,-0.0,10693.548387096776,20.0,33.657225553029114,23.56005788712038,200.0
2030-05-24 13:00:00,-0.0,10927.205612649806,-0.0,10693.548387096776,20.0,33.657225553029114,23.56005788712038,200.0
2030-05-24 14:00:00,-0.0,10927.205612649806,-0.0,10693.548387096776,20.0,33.657225553029114,23.56005788712038,200.0
2030-05-24 15:00:00,-0.0,10927.205612649806,-0.0,10693.548387096776,20.0,33.657225553029114,23.56005788712038,200.0
2030-05-24 16:00:00,-0.0,10927.205612649806,-0.0,10693.548387096776,20.0,33.657225553029114,23.56005788712038,200.0
2030-05-24 17:00:00,-0.0,10927.205612649806,-0.0,10693.548387096776,20.0,33.657225553029114,23.56005788712038,200.0
2030-05-24 18:00:00,-0.0,10927.205612649806,-0.0,10693.548387096776,20.0,33.657225553029114,23.56005788712038,200.0
2030-05-24 19:00:00,-0.0,10927.205612649806,-0.0,10693.548387096776,20.0,33.657225553029114,23.56005788712038,200.0
2030-05-24 20:00:00,-0.0,10927.205612649806,-0.0,10693.548387096776,20.0,33.657225553029114,23.56005788712038,200.0
2030-05-24 21:00:00,-0.0,10927.205612649806,-0.0,10693.548387096776,20.0,33.657225553029114,23.56005788712038,200.0
2030-05-24 22:00:00,-0.0,10927.205612649806,-0.0,10693.548387096776,20.0,33.657225553029114,23.56005788712038,200.0
2030-05-24 23:00:00,-0.0,10927.205612649806,-0.0,10693.548387096776,20.0,33.657225553029114,23.56005788712038,200.0
2030-05-25 00:00:00,-0.0,10927.205612649806,-0.0,10693.548387096776,20.0,33.657225553029114,23.56005788712038,200.0
2030-05-25 01:00:00,-0.0,10927.205612649806,-0.0,10693.548387096776,20.0,33.657225553029114,23.56005788712038,200.0
2030-05-25 02:00:00,10927.205612649806,-0.0,-0.0,10693.548387096776,20.0,33.657225553029114,23.56005788712038,200.0
2030-05-25 03:00:00,10927.205612649806,-0.0,-0.0,10693.548387096776,20.0,33.657225553029114,23.56005788712038,200.0
2030-05-25 04:00:00,10927.205612649806,-0.0,-0.0,10693.548387096776,20.0,33.657225553029114,23.56005788712038,200.0
2030-05-25 05:00:00,10927.205612649806,-0.0,-0.0,10693.548387096776,20.0,33.657225553029114,23.56005788712038,200.0
2030-05-25 06:00:00,10927.205612649806,-0.0,-0.0,10693.548387096776,20.0,33.657225553029114,23.56005788712038,200.0
2030-05-25 07:00:00,10927.205612649806,-0.0,-0.0,10693.548387096776,20.0,33.657225553029114,23.56005788712038,200.0
2030-05-25 08:00:00,10927.205612649806,-0.0,-0.0,10693.548387096776,20.0,33.657225553029114,23.56005788712038,200.0
2030-05-25 09:00:00,10927.205612649806,-0.0,-0.0,10693.548387096776,20.0,33.657225553029114,23.56005788712038,200.0
2030-05-25 10:00:00,10927.205612649806,-0.0,-0.0,10693.548387096776,20.0,33.657225553029114,23.56005788712038,200.0
2030-05-25 11:00:00,10927.205612649806,-0.0,-0.0,10693.548387096776,20.0,33.657225553029114,23.56005788712038,200.0
2030-05-25 12:00:00,10927.205612649806,-0.0,-0.0,10693.548387096776,20.0,33.657225553029114,23.56005788712038,200.0
2030-05-25 13:00:00,-0.0,10927.205612649806,-0.0,10693.548387096776,20.0,33.657225553029114,23.56005788712038,200.0
2030-05-25 14:00:00,-0.0,10927.205612649806,-0.0,10693.548387096776,20.0,33.657225553029114,23.56005788712038,200.0
2030-05-25 15:00:00,-0.0,10927.205612649806,-0.0,10693.548387096776,20.0,33.657225553029114,23.56005788712038,200.0
2030-05-25 16:00:00,-0.0,10927.205612649806,-0.0,10693.548387096776,20.0,33.657225553029114,23.56005788712038,200.0
2030-05-25 17:00:00,-0.0,10927.205612649806,-0.0,10693.548387096776,20.0,33.657225553029114,23.56005788712038,200.0
2030-05-25 18:00:00,-0.0,10927.205612649806,-0.0,10693.548387096776,20.0,33.657225553029114,23.56005788712038,200.0
2030-05-25 19:00:00,-0.0,10927.205612649806,-0.0,10693.548387096776,20.0,33.657225553029114,23.56005788712038,200.0
2030-05-25 20:00:00,-0.0,10927.205612649806,-0.0,10693.548387096776,20.0,33.657225553029114,23.56005788712038,200.0
2030-05-25 21:00:00,-0.0,10927.205612649806,-0.0,10693.548387096776,20.0,33.657225553029114,23.56005788712038,200.0
2030-05-25 22:00:00,-0.0,10927.205612649806,-0.0,10693.548387096776,20.0,33.657225553029114,23.56005788712038,200.0
2030-05-25 23:00:00,-0.0,10927.205612649806,-0.0,10693.548387096776,20.0,33.657225553029114,23.56005788712038,200.0
2030-05-26 00:00:00,-0.0,10927.205612649806,-0.0,10693.548387096776,20.0,33.657225553029114,23.56005788712038,200.0
2030-05-26 01:00:00,-0.0,10927.205612649806,-0.0,10693.548387096776,20.0,33.657225553029114,23.56005788712038,200.0
2030-05-26 02:00:00,10927.205612649806,-0.0,-0.0,10693.548387096776,20.0,33.657225553029114,23.56005788712038,200.0
2030-05-26 03:00:00,10927.205612649806,-0.0,-0.0,10693.548387096776,20.0,33.657225553029114,23.56005788712038,200.0
2030-05-26 04:00:00,10927.205612649806,-0.0,-0.0,10693.548387096776,20.0,33.657225553029114,23.56005788712038,200.0
2030-05-26 05:00:00,10927.205612649806,-0.0,-0.0,10693.548387096776,20.0,33.657225553029114,23.56005788712038,200.0
2030-05-26 06:00:00,10927.205612649806,-0.0,-0.0,10693.548387096776,20.0,33.657225553029114,23.56005788712038,200.0
2030-05-26 07:00:00,10927.205612649806,-0.0,-0.0,10693.548387096776,20.0,33.657225553029114,23.56005788712038,200.0
2030-05-26 08:00:00,10927.205612649806,-0.0,-0.0,10693.548387096776,20.0,33.657225553029114,23.56005788712038,200.0
2030-05-26 09:00:00,10927.205612649806,-0.0,-0.0,10693.548387096776,20.0,33.657225553029114,23.56005788712038,200.0
2030-05-26 10:00:00,10927.205612649806,-0.0,-0.0,10693.548387096776,20.0,33.657225553029114,23.56005788712038,200.0
2030-05-26 11:00:00,10927.205612649806,-0.0,-0.0,10693.548387096776,20.0,33.657225553029114,23.56005788712038,200.0
2030-05-26 12:00:00,-0.0,10927.205612649806,-0.0,10693.548387096776,20.0,33.657225553029114,23.56005788712038,200.0
2030-05-26 13:00:00,-0.0,10927.205612649806,-0.0,10693.548387096776,20.0,33.657225553029114,23.56005788712038,200.0
2030-05-26 14:00:00,-0.0,10927.205612649806,-0.0,10693.548387096776,20.0,33.657225553029114,23.56005788712038,200.0
2030-05-26 15:00:00,-0.0,10927.205612649806,-0.0,10693.548387096776,20.0,33.657225553029114,23.56005788712038,200.0
2030-05-26 16:00:00,-0.0,10927.205612649806,-0.0,10693.548387096776,20.0,33.657225553029114,23.56005788712038,200.0
2030-05-26 17:00:00,-0.0,10927.205612649806,-0.0,10693.548387096776,20.0,33.657225553029114,23.56005788712038,200.0
2030-05-26 18:00:00,-0.0,6511.96193176913,4181.586455327646,10693.548387096776,20.0,-0.0,-0.0,0.0
2030-05-26 19:00:00,-0.0,-0.0,10693.548387096776,10693.548387096776,20.0,-0.0,-0.0,0.0
2030-05-26 20:00:00,-0.0,-0.0,10693.548387096776,10693.548387096776,20.0,-0.0,-0.0,0.0
2030-05-26 21:00:00,-0.0,-0.0,10693.548387096776,10693.548387096776,20.0,-0.0,-0.0,0.0
2030-05-26 22:00:00,-0.0,-0.0,10693.548387096776,10693.548387096776,20.0,-0.0,-0.0,0.0
2030-05-26 23:00:00,-0.0,-0.0,10693.548387096776,10693.548387096776,20.0,-0.0,-0.0,0.0
2030-05-27 00:00:00,1781.2103962682434,-0.0,8912.337990828533,10693.548387096776,20.0,-0.0,-0.0,0.0
2030-05-27 01:00:00,8433.974036270707,2493.2315763790994,-0.0,10693.548387096776,20.0,33.657225553029114,23.56005788712038,200.0
2030-05-27 02:00:00,10927.205612649806,-0.0,-0.0,10693.548387096776,20.0,33.657225553029114,23.56005788712038,200.0
2030-05-27 03:00:00,10927.205612649806,-0.0,-0.0,10693.548387096776,20.0,33.657225553029114,23.56005788712038,200.0
2030-05-27 04:00:00,10927.205612649806,-0.0,-0.0,10693.548387096776,20.0,33.657225553029114,23.56005788712038,200.0
2030-05-27 05:00:00,10927.205612649806,-0.0,-0.0,10693.548387096776,20.0,33.657225553029114,23.56005788712038,200.0
2030-05-27 06:00:00,10927.205612649806,-0.0,-0.0,10693.548387096776,20.0,33.657225553029114,23.56005788712038,200.0
2030-05-27 07:00:00,10927.205612649806,-0.0,-0.0,10693.548387096776,20.0,33.657225553029114,23.56005788712038,200.0
2030-05-27 08:00:00,10927.205612649806,-0.0,-0.0,10693.548387096776,20.0,33.657225553029114,23.56005788712038,200.0
2030-05-27 09:00:00,10927.205612649806,-0.0,-0.0,10693.548387096776,20.0,33.657225553029114,23.56005788712038,200.0
2030-05-27 10:00:00,10927.205612649806,-0.0,-0.0,10693.548387096776,20.0,33.657225553029114,23.56005788712038,200.0
2030-05-27 11:00:00,10927.205612649806,-0.0,-0.0,10693.548387096776,20.0,33.657225553029114,23.56005788712038,200.0
2030-05-27 12:00:00,-0.0,10927.205612649806,-0.0,10693.548387096776,20.0,33.657225553029114,23.56005788712038,200.0
2030-05-27 13:00:00,-0.0,10927.205612649806,-0.0,10693.548387096776,20.0,33.657225553029114,23.56005788712038,200.0
2030-05-27 14:00:00,-0.0,10927.205612649806,-0.0,10693.548387096776,20.0,33.657225553029114,23.56005788712038,200.0
2030-05-27 15:00:00,-0.0,10927.205612649806,-0.0,10693.548387096776,20.0,33.657225553029114,23.56005788712038,200.0
2030-05-27 16:00:00,-0.0,10927.205612649806,-0.0,10693.548387096776,20.0,33.657225553029114,23.56005788712038,200.0
2030-05-27 17:00:00,-0.0,10927.205612649806,-0.0,10693.548387096776,20.0,33.657225553029114,23.56005788712038,200.0
2030-05-27 18:00:00,-0.0,10927.205612649806,-0.0,10693.548387096776,20.0,33.657225553029114,23.56005788712038,200.0
2030-05-27 19:00:00,-0.0,10927.205612649806,-0.0,10693.548387096776,20.0,33.657225553029114,23.56005788712038,200.0
2030-05-27 20:00:00,-0.0,10927.205612649806,-0.0,10693.548387096776,20.0,33.657225553029114,23.56005788712038,200.0
2030-05-27 21:00:00,-0.0,10927.205612649806,-0.0,10693.548387096776,20.0,33.657225553029114,23.56005788712038,200.0
2030-05-27 22:00:00,-0.0,10927.205612649806,-0.0,10693.548387096776,20.0,33.657225553029114,23.56005788712038,200.0
2030-05-27 23:00:00,-0.0,10927.205612649806,-0.0,10693.548387096776,20.0,33.657225553029114,23.56005788712038,200.0
2030-05-28 00:00:00,1836.3208171685449,9090.88479548126,-0.0,10693.548387096776,20.0,33.657225553029114,23.56005788712038,200.0
2030-05-28 01:00:00,8510.920661678665,2416.2849509711414,-0.0,10693.548387096776,20.0,33.657225553029114,23.56005788712038,200.0
2030-05-28 02:00:00,10927.205612649806,-0.0,-0.0,10693.548387096776,20.0,33.657225553029114,23.56005788712038,200.0
2030-05-28 03:00:00,10927.205612649806,-0.0,-0.0,10693.548387096776,20.0,33.657225553029114,23.56005788712038,200.0
2030-05-28 04:00:00,10927.205612649806,-0.0,-0.0,10693.548387096776,20.0,33.657225553029114,23.56005788712038,200.0
2030-05-28 05:00:00,10927.205612649806,-0.0,-0.0,10693.548387096776,20.0,33.657225553029114,23.56005788712038,200.0
2030-05-28 06:00:00,10927.205612649806,-0.0,-0.0,10693.548387096776,20.0,33.657225553029114,23.56005788712038,200.0
2030-05-28 07:00:00,10927.205612649806,-0.0,-0.0,10693.548387096776,20.0,33.657225553029114,23.56005788712038,200.0
2030-05-28 08:00:00,10927.205612649806,-0.0,-0.0,10693.548387096776,20.0,33.657225553029114,23.56005788712038,200.0
2030-05-28 09:00:00,10927.205612649806,-0.0,-0.0,10693.548387096776,20.0,33.657225553029114,23.56005788712038,200.0
2030-05-28 10:00:00,10927.205612649806,-0.0,-0.0,10693.548387096776,20.0,33.657225553029114,23.56005788712038,200.0
2030-05-28 11:00:00,10927.205612649806,-0.0,-0.0,10693.548387096776,20.0,33.657225553029114,23.56005788712038,200.0
2030-05-28 12:00:00,10927.205612649806,-0.0,-0.0,10693.548387096776,20.0,33.657225553029114,23.56005788712038,200.0
2030-05-28 13:00:00,-0.0,10927.205612649806,-0.0,10693.548387096776,20.0,33.657225553029114,23.56005788712038,200.0
2030-05-28 14:00:00,-0.0,10927.205612649806,-0.0,10693.548387096776,20.0,33.657225553029114,23.56005788712038,200.0
2030-05-28 15:00:00,-0.0,10927.205612649806,-0.0,10693.548387096776,20.0,33.657225553029114,23.56005788712038,200.0
2030-05-28 16:00:00,-0.0,10927.205612649806,-0.0,10693.548387096776,20.0,33.657225553029114,23.56005788712038,200.0
2030-05-28 17:00:00,-0.0,10927.205612649806,-0.0,10693.548387096776,20.0,33.657225553029114,23.56005788712038,200.0
2030-05-28 18:00:00,-0.0,10763.474353910022,-0.0,10693.548387096776,20.0,-0.0,-0.0,69.9259668132454
2030-05-28 19:00:00,-0.0,5094.791124388843,5598.7572627079335,10693.548387096776,20.0,-0.0,-0.0,0.0
2030-05-28 20:00:00,-0.0,5094.791124388843,5598.7572627079335,10693.548387096776,20.0,-0.0,-0.0,0.0
2030-05-28 21:00:00,-0.0,5094.791124388843,5598.7572627079335,10693.548387096776,20.0,-0.0,-0.0,0.0
2030-05-28 22:00:00,-0.0,5094.791124388843,5598.7572627079335,10693.548387096776,20.0,-0.0,-0.0,0.0
2030-05-28 23:00:00,-0.0,3677.6203170085287,7015.928070088248,10693.548387096776,20.0,-0.0,-0.0,0.0
2030-05-29 00:00:00,1844.6393712667036,1045.7316747308414,7803.177341099232,10693.548387096776,20.0,-0.0,-0.0,0.0
2030-05-29 01:00:00,8485.9649993842,-0.0,2207.583387712577,10693.548387096776,20.0,-0.0,-0.0,0.0
2030-05-29 02:00:00,10927.205612649806,-0.0,-0.0,10693.548387096776,20.0,33.657225553029114,23.56005788712038,200.0
2030-05-29 03:00:00,10927.205612649806,-0.0,-0.0,10693.548387096776,20.0,33.657225553029114,23.56005788712038,200.0
2030-05-29 04:00:00,10927.205612649806,-0.0,-0.0,10693.548387096776,20.0,33.657225553029114,23.56005788712038,200.0
2030-05-29 05:00:00,10927.205612649806,-0.0,-0.0,10693.548387096776,20.0,33.657225553029114,23.56005788712038,200.0
2030-05-29 06:00:00,10927.205612649806,-0.0,-0.0,10693.548387096776,20.0,33.657225553029114,23.56005788712038,200.0
2030-05-29 07:00:00,10927.205612649806,-0.0,-0.0,10693.548387096776,20.0,33.657225553029114,23.56005788712038,200.0
2030-05-29 08:00:00,10927.205612649806,-0.0,-0.0,10693.548387096776,20.0,33.657225553029114,23.56005788712038,200.0
2030-05-29 09:00:00,10927.205612649806,-0.0,-0.0,10693.548387096776,20.0,33.657225553029114,23.56005788712038,200.0
2030-05-29 10:00:00,10927.205612649806,-0.0,-0.0,10693.548387096776,20.0,33.657225553029114,23.56005788712038,200.0
2030-05-29 11:00:00,10927.205612649806,-0.0,-0.0,10693.548387096776,20.0,33.657225553029114,23.56005788712038,200.0
2030-05-29 12:00:00,10927.205612649806,-0.0,-0.0,10693.548387096776,20.0,33.657225553029114,23.56005788712038,200.0
2030-05-29 13:00:00,-0.0,10927.205612649806,-0.0,10693.548387096776,20.0,33.657225553029114,23.56005788712038,200.0
2030-05-29 14:00:00,-0.0,10927.205612649806,-0.0,10693.548387096776,20.0,33.657225553029114,23.56005788712038,200.0
2030-05-29 15:00:00,-0.0,10927.205612649806,-0.0,10693.548387096776,20.0,33.657225553029114,23.56005788712038,200.0
2030-05-29 16:00:00,-0.0,10927.205612649806,-0.0,10693.548387096776,20.0,33.657225553029114,23.56005788712038,200.0
2030-05-29 17:00:00,-0.0,10927.205612649806,-0.0,10693.548387096776,20.0,33.657225553029114,23.56005788712038,200.0
2030-05-29 18:00:00,-0.0,10927.205612649806,-0.0,10693.548387096776,20.0,33.657225553029114,23.56005788712038,200.0
2030-05-29 19:00:00,-0.0,10927.205612649806,-0.0,10693.548387096776,20.0,33.657225553029114,23.56005788712038,200.0
2030-05-29 20:00:00,-0.0,10927.205612649806,-0.0,10693.548387096776,20.0,33.657225553029114,23.56005788712038,200.0
2030-05-29 21:00:00,-0.0,2462.9024821111293,8230.645904985648,10693.548387096776,20.0,-0.0,-0.0,0.0
2030-05-29 22:00:00,-0.0,-0.0,10693.548387096776,10693.548387096776,20.0,-0.0,-0.0,0.0
2030-05-29 23:00:00,-0.0,-0.0,10693.548387096776,10693.548387096776,20.0,-0.0,-0.0,0.0
2030-05-30 00:00:00,1918.4665388878525,-0.0,8775.081848208923,10693.548387096776,20.0,-0.0,-0.0,0.0
2030-05-30 01:00:00,8608.66367233204,-0.0,2084.8847147647357,10693.548387096776,20.0,-0.0,-0.0,0.0
2030-05-30 02:00:00,10927.205612649806,-0.0,-0.0,10693.548387096776,20.0,33.657225553029114,23.56005788712038,200.0
2030-05-30 03:00:00,10927.205612649806,-0.0,-0.0,10693.548387096776,20.0,33.657225553029114,23.56005788712038,200.0
2030-05-30 04:00:00,10927.205612649806,-0.0,-0.0,10693.548387096776,20.0,33.657225553029114,23.56005788712038,200.0
2030-05-30 05:00:00,10927.205612649806,-0.0,-0.0,10693.548387096776,20.0,33.657225553029114,23.56005788712038,200.0
2030-05-30 06:00:00,10927.205612649806,-0.0,-0.0,10693.548387096776,20.0,33.657225553029114,23.56005788712038,200.0
2030-05-30 07:00:00,10927.205612649806,-0.0,-0.0,10693.548387096776,20.0,33.657225553029114,23.56005788712038,200.0
2030-05-30 08:00:00,10927.205612649806,-0.0,-0.0,10693.548387096776,20.0,33.657225553029114,23.56005788712038,200.0
2030-05-30 09:00:00,10927.205612649806,-0.0,-0.0,10693.548387096776,20.0,33.657225553029114,23.56005788712038,200.0
2030-05-30 10:00:00,10927.205612649806,-0.0,-0.0,10693.548387096776,20.0,33.657225553029114,23.56005788712038,200.0
2030-05-30 11:00:00,10927.205612649806,-0.0,-0.0,10693.548387096776,20.0,33.657225553029114,23.56005788712038,200.0
2030-05-30 12:00:00,10927.205612649806,-0.0,-0.0,10693.548387096776,20.0,33.657225553029114,23.56005788712038,200.0
2030-05-30 13:00:00,2424.858519613277,3677.6203170085287,4591.069550474971,10693.548387096776,20.0,-0.0,-0.0,0.0
2030-05-30 14:00:00,249.5566229447626,1045.7316747308414,9398.260089421172,10693.548387096776,20.0,-0.0,-0.0,0.0
2030-05-30 15:00:00,-0.0,-0.0,10693.548387096776,10693.548387096776,20.0,-0.0,-0.0,0.0
2030-05-30 16:00:00,-0.0,-0.0,10693.548387096776,10693.548387096776,20.0,-0.0,-0.0,0.0
2030-05-30 17:00:00,-0.0,-0.0,10693.548387096776,10693.548387096776,20.0,-0.0,-0.0,0.0
2030-05-30 18:00:00,-0.0,-0.0,10693.548387096776,10693.548387096776,20.0,-0.0,-0.0,0.0
2030-05-30 19:00:00,-0.0,10763.474353910022,-0.0,10693.548387096776,20.0,-0.0,-0.0,69.9259668132454
2030-05-30 20:00:00,-0.0,1045.7316747308414,9647.816712365935,10693.548387096776,20.0,-0.0,-0.0,0.0
2030-05-30 21:00:00,-0.0,1045.7316747308414,9647.816712365935,10693.548387096776,20.0,-0.0,-0.0,0.0
2030-05-30 22:00:00,-0.0,9346.303546529733,1347.2448405670439,10693.548387096776,20.0,-0.0,-0.0,0.0
2030-05-30 23:00:00,-0.0,10922.119815668206,-0.0,10693.548387096776,20.0,28.571428571428573,20.0,200.0
2030-05-31 00:00:00,1971.497321263625,8950.62249440458,-0.0,10693.548387096776,20.0,28.571428571428573,20.0,200.0
2030-05-31 01:00:00,8773.994935032946,2148.1248806352587,-0.0,10693.548387096776,20.0,28.571428571428573,20.0,200.0
2030-05-31 02:00:00,10922.119815668206,-0.0,-0.0,10693.548387096776,20.0,28.571428571428573,20.0,200.0
2030-05-31 03:00:00,10922.119815668206,-0.0,-0.0,10693.548387096776,20.0,28.571428571428573,20.0,200.0
2030-05-31 04:00:00,10922.119815668206,-0.0,-0.0,10693.548387096776,20.0,28.571428571428573,20.0,200.0
2030-05-31 05:00:00,10922.119815668206,-0.0,-0.0,10693.548387096776,20.0,28.571428571428573,20.0,200.0
2030-05-31 06:00:00,10922.119815668206,-0.0,-0.0,10693.548387096776,20.0,28.571428571428573,20.0,200.0
2030-05-31 07:00:00,10925.26225933163,-0.0,-0.0,10693.548387096776,20.0,31.713872234854435,22.199710564398103,200.0
2030-05-31 08:00:00,10927.205612649806,-0.0,-0.0,10693.548387096776,20.0,33.657225553029114,23.56005788712038,200.0
2030-05-31 09:00:00,10927.205612649806,-0.0,-0.0,10693.548387096776,20.0,33.657225553029114,23.56005788712038,200.0
2030-05-31 10:00:00,10927.205612649806,-0.0,-0.0,10693.548387096776,20.0,33.657225553029114,23.56005788712038,200.0
2030-05-31 11:00:00,10927.205612649806,-0.0,-0.0,10693.548387096776,20.0,33.657225553029114,23.56005788712038,200.0
2030-05-31 12:00:00,10927.205612649806,-0.0,-0.0,10693.548387096776,20.0,33.657225553029114,23.56005788712038,200.0
2030-05-31 13:00:00,2459.1725552681714,-0.0,8234.375831828605,10693.548387096776,20.0,-0.0,-0.0,0.0
2030-05-31 14:00:00,-0.0,10922.119815668206,-0.0,10693.548387096776,20.0,28.571428571428573,20.0,200.0
2030-05-31 15:00:00,-0.0,10922.119815668206,-0.0,10693.548387096776,20.0,28.571428571428573,20.0,200.0
2030-05-31 16:00:00,-0.0,10922.119815668206,-0.0,10693.548387096776,20.0,28.571428571428573,20.0,200.0
2030-05-31 17:00:00,-0.0,10922.119815668206,-0.0,10693.548387096776,20.0,28.571428571428573,20.0,200.0
2030-05-31 18:00:00,-0.0,10922.119815668206,-0.0,10693.548387096776,20.0,28.571428571428573,20.0,200.0
2030-05-31 19:00:00,-0.0,10922.119815668206,-0.0,10693.548387096776,20.0,28.571428571428573,20.0,200.0
2030-05-31 20:00:00,-0.0,10922.119815668206,-0.0,10693.548387096776,20.0,28.571428571428573,20.0,200.0
2030-05-31 21:00:00,-0.0,10922.119815668206,-0.0,10693.548387096776,20.0,28.571428571428573,20.0,200.0
2030-05-31 22:00:00,-0.0,10922.119815668206,-0.0,10693.548387096776,20.0,28.571428571428573,20.0,200.0
2030-05-31 23:00:00,-0.0,10922.119815668206,-0.0,10693.548387096776,20.0,28.571428571428573,20.0,200.0
2030-06-01 00:00:00,1977.7362368372437,8815.835191734186,-0.0,10565.0,20.0,28.571428571428573,20.0,200.0
2030-06-01 01:00:00,8705.366863723137,2092.256663256373,-0.0,10565.0,20.0,32.6235269795099,22.836468885656927,200.0
2030-06-01 02:00:00,10798.65722555303,-0.0,-0.0,10565.0,20.0,33.657225553029114,23.56005788712038,200.0
2030-06-01 03:00:00,10798.65722555303,-0.0,-0.0,10565.0,20.0,33.657225553029114,23.56005788712038,200.0
2030-06-01 04:00:00,10798.65722555303,-0.0,-0.0,10565.0,20.0,33.657225553029114,23.56005788712038,200.0
2030-06-01 05:00:00,10798.65722555303,-0.0,-0.0,10565.0,20.0,33.657225553029114,23.56005788712038,200.0
2030-06-01 06:00:00,10798.65722555303,-0.0,-0.0,10565.0,20.0,33.657225553029114,23.56005788712038,200.0
2030-06-01 07:00:00,10798.65722555303,-0.0,-0.0,10565.0,20.0,33.657225553029114,23.56005788712038,200.0
2030-06-01 08:00:00,10798.65722555303,-0.0,-0.0,10565.0,20.0,33.657225553029114,23.56005788712038,200.0
2030-06-01 09:00:00,10798.65722555303,-0.0,-0.0,10565.0,20.0,33.657225553029114,23.56005788712038,200.0
2030-06-01 10:00:00,10798.65722555303,-0.0,-0.0,10565.0,20.0,33.657225553029114,23.56005788712038,200.0
2030-06-01 11:00:00,10798.65722555303,-0.0,-0.0,10565.0,20.0,33.657225553029114,23.56005788712038,200.0
2030-06-01 12:00:00,10798.65722555303,-0.0,-0.0,10565.0,20.0,33.657225553029114,23.56005788712038,200.0
2030-06-01 13:00:00,-0.0,10798.65722555303,-0.0,10565.0,20.0,33.657225553029114,23.56005788712038,200.0
2030-06-01 14:00:00,-0.0,10798.65722555303,-0.0,10565.0,20.0,33.657225553029114,23.56005788712038,200.0
2030-06-01 15:00:00,-0.0,10798.65722555303,-0.0,10565.0,20.0,33.657225553029114,23.56005788712038,200.0
2030-06-01 16:00:00,-0.0,10798.65722555303,-0.0,10565.0,20.0,33.657225553029114,23.56005788712038,200.0
2030-06-01 17:00:00,-0.0,10798.65722555303,-0.0,10565.0,20.0,33.657225553029114,23.56005788712038,200.0
2030-06-01 18:00:00,-0.0,10798.65722555303,-0.0,10565.0,20.0,33.657225553029114,23.56005788712038,200.0
2030-06-01 19:00:00,-0.0,10798.65722555303,-0.0,10565.0,20.0,33.657225553029114,23.56005788712038,200.0
2030-06-01 20:00:00,-0.0,10798.65722555303,-0.0,10565.0,20.0,33.657225553029114,23.56005788712038,200.0
2030-06-01 21:00:00,-0.0,10798.65722555303,-0.0,10565.0,20.0,33.657225553029114,23.56005788712038,200.0
2030-06-01 22:00:00,-0.0,10798.65722555303,-0.0,10565.0,20.0,33.657225553029114,23.56005788712038,200.0
2030-06-01 23:00:00,-0.0,10798.65722555303,-0.0,10565.0,20.0,33.657225553029114,23.56005788712038,200.0
2030-06-02 00:00:00,2017.2493688034876,8781.407856749542,-0.0,10565.0,20.0,33.657225553029114,23.56005788712038,200.0
2030-06-02 01:00:00,8622.181322741548,2176.4759028114822,-0.0,10565.0,20.0,33.657225553029114,23.56005788712038,200.0
2030-06-02 02:00:00,10798.65722555303,-0.0,-0.0,10565.0,20.0,33.657225553029114,23.56005788712038,200.0
2030-06-02 03:00:00,10798.65722555303,-0.0,-0.0,10565.0,20.0,33.657225553029114,23.56005788712038,200.0
2030-06-02 04:00:00,10798.65722555303,-0.0,-0.0,10565.0,20.0,33.657225553029114,23.56005788712038,200.0
2030-06-02 05:00:00,10798.65722555303,-0.0,-0.0,10565.0,20.0,33.657225553029114,23.56005788712038,200.0
2030-06-02 06:00:00,10798.65722555303,-0.0,-0.0,10565.0,20.0,33.657225553029114,23.56005788712038,200.0
2030-06-02 07:00:00,10798.65722555303,-0.0,-0.0,10565.0,20.0,33.657225553029114,23.56005788712038,200.0
2030-06-02 08:00:00,10798.65722555303,-0.0,-0.0,10565.0,20.0,33.657225553029114,23.56005788712038,200.0
2030-06-02 09:00:00,10798.65722555303,-0.0,-0.0,10565.0,20.0,33.657225553029114,23.56005788712038,200.0
2030-06-02 10:00:00,10798.65722555303,-0.0,-0.0,10565.0,20.0,33.657225553029114,23.56005788712038,200.0
2030-06-02 11:00:00,10798.65722555303,-0.0,-0.0,10565.0,20.0,33.657225553029114,23.56005788712038,200.0
2030-06-02 12:00:00,-0.0,10798.65722555303,-0.0,10565.0,20.0,33.657225553029114,23.56005788712038,200.0
2030-06-02 13:00:00,-0.0,10798.65722555303,-0.0,10565.0,20.0,33.657225553029114,23.56005788712038,200.0
2030-06-02 14:00:00,-0.0,10798.65722555303,-0.0,10565.0,20.0,33.657225553029114,23.56005788712038,200.0
2030-06-02 15:00:00,-0.0,10798.65722555303,-0.0,10565.0,20.0,33.657225553029114,23.56005788712038,200.0
2030-06-02 16:00:00,-0.0,10798.65722555303,-0.0,10565.0,20.0,33.657225553029114,23.56005788712038,200.0
2030-06-02 17:00:00,-0.0,10798.65722555303,-0.0,10565.0,20.0,33.657225553029114,23.56005788712038,200.0
2030-06-02 18:00:00,-0.0,10798.65722555303,-0.0,10565.0,20.0,33.657225553029114,23.56005788712038,200.0
2030-06-02 19:00:00,-0.0,10798.65722555303,-0.0,10565.0,20.0,33.657225553029114,23.56005788712038,200.0
2030-06-02 20:00:00,-0.0,10798.65722555303,-0.0,10565.0,20.0,33.657225553029114,23.56005788712038,200.0
2030-06-02 21:00:00,-0.0,10763.474353910022,-0.0,10565.0,20.0,-0.0,-0.0,198.47435391002182
2030-06-02 22:00:00,-0.0,7929.132739149419,2635.8672608505813,10565.0,20.0,-0.0,-0.0,0.0
2030-06-02 23:00:00,-0.0,3677.6203170085287,6887.379682991472,10565.0,20.0,-0.0,-0.0,0.0
2030-06-03 00:00:00,2136.82858396453,1045.7316747308414,7382.439741304628,10565.0,20.0,-0.0,-0.0,0.0
2030-06-03 01:00:00,8034.683439559076,-0.0,2530.316560440924,10565.0,20.0,-0.0,-0.0,0.0
2030-06-03 02:00:00,10798.65722555303,-0.0,-0.0,10565.0,20.0,33.657225553029114,23.56005788712038,200.0
2030-06-03 03:00:00,10798.65722555303,-0.0,-0.0,10565.0,20.0,33.657225553029114,23.56005788712038,200.0
2030-06-03 04:00:00,10798.65722555303,-0.0,-0.0,10565.0,20.0,33.657225553029114,23.56005788712038,200.0
2030-06-03 05:00:00,10798.65722555303,-0.0,-0.0,10565.0,20.0,33.657225553029114,23.56005788712038,200.0
2030-06-03 06:00:00,10798.65722555303,-0.0,-0.0,10565.0,20.0,33.657225553029114,23.56005788712038,200.0
2030-06-03 07:00:00,10798.65722555303,-0.0,-0.0,10565.0,20.0,33.657225553029114,23.56005788712038,200.0
2030-06-03 08:00:00,10798.65722555303,-0.0,-0.0,10565.0,20.0,33.657225553029114,23.56005788712038,200.0
2030-06-03 09:00:00,10798.65722555303,-0.0,-0.0,10565.0,20.0,33.657225553029114,23.56005788712038,200.0
2030-06-03 10:00:00,10798.65722555303,-0.0,-0.0,10565.0,20.0,33.657225553029114,23.56005788712038,200.0
2030-06-03 11:00:00,10798.65722555303,-0.0,-0.0,10565.0,20.0,33.657225553029114,23.56005788712038,200.0
2030-06-03 12:00:00,10798.65722555303,-0.0,-0.0,10565.0,20.0,33.657225553029114,23.56005788712038,200.0
2030-06-03 13:00:00,-0.0,10798.65722555303,-0.0,10565.0,20.0,33.657225553029114,23.56005788712038,200.0
2030-06-03 14:00:00,-0.0,10798.65722555303,-0.0,10565.0,20.0,33.657225553029114,23.56005788712038,200.0
2030-06-03 15:00:00,-0.0,10798.65722555303,-0.0,10565.0,20.0,33.657225553029114,23.56005788712038,200.0
2030-06-03 16:00:00,-0.0,10798.65722555303,-0.0,10565.0,20.0,33.657225553029114,23.56005788712038,200.0
2030-06-03 17:00:00,-0.0,-0.0,10565.0,10565.0,20.0,-0.0,-0.0,0.0
2030-06-03 18:00:00,-0.0,-0.0,10565.0,10565.0,20.0,-0.0,-0.0,0.0
2030-06-03 19:00:00,-0.0,10798.65722555303,-0.0,10565.0,20.0,33.657225553029114,23.56005788712038,200.0
2030-06-03 20:00:00,-0.0,10798.65722555303,-0.0,10565.0,20.0,33.657225553029114,23.56005788712038,200.0
2030-06-03 21:00:00,-0.0,10798.65722555303,-0.0,10565.0,20.0,33.657225553029114,23.56005788712038,200.0
2030-06-03 22:00:00,-0.0,3677.6203170085287,6887.379682991472,10565.0,20.0,-0.0,-0.0,0.0
2030-06-03 23:00:00,-0.0,-0.0,10565.0,10565.0,20.0,-0.0,-0.0,0.0
2030-06-04 00:00:00,1983.9751524108628,-0.0,8581.024847589137,10565.0,20.0,-0.0,-0.0,0.0
2030-06-04 01:00:00,8442.292590368867,-0.0,2122.7074096311335,10565.0,20.0,-0.0,-0.0,0.0
2030-06-04 02:00:00,10793.57142857143,-0.0,-0.0,10565.0,20.0,28.571428571428573,20.0,200.0
2030-06-04 03:00:00,10793.57142857143,-0.0,-0.0,10565.0,20.0,28.571428571428573,20.0,200.0
2030-06-04 04:00:00,10793.57142857143,-0.0,-0.0,10565.0,20.0,28.571428571428573,20.0,200.0
2030-06-04 05:00:00,10794.770518916679,-0.0,-0.0,10565.0,20.0,29.770518916679755,20.839363241675827,200.0
2030-06-04 06:00:00,10798.65722555303,-0.0,-0.0,10565.0,20.0,33.657225553029114,23.56005788712038,200.0
2030-06-04 07:00:00,10798.65722555303,-0.0,-0.0,10565.0,20.0,33.657225553029114,23.56005788712038,200.0
2030-06-04 08:00:00,10798.65722555303,-0.0,-0.0,10565.0,20.0,33.657225553029114,23.56005788712038,200.0
2030-06-04 09:00:00,10798.65722555303,-0.0,-0.0,10565.0,20.0,33.657225553029114,23.56005788712038,200.0
2030-06-04 10:00:00,10798.65722555303,-0.0,-0.0,10565.0,20.0,33.657225553029114,23.56005788712038,200.0
2030-06-04 11:00:00,10798.65722555303,-0.0,-0.0,10565.0,20.0,33.657225553029114,23.56005788712038,200.0
2030-06-04 12:00:00,10798.65722555303,-0.0,-0.0,10565.0,20.0,33.657225553029114,23.56005788712038,200.0
2030-06-04 13:00:00,-0.0,10798.65722555303,-0.0,10565.0,20.0,33.657225553029114,23.56005788712038,200.0
2030-06-04 14:00:00,-0.0,10798.65722555303,-0.0,10565.0,20.0,33.657225553029114,23.56005788712038,200.0
2030-06-04 15:00:00,-0.0,6511.96193176913,4053.0380682308696,10565.0,20.0,-0.0,-0.0,0.0
2030-06-04 16:00:00,-0.0,10798.65722555303,-0.0,10565.0,20.0,33.657225553029114,23.56005788712038,200.0
2030-06-04 17:00:00,-0.0,10798.65722555303,-0.0,10565.0,20.0,33.657225553029114,23.56005788712038,200.0
2030-06-04 18:00:00,-0.0,-0.0,10565.0,10565.0,20.0,-0.0,-0.0,0.0
2030-06-04 19:00:00,-0.0,10793.57142857143,-0.0,10565.0,20.0,28.571428571428573,20.0,200.0
2030-06-04 20:00:00,-0.0,10793.57142857143,-0.0,10565.0,20.0,28.571428571428573,20.0,200.0
2030-06-04 21:00:00,-0.0,10793.57142857143,-0.0,10565.0,20.0,28.571428571428573,20.0,200.0
2030-06-04 22:00:00,-0.0,10793.57142857143,-0.0,10565.0,20.0,28.571428571428573,20.0,200.0
2030-06-04 23:00:00,-0.0,10793.57142857143,-0.0,10565.0,20.0,28.571428571428573,20.0,200.0
2030-06-05 00:00:00,-0.0,10793.57142857143,-0.0,10565.0,20.0,28.571428571428573,20.0,200.0
2030-06-05 01:00:00,8470.36771045014,2323.203718121288,-0.0,10565.0,20.0,28.571428571428573,20.0,200.0
2030-06-05 02:00:00,10793.57142857143,-0.0,-0.0,10565.0,20.0,28.571428571428573,20.0,200.0
2030-06-05 03:00:00,10793.57142857143,-0.0,-0.0,10565.0,20.0,28.571428571428573,20.0,200.0
2030-06-05 04:00:00,-0.0,10793.57142857143,-0.0,10565.0,20.0,28.571428571428573,20.0,200.0
2030-06-05 05:00:00,10793.57142857143,-0.0,-0.0,10565.0,20.0,28.571428571428573,20.0,200.0
2030-06-05 06:00:00,10793.57142857143,-0.0,-0.0,10565.0,20.0,28.571428571428573,20.0,200.0
2030-06-05 07:00:00,10793.57142857143,-0.0,-0.0,10565.0,20.0,28.571428571428573,20.0,200.0
2030-06-05 08:00:00,10793.57142857143,-0.0,-0.0,10565.0,20.0,28.571428571428573,20.0,200.0
2030-06-05 09:00:00,-0.0,10793.57142857143,-0.0,10565.0,20.0,28.571428571428573,20.0,200.0
2030-06-05 10:00:00,10793.57142857143,-0.0,-0.0,10565.0,20.0,28.571428571428573,20.0,200.0
2030-06-05 11:00:00,10793.57142857143,-0.0,-0.0,10565.0,20.0,28.571428571428573,20.0,200.0
2030-06-05 12:00:00,10793.57142857143,-0.0,-0.0,10565.0,20.0,28.571428571428573,20.0,200.0
2030-06-05 13:00:00,-0.0,10793.57142857143,-0.0,10565.0,20.0,28.571428571428573,20.0,200.0
2030-06-05 14:00:00,-0.0,10793.57142857143,-0.0,10565.0,20.0,28.571428571428573,20.0,200.0
2030-06-05 15:00:00,-0.0,10793.57142857143,-0.0,10565.0,20.0,28.571428571428573,20.0,200.0
2030-06-05 16:00:00,-0.0,10793.57142857143,-0.0,10565.0,20.0,28.571428571428573,20.0,200.0
2030-06-05 17:00:00,-0.0,10793.57142857143,-0.0,10565.0,20.0,28.571428571428573,20.0,200.0
2030-06-05 18:00:00,-0.0,10793.57142857143,-0.0,10565.0,20.0,28.571428571428573,20.0,200.0
2030-06-05 19:00:00,-0.0,10793.57142857143,-0.0,10565.0,20.0,28.571428571428573,20.0,200.0
2030-06-05 20:00:00,-0.0,10793.57142857143,-0.0,10565.0,20.0,28.571428571428573,20.0,200.0
2030-06-05 21:00:00,-0.0,10793.57142857143,-0.0,10565.0,20.0,28.571428571428573,20.0,200.0
2030-06-05 22:00:00,-0.0,10793.57142857143,-0.0,10565.0,20.0,28.571428571428573,20.0,200.0
2030-06-05 23:00:00,-0.0,10793.57142857143,-0.0,10565.0,20.0,28.571428571428573,20.0,200.0
2030-06-06 00:00:00,2251.2087028142128,8542.362725757217,-0.0,10565.0,20.0,28.571428571428573,20.0,200.0
2030-06-06 01:00:00,8306.076267011505,2487.495161559923,-0.0,10565.0,20.0,28.571428571428573,20.0,200.0
2030-06-06 02:00:00,10793.57142857143,-0.0,-0.0,10565.0,20.0,28.571428571428573,20.0,200.0
2030-06-06 03:00:00,10793.57142857143,-0.0,-0.0,10565.0,20.0,28.571428571428573,20.0,200.0
2030-06-06 04:00:00,10793.57142857143,-0.0,-0.0,10565.0,20.0,28.571428571428573,20.0,200.0
2030-06-06 05:00:00,10793.57142857143,-0.0,-0.0,10565.0,20.0,28.571428571428573,20.0,200.0
2030-06-06 06:00:00,10793.57142857143,-0.0,-0.0,10565.0,20.0,28.571428571428573,20.0,200.0
2030-06-06 07:00:00,10793.57142857143,-0.0,-0.0,10565.0,20.0,28.571428571428573,20.0,200.0
2030-06-06 08:00:00,10793.57142857143,-0.0,-0.0,10565.0,20.0,28.571428571428573,20.0,200.0
2030-06-06 09:00:00,10793.57142857143,-0.0,-0.0,10565.0,20.0,28.571428571428573,20.0,200.0
2030-06-06 10:00:00,10793.57142857143,-0.0,-0.0,10565.0,20.0,28.571428571428573,20.0,200.0
2030-06-06 11:00:00,10793.57142857143,-0.0,-0.0,10565.0,20.0,28.571428571428573,20.0,200.0
2030-06-06 12:00:00,-0.0,10793.57142857143,-0.0,10565.0,20.0,28.571428571428573,20.0,200.0
2030-06-06 13:00:00,-0.0,10793.57142857143,-0.0,10565.0,20.0,28.571428571428573,20.0,200.0
2030-06-06 14:00:00,-0.0,10793.57142857143,-0.0,10565.0,20.0,28.571428571428573,20.0,200.0
2030-06-06 15:00:00,-0.0,10793.57142857143,-0.0,10565.0,20.0,28.571428571428573,20.0,200.0
2030-06-06 16:00:00,-0.0,10793.57142857143,-0.0,10565.0,20.0,28.571428571428573,20.0,200.0
2030-06-06 17:00:00,-0.0,10793.57142857143,-0.0,10565.0,20.0,28.571428571428573,20.0,200.0
2030-06-06 18:00:00,-0.0,10796.713872234854,-0.0,10565.0,20.0,31.713872234854435,22.199710564398103,200.0
2030-06-06 19:00:00,-0.0,10798.65722555303,-0.0,10565.0,20.0,33.657225553029114,23.56005788712038,200.0
2030-06-06 20:00:00,-0.0,10798.65722555303,-0.0,10565.0,20.0,33.657225553029114,23.56005788712038,200.0
2030-06-06 21:00:00,-0.0,10798.65722555303,-0.0,10565.0,20.0,33.657225553029114,23.56005788712038,200.0
2030-06-06 22:00:00,-0.0,10798.65722555303,-0.0,10565.0,20.0,33.657225553029114,23.56005788712038,200.0
2030-06-06 23:00:00,-0.0,10798.65722555303,-0.0,10565.0,20.0,33.657225553029114,23.56005788712038,200.0
2030-06-07 00:00:00,2099.3950905228157,6511.96193176913,1953.6429777080539,10565.0,20.0,-0.0,-0.0,0.0
2030-06-07 01:00:00,8771.915296508407,2021.656132063022,-0.0,10565.0,20.0,28.571428571428573,20.0,200.0
2030-06-07 02:00:00,10793.57142857143,-0.0,-0.0,10565.0,20.0,28.571428571428573,20.0,200.0
2030-06-07 03:00:00,10793.57142857143,-0.0,-0.0,10565.0,20.0,28.571428571428573,20.0,200.0
2030-06-07 04:00:00,10793.57142857143,-0.0,-0.0,10565.0,20.0,28.571428571428573,20.0,200.0
2030-06-07 05:00:00,10793.57142857143,-0.0,-0.0,10565.0,20.0,28.571428571428573,20.0,200.0
2030-06-07 06:00:00,10793.57142857143,-0.0,-0.0,10565.0,20.0,28.571428571428573,20.0,200.0
2030-06-07 07:00:00,10793.57142857143,-0.0,-0.0,10565.0,20.0,28.571428571428573,20.0,200.0
2030-06-07 08:00:00,10793.57142857143,-0.0,-0.0,10565.0,20.0,28.571428571428573,20.0,200.0
2030-06-07 09:00:00,10793.57142857143,-0.0,-0.0,10565.0,20.0,28.571428571428573,20.0,200.0
2030-06-07 10:00:00,10793.57142857143,-0.0,-0.0,10565.0,20.0,28.571428571428573,20.0,200.0
2030-06-07 11:00:00,10793.57142857143,-0.0,-0.0,10565.0,20.0,28.571428571428573,20.0,200.0
2030-06-07 12:00:00,10797.168699607182,-0.0,-0.0,10565.0,20.0,32.16869960718211,22.518089725027476,200.0
2030-06-07 13:00:00,-0.0,10798.65722555303,-0.0,10565.0,20.0,33.657225553029114,23.56005788712038,200.0
2030-06-07 14:00:00,-0.0,10798.65722555303,-0.0,10565.0,20.0,33.657225553029114,23.56005788712038,200.0
2030-06-07 15:00:00,-0.0,10798.65722555303,-0.0,10565.0,20.0,33.657225553029114,23.56005788712038,200.0
2030-06-07 16:00:00,-0.0,10798.65722555303,-0.0,10565.0,20.0,33.657225553029114,23.56005788712038,200.0
2030-06-07 17:00:00,-0.0,10798.65722555303,-0.0,10565.0,20.0,33.657225553029114,23.56005788712038,200.0
2030-06-07 18:00:00,-0.0,10798.65722555303,-0.0,10565.0,20.0,33.657225553029114,23.56005788712038,200.0
2030-06-07 19:00:00,-0.0,10798.65722555303,-0.0,10565.0,20.0,33.657225553029114,23.56005788712038,200.0
2030-06-07 20:00:00,-0.0,10798.65722555303,-0.0,10565.0,20.0,33.657225553029114,23.56005788712038,200.0
2030-06-07 21:00:00,-0.0,10798.65722555303,-0.0,10565.0,20.0,33.657225553029114,23.56005788712038,200.0
2030-06-07 22:00:00,-0.0,10798.65722555303,-0.0,10565.0,20.0,33.657225553029114,23.56005788712038,200.0
2030-06-07 23:00:00,-0.0,10798.65722555303,-0.0,10565.0,20.0,33.657225553029114,23.56005788712038,200.0
2030-06-08 00:00:00,2250.168883551943,8548.488342001086,-0.0,10565.0,20.0,33.657225553029114,23.56005788712038,200.0
2030-06-08 01:00:00,8912.290896914836,1886.3663286381943,-0.0,10565.0,20.0,33.657225553029114,23.56005788712038,200.0
2030-06-08 02:00:00,10798.65722555303,-0.0,-0.0,10565.0,20.0,33.657225553029114,23.56005788712038,200.0
2030-06-08 03:00:00,10798.65722555303,-0.0,-0.0,10565.0,20.0,33.657225553029114,23.56005788712038,200.0
2030-06-08 04:00:00,10798.65722555303,-0.0,-0.0,10565.0,20.0,33.657225553029114,23.56005788712038,200.0
2030-06-08 05:00:00,10798.65722555303,-0.0,-0.0,10565.0,20.0,33.657225553029114,23.56005788712038,200.0
2030-06-08 06:00:00,10798.65722555303,-0.0,-0.0,10565.0,20.0,33.657225553029114,23.56005788712038,200.0
2030-06-08 07:00:00,10798.65722555303,-0.0,-0.0,10565.0,20.0,33.657225553029114,23.56005788712038,200.0
2030-06-08 08:00:00,10798.65722555303,-0.0,-0.0,10565.0,20.0,33.657225553029114,23.56005788712038,200.0
2030-06-08 09:00:00,10798.65722555303,-0.0,-0.0,10565.0,20.0,33.657225553029114,23.56005788712038,200.0
2030-06-08 10:00:00,10798.65722555303,-0.0,-0.0,10565.0,20.0,33.657225553029114,23.56005788712038,200.0
2030-06-08 11:00:00,10798.65722555303,-0.0,-0.0,10565.0,20.0,33.657225553029114,23.56005788712038,200.0
2030-06-08 12:00:00,-0.0,10798.65722555303,-0.0,10565.0,20.0,33.657225553029114,23.56005788712038,200.0
2030-06-08 13:00:00,-0.0,10798.65722555303,-0.0,10565.0,20.0,33.657225553029114,23.56005788712038,200.0
2030-06-08 14:00:00,-0.0,10798.65722555303,-0.0,10565.0,20.0,33.657225553029114,23.56005788712038,200.0
2030-06-08 15:00:00,-0.0,10798.65722555303,-0.0,10565.0,20.0,33.657225553029114,23.56005788712038,200.0
2030-06-08 16:00:00,-0.0,10798.65722555303,-0.0,10565.0,20.0,33.657225553029114,23.56005788712038,200.0
2030-06-08 17:00:00,-0.0,10798.65722555303,-0.0,10565.0,20.0,33.657225553029114,23.56005788712038,200.0
2030-06-08 18:00:00,-0.0,10798.65722555303,-0.0,10565.0,20.0,33.657225553029114,23.56005788712038,200.0
2030-06-08 19:00:00,-0.0,10798.65722555303,-0.0,10565.0,20.0,33.657225553029114,23.56005788712038,200.0
2030-06-08 20:00:00,-0.0,10798.65722555303,-0.0,10565.0,20.0,33.657225553029114,23.56005788712038,200.0
2030-06-08 21:00:00,-0.0,10798.65722555303,-0.0,10565.0,20.0,33.657225553029114,23.56005788712038,200.0
2030-06-08 22:00:00,-0.0,-0.0,10565.0,10565.0,20.0,-0.0,-0.0,0.0
2030-06-08 23:00:00,-0.0,-0.0,10565.0,10565.0,20.0,-0.0,-0.0,0.0
2030-06-09 00:00:00,1719.8610597943225,-0.0,8845.138940205677,10565.0,20.0,-0.0,-0.0,0.0
2030-06-09 01:00:00,6149.491117063859,-0.0,4415.508882936141,10565.0,20.0,-0.0,-0.0,0.0
2030-06-09 02:00:00,9578.815044029805,-0.0,986.184955970195,10565.0,20.0,-0.0,-0.0,0.0
2030-06-09 03:00:00,8726.163248968533,-0.0,1838.8367510314674,10565.0,20.0,-0.0,-0.0,0.0
2030-06-09 04:00:00,10793.57142857143,-0.0,-0.0,10565.0,20.0,28.571428571428573,20.0,200.0
2030-06-09 05:00:00,10793.57142857143,-0.0,-0.0,10565.0,20.0,28.571428571428573,20.0,200.0
2030-06-09 06:00:00,10793.57142857143,-0.0,-0.0,10565.0,20.0,28.571428571428573,20.0,200.0
2030-06-09 07:00:00,10793.57142857143,-0.0,-0.0,10565.0,20.0,28.571428571428573,20.0,200.0
2030-06-09 08:00:00,10793.57142857143,-0.0,-0.0,10565.0,20.0,28.571428571428573,20.0,200.0
2030-06-09 09:00:00,10793.57142857143,-0.0,-0.0,10565.0,20.0,28.571428571428573,20.0,200.0
2030-06-09 10:00:00,10793.57142857143,-0.0,-0.0,10565.0,20.0,28.571428571428573,20.0,200.0
2030-06-09 11:00:00,10793.57142857143,-0.0,-0.0,10565.0,20.0,28.571428571428573,20.0,200.0
2030-06-09 12:00:00,10793.57142857143,-0.0,-0.0,10565.0,20.0,28.571428571428573,20.0,200.0
2030-06-09 13:00:00,3269.191760576391,7529.465464976639,-0.0,10565.0,20.0,33.657225553029114,23.56005788712038,200.0
2030-06-09 14:00:00,-0.0,10788.485631589829,-0.0,10565.0,20.0,23.48563158982803,16.43994211287962,200.0
2030-06-09 15:00:00,-0.0,10793.57142857143,-0.0,10565.0,20.0,28.571428571428573,20.0,200.0
2030-06-09 16:00:00,-0.0,10793.57142857143,-0.0,10565.0,20.0,28.571428571428573,20.0,200.0
2030-06-09 17:00:00,-0.0,10793.57142857143,-0.0,10565.0,20.0,28.571428571428573,20.0,200.0
2030-06-09 18:00:00,-0.0,10793.57142857143,-0.0,10565.0,20.0,28.571428571428573,20.0,200.0
2030-06-09 19:00:00,-0.0,10798.65722555303,-0.0,10565.0,20.0,33.657225553029114,23.56005788712038,200.0
2030-06-09 20:00:00,-0.0,10788.485631589829,-0.0,10565.0,20.0,23.48563158982803,16.43994211287962,200.0
2030-06-09 21:00:00,-0.0,10793.57142857143,-0.0,10565.0,20.0,28.571428571428573,20.0,200.0
2030-06-09 22:00:00,-0.0,10793.57142857143,-0.0,10565.0,20.0,28.571428571428573,20.0,200.0
2030-06-09 23:00:00,-0.0,10793.57142857143,-0.0,10565.0,20.0,28.571428571428573,20.0,200.0
2030-06-10 00:00:00,2005.8113569185193,8787.76007165291,-0.0,10565.0,20.0,28.571428571428573,20.0,200.0
2030-06-10 01:00:00,7587.561156783054,3206.0102717883747,-0.0,10565.0,20.0,28.571428571428573,20.0,200.0
2030-06-10 02:00:00,10793.57142857143,-0.0,-0.0,10565.0,20.0,28.571428571428573,20.0,200.0
2030-06-10 03:00:00,10793.57142857143,-0.0,-0.0,10565.0,20.0,28.571428571428573,20.0,200.0
2030-06-10 04:00:00,10793.57142857143,-0.0,-0.0,10565.0,20.0,28.571428571428573,20.0,200.0
2030-06-10 05:00:00,10793.57142857143,-0.0,-0.0,10565.0,20.0,28.571428571428573,20.0,200.0
2030-06-10 06:00:00,10793.57142857143,-0.0,-0.0,10565.0,20.0,28.571428571428573,20.0,200.0
2030-06-10 07:00:00,10793.57142857143,-0.0,-0.0,10565.0,20.0,28.571428571428573,20.0,200.0
2030-06-10 08:00:00,10793.57142857143,-0.0,-0.0,10565.0,20.0,28.571428571428573,20.0,200.0
2030-06-10 09:00:00,10793.57142857143,-0.0,-0.0,10565.0,20.0,28.571428571428573,20.0,200.0
2030-06-10 10:00:00,10793.57142857143,-0.0,-0.0,10565.0,20.0,28.571428571428573,20.0,200.0
2030-06-10 11:00:00,10793.57142857143,-0.0,-0.0,10565.0,20.0,28.571428571428573,20.0,200.0
2030-06-10 12:00:00,10317.086720241396,476.48470833003296,-0.0,10565.0,20.0,28.571428571428573,20.0,200.0
2030-06-10 13:00:00,3982.507774493493,6811.063654077935,-0.0,10565.0,20.0,28.571428571428573,20.0,200.0
2030-06-10 14:00:00,-0.0,10798.65722555303,-0.0,10565.0,20.0,33.657225553029114,23.56005788712038,200.0
2030-06-10 15:00:00,-0.0,10788.485631589829,-0.0,10565.0,20.0,23.48563158982803,16.43994211287962,200.0
2030-06-10 16:00:00,-0.0,10793.57142857143,-0.0,10565.0,20.0,28.571428571428573,20.0,200.0
2030-06-10 17:00:00,-0.0,10793.57142857143,-0.0,10565.0,20.0,28.571428571428573,20.0,200.0
2030-06-10 18:00:00,-0.0,10793.57142857143,-0.0,10565.0,20.0,28.571428571428573,20.0,200.0
2030-06-10 19:00:00,-0.0,10793.57142857143,-0.0,10565.0,20.0,28.571428571428573,20.0,200.0
2030-06-10 20:00:00,-0.0,10793.57142857143,-0.0,10565.0,20.0,28.571428571428573,20.0,200.0
2030-06-10 21:00:00,-0.0,10793.57142857143,-0.0,10565.0,20.0,28.571428571428573,20.0,200.0
2030-06-10 22:00:00,-0.0,10793.57142857143,-0.0,10565.0,20.0,28.571428571428573,20.0,200.0
2030-06-10 23:00:00,-0.0,10793.57142857143,-0.0,10565.0,20.0,28.571428571428573,20.0,200.0
2030-06-11 00:00:00,1943.4222011823388,8850.14922738909,-0.0,10565.0,20.0,28.571428571428573,20.0,200.0
2030-06-11 01:00:00,8267.602954307533,2525.9684742638956,-0.0,10565.0,20.0,28.571428571428573,20.0,200.0
2030-06-11 02:00:00,10793.57142857143,-0.0,-0.0,10565.0,20.0,28.571428571428573,20.0,200.0
2030-06-11 03:00:00,10793.57142857143,-0.0,-0.0,10565.0,20.0,28.571428571428573,20.0,200.0
2030-06-11 04:00:00,10793.57142857143,-0.0,-0.0,10565.0,20.0,28.571428571428573,20.0,200.0
2030-06-11 05:00:00,10793.57142857143,-0.0,-0.0,10565.0,20.0,28.571428571428573,20.0,200.0
2030-06-11 06:00:00,10793.57142857143,-0.0,-0.0,10565.0,20.0,28.571428571428573,20.0,200.0
2030-06-11 07:00:00,10793.57142857143,-0.0,-0.0,10565.0,20.0,28.571428571428573,20.0,200.0
2030-06-11 08:00:00,10793.57142857143,-0.0,-0.0,10565.0,20.0,28.571428571428573,20.0,200.0
2030-06-11 09:00:00,10793.57142857143,-0.0,-0.0,10565.0,20.0,28.571428571428573,20.0,200.0
2030-06-11 10:00:00,10793.57142857143,-0.0,-0.0,10565.0,20.0,28.571428571428573,20.0,200.0
2030-06-11 11:00:00,10793.57142857143,-0.0,-0.0,10565.0,20.0,28.571428571428573,20.0,200.0
2030-06-11 12:00:00,-0.0,10793.57142857143,-0.0,10565.0,20.0,28.571428571428573,20.0,200.0
2030-06-11 13:00:00,3439.722119588645,7358.935105964385,-0.0,10565.0,20.0,33.657225553029114,23.56005788712038,200.0
2030-06-11 14:00:00,-0.0,10788.485631589829,-0.0,10565.0,20.0,23.48563158982803,16.43994211287962,200.0
2030-06-11 15:00:00,-0.0,10798.65722555303,-0.0,10565.0,20.0,33.657225553029114,23.56005788712038,200.0
2030-06-11 16:00:00,-0.0,10788.485631589829,-0.0,10565.0,20.0,23.48563158982803,16.43994211287962,200.0
2030-06-11 17:00:00,-0.0,10793.57142857143,-0.0,10565.0,20.0,28.571428571428573,20.0,200.0
2030-06-11 18:00:00,-0.0,10793.57142857143,-0.0,10565.0,20.0,28.571428571428573,20.0,200.0
2030-06-11 19:00:00,-0.0,10793.57142857143,-0.0,10565.0,20.0,28.571428571428573,20.0,200.0
2030-06-11 20:00:00,-0.0,10793.57142857143,-0.0,10565.0,20.0,28.571428571428573,20.0,200.0
2030-06-11 21:00:00,-0.0,10793.57142857143,-0.0,10565.0,20.0,28.571428571428573,20.0,200.0
2030-06-11 22:00:00,-0.0,10793.57142857143,-0.0,10565.0,20.0,28.571428571428573,20.0,200.0
2030-06-11 23:00:00,-0.0,10793.57142857143,-0.0,10565.0,20.0,28.571428571428573,20.0,200.0
2030-06-12 00:00:00,-0.0,10793.57142857143,-0.0,10565.0,20.0,28.571428571428573,20.0,200.0
2030-06-12 01:00:00,-0.0,10793.57142857143,-0.0,10565.0,20.0,28.571428571428573,20.0,200.0
2030-06-12 02:00:00,10793.57142857143,-0.0,-0.0,10565.0,20.0,28.571428571428573,20.0,200.0
2030-06-12 03:00:00,10793.57142857143,-0.0,-0.0,10565.0,20.0,28.571428571428573,20.0,200.0
2030-06-12 04:00:00,10793.57142857143,-0.0,-0.0,10565.0,20.0,28.571428571428573,20.0,200.0
2030-06-12 05:00:00,10793.57142857143,-0.0,-0.0,10565.0,20.0,28.571428571428573,20.0,200.0
2030-06-12 06:00:00,10793.57142857143,-0.0,-0.0,10565.0,20.0,28.571428571428573,20.0,200.0
2030-06-12 07:00:00,10793.57142857143,-0.0,-0.0,10565.0,20.0,28.571428571428573,20.0,200.0
2030-06-12 08:00:00,10793.57142857143,-0.0,-0.0,10565.0,20.0,28.571428571428573,20.0,200.0
2030-06-12 09:00:00,10793.57142857143,-0.0,-0.0,10565.0,20.0,28.571428571428573,20.0,200.0
2030-06-12 10:00:00,10793.57142857143,-0.0,-0.0,10565.0,20.0,28.571428571428573,20.0,200.0
2030-06-12 11:00:00,10793.57142857143,-0.0,-0.0,10565.0,20.0,28.571428571428573,20.0,200.0
2030-06-12 12:00:00,10793.57142857143,-0.0,-0.0,10565.0,20.0,28.571428571428573,20.0,200.0
2030-06-12 13:00:00,-0.0,10793.57142857143,-0.0,10565.0,20.0,28.571428571428573,20.0,200.0
2030-06-12 14:00:00,-0.0,10793.57142857143,-0.0,10565.0,20.0,28.571428571428573,20.0,200.0
2030-06-12 15:00:00,-0.0,10793.57142857143,-0.0,10565.0,20.0,28.571428571428573,20.0,200.0
2030-06-12 16:00:00,-0.0,10793.57142857143,-0.0,10565.0,20.0,28.571428571428573,20.0,200.0
2030-06-12 17:00:00,-0.0,10793.57142857143,-0.0,10565.0,20.0,28.571428571428573,20.0,200.0
2030-06-12 18:00:00,-0.0,10793.57142857143,-0.0,10565.0,20.0,28.571428571428573,20.0,200.0
2030-06-12 19:00:00,-0.0,10793.57142857143,-0.0,10565.0,20.0,28.571428571428573,20.0,200.0
2030-06-12 20:00:00,-0.0,10793.57142857143,-0.0,10565.0,20.0,28.571428571428573,20.0,200.0
2030-06-12 21:00:00,-0.0,10793.57142857143,-0.0,10565.0,20.0,28.571428571428573,20.0,200.0
2030-06-12 22:00:00,-0.0,10793.57142857143,-0.0,10565.0,20.0,28.571428571428573,20.0,200.0
2030-06-12 23:00:00,-0.0,10793.57142857143,-0.0,10565.0,20.0,28.571428571428573,20.0,200.0
2030-06-13 00:00:00,2177.381535193054,8616.189893378376,-0.0,10565.0,20.0,28.571428571428573,20.0,200.0
2030-06-13 01:00:00,8573.309817414865,2220.261611156563,-0.0,10565.0,20.0,28.571428571428573,20.0,200.0
2030-06-13 02:00:00,10793.57142857143,-0.0,-0.0,10565.0,20.0,28.571428571428573,20.0,200.0
2030-06-13 03:00:00,10793.57142857143,-0.0,-0.0,10565.0,20.0,28.571428571428573,20.0,200.0
2030-06-13 04:00:00,10793.57142857143,-0.0,-0.0,10565.0,20.0,28.571428571428573,20.0,200.0
2030-06-13 05:00:00,10793.57142857143,-0.0,-0.0,10565.0,20.0,28.571428571428573,20.0,200.0
2030-06-13 06:00:00,10793.57142857143,-0.0,-0.0,10565.0,20.0,28.571428571428573,20.0,200.0
2030-06-13 07:00:00,10793.57142857143,-0.0,-0.0,10565.0,20.0,28.571428571428573,20.0,200.0
2030-06-13 08:00:00,10793.57142857143,-0.0,-0.0,10565.0,20.0,28.571428571428573,20.0,200.0
2030-06-13 09:00:00,10793.57142857143,-0.0,-0.0,10565.0,20.0,28.571428571428573,20.0,200.0
2030-06-13 10:00:00,10793.57142857143,-0.0,-0.0,10565.0,20.0,28.571428571428573,20.0,200.0
2030-06-13 11:00:00,10793.57142857143,-0.0,-0.0,10565.0,20.0,28.571428571428573,20.0,200.0
2030-06-13 12:00:00,10794.770518916679,-0.0,-0.0,10565.0,20.0,29.770518916679755,20.839363241675827,200.0
2030-06-13 13:00:00,2919.8124884537124,7878.844737099318,-0.0,10565.0,20.0,33.657225553029114,23.56005788712038,200.0
2030-06-13 14:00:00,-0.0,10798.65722555303,-0.0,10565.0,20.0,33.657225553029114,23.56005788712038,200.0
2030-06-13 15:00:00,-0.0,10798.65722555303,-0.0,10565.0,20.0,33.657225553029114,23.56005788712038,200.0
2030-06-13 16:00:00,-0.0,10798.65722555303,-0.0,10565.0,20.0,33.657225553029114,23.56005788712038,200.0
2030-06-13 17:00:00,-0.0,10798.65722555303,-0.0,10565.0,20.0,33.657225553029114,23.56005788712038,200.0
2030-06-13 18:00:00,-0.0,10798.65722555303,-0.0,10565.0,20.0,33.657225553029114,23.56005788712038,200.0
2030-06-13 19:00:00,-0.0,10798.65722555303,-0.0,10565.0,20.0,33.657225553029114,23.56005788712038,200.0
2030-06-13 20:00:00,-0.0,10798.65722555303,-0.0,10565.0,20.0,33.657225553029114,23.56005788712038,200.0
2030-06-13 21:00:00,-0.0,10798.65722555303,-0.0,10565.0,20.0,33.657225553029114,23.56005788712038,200.0
2030-06-13 22:00:00,-0.0,10798.65722555303,-0.0,10565.0,20.0,33.657225553029114,23.56005788712038,200.0
2030-06-13 23:00:00,-0.0,10798.65722555303,-0.0,10565.0,20.0,33.657225553029114,23.56005788712038,200.0
2030-06-14 00:00:00,2192.9788241271017,-0.0,8372.021175872898,10565.0,20.0,-0.0,-0.0,0.0
2030-06-14 01:00:00,8583.708010037564,-0.0,1981.2919899624358,10565.0,20.0,-0.0,-0.0,0.0
2030-06-14 02:00:00,10793.57142857143,-0.0,-0.0,10565.0,20.0,28.571428571428573,20.0,200.0
2030-06-14 03:00:00,10793.57142857143,-0.0,-0.0,10565.0,20.0,28.571428571428573,20.0,200.0
2030-06-14 04:00:00,10793.57142857143,-0.0,-0.0,10565.0,20.0,28.571428571428573,20.0,200.0
2030-06-14 05:00:00,10793.57142857143,-0.0,-0.0,10565.0,20.0,28.571428571428573,20.0,200.0
2030-06-14 06:00:00,10797.912962580105,-0.0,-0.0,10565.0,20.0,32.912962580105614,23.03907380607393,200.0
2030-06-14 07:00:00,10798.65722555303,-0.0,-0.0,10565.0,20.0,33.657225553029114,23.56005788712038,200.0
2030-06-14 08:00:00,10798.65722555303,-0.0,-0.0,10565.0,20.0,33.657225553029114,23.56005788712038,200.0
2030-06-14 09:00:00,10798.65722555303,-0.0,-0.0,10565.0,20.0,33.657225553029114,23.56005788712038,200.0
2030-06-14 10:00:00,10798.65722555303,-0.0,-0.0,10565.0,20.0,33.657225553029114,23.56005788712038,200.0
2030-06-14 11:00:00,10798.65722555303,-0.0,-0.0,10565.0,20.0,33.657225553029114,23.56005788712038,200.0
2030-06-14 12:00:00,10798.65722555303,-0.0,-0.0,10565.0,20.0,33.657225553029114,23.56005788712038,200.0
2030-06-14 13:00:00,-0.0,10798.65722555303,-0.0,10565.0,20.0,33.657225553029114,23.56005788712038,200.0
2030-06-14 14:00:00,543.8254741671286,10254.831751385902,-0.0,10565.0,20.0,33.657225553029114,23.56005788712038,200.0
2030-06-14 15:00:00,-0.0,10798.65722555303,-0.0,10565.0,20.0,33.657225553029114,23.56005788712038,200.0
2030-06-14 16:00:00,-0.0,10798.65722555303,-0.0,10565.0,20.0,33.657225553029114,23.56005788712038,200.0
2030-06-14 17:00:00,-0.0,10798.65722555303,-0.0,10565.0,20.0,33.657225553029114,23.56005788712038,200.0
2030-06-14 18:00:00,-0.0,10798.65722555303,-0.0,10565.0,20.0,33.657225553029114,23.56005788712038,200.0
2030-06-14 19:00:00,-0.0,10798.65722555303,-0.0,10565.0,20.0,33.657225553029114,23.56005788712038,200.0
2030-06-14 20:00:00,-0.0,10798.65722555303,-0.0,10565.0,20.0,33.657225553029114,23.56005788712038,200.0
2030-06-14 21:00:00,-0.0,10798.65722555303,-0.0,10565.0,20.0,33.657225553029114,23.56005788712038,200.0
2030-06-14 22:00:00,-0.0,10798.65722555303,-0.0,10565.0,20.0,33.657225553029114,23.56005788712038,200.0
2030-06-14 23:00:00,-0.0,7929.132739149419,2635.8672608505813,10565.0,20.0,-0.0,-0.0,0.0
2030-06-15 00:00:00,2176.341715930784,1045.7316747308414,7342.926609338374,10565.0,20.0,-0.0,-0.0,0.0
2030-06-15 01:00:00,8438.133313319786,-0.0,2126.866686680214,10565.0,20.0,-0.0,-0.0,0.0
2030-06-15 02:00:00,10793.57142857143,-0.0,-0.0,10565.0,20.0,28.571428571428573,20.0,200.0
2030-06-15 03:00:00,10793.57142857143,-0.0,-0.0,10565.0,20.0,28.571428571428573,20.0,200.0
2030-06-15 04:00:00,10793.57142857143,-0.0,-0.0,10565.0,20.0,28.571428571428573,20.0,200.0
2030-06-15 05:00:00,10793.57142857143,-0.0,-0.0,10565.0,20.0,28.571428571428573,20.0,200.0
2030-06-15 06:00:00,10793.57142857143,-0.0,-0.0,10565.0,20.0,28.571428571428573,20.0,200.0
2030-06-15 07:00:00,10793.57142857143,-0.0,-0.0,10565.0,20.0,28.571428571428573,20.0,200.0
2030-06-15 08:00:00,10793.57142857143,-0.0,-0.0,10565.0,20.0,28.571428571428573,20.0,200.0
2030-06-15 09:00:00,10793.57142857143,-0.0,-0.0,10565.0,20.0,28.571428571428573,20.0,200.0
2030-06-15 10:00:00,10793.57142857143,-0.0,-0.0,10565.0,20.0,28.571428571428573,20.0,200.0
2030-06-15 11:00:00,10793.57142857143,-0.0,-0.0,10565.0,20.0,28.571428571428573,20.0,200.0
2030-06-15 12:00:00,-0.0,10793.57142857143,-0.0,10565.0,20.0,28.571428571428573,20.0,200.0
2030-06-15 13:00:00,-0.0,10793.57142857143,-0.0,10565.0,20.0,28.571428571428573,20.0,200.0
2030-06-15 14:00:00,-0.0,10793.57142857143,-0.0,10565.0,20.0,28.571428571428573,20.0,200.0
2030-06-15 15:00:00,-0.0,10793.57142857143,-0.0,10565.0,20.0,28.571428571428573,20.0,200.0
2030-06-15 16:00:00,-0.0,10793.57142857143,-0.0,10565.0,20.0,28.571428571428573,20.0,200.0
2030-06-15 17:00:00,-0.0,10793.57142857143,-0.0,10565.0,20.0,28.571428571428573,20.0,200.0
2030-06-15 18:00:00,-0.0,10793.57142857143,-0.0,10565.0,20.0,28.571428571428573,20.0,200.0
2030-06-15 19:00:00,-0.0,10793.57142857143,-0.0,10565.0,20.0,28.571428571428573,20.0,200.0
2030-06-15 20:00:00,-0.0,10793.57142857143,-0.0,10565.0,20.0,28.571428571428573,20.0,200.0
2030-06-15 21:00:00,-0.0,10793.57142857143,-0.0,10565.0,20.0,28.571428571428573,20.0,200.0
2030-06-15 22:00:00,-0.0,10793.57142857143,-0.0,10565.0,20.0,28.571428571428573,20.0,200.0
2030-06-15 23:00:00,-0.0,10793.57142857143,-0.0,10565.0,20.0,28.571428571428573,20.0,200.0
2030-06-16 00:00:00,-0.0,10793.57142857143,-0.0,10565.0,20.0,28.571428571428573,20.0,200.0
2030-06-16 01:00:00,8221.85090676765,2571.720521803779,-0.0,10565.0,20.0,28.571428571428573,20.0,200.0
2030-06-16 02:00:00,10793.57142857143,-0.0,-0.0,10565.0,20.0,28.571428571428573,20.0,200.0
2030-06-16 03:00:00,10793.57142857143,-0.0,-0.0,10565.0,20.0,28.571428571428573,20.0,200.0
2030-06-16 04:00:00,10793.57142857143,-0.0,-0.0,10565.0,20.0,28.571428571428573,20.0,200.0
2030-06-16 05:00:00,10793.57142857143,-0.0,-0.0,10565.0,20.0,28.571428571428573,20.0,200.0
2030-06-16 06:00:00,10793.57142857143,-0.0,-0.0,10565.0,20.0,28.571428571428573,20.0,200.0
2030-06-16 07:00:00,10793.57142857143,-0.0,-0.0,10565.0,20.0,28.571428571428573,20.0,200.0
2030-06-16 08:00:00,10793.57142857143,-0.0,-0.0,10565.0,20.0,28.571428571428573,20.0,200.0
2030-06-16 09:00:00,-0.0,10793.57142857143,-0.0,10565.0,20.0,28.571428571428573,20.0,200.0
2030-06-16 10:00:00,10793.57142857143,-0.0,-0.0,10565.0,20.0,28.571428571428573,20.0,200.0
2030-06-16 11:00:00,10793.57142857143,-0.0,-0.0,10565.0,20.0,28.571428571428573,20.0,200.0
2030-06-16 12:00:00,10793.57142857143,-0.0,-0.0,10565.0,20.0,28.571428571428573,20.0,200.0
2030-06-16 13:00:00,-0.0,10793.57142857143,-0.0,10565.0,20.0,28.571428571428573,20.0,200.0
2030-06-16 14:00:00,-0.0,10793.57142857143,-0.0,10565.0,20.0,28.571428571428573,20.0,200.0
2030-06-16 15:00:00,-0.0,10793.57142857143,-0.0,10565.0,20.0,28.571428571428573,20.0,200.0
2030-06-16 16:00:00,-0.0,10793.57142857143,-0.0,10565.0,20.0,28.571428571428573,20.0,200.0
2030-06-16 17:00:00,-0.0,10793.57142857143,-0.0,10565.0,20.0,28.571428571428573,20.0,200.0
2030-06-16 18:00:00,-0.0,10793.57142857143,-0.0,10565.0,20.0,28.571428571428573,20.0,200.0
2030-06-16 19:00:00,-0.0,10793.57142857143,-0.0,10565.0,20.0,28.571428571428573,20.0,200.0
2030-06-16 20:00:00,-0.0,10793.57142857143,-0.0,10565.0,20.0,28.571428571428573,20.0,200.0
2030-06-16 21:00:00,-0.0,10793.57142857143,-0.0,10565.0,20.0,28.571428571428573,20.0,200.0
2030-06-16 22:00:00,-0.0,10793.57142857143,-0.0,10565.0,20.0,28.571428571428573,20.0,200.0
2030-06-16 23:00:00,-0.0,10793.57142857143,-0.0,10565.0,20.0,28.571428571428573,20.0,200.0
2030-06-17 00:00:00,-0.0,10793.57142857143,-0.0,10565.0,20.0,28.571428571428573,20.0,200.0
2030-06-17 01:00:00,-0.0,10793.57142857143,-0.0,10565.0,20.0,28.571428571428573,20.0,200.0
2030-06-17 02:00:00,10793.57142857143,-0.0,-0.0,10565.0,20.0,28.571428571428573,20.0,200.0
2030-06-17 03:00:00,10793.57142857143,-0.0,-0.0,10565.0,20.0,28.571428571428573,20.0,200.0
2030-06-17 04:00:00,10793.57142857143,-0.0,-0.0,10565.0,20.0,28.571428571428573,20.0,200.0
2030-06-17 05:00:00,10793.57142857143,-0.0,-0.0,10565.0,20.0,28.571428571428573,20.0,200.0
2030-06-17 06:00:00,10793.57142857143,-0.0,-0.0,10565.0,20.0,28.571428571428573,20.0,200.0
2030-06-17 07:00:00,10793.57142857143,-0.0,-0.0,10565.0,20.0,28.571428571428573,20.0,200.0
2030-06-17 08:00:00,10793.57142857143,-0.0,-0.0,10565.0,20.0,28.571428571428573,20.0,200.0
2030-06-17 09:00:00,-0.0,10793.57142857143,-0.0,10565.0,20.0,28.571428571428573,20.0,200.0
2030-06-17 10:00:00,-0.0,10793.57142857143,-0.0,10565.0,20.0,28.571428571428573,20.0,200.0
2030-06-17 11:00:00,10793.57142857143,-0.0,-0.0,10565.0,20.0,28.571428571428573,20.0,200.0
2030-06-17 12:00:00,10793.57142857143,-0.0,-0.0,10565.0,20.0,28.571428571428573,20.0,200.0
2030-06-17 13:00:00,-0.0,10793.57142857143,-0.0,10565.0,20.0,28.571428571428573,20.0,200.0
2030-06-17 14:00:00,-0.0,10793.57142857143,-0.0,10565.0,20.0,28.571428571428573,20.0,200.0
2030-06-17 15:00:00,-0.0,10793.57142857143,-0.0,10565.0,20.0,28.571428571428573,20.0,200.0
2030-06-17 16:00:00,-0.0,10793.57142857143,-0.0,10565.0,20.0,28.571428571428573,20.0,200.0
2030-06-17 17:00:00,-0.0,10793.57142857143,-0.0,10565.0,20.0,28.571428571428573,20.0,200.0
2030-06-17 18:00:00,-0.0,10793.57142857143,-0.0,10565.0,20.0,28.571428571428573,20.0,200.0
2030-06-17 19:00:00,-0.0,10793.57142857143,-0.0,10565.0,20.0,28.571428571428573,20.0,200.0
2030-06-17 20:00:00,-0.0,10793.57142857143,-0.0,10565.0,20.0,28.571428571428573,20.0,200.0
2030-06-17 21:00:00,-0.0,10793.57142857143,-0.0,10565.0,20.0,28.571428571428573,20.0,200.0
2030-06-17 22:00:00,-0.0,10793.57142857143,-0.0,10565.0,20.0,28.571428571428573,20.0,200.0
2030-06-17 23:00:00,-0.0,10793.57142857143,-0.0,10565.0,20.0,28.571428571428573,20.0,200.0
2030-06-18 00:00:00,-0.0,10793.57142857143,-0.0,10565.0,20.0,28.571428571428573,20.0,200.0
2030-06-18 01:00:00,8453.730602253834,2339.8408263175943,-0.0,10565.0,20.0,28.571428571428573,20.0,200.0
2030-06-18 02:00:00,10793.57142857143,-0.0,-0.0,10565.0,20.0,28.571428571428573,20.0,200.0
2030-06-18 03:00:00,10793.57142857143,-0.0,-0.0,10565.0,20.0,28.571428571428573,20.0,200.0
2030-06-18 04:00:00,10793.57142857143,-0.0,-0.0,10565.0,20.0,28.571428571428573,20.0,200.0
2030-06-18 05:00:00,10793.57142857143,-0.0,-0.0,10565.0,20.0,28.571428571428573,20.0,200.0
2030-06-18 06:00:00,10797.912962580105,-0.0,-0.0,10565.0,20.0,32.912962580105614,23.03907380607393,200.0
2030-06-18 07:00:00,10798.65722555303,-0.0,-0.0,10565.0,20.0,33.657225553029114,23.56005788712038,200.0
2030-06-18 08:00:00,10798.65722555303,-0.0,-0.0,10565.0,20.0,33.657225553029114,23.56005788712038,200.0
2030-06-18 09:00:00,10798.65722555303,-0.0,-0.0,10565.0,20.0,33.657225553029114,23.56005788712038,200.0
2030-06-18 10:00:00,10798.65722555303,-0.0,-0.0,10565.0,20.0,33.657225553029114,23.56005788712038,200.0
2030-06-18 11:00:00,10798.65722555303,-0.0,-0.0,10565.0,20.0,33.657225553029114,23.56005788712038,200.0
2030-06-18 12:00:00,-0.0,10798.65722555303,-0.0,10565.0,20.0,33.657225553029114,23.56005788712038,200.0
2030-06-18 13:00:00,-0.0,10798.65722555303,-0.0,10565.0,20.0,33.657225553029114,23.56005788712038,200.0
2030-06-18 14:00:00,-0.0,10798.65722555303,-0.0,10565.0,20.0,33.657225553029114,23.56005788712038,200.0
2030-06-18 15:00:00,-0.0,10798.65722555303,-0.0,10565.0,20.0,33.657225553029114,23.56005788712038,200.0
2030-06-18 16:00:00,-0.0,10798.65722555303,-0.0,10565.0,20.0,33.657225553029114,23.56005788712038,200.0
2030-06-18 17:00:00,-0.0,10798.65722555303,-0.0,10565.0,20.0,33.657225553029114,23.56005788712038,200.0
2030-06-18 18:00:00,-0.0,10798.65722555303,-0.0,10565.0,20.0,33.657225553029114,23.56005788712038,200.0
2030-06-18 19:00:00,-0.0,10798.65722555303,-0.0,10565.0,20.0,33.657225553029114,23.56005788712038,200.0
2030-06-18 20:00:00,-0.0,10798.65722555303,-0.0,10565.0,20.0,33.657225553029114,23.56005788712038,200.0
2030-06-18 21:00:00,-0.0,10798.65722555303,-0.0,10565.0,20.0,33.657225553029114,23.56005788712038,200.0
2030-06-18 22:00:00,-0.0,10798.65722555303,-0.0,10565.0,20.0,33.657225553029114,23.56005788712038,200.0
2030-06-18 23:00:00,-0.0,7929.132739149419,2635.8672608505813,10565.0,20.0,-0.0,-0.0,0.0
2030-06-19 00:00:00,2205.45665527434,1045.7316747308414,7313.811669994819,10565.0,20.0,-0.0,-0.0,0.0
2030-06-19 01:00:00,8452.690782991565,-0.0,2112.3092170084346,10565.0,20.0,-0.0,-0.0,0.0
2030-06-19 02:00:00,10793.57142857143,-0.0,-0.0,10565.0,20.0,28.571428571428573,20.0,200.0
2030-06-19 03:00:00,10793.57142857143,-0.0,-0.0,10565.0,20.0,28.571428571428573,20.0,200.0
2030-06-19 04:00:00,10793.57142857143,-0.0,-0.0,10565.0,20.0,28.571428571428573,20.0,200.0
2030-06-19 05:00:00,10793.57142857143,-0.0,-0.0,10565.0,20.0,28.571428571428573,20.0,200.0
2030-06-19 06:00:00,10797.912962580105,-0.0,-0.0,10565.0,20.0,32.912962580105614,23.03907380607393,200.0
2030-06-19 07:00:00,10798.65722555303,-0.0,-0.0,10565.0,20.0,33.657225553029114,23.56005788712038,200.0
2030-06-19 08:00:00,10798.65722555303,-0.0,-0.0,10565.0,20.0,33.657225553029114,23.56005788712038,200.0
2030-06-19 09:00:00,10798.65722555303,-0.0,-0.0,10565.0,20.0,33.657225553029114,23.56005788712038,200.0
2030-06-19 10:00:00,10798.65722555303,-0.0,-0.0,10565.0,20.0,33.657225553029114,23.56005788712038,200.0
2030-06-19 11:00:00,10798.65722555303,-0.0,-0.0,10565.0,20.0,33.657225553029114,23.56005788712038,200.0
2030-06-19 12:00:00,10798.65722555303,-0.0,-0.0,10565.0,20.0,33.657225553029114,23.56005788712038,200.0
2030-06-19 13:00:00,3106.9799556622947,7691.677269890735,-0.0,10565.0,20.0,33.657225553029114,23.56005788712038,200.0
2030-06-19 14:00:00,630.1304729355153,10168.526752617514,-0.0,10565.0,20.0,33.657225553029114,23.56005788712038,200.0
2030-06-19 15:00:00,-0.0,10798.65722555303,-0.0,10565.0,20.0,33.657225553029114,23.56005788712038,200.0
2030-06-19 16:00:00,-0.0,10798.65722555303,-0.0,10565.0,20.0,33.657225553029114,23.56005788712038,200.0
2030-06-19 17:00:00,-0.0,10798.65722555303,-0.0,10565.0,20.0,33.657225553029114,23.56005788712038,200.0
2030-06-19 18:00:00,-0.0,10798.65722555303,-0.0,10565.0,20.0,33.657225553029114,23.56005788712038,200.0
2030-06-19 19:00:00,-0.0,10798.65722555303,-0.0,10565.0,20.0,33.657225553029114,23.56005788712038,200.0
2030-06-19 20:00:00,-0.0,10798.65722555303,-0.0,10565.0,20.0,33.657225553029114,23.56005788712038,200.0
2030-06-19 21:00:00,-0.0,10798.65722555303,-0.0,10565.0,20.0,33.657225553029114,23.56005788712038,200.0
2030-06-19 22:00:00,-0.0,10798.65722555303,-0.0,10565.0,20.0,33.657225553029114,23.56005788712038,200.0
2030-06-19 23:00:00,-0.0,1045.7316747308414,9519.268325269159,10565.0,20.0,-0.0,-0.0,0.0
2030-06-20 00:00:00,2199.217739700721,-0.0,8365.782260299278,10565.0,20.0,-0.0,-0.0,0.0
2030-06-20 01:00:00,8418.376747336648,-0.0,2146.623252663352,10565.0,20.0,-0.0,-0.0,0.0
2030-06-20 02:00:00,10793.57142857143,-0.0,-0.0,10565.0,20.0,28.571428571428573,20.0,200.0
2030-06-20 03:00:00,10793.57142857143,-0.0,-0.0,10565.0,20.0,28.571428571428573,20.0,200.0
2030-06-20 04:00:00,10793.57142857143,-0.0,-0.0,10565.0,20.0,28.571428571428573,20.0,200.0
2030-06-20 05:00:00,10793.57142857143,-0.0,-0.0,10565.0,20.0,28.571428571428573,20.0,200.0
2030-06-20 06:00:00,10793.57142857143,-0.0,-0.0,10565.0,20.0,28.571428571428573,20.0,200.0
2030-06-20 07:00:00,10793.57142857143,-0.0,-0.0,10565.0,20.0,28.571428571428573,20.0,200.0
2030-06-20 08:00:00,10793.57142857143,-0.0,-0.0,10565.0,20.0,28.571428571428573,20.0,200.0
2030-06-20 09:00:00,10793.57142857143,-0.0,-0.0,10565.0,20.0,28.571428571428573,20.0,200.0
2030-06-20 10:00:00,10793.57142857143,-0.0,-0.0,10565.0,20.0,28.571428571428573,20.0,200.0
2030-06-20 11:00:00,10793.57142857143,-0.0,-0.0,10565.0,20.0,28.571428571428573,20.0,200.0
2030-06-20 12:00:00,-0.0,10793.57142857143,-0.0,10565.0,20.0,28.571428571428573,20.0,200.0
2030-06-20 13:00:00,-0.0,10793.57142857143,-0.0,10565.0,20.0,28.571428571428573,20.0,200.0
2030-06-20 14:00:00,-0.0,10793.57142857143,-0.0,10565.0,20.0,28.571428571428573,20.0,200.0
2030-06-20 15:00:00,-0.0,10793.57142857143,-0.0,10565.0,20.0,28.571428571428573,20.0,200.0
2030-06-20 16:00:00,-0.0,10793.57142857143,-0.0,10565.0,20.0,28.571428571428573,20.0,200.0
2030-06-20 17:00:00,-0.0,10793.57142857143,-0.0,10565.0,20.0,28.571428571428573,20.0,200.0
2030-06-20 18:00:00,-0.0,10793.57142857143,-0.0,10565.0,20.0,28.571428571428573,20.0,200.0
2030-06-20 19:00:00,-0.0,10793.57142857143,-0.0,10565.0,20.0,28.571428571428573,20.0,200.0
2030-06-20 20:00:00,-0.0,10793.57142857143,-0.0,10565.0,20.0,28.571428571428573,20.0,200.0
2030-06-20 21:00:00,-0.0,10793.57142857143,-0.0,10565.0,20.0,28.571428571428573,20.0,200.0
2030-06-20 22:00:00,-0.0,10793.57142857143,-0.0,10565.0,20.0,28.571428571428573,20.0,200.0
2030-06-20 23:00:00,-0.0,10793.57142857143,-0.0,10565.0,20.0,28.571428571428573,20.0,200.0
2030-06-21 00:00:00,2130.589668390901,8662.981760180528,-0.0,10565.0,20.0,28.571428571428573,20.0,200.0
2030-06-21 01:00:00,-0.0,10793.57142857143,-0.0,10565.0,20.0,28.571428571428573,20.0,200.0
2030-06-21 02:00:00,10793.57142857143,-0.0,-0.0,10565.0,20.0,28.571428571428573,20.0,200.0
2030-06-21 03:00:00,10793.57142857143,-0.0,-0.0,10565.0,20.0,28.571428571428573,20.0,200.0
2030-06-21 04:00:00,10793.57142857143,-0.0,-0.0,10565.0,20.0,28.571428571428573,20.0,200.0
2030-06-21 05:00:00,10793.57142857143,-0.0,-0.0,10565.0,20.0,28.571428571428573,20.0,200.0
2030-06-21 06:00:00,10793.57142857143,-0.0,-0.0,10565.0,20.0,28.571428571428573,20.0,200.0
2030-06-21 07:00:00,10793.57142857143,-0.0,-0.0,10565.0,20.0,28.571428571428573,20.0,200.0
2030-06-21 08:00:00,10793.57142857143,-0.0,-0.0,10565.0,20.0,28.571428571428573,20.0,200.0
2030-06-21 09:00:00,10793.57142857143,-0.0,-0.0,10565.0,20.0,28.571428571428573,20.0,200.0
2030-06-21 10:00:00,10797.168699607182,-0.0,-0.0,10565.0,20.0,32.16869960718211,22.518089725027476,200.0
2030-06-21 11:00:00,10798.65722555303,-0.0,-0.0,10565.0,20.0,33.657225553029114,23.56005788712038,200.0
2030-06-21 12:00:00,-0.0,10798.65722555303,-0.0,10565.0,20.0,33.657225553029114,23.56005788712038,200.0
2030-06-21 13:00:00,-0.0,10798.65722555303,-0.0,10565.0,20.0,33.657225553029114,23.56005788712038,200.0
2030-06-21 14:00:00,-0.0,10798.65722555303,-0.0,10565.0,20.0,33.657225553029114,23.56005788712038,200.0
2030-06-21 15:00:00,-0.0,10798.65722555303,-0.0,10565.0,20.0,33.657225553029114,23.56005788712038,200.0
2030-06-21 16:00:00,-0.0,10798.65722555303,-0.0,10565.0,20.0,33.657225553029114,23.56005788712038,200.0
2030-06-21 17:00:00,-0.0,10798.65722555303,-0.0,10565.0,20.0,33.657225553029114,23.56005788712038,200.0
2030-06-21 18:00:00,-0.0,10798.65722555303,-0.0,10565.0,20.0,33.657225553029114,23.56005788712038,200.0
2030-06-21 19:00:00,-0.0,10798.65722555303,-0.0,10565.0,20.0,33.657225553029114,23.56005788712038,200.0
2030-06-21 20:00:00,-0.0,10798.65722555303,-0.0,10565.0,20.0,33.657225553029114,23.56005788712038,200.0
2030-06-21 21:00:00,-0.0,10798.65722555303,-0.0,10565.0,20.0,33.657225553029114,23.56005788712038,200.0
2030-06-21 22:00:00,-0.0,10798.65722555303,-0.0,10565.0,20.0,33.657225553029114,23.56005788712038,200.0
2030-06-21 23:00:00,-0.0,10798.65722555303,-0.0,10565.0,20.0,33.657225553029114,23.56005788712038,200.0
2030-06-22 00:00:00,2160.7444269967364,8637.912798556294,-0.0,10565.0,20.0,33.657225553029114,23.56005788712038,200.0
2030-06-22 01:00:00,8323.753194470104,2474.904031082926,-0.0,10565.0,20.0,33.657225553029114,23.56005788712038,200.0
2030-06-22 02:00:00,10798.65722555303,-0.0,-0.0,10565.0,20.0,33.657225553029114,23.56005788712038,200.0
2030-06-22 03:00:00,10798.65722555303,-0.0,-0.0,10565.0,20.0,33.657225553029114,23.56005788712038,200.0
2030-06-22 04:00:00,10798.65722555303,-0.0,-0.0,10565.0,20.0,33.657225553029114,23.56005788712038,200.0
2030-06-22 05:00:00,10798.65722555303,-0.0,-0.0,10565.0,20.0,33.657225553029114,23.56005788712038,200.0
2030-06-22 06:00:00,10798.65722555303,-0.0,-0.0,10565.0,20.0,33.657225553029114,23.56005788712038,200.0
2030-06-22 07:00:00,10798.65722555303,-0.0,-0.0,10565.0,20.0,33.657225553029114,23.56005788712038,200.0
2030-06-22 08:00:00,10798.65722555303,-0.0,-0.0,10565.0,20.0,33.657225553029114,23.56005788712038,200.0
2030-06-22 09:00:00,10798.65722555303,-0.0,-0.0,10565.0,20.0,33.657225553029114,23.56005788712038,200.0
2030-06-22 10:00:00,10798.65722555303,-0.0,-0.0,10565.0,20.0,33.657225553029114,23.56005788712038,200.0
2030-06-22 11:00:00,10798.65722555303,-0.0,-0.0,10565.0,20.0,33.657225553029114,23.56005788712038,200.0
2030-06-22 12:00:00,-0.0,10798.65722555303,-0.0,10565.0,20.0,33.657225553029114,23.56005788712038,200.0
2030-06-22 13:00:00,-0.0,10798.65722555303,-0.0,10565.0,20.0,33.657225553029114,23.56005788712038,200.0
2030-06-22 14:00:00,-0.0,10798.65722555303,-0.0,10565.0,20.0,33.657225553029114,23.56005788712038,200.0
2030-06-22 15:00:00,-0.0,10798.65722555303,-0.0,10565.0,20.0,33.657225553029114,23.56005788712038,200.0
2030-06-22 16:00:00,-0.0,10798.65722555303,-0.0,10565.0,20.0,33.657225553029114,23.56005788712038,200.0
2030-06-22 17:00:00,-0.0,10798.65722555303,-0.0,10565.0,20.0,33.657225553029114,23.56005788712038,200.0
2030-06-22 18:00:00,-0.0,10798.65722555303,-0.0,10565.0,20.0,33.657225553029114,23.56005788712038,200.0
2030-06-22 19:00:00,-0.0,-0.0,10565.0,10565.0,20.0,-0.0,-0.0,0.0
2030-06-22 20:00:00,-0.0,-0.0,10565.0,10565.0,20.0,-0.0,-0.0,0.0
2030-06-22 21:00:00,-0.0,10763.474353910022,-0.0,10565.0,20.0,-0.0,-0.0,198.47435391002182
2030-06-22 22:00:00,-0.0,10798.65722555303,-0.0,10565.0,20.0,33.657225553029114,23.56005788712038,200.0
2030-06-22 23:00:00,-0.0,10763.474353910022,-0.0,10565.0,20.0,-0.0,-0.0,198.47435391002182
2030-06-23 00:00:00,2597.468517150071,-0.0,7967.531482849929,10565.0,20.0,-0.0,-0.0,0.0
2030-06-23 01:00:00,7749.77296169715,-0.0,2815.22703830285,10565.0,20.0,-0.0,-0.0,0.0
2030-06-23 02:00:00,10798.243746123571,-0.0,-0.0,10565.0,20.0,33.24374612357052,23.27062228649936,200.0
2030-06-23 03:00:00,10798.65722555303,-0.0,-0.0,10565.0,20.0,33.657225553029114,23.56005788712038,200.0
2030-06-23 04:00:00,10798.65722555303,-0.0,-0.0,10565.0,20.0,33.657225553029114,23.56005788712038,200.0
2030-06-23 05:00:00,10798.65722555303,-0.0,-0.0,10565.0,20.0,33.657225553029114,23.56005788712038,200.0
2030-06-23 06:00:00,10798.65722555303,-0.0,-0.0,10565.0,20.0,33.657225553029114,23.56005788712038,200.0
2030-06-23 07:00:00,10798.65722555303,-0.0,-0.0,10565.0,20.0,33.657225553029114,23.56005788712038,200.0
2030-06-23 08:00:00,10798.65722555303,-0.0,-0.0,10565.0,20.0,33.657225553029114,23.56005788712038,200.0
2030-06-23 09:00:00,10798.65722555303,-0.0,-0.0,10565.0,20.0,33.657225553029114,23.56005788712038,200.0
2030-06-23 10:00:00,10798.65722555303,-0.0,-0.0,10565.0,20.0,33.657225553029114,23.56005788712038,200.0
2030-06-23 11:00:00,10798.65722555303,-0.0,-0.0,10565.0,20.0,33.657225553029114,23.56005788712038,200.0
2030-06-23 12:00:00,-0.0,10798.65722555303,-0.0,10565.0,20.0,33.657225553029114,23.56005788712038,200.0
2030-06-23 13:00:00,-0.0,10798.65722555303,-0.0,10565.0,20.0,33.657225553029114,23.56005788712038,200.0
2030-06-23 14:00:00,-0.0,10798.65722555303,-0.0,10565.0,20.0,33.657225553029114,23.56005788712038,200.0
2030-06-23 15:00:00,-0.0,10798.65722555303,-0.0,10565.0,20.0,33.657225553029114,23.56005788712038,200.0
2030-06-23 16:00:00,-0.0,10798.65722555303,-0.0,10565.0,20.0,33.657225553029114,23.56005788712038,200.0
2030-06-23 17:00:00,-0.0,10798.65722555303,-0.0,10565.0,20.0,33.657225553029114,23.56005788712038,200.0
2030-06-23 18:00:00,-0.0,10798.65722555303,-0.0,10565.0,20.0,33.657225553029114,23.56005788712038,200.0
2030-06-23 19:00:00,-0.0,10798.65722555303,-0.0,10565.0,20.0,33.657225553029114,23.56005788712038,200.0
2030-06-23 20:00:00,-0.0,10798.65722555303,-0.0,10565.0,20.0,33.657225553029114,23.56005788712038,200.0
2030-06-23 21:00:00,-0.0,10798.65722555303,-0.0,10565.0,20.0,33.657225553029114,23.56005788712038,200.0
2030-06-23 22:00:00,-0.0,10798.65722555303,-0.0,10565.0,20.0,33.657225553029114,23.56005788712038,200.0
2030-06-23 23:00:00,-0.0,10798.65722555303,-0.0,10565.0,20.0,33.657225553029114,23.56005788712038,200.0
2030-06-24 00:00:00,1518.1361229139727,9280.521102639057,-0.0,10565.0,20.0,33.657225553029114,23.56005788712038,200.0
2030-06-24 01:00:00,8132.426450212442,2666.2307753405876,-0.0,10565.0,20.0,33.657225553029114,23.56005788712038,200.0
2030-06-24 02:00:00,10798.65722555303,-0.0,-0.0,10565.0,20.0,33.657225553029114,23.56005788712038,200.0
2030-06-24 03:00:00,10798.65722555303,-0.0,-0.0,10565.0,20.0,33.657225553029114,23.56005788712038,200.0
2030-06-24 04:00:00,10798.65722555303,-0.0,-0.0,10565.0,20.0,33.657225553029114,23.56005788712038,200.0
2030-06-24 05:00:00,10798.65722555303,-0.0,-0.0,10565.0,20.0,33.657225553029114,23.56005788712038,200.0
2030-06-24 06:00:00,10798.65722555303,-0.0,-0.0,10565.0,20.0,33.657225553029114,23.56005788712038,200.0
2030-06-24 07:00:00,10798.65722555303,-0.0,-0.0,10565.0,20.0,33.657225553029114,23.56005788712038,200.0
2030-06-24 08:00:00,10798.65722555303,-0.0,-0.0,10565.0,20.0,33.657225553029114,23.56005788712038,200.0
2030-06-24 09:00:00,10798.65722555303,-0.0,-0.0,10565.0,20.0,33.657225553029114,23.56005788712038,200.0
2030-06-24 10:00:00,10798.65722555303,-0.0,-0.0,10565.0,20.0,33.657225553029114,23.56005788712038,200.0
2030-06-24 11:00:00,10798.65722555303,-0.0,-0.0,10565.0,20.0,33.657225553029114,23.56005788712038,200.0
2030-06-24 12:00:00,-0.0,10798.65722555303,-0.0,10565.0,20.0,33.657225553029114,23.56005788712038,200.0
2030-06-24 13:00:00,3058.108450335612,7740.548775217418,-0.0,10565.0,20.0,33.657225553029114,23.56005788712038,200.0
2030-06-24 14:00:00,-0.0,10798.65722555303,-0.0,10565.0,20.0,33.657225553029114,23.56005788712038,200.0
2030-06-24 15:00:00,-0.0,10798.65722555303,-0.0,10565.0,20.0,33.657225553029114,23.56005788712038,200.0
2030-06-24 16:00:00,-0.0,10798.65722555303,-0.0,10565.0,20.0,33.657225553029114,23.56005788712038,200.0
2030-06-24 17:00:00,-0.0,10798.65722555303,-0.0,10565.0,20.0,33.657225553029114,23.56005788712038,200.0
2030-06-24 18:00:00,-0.0,10798.65722555303,-0.0,10565.0,20.0,33.657225553029114,23.56005788712038,200.0
2030-06-24 19:00:00,-0.0,10798.65722555303,-0.0,10565.0,20.0,33.657225553029114,23.56005788712038,200.0
2030-06-24 20:00:00,-0.0,6511.96193176913,4053.0380682308696,10565.0,20.0,-0.0,-0.0,0.0
2030-06-24 21:00:00,-0.0,-0.0,10565.0,10565.0,20.0,-0.0,-0.0,0.0
2030-06-24 22:00:00,-0.0,-0.0,10565.0,10565.0,20.0,-0.0,-0.0,0.0
2030-06-24 23:00:00,-0.0,-0.0,10565.0,10565.0,20.0,-0.0,-0.0,0.0
2030-06-25 00:00:00,2020.3688265903074,-0.0,8544.631173409693,10565.0,20.0,-0.0,-0.0,0.0
2030-06-25 01:00:00,7859.993803497754,-0.0,2705.006196502246,10565.0,20.0,-0.0,-0.0,0.0
2030-06-25 02:00:00,10798.65722555303,-0.0,-0.0,10565.0,20.0,33.657225553029114,23.56005788712038,200.0
2030-06-25 03:00:00,10798.65722555303,-0.0,-0.0,10565.0,20.0,33.657225553029114,23.56005788712038,200.0
2030-06-25 04:00:00,10798.65722555303,-0.0,-0.0,10565.0,20.0,33.657225553029114,23.56005788712038,200.0
2030-06-25 05:00:00,10798.65722555303,-0.0,-0.0,10565.0,20.0,33.657225553029114,23.56005788712038,200.0
2030-06-25 06:00:00,10798.65722555303,-0.0,-0.0,10565.0,20.0,33.657225553029114,23.56005788712038,200.0
2030-06-25 07:00:00,10798.65722555303,-0.0,-0.0,10565.0,20.0,33.657225553029114,23.56005788712038,200.0
2030-06-25 08:00:00,10798.65722555303,-0.0,-0.0,10565.0,20.0,33.657225553029114,23.56005788712038,200.0
2030-06-25 09:00:00,10798.65722555303,-0.0,-0.0,10565.0,20.0,33.657225553029114,23.56005788712038,200.0
2030-06-25 10:00:00,10798.65722555303,-0.0,-0.0,10565.0,20.0,33.657225553029114,23.56005788712038,200.0
2030-06-25 11:00:00,10798.65722555303,-0.0,-0.0,10565.0,20.0,33.657225553029114,23.56005788712038,200.0
2030-06-25 12:00:00,10798.65722555303,-0.0,-0.0,10565.0,20.0,33.657225553029114,23.56005788712038,200.0
2030-06-25 13:00:00,-0.0,10798.65722555303,-0.0,10565.0,20.0,33.657225553029114,23.56005788712038,200.0
2030-06-25 14:00:00,666.5241471149702,10132.133078438059,-0.0,10565.0,20.0,33.657225553029114,23.56005788712038,200.0
2030-06-25 15:00:00,-0.0,10798.65722555303,-0.0,10565.0,20.0,33.657225553029114,23.56005788712038,200.0
2030-06-25 16:00:00,-0.0,10798.65722555303,-0.0,10565.0,20.0,33.657225553029114,23.56005788712038,200.0
2030-06-25 17:00:00,-0.0,9346.303546529733,1218.6964534702674,10565.0,20.0,-0.0,-0.0,0.0
2030-06-25 18:00:00,-0.0,10798.65722555303,-0.0,10565.0,20.0,33.657225553029114,23.56005788712038,200.0
2030-06-25 19:00:00,-0.0,10798.65722555303,-0.0,10565.0,20.0,33.657225553029114,23.56005788712038,200.0
2030-06-25 20:00:00,-0.0,-0.0,10565.0,10565.0,20.0,-0.0,-0.0,0.0
2030-06-25 21:00:00,-0.0,-0.0,10565.0,10565.0,20.0,-0.0,-0.0,0.0
2030-06-25 22:00:00,-0.0,10798.65722555303,-0.0,10565.0,20.0,33.657225553029114,23.56005788712038,200.0
2030-06-25 23:00:00,-0.0,10798.65722555303,-0.0,10565.0,20.0,33.657225553029114,23.56005788712038,200.0
2030-06-26 00:00:00,2080.6783438019584,8717.97888175107,-0.0,10565.0,20.0,33.657225553029114,23.56005788712038,200.0
2030-06-26 01:00:00,8067.957655951723,2730.6995696013073,-0.0,10565.0,20.0,33.657225553029114,23.56005788712038,200.0
2030-06-26 02:00:00,10798.65722555303,-0.0,-0.0,10565.0,20.0,33.657225553029114,23.56005788712038,200.0
2030-06-26 03:00:00,10798.65722555303,-0.0,-0.0,10565.0,20.0,33.657225553029114,23.56005788712038,200.0
2030-06-26 04:00:00,10798.65722555303,-0.0,-0.0,10565.0,20.0,33.657225553029114,23.56005788712038,200.0
2030-06-26 05:00:00,10798.65722555303,-0.0,-0.0,10565.0,20.0,33.657225553029114,23.56005788712038,200.0
2030-06-26 06:00:00,10798.65722555303,-0.0,-0.0,10565.0,20.0,33.657225553029114,23.56005788712038,200.0
2030-06-26 07:00:00,10798.65722555303,-0.0,-0.0,10565.0,20.0,33.657225553029114,23.56005788712038,200.0
2030-06-26 08:00:00,10798.65722555303,-0.0,-0.0,10565.0,20.0,33.657225553029114,23.56005788712038,200.0
2030-06-26 09:00:00,10798.65722555303,-0.0,-0.0,10565.0,20.0,33.657225553029114,23.56005788712038,200.0
2030-06-26 10:00:00,10798.65722555303,-0.0,-0.0,10565.0,20.0,33.657225553029114,23.56005788712038,200.0
2030-06-26 11:00:00,10798.65722555303,-0.0,-0.0,10565.0,20.0,33.657225553029114,23.56005788712038,200.0
2030-06-26 12:00:00,10798.65722555303,-0.0,-0.0,10565.0,20.0,33.657225553029114,23.56005788712038,200.0
2030-06-26 13:00:00,-0.0,10798.65722555303,-0.0,10565.0,20.0,33.657225553029114,23.56005788712038,200.0
2030-06-26 14:00:00,-0.0,10798.65722555303,-0.0,10565.0,20.0,33.657225553029114,23.56005788712038,200.0
2030-06-26 15:00:00,-0.0,10798.65722555303,-0.0,10565.0,20.0,33.657225553029114,23.56005788712038,200.0
2030-06-26 16:00:00,-0.0,10798.65722555303,-0.0,10565.0,20.0,33.657225553029114,23.56005788712038,200.0
2030-06-26 17:00:00,-0.0,10798.65722555303,-0.0,10565.0,20.0,33.657225553029114,23.56005788712038,200.0
2030-06-26 18:00:00,-0.0,10798.65722555303,-0.0,10565.0,20.0,33.657225553029114,23.56005788712038,200.0
2030-06-26 19:00:00,-0.0,10798.65722555303,-0.0,10565.0,20.0,33.657225553029114,23.56005788712038,200.0
2030-06-26 20:00:00,-0.0,10798.65722555303,-0.0,10565.0,20.0,33.657225553029114,23.56005788712038,200.0
2030-06-26 21:00:00,-0.0,10798.65722555303,-0.0,10565.0,20.0,33.657225553029114,23.56005788712038,200.0
2030-06-26 22:00:00,-0.0,10798.65722555303,-0.0,10565.0,20.0,33.657225553029114,23.56005788712038,200.0
2030-06-26 23:00:00,-0.0,10798.65722555303,-0.0,10565.0,20.0,33.657225553029114,23.56005788712038,200.0
2030-06-27 00:00:00,-0.0,10798.65722555303,-0.0,10565.0,20.0,33.657225553029114,23.56005788712038,200.0
2030-06-27 01:00:00,-0.0,10798.65722555303,-0.0,10565.0,20.0,33.657225553029114,23.56005788712038,200.0
2030-06-27 02:00:00,10798.65722555303,-0.0,-0.0,10565.0,20.0,33.657225553029114,23.56005788712038,200.0
2030-06-27 03:00:00,10798.65722555303,-0.0,-0.0,10565.0,20.0,33.657225553029114,23.56005788712038,200.0
2030-06-27 04:00:00,10798.65722555303,-0.0,-0.0,10565.0,20.0,33.657225553029114,23.56005788712038,200.0
2030-06-27 05:00:00,10798.65722555303,-0.0,-0.0,10565.0,20.0,33.657225553029114,23.56005788712038,200.0
2030-06-27 06:00:00,10798.65722555303,-0.0,-0.0,10565.0,20.0,33.657225553029114,23.56005788712038,200.0
2030-06-27 07:00:00,10798.65722555303,-0.0,-0.0,10565.0,20.0,33.657225553029114,23.56005788712038,200.0
2030-06-27 08:00:00,10798.65722555303,-0.0,-0.0,10565.0,20.0,33.657225553029114,23.56005788712038,200.0
2030-06-27 09:00:00,10798.65722555303,-0.0,-0.0,10565.0,20.0,33.657225553029114,23.56005788712038,200.0
2030-06-27 10:00:00,-0.0,10798.65722555303,-0.0,10565.0,20.0,33.657225553029114,23.56005788712038,200.0
2030-06-27 11:00:00,10798.65722555303,-0.0,-0.0,10565.0,20.0,33.657225553029114,23.56005788712038,200.0
2030-06-27 12:00:00,-0.0,10798.65722555303,-0.0,10565.0,20.0,33.657225553029114,23.56005788712038,200.0
2030-06-27 13:00:00,-0.0,10798.65722555303,-0.0,10565.0,20.0,33.657225553029114,23.56005788712038,200.0
2030-06-27 14:00:00,-0.0,10798.65722555303,-0.0,10565.0,20.0,33.657225553029114,23.56005788712038,200.0
2030-06-27 15:00:00,-0.0,10798.65722555303,-0.0,10565.0,20.0,33.657225553029114,23.56005788712038,200.0
2030-06-27 16:00:00,-0.0,10798.65722555303,-0.0,10565.0,20.0,33.657225553029114,23.56005788712038,200.0
2030-06-27 17:00:00,-0.0,10798.65722555303,-0.0,10565.0,20.0,33.657225553029114,23.56005788712038,200.0
2030-06-27 18:00:00,-0.0,10798.65722555303,-0.0,10565.0,20.0,33.657225553029114,23.56005788712038,200.0
2030-06-27 19:00:00,-0.0,10798.65722555303,-0.0,10565.0,20.0,33.657225553029114,23.56005788712038,200.0
2030-06-27 20:00:00,-0.0,10798.65722555303,-0.0,10565.0,20.0,33.657225553029114,23.56005788712038,200.0
2030-06-27 21:00:00,-0.0,10798.65722555303,-0.0,10565.0,20.0,33.657225553029114,23.56005788712038,200.0
2030-06-27 22:00:00,-0.0,10798.65722555303,-0.0,10565.0,20.0,33.657225553029114,23.56005788712038,200.0
2030-06-27 23:00:00,-0.0,10798.65722555303,-0.0,10565.0,20.0,33.657225553029114,23.56005788712038,200.0
2030-06-28 00:00:00,1922.6258159369422,8876.031409616087,-0.0,10565.0,20.0,33.657225553029114,23.56005788712038,200.0
2030-06-28 01:00:00,7555.326759652689,3243.3304659003406,-0.0,10565.0,20.0,33.657225553029114,23.56005788712038,200.0
2030-06-28 02:00:00,10798.65722555303,-0.0,-0.0,10565.0,20.0,33.657225553029114,23.56005788712038,200.0
2030-06-28 03:00:00,10798.65722555303,-0.0,-0.0,10565.0,20.0,33.657225553029114,23.56005788712038,200.0
2030-06-28 04:00:00,10798.65722555303,-0.0,-0.0,10565.0,20.0,33.657225553029114,23.56005788712038,200.0
2030-06-28 05:00:00,10798.65722555303,-0.0,-0.0,10565.0,20.0,33.657225553029114,23.56005788712038,200.0
2030-06-28 06:00:00,10798.65722555303,-0.0,-0.0,10565.0,20.0,33.657225553029114,23.56005788712038,200.0
2030-06-28 07:00:00,10798.65722555303,-0.0,-0.0,10565.0,20.0,33.657225553029114,23.56005788712038,200.0
2030-06-28 08:00:00,10798.65722555303,-0.0,-0.0,10565.0,20.0,33.657225553029114,23.56005788712038,200.0
2030-06-28 09:00:00,10798.65722555303,-0.0,-0.0,10565.0,20.0,33.657225553029114,23.56005788712038,200.0
2030-06-28 10:00:00,10798.65722555303,-0.0,-0.0,10565.0,20.0,33.657225553029114,23.56005788712038,200.0
2030-06-28 11:00:00,10798.65722555303,-0.0,-0.0,10565.0,20.0,33.657225553029114,23.56005788712038,200.0
2030-06-28 12:00:00,-0.0,10798.65722555303,-0.0,10565.0,20.0,33.657225553029114,23.56005788712038,200.0
2030-06-28 13:00:00,-0.0,10798.65722555303,-0.0,10565.0,20.0,33.657225553029114,23.56005788712038,200.0
2030-06-28 14:00:00,-0.0,10798.65722555303,-0.0,10565.0,20.0,33.657225553029114,23.56005788712038,200.0
2030-06-28 15:00:00,-0.0,10798.65722555303,-0.0,10565.0,20.0,33.657225553029114,23.56005788712038,200.0
2030-06-28 16:00:00,-0.0,10798.65722555303,-0.0,10565.0,20.0,33.657225553029114,23.56005788712038,200.0
2030-06-28 17:00:00,-0.0,10798.65722555303,-0.0,10565.0,20.0,33.657225553029114,23.56005788712038,200.0
2030-06-28 18:00:00,-0.0,2462.9024821111293,8102.097517888871,10565.0,20.0,-0.0,-0.0,0.0
2030-06-28 19:00:00,-0.0,-0.0,10565.0,10565.0,20.0,-0.0,-0.0,0.0
2030-06-28 20:00:00,-0.0,-0.0,10565.0,10565.0,20.0,-0.0,-0.0,0.0
2030-06-28 21:00:00,-0.0,1045.7316747308414,9519.268325269159,10565.0,20.0,-0.0,-0.0,0.0
2030-06-28 22:00:00,-0.0,6511.96193176913,4053.0380682308696,10565.0,20.0,-0.0,-0.0,0.0
2030-06-28 23:00:00,-0.0,5094.791124388843,5470.208875611157,10565.0,20.0,-0.0,-0.0,0.0
2030-06-29 00:00:00,2160.7444269967364,2462.9024821111293,5941.353090892135,10565.0,20.0,-0.0,-0.0,0.0
2030-06-29 01:00:00,8545.23469733358,-0.0,2019.7653026664193,10565.0,20.0,-0.0,-0.0,0.0
2030-06-29 02:00:00,10798.65722555303,-0.0,-0.0,10565.0,20.0,33.657225553029114,23.56005788712038,200.0
2030-06-29 03:00:00,10798.65722555303,-0.0,-0.0,10565.0,20.0,33.657225553029114,23.56005788712038,200.0
2030-06-29 04:00:00,10798.65722555303,-0.0,-0.0,10565.0,20.0,33.657225553029114,23.56005788712038,200.0
2030-06-29 05:00:00,10798.65722555303,-0.0,-0.0,10565.0,20.0,33.657225553029114,23.56005788712038,200.0
2030-06-29 06:00:00,10798.65722555303,-0.0,-0.0,10565.0,20.0,33.657225553029114,23.56005788712038,200.0
2030-06-29 07:00:00,10798.65722555303,-0.0,-0.0,10565.0,20.0,33.657225553029114,23.56005788712038,200.0
2030-06-29 08:00:00,10798.65722555303,-0.0,-0.0,10565.0,20.0,33.657225553029114,23.56005788712038,200.0
2030-06-29 09:00:00,10798.65722555303,-0.0,-0.0,10565.0,20.0,33.657225553029114,23.56005788712038,200.0
2030-06-29 10:00:00,10798.65722555303,-0.0,-0.0,10565.0,20.0,33.657225553029114,23.56005788712038,200.0
2030-06-29 11:00:00,10798.65722555303,-0.0,-0.0,10565.0,20.0,33.657225553029114,23.56005788712038,200.0
2030-06-29 12:00:00,10798.65722555303,-0.0,-0.0,10565.0,20.0,33.657225553029114,23.56005788712038,200.0
2030-06-29 13:00:00,3199.523870004311,-0.0,7365.476129995689,10565.0,20.0,-0.0,-0.0,0.0
2030-06-29 14:00:00,684.2010745735575,-0.0,9880.798925426443,10565.0,20.0,-0.0,-0.0,0.0
2030-06-29 15:00:00,-0.0,-0.0,10565.0,10565.0,20.0,-0.0,-0.0,0.0
2030-06-29 16:00:00,-0.0,6511.96193176913,4053.0380682308696,10565.0,20.0,-0.0,-0.0,0.0
2030-06-29 17:00:00,-0.0,10798.65722555303,-0.0,10565.0,20.0,33.657225553029114,23.56005788712038,200.0
2030-06-29 18:00:00,-0.0,10798.65722555303,-0.0,10565.0,20.0,33.657225553029114,23.56005788712038,200.0
2030-06-29 19:00:00,-0.0,10798.65722555303,-0.0,10565.0,20.0,33.657225553029114,23.56005788712038,200.0
2030-06-29 20:00:00,-0.0,10798.65722555303,-0.0,10565.0,20.0,33.657225553029114,23.56005788712038,200.0
2030-06-29 21:00:00,-0.0,10798.65722555303,-0.0,10565.0,20.0,33.657225553029114,23.56005788712038,200.0
2030-06-29 22:00:00,-0.0,10798.65722555303,-0.0,10565.0,20.0,33.657225553029114,23.56005788712038,200.0
2030-06-29 23:00:00,-0.0,10798.65722555303,-0.0,10565.0,20.0,33.657225553029114,23.56005788712038,200.0
2030-06-30 00:00:00,-0.0,10798.65722555303,-0.0,10565.0,20.0,33.657225553029114,23.56005788712038,200.0
2030-06-30 01:00:00,7865.1928998091025,2933.4643257439275,-0.0,10565.0,20.0,33.657225553029114,23.56005788712038,200.0
2030-06-30 02:00:00,10798.65722555303,-0.0,-0.0,10565.0,20.0,33.657225553029114,23.56005788712038,200.0
2030-06-30 03:00:00,10798.65722555303,-0.0,-0.0,10565.0,20.0,33.657225553029114,23.56005788712038,200.0
2030-06-30 04:00:00,10798.65722555303,-0.0,-0.0,10565.0,20.0,33.657225553029114,23.56005788712038,200.0
2030-06-30 05:00:00,10798.65722555303,-0.0,-0.0,10565.0,20.0,33.657225553029114,23.56005788712038,200.0
2030-06-30 06:00:00,10798.65722555303,-0.0,-0.0,10565.0,20.0,33.657225553029114,23.56005788712038,200.0
2030-06-30 07:00:00,10798.65722555303,-0.0,-0.0,10565.0,20.0,33.657225553029114,23.56005788712038,200.0
2030-06-30 08:00:00,10798.65722555303,-0.0,-0.0,10565.0,20.0,33.657225553029114,23.56005788712038,200.0
2030-06-30 09:00:00,10798.65722555303,-0.0,-0.0,10565.0,20.0,33.657225553029114,23.56005788712038,200.0
2030-06-30 10:00:00,10798.65722555303,-0.0,-0.0,10565.0,20.0,33.657225553029114,23.56005788712038,200.0
2030-06-30 11:00:00,10798.65722555303,-0.0,-0.0,10565.0,20.0,33.657225553029114,23.56005788712038,200.0
2030-06-30 12:00:00,10798.65722555303,-0.0,-0.0,10565.0,20.0,33.657225553029114,23.56005788712038,200.0
2030-06-30 13:00:00,4095.848074080917,-0.0,6469.151925919083,10565.0,20.0,-0.0,-0.0,0.0
2030-06-30 14:00:00,862.0101684216905,-0.0,9702.98983157831,10565.0,20.0,-0.0,-0.0,0.0
2030-06-30 15:00:00,-0.0,-0.0,10565.0,10565.0,20.0,-0.0,-0.0,0.0
2030-06-30 16:00:00,-0.0,9346.303546529733,1218.6964534702674,10565.0,20.0,-0.0,-0.0,0.0
2030-06-30 17:00:00,-0.0,10798.65722555303,-0.0,10565.0,20.0,33.657225553029114,23.56005788712038,200.0
2030-06-30 18:00:00,-0.0,10798.65722555303,-0.0,10565.0,20.0,33.657225553029114,23.56005788712038,200.0
2030-06-30 19:00:00,-0.0,10798.65722555303,-0.0,10565.0,20.0,33.657225553029114,23.56005788712038,200.0
2030-06-30 20:00:00,-0.0,10798.65722555303,-0.0,10565.0,20.0,33.657225553029114,23.56005788712038,200.0
2030-06-30 21:00:00,-0.0,10798.65722555303,-0.0,10565.0,20.0,33.657225553029114,23.56005788712038,200.0
2030-06-30 22:00:00,-0.0,5094.791124388843,5470.208875611157,10565.0,20.0,-0.0,-0.0,0.0
2030-06-30 23:00:00,-0.0,-0.0,10565.0,10565.0,20.0,-0.0,-0.0,0.0
2030-07-01 00:00:00,2588.1101437896423,-0.0,8367.40060889853,10955.510752688171,20.0,-0.0,-0.0,0.0
2030-07-01 01:00:00,8276.96132766795,1045.7316747308414,1632.8177502893795,10955.510752688171,20.0,-0.0,-0.0,0.0
2030-07-01 02:00:00,11184.0821812596,-0.0,-0.0,10955.510752688171,20.0,28.571428571428573,20.0,200.0
2030-07-01 03:00:00,11184.0821812596,-0.0,-0.0,10955.510752688171,20.0,28.571428571428573,20.0,200.0
2030-07-01 04:00:00,11184.0821812596,-0.0,-0.0,10955.510752688171,20.0,28.571428571428573,20.0,200.0
2030-07-01 05:00:00,11184.0821812596,-0.0,-0.0,10955.510752688171,20.0,28.571428571428573,20.0,200.0
2030-07-01 06:00:00,11184.0821812596,-0.0,-0.0,10955.510752688171,20.0,28.571428571428573,20.0,200.0
2030-07-01 07:00:00,11184.0821812596,-0.0,-0.0,10955.510752688171,20.0,28.571428571428573,20.0,200.0
2030-07-01 08:00:00,11184.0821812596,-0.0,-0.0,10955.510752688171,20.0,28.571428571428573,20.0,200.0
2030-07-01 09:00:00,11184.0821812596,-0.0,-0.0,10955.510752688171,20.0,28.571428571428573,20.0,200.0
2030-07-01 10:00:00,11184.0821812596,-0.0,-0.0,10955.510752688171,20.0,28.571428571428573,20.0,200.0
2030-07-01 11:00:00,11184.0821812596,-0.0,-0.0,10955.510752688171,20.0,28.571428571428573,20.0,200.0
2030-07-01 12:00:00,11184.0821812596,-0.0,-0.0,10955.510752688171,20.0,28.571428571428573,20.0,200.0
2030-07-01 13:00:00,-0.0,11184.0821812596,-0.0,10955.510752688171,20.0,28.571428571428573,20.0,200.0
2030-07-01 14:00:00,-0.0,11187.224624923025,-0.0,10955.510752688171,20.0,31.713872234854435,22.199710564398103,200.0
2030-07-01 15:00:00,-0.0,11189.167978241201,-0.0,10955.510752688171,20.0,33.657225553029114,23.56005788712038,200.0
2030-07-01 16:00:00,-0.0,11189.167978241201,-0.0,10955.510752688171,20.0,33.657225553029114,23.56005788712038,200.0
2030-07-01 17:00:00,-0.0,11189.167978241201,-0.0,10955.510752688171,20.0,33.657225553029114,23.56005788712038,200.0
2030-07-01 18:00:00,-0.0,11189.167978241201,-0.0,10955.510752688171,20.0,33.657225553029114,23.56005788712038,200.0
2030-07-01 19:00:00,-0.0,11189.167978241201,-0.0,10955.510752688171,20.0,33.657225553029114,23.56005788712038,200.0
2030-07-01 20:00:00,-0.0,6511.96193176913,4443.548820919041,10955.510752688171,20.0,-0.0,-0.0,0.0
2030-07-01 21:00:00,-0.0,11184.0821812596,-0.0,10955.510752688171,20.0,28.571428571428573,20.0,200.0
2030-07-01 22:00:00,-0.0,11184.0821812596,-0.0,10955.510752688171,20.0,28.571428571428573,20.0,200.0
2030-07-01 23:00:00,-0.0,11184.0821812596,-0.0,10955.510752688171,20.0,28.571428571428573,20.0,200.0
2030-07-02 00:00:00,-0.0,11184.0821812596,-0.0,10955.510752688171,20.0,28.571428571428573,20.0,200.0
2030-07-02 01:00:00,7301.610859658847,3882.471321600752,-0.0,10955.510752688171,20.0,28.571428571428573,20.0,200.0
2030-07-02 02:00:00,11184.0821812596,-0.0,-0.0,10955.510752688171,20.0,28.571428571428573,20.0,200.0
2030-07-02 03:00:00,11184.0821812596,-0.0,-0.0,10955.510752688171,20.0,28.571428571428573,20.0,200.0
2030-07-02 04:00:00,11184.0821812596,-0.0,-0.0,10955.510752688171,20.0,28.571428571428573,20.0,200.0
2030-07-02 05:00:00,11184.0821812596,-0.0,-0.0,10955.510752688171,20.0,28.571428571428573,20.0,200.0
2030-07-02 06:00:00,11184.0821812596,-0.0,-0.0,10955.510752688171,20.0,28.571428571428573,20.0,200.0
2030-07-02 07:00:00,11184.0821812596,-0.0,-0.0,10955.510752688171,20.0,28.571428571428573,20.0,200.0
2030-07-02 08:00:00,11184.0821812596,-0.0,-0.0,10955.510752688171,20.0,28.571428571428573,20.0,200.0
2030-07-02 09:00:00,11184.0821812596,-0.0,-0.0,10955.510752688171,20.0,28.571428571428573,20.0,200.0
2030-07-02 10:00:00,11184.0821812596,-0.0,-0.0,10955.510752688171,20.0,28.571428571428573,20.0,200.0
2030-07-02 11:00:00,11184.0821812596,-0.0,-0.0,10955.510752688171,20.0,28.571428571428573,20.0,200.0
2030-07-02 12:00:00,-0.0,11184.0821812596,-0.0,10955.510752688171,20.0,28.571428571428573,20.0,200.0
2030-07-02 13:00:00,-0.0,11184.0821812596,-0.0,10955.510752688171,20.0,28.571428571428573,20.0,200.0
2030-07-02 14:00:00,-0.0,11184.0821812596,-0.0,10955.510752688171,20.0,28.571428571428573,20.0,200.0
2030-07-02 15:00:00,-0.0,11184.0821812596,-0.0,10955.510752688171,20.0,28.571428571428573,20.0,200.0
2030-07-02 16:00:00,-0.0,11184.0821812596,-0.0,10955.510752688171,20.0,28.571428571428573,20.0,200.0
2030-07-02 17:00:00,-0.0,11184.0821812596,-0.0,10955.510752688171,20.0,28.571428571428573,20.0,200.0
2030-07-02 18:00:00,-0.0,11184.0821812596,-0.0,10955.510752688171,20.0,28.571428571428573,20.0,200.0
2030-07-02 19:00:00,-0.0,11184.0821812596,-0.0,10955.510752688171,20.0,28.571428571428573,20.0,200.0
2030-07-02 20:00:00,-0.0,11184.0821812596,-0.0,10955.510752688171,20.0,28.571428571428573,20.0,200.0
2030-07-02 21:00:00,-0.0,11184.0821812596,-0.0,10955.510752688171,20.0,28.571428571428573,20.0,200.0
2030-07-02 22:00:00,-0.0,11184.0821812596,-0.0,10955.510752688171,20.0,28.571428571428573,20.0,200.0
2030-07-02 23:00:00,-0.0,11184.0821812596,-0.0,10955.510752688171,20.0,28.571428571428573,20.0,200.0
2030-07-03 00:00:00,1777.051119219164,9407.031062040436,-0.0,10955.510752688171,20.0,28.571428571428573,20.0,200.0
2030-07-03 01:00:00,7245.460619496276,3938.6215617633234,-0.0,10955.510752688171,20.0,28.571428571428573,20.0,200.0
2030-07-03 02:00:00,11184.0821812596,-0.0,-0.0,10955.510752688171,20.0,28.571428571428573,20.0,200.0
2030-07-03 03:00:00,11184.0821812596,-0.0,-0.0,10955.510752688171,20.0,28.571428571428573,20.0,200.0
2030-07-03 04:00:00,11184.0821812596,-0.0,-0.0,10955.510752688171,20.0,28.571428571428573,20.0,200.0
2030-07-03 05:00:00,11184.0821812596,-0.0,-0.0,10955.510752688171,20.0,28.571428571428573,20.0,200.0
2030-07-03 06:00:00,11184.0821812596,-0.0,-0.0,10955.510752688171,20.0,28.571428571428573,20.0,200.0
2030-07-03 07:00:00,11184.0821812596,-0.0,-0.0,10955.510752688171,20.0,28.571428571428573,20.0,200.0
2030-07-03 08:00:00,11184.0821812596,-0.0,-0.0,10955.510752688171,20.0,28.571428571428573,20.0,200.0
2030-07-03 09:00:00,11184.0821812596,-0.0,-0.0,10955.510752688171,20.0,28.571428571428573,20.0,200.0
2030-07-03 10:00:00,11184.0821812596,-0.0,-0.0,10955.510752688171,20.0,28.571428571428573,20.0,200.0
2030-07-03 11:00:00,11184.0821812596,-0.0,-0.0,10955.510752688171,20.0,28.571428571428573,20.0,200.0
2030-07-03 12:00:00,11184.0821812596,-0.0,-0.0,10955.510752688171,20.0,28.571428571428573,20.0,200.0
2030-07-03 13:00:00,3186.006219594803,7998.0759616647965,-0.0,10955.510752688171,20.0,28.571428571428573,20.0,200.0
2030-07-03 14:00:00,664.4445085904305,10519.63767266917,-0.0,10955.510752688171,20.0,28.571428571428573,20.0,200.0
2030-07-03 15:00:00,-0.0,11184.0821812596,-0.0,10955.510752688171,20.0,28.571428571428573,20.0,200.0
2030-07-03 16:00:00,-0.0,11184.0821812596,-0.0,10955.510752688171,20.0,28.571428571428573,20.0,200.0
2030-07-03 17:00:00,-0.0,11184.0821812596,-0.0,10955.510752688171,20.0,28.571428571428573,20.0,200.0
2030-07-03 18:00:00,-0.0,11184.0821812596,-0.0,10955.510752688171,20.0,28.571428571428573,20.0,200.0
2030-07-03 19:00:00,-0.0,11184.0821812596,-0.0,10955.510752688171,20.0,28.571428571428573,20.0,200.0
2030-07-03 20:00:00,-0.0,11184.0821812596,-0.0,10955.510752688171,20.0,28.571428571428573,20.0,200.0
2030-07-03 21:00:00,-0.0,11184.0821812596,-0.0,10955.510752688171,20.0,28.571428571428573,20.0,200.0
2030-07-03 22:00:00,-0.0,11184.0821812596,-0.0,10955.510752688171,20.0,28.571428571428573,20.0,200.0
2030-07-03 23:00:00,-0.0,11184.0821812596,-0.0,10955.510752688171,20.0,28.571428571428573,20.0,200.0
2030-07-04 00:00:00,-0.0,11184.0821812596,-0.0,10955.510752688171,20.0,28.571428571428573,20.0,200.0
2030-07-04 01:00:00,7378.5574850668145,3805.524696192785,-0.0,10955.510752688171,20.0,28.571428571428573,20.0,200.0
2030-07-04 02:00:00,11184.0821812596,-0.0,-0.0,10955.510752688171,20.0,28.571428571428573,20.0,200.0
2030-07-04 03:00:00,11184.0821812596,-0.0,-0.0,10955.510752688171,20.0,28.571428571428573,20.0,200.0
2030-07-04 04:00:00,11184.0821812596,-0.0,-0.0,10955.510752688171,20.0,28.571428571428573,20.0,200.0
2030-07-04 05:00:00,11188.423715268276,-0.0,-0.0,10955.510752688171,20.0,32.912962580105614,23.03907380607393,200.0
2030-07-04 06:00:00,11189.167978241201,-0.0,-0.0,10955.510752688171,20.0,33.657225553029114,23.56005788712038,200.0
2030-07-04 07:00:00,11189.167978241201,-0.0,-0.0,10955.510752688171,20.0,33.657225553029114,23.56005788712038,200.0
2030-07-04 08:00:00,11189.167978241201,-0.0,-0.0,10955.510752688171,20.0,33.657225553029114,23.56005788712038,200.0
2030-07-04 09:00:00,11189.167978241201,-0.0,-0.0,10955.510752688171,20.0,33.657225553029114,23.56005788712038,200.0
2030-07-04 10:00:00,11189.167978241201,-0.0,-0.0,10955.510752688171,20.0,33.657225553029114,23.56005788712038,200.0
2030-07-04 11:00:00,11189.167978241201,-0.0,-0.0,10955.510752688171,20.0,33.657225553029114,23.56005788712038,200.0
2030-07-04 12:00:00,11189.167978241201,-0.0,-0.0,10955.510752688171,20.0,33.657225553029114,23.56005788712038,200.0
2030-07-04 13:00:00,3115.2985097604537,8073.869468480747,-0.0,10955.510752688171,20.0,33.657225553029114,23.56005788712038,200.0
2030-07-04 14:00:00,602.0553528542399,10587.11262538696,-0.0,10955.510752688171,20.0,33.657225553029114,23.56005788712038,200.0
2030-07-04 15:00:00,-0.0,11189.167978241201,-0.0,10955.510752688171,20.0,33.657225553029114,23.56005788712038,200.0
2030-07-04 16:00:00,-0.0,10763.474353910022,192.0363987781493,10955.510752688171,20.0,-0.0,-0.0,0.0
2030-07-04 17:00:00,-0.0,11189.167978241201,-0.0,10955.510752688171,20.0,33.657225553029114,23.56005788712038,200.0
2030-07-04 18:00:00,-0.0,11189.167978241201,-0.0,10955.510752688171,20.0,33.657225553029114,23.56005788712038,200.0
2030-07-04 19:00:00,-0.0,11189.167978241201,-0.0,10955.510752688171,20.0,33.657225553029114,23.56005788712038,200.0
2030-07-04 20:00:00,-0.0,11189.167978241201,-0.0,10955.510752688171,20.0,33.657225553029114,23.56005788712038,200.0
2030-07-04 21:00:00,-0.0,11189.167978241201,-0.0,10955.510752688171,20.0,33.657225553029114,23.56005788712038,200.0
2030-07-04 22:00:00,-0.0,11189.167978241201,-0.0,10955.510752688171,20.0,33.657225553029114,23.56005788712038,200.0
2030-07-04 23:00:00,-0.0,10763.474353910022,192.0363987781493,10955.510752688171,20.0,-0.0,-0.0,0.0
2030-07-05 00:00:00,1752.0954569246878,7929.132739149419,1274.2825566140646,10955.510752688171,20.0,-0.0,-0.0,0.0
2030-07-05 01:00:00,7315.128510068354,3868.953671191245,-0.0,10955.510752688171,20.0,28.571428571428573,20.0,200.0
2030-07-05 02:00:00,11184.0821812596,-0.0,-0.0,10955.510752688171,20.0,28.571428571428573,20.0,200.0
2030-07-05 03:00:00,11185.736098977179,-0.0,-0.0,10955.510752688171,20.0,30.225346289007437,21.157742402305203,200.0
2030-07-05 04:00:00,11189.167978241201,-0.0,-0.0,10955.510752688171,20.0,33.657225553029114,23.56005788712038,200.0
2030-07-05 05:00:00,11189.167978241201,-0.0,-0.0,10955.510752688171,20.0,33.657225553029114,23.56005788712038,200.0
2030-07-05 06:00:00,11189.167978241201,-0.0,-0.0,10955.510752688171,20.0,33.657225553029114,23.56005788712038,200.0
2030-07-05 07:00:00,11189.167978241201,-0.0,-0.0,10955.510752688171,20.0,33.657225553029114,23.56005788712038,200.0
2030-07-05 08:00:00,11189.167978241201,-0.0,-0.0,10955.510752688171,20.0,33.657225553029114,23.56005788712038,200.0
2030-07-05 09:00:00,11189.167978241201,-0.0,-0.0,10955.510752688171,20.0,33.657225553029114,23.56005788712038,200.0
2030-07-05 10:00:00,11189.167978241201,-0.0,-0.0,10955.510752688171,20.0,33.657225553029114,23.56005788712038,200.0
2030-07-05 11:00:00,11189.167978241201,-0.0,-0.0,10955.510752688171,20.0,33.657225553029114,23.56005788712038,200.0
2030-07-05 12:00:00,11189.167978241201,-0.0,-0.0,10955.510752688171,20.0,33.657225553029114,23.56005788712038,200.0
2030-07-05 13:00:00,3094.502124515057,8094.665853726145,-0.0,10955.510752688171,20.0,33.657225553029114,23.56005788712038,200.0
2030-07-05 14:00:00,-0.0,11189.167978241201,-0.0,10955.510752688171,20.0,33.657225553029114,23.56005788712038,200.0
2030-07-05 15:00:00,-0.0,11189.167978241201,-0.0,10955.510752688171,20.0,33.657225553029114,23.56005788712038,200.0
2030-07-05 16:00:00,-0.0,11189.167978241201,-0.0,10955.510752688171,20.0,33.657225553029114,23.56005788712038,200.0
2030-07-05 17:00:00,-0.0,11189.167978241201,-0.0,10955.510752688171,20.0,33.657225553029114,23.56005788712038,200.0
2030-07-05 18:00:00,-0.0,11189.167978241201,-0.0,10955.510752688171,20.0,33.657225553029114,23.56005788712038,200.0
2030-07-05 19:00:00,-0.0,11189.167978241201,-0.0,10955.510752688171,20.0,33.657225553029114,23.56005788712038,200.0
2030-07-05 20:00:00,-0.0,11189.167978241201,-0.0,10955.510752688171,20.0,33.657225553029114,23.56005788712038,200.0
2030-07-05 21:00:00,-0.0,11189.167978241201,-0.0,10955.510752688171,20.0,33.657225553029114,23.56005788712038,200.0
2030-07-05 22:00:00,-0.0,11189.167978241201,-0.0,10955.510752688171,20.0,33.657225553029114,23.56005788712038,200.0
2030-07-05 23:00:00,-0.0,2462.9024821111293,8492.608270577042,10955.510752688171,20.0,-0.0,-0.0,0.0
2030-07-06 00:00:00,1804.08642003818,-0.0,9151.42433264999,10955.510752688171,20.0,-0.0,-0.0,0.0
2030-07-06 01:00:00,6808.73652934294,-0.0,4146.774223345231,10955.510752688171,20.0,-0.0,-0.0,0.0
2030-07-06 02:00:00,11189.167978241201,-0.0,-0.0,10955.510752688171,20.0,33.657225553029114,23.56005788712038,200.0
2030-07-06 03:00:00,11189.167978241201,-0.0,-0.0,10955.510752688171,20.0,33.657225553029114,23.56005788712038,200.0
2030-07-06 04:00:00,11189.167978241201,-0.0,-0.0,10955.510752688171,20.0,33.657225553029114,23.56005788712038,200.0
2030-07-06 05:00:00,11189.167978241201,-0.0,-0.0,10955.510752688171,20.0,33.657225553029114,23.56005788712038,200.0
2030-07-06 06:00:00,11189.167978241201,-0.0,-0.0,10955.510752688171,20.0,33.657225553029114,23.56005788712038,200.0
2030-07-06 07:00:00,11189.167978241201,-0.0,-0.0,10955.510752688171,20.0,33.657225553029114,23.56005788712038,200.0
2030-07-06 08:00:00,11189.167978241201,-0.0,-0.0,10955.510752688171,20.0,33.657225553029114,23.56005788712038,200.0
2030-07-06 09:00:00,11189.167978241201,-0.0,-0.0,10955.510752688171,20.0,33.657225553029114,23.56005788712038,200.0
2030-07-06 10:00:00,11189.167978241201,-0.0,-0.0,10955.510752688171,20.0,33.657225553029114,23.56005788712038,200.0
2030-07-06 11:00:00,11189.167978241201,-0.0,-0.0,10955.510752688171,20.0,33.657225553029114,23.56005788712038,200.0
2030-07-06 12:00:00,11189.167978241201,-0.0,-0.0,10955.510752688171,20.0,33.657225553029114,23.56005788712038,200.0
2030-07-06 13:00:00,-0.0,11189.167978241201,-0.0,10955.510752688171,20.0,33.657225553029114,23.56005788712038,200.0
2030-07-06 14:00:00,-0.0,11189.167978241201,-0.0,10955.510752688171,20.0,33.657225553029114,23.56005788712038,200.0
2030-07-06 15:00:00,-0.0,11189.167978241201,-0.0,10955.510752688171,20.0,33.657225553029114,23.56005788712038,200.0
2030-07-06 16:00:00,-0.0,11189.167978241201,-0.0,10955.510752688171,20.0,33.657225553029114,23.56005788712038,200.0
2030-07-06 17:00:00,-0.0,11189.167978241201,-0.0,10955.510752688171,20.0,33.657225553029114,23.56005788712038,200.0
2030-07-06 18:00:00,-0.0,11189.167978241201,-0.0,10955.510752688171,20.0,33.657225553029114,23.56005788712038,200.0
2030-07-06 19:00:00,-0.0,11189.167978241201,-0.0,10955.510752688171,20.0,33.657225553029114,23.56005788712038,200.0
2030-07-06 20:00:00,-0.0,11189.167978241201,-0.0,10955.510752688171,20.0,33.657225553029114,23.56005788712038,200.0
2030-07-06 21:00:00,-0.0,11189.167978241201,-0.0,10955.510752688171,20.0,33.657225553029114,23.56005788712038,200.0
2030-07-06 22:00:00,-0.0,10763.474353910022,192.0363987781493,10955.510752688171,20.0,-0.0,-0.0,0.0
2030-07-06 23:00:00,-0.0,6511.96193176913,4443.548820919041,10955.510752688171,20.0,-0.0,-0.0,0.0
2030-07-07 00:00:00,1622.118049140957,-0.0,9333.392703547213,10955.510752688171,20.0,-0.0,-0.0,0.0
2030-07-07 01:00:00,7070.770983434942,-0.0,3884.7397692532295,10955.510752688171,20.0,-0.0,-0.0,0.0
2030-07-07 02:00:00,11184.0821812596,-0.0,-0.0,10955.510752688171,20.0,28.571428571428573,20.0,200.0
2030-07-07 03:00:00,11184.0821812596,-0.0,-0.0,10955.510752688171,20.0,28.571428571428573,20.0,200.0
2030-07-07 04:00:00,11184.0821812596,-0.0,-0.0,10955.510752688171,20.0,28.571428571428573,20.0,200.0
2030-07-07 05:00:00,11184.0821812596,-0.0,-0.0,10955.510752688171,20.0,28.571428571428573,20.0,200.0
2030-07-07 06:00:00,11184.0821812596,-0.0,-0.0,10955.510752688171,20.0,28.571428571428573,20.0,200.0
2030-07-07 07:00:00,11184.991836004256,-0.0,-0.0,10955.510752688171,20.0,29.481083316083936,20.636758321258753,200.0
2030-07-07 08:00:00,11189.167978241201,-0.0,-0.0,10955.510752688171,20.0,33.657225553029114,23.56005788712038,200.0
2030-07-07 09:00:00,11189.167978241201,-0.0,-0.0,10955.510752688171,20.0,33.657225553029114,23.56005788712038,200.0
2030-07-07 10:00:00,11189.167978241201,-0.0,-0.0,10955.510752688171,20.0,33.657225553029114,23.56005788712038,200.0
2030-07-07 11:00:00,11189.167978241201,-0.0,-0.0,10955.510752688171,20.0,33.657225553029114,23.56005788712038,200.0
2030-07-07 12:00:00,11189.167978241201,-0.0,-0.0,10955.510752688171,20.0,33.657225553029114,23.56005788712038,200.0
2030-07-07 13:00:00,-0.0,11189.167978241201,-0.0,10955.510752688171,20.0,33.657225553029114,23.56005788712038,200.0
2030-07-07 14:00:00,-0.0,11189.167978241201,-0.0,10955.510752688171,20.0,33.657225553029114,23.56005788712038,200.0
2030-07-07 15:00:00,-0.0,11189.167978241201,-0.0,10955.510752688171,20.0,33.657225553029114,23.56005788712038,200.0
2030-07-07 16:00:00,-0.0,11189.167978241201,-0.0,10955.510752688171,20.0,33.657225553029114,23.56005788712038,200.0
2030-07-07 17:00:00,-0.0,11189.167978241201,-0.0,10955.510752688171,20.0,33.657225553029114,23.56005788712038,200.0
2030-07-07 18:00:00,-0.0,11189.167978241201,-0.0,10955.510752688171,20.0,33.657225553029114,23.56005788712038,200.0
2030-07-07 19:00:00,-0.0,11189.167978241201,-0.0,10955.510752688171,20.0,33.657225553029114,23.56005788712038,200.0
2030-07-07 20:00:00,-0.0,11189.167978241201,-0.0,10955.510752688171,20.0,33.657225553029114,23.56005788712038,200.0
2030-07-07 21:00:00,-0.0,11189.167978241201,-0.0,10955.510752688171,20.0,33.657225553029114,23.56005788712038,200.0
2030-07-07 22:00:00,-0.0,11189.167978241201,-0.0,10955.510752688171,20.0,33.657225553029114,23.56005788712038,200.0
2030-07-07 23:00:00,-0.0,11189.167978241201,-0.0,10955.510752688171,20.0,33.657225553029114,23.56005788712038,200.0
2030-07-08 00:00:00,1607.5605794691794,9581.607398772021,-0.0,10955.510752688171,20.0,33.657225553029114,23.56005788712038,200.0
2030-07-08 01:00:00,6959.510322372068,4229.657655869133,-0.0,10955.510752688171,20.0,33.657225553029114,23.56005788712038,200.0
2030-07-08 02:00:00,11189.167978241201,-0.0,-0.0,10955.510752688171,20.0,33.657225553029114,23.56005788712038,200.0
2030-07-08 03:00:00,11189.167978241201,-0.0,-0.0,10955.510752688171,20.0,33.657225553029114,23.56005788712038,200.0
2030-07-08 04:00:00,11189.167978241201,-0.0,-0.0,10955.510752688171,20.0,33.657225553029114,23.56005788712038,200.0
2030-07-08 05:00:00,11189.167978241201,-0.0,-0.0,10955.510752688171,20.0,33.657225553029114,23.56005788712038,200.0
2030-07-08 06:00:00,11189.167978241201,-0.0,-0.0,10955.510752688171,20.0,33.657225553029114,23.56005788712038,200.0
2030-07-08 07:00:00,11189.167978241201,-0.0,-0.0,10955.510752688171,20.0,33.657225553029114,23.56005788712038,200.0
2030-07-08 08:00:00,11189.167978241201,-0.0,-0.0,10955.510752688171,20.0,33.657225553029114,23.56005788712038,200.0
2030-07-08 09:00:00,11189.167978241201,-0.0,-0.0,10955.510752688171,20.0,33.657225553029114,23.56005788712038,200.0
2030-07-08 10:00:00,11189.167978241201,-0.0,-0.0,10955.510752688171,20.0,33.657225553029114,23.56005788712038,200.0
2030-07-08 11:00:00,11189.167978241201,-0.0,-0.0,10955.510752688171,20.0,33.657225553029114,23.56005788712038,200.0
2030-07-08 12:00:00,-0.0,11189.167978241201,-0.0,10955.510752688171,20.0,33.657225553029114,23.56005788712038,200.0
2030-07-08 13:00:00,-0.0,11189.167978241201,-0.0,10955.510752688171,20.0,33.657225553029114,23.56005788712038,200.0
2030-07-08 14:00:00,-0.0,11189.167978241201,-0.0,10955.510752688171,20.0,33.657225553029114,23.56005788712038,200.0
2030-07-08 15:00:00,-0.0,11189.167978241201,-0.0,10955.510752688171,20.0,33.657225553029114,23.56005788712038,200.0
2030-07-08 16:00:00,-0.0,11189.167978241201,-0.0,10955.510752688171,20.0,33.657225553029114,23.56005788712038,200.0
2030-07-08 17:00:00,-0.0,11189.167978241201,-0.0,10955.510752688171,20.0,33.657225553029114,23.56005788712038,200.0
2030-07-08 18:00:00,-0.0,11189.167978241201,-0.0,10955.510752688171,20.0,33.657225553029114,23.56005788712038,200.0
2030-07-08 19:00:00,-0.0,11189.167978241201,-0.0,10955.510752688171,20.0,33.657225553029114,23.56005788712038,200.0
2030-07-08 20:00:00,-0.0,11189.167978241201,-0.0,10955.510752688171,20.0,33.657225553029114,23.56005788712038,200.0
2030-07-08 21:00:00,-0.0,11189.167978241201,-0.0,10955.510752688171,20.0,33.657225553029114,23.56005788712038,200.0
2030-07-08 22:00:00,-0.0,2462.9024821111293,8492.608270577042,10955.510752688171,20.0,-0.0,-0.0,0.0
2030-07-08 23:00:00,-0.0,-0.0,10955.510752688171,10955.510752688171,20.0,-0.0,-0.0,0.0
2030-07-09 00:00:00,1522.2953999630522,-0.0,9433.21535272512,10955.510752688171,20.0,-0.0,-0.0,0.0
2030-07-09 01:00:00,6750.50665065583,-0.0,4205.0041020323415,10955.510752688171,20.0,-0.0,-0.0,0.0
2030-07-09 02:00:00,11189.167978241201,-0.0,-0.0,10955.510752688171,20.0,33.657225553029114,23.56005788712038,200.0
2030-07-09 03:00:00,11189.167978241201,-0.0,-0.0,10955.510752688171,20.0,33.657225553029114,23.56005788712038,200.0
2030-07-09 04:00:00,11189.167978241201,-0.0,-0.0,10955.510752688171,20.0,33.657225553029114,23.56005788712038,200.0
2030-07-09 05:00:00,11189.167978241201,-0.0,-0.0,10955.510752688171,20.0,33.657225553029114,23.56005788712038,200.0
2030-07-09 06:00:00,11189.167978241201,-0.0,-0.0,10955.510752688171,20.0,33.657225553029114,23.56005788712038,200.0
2030-07-09 07:00:00,11189.167978241201,-0.0,-0.0,10955.510752688171,20.0,33.657225553029114,23.56005788712038,200.0
2030-07-09 08:00:00,11189.167978241201,-0.0,-0.0,10955.510752688171,20.0,33.657225553029114,23.56005788712038,200.0
2030-07-09 09:00:00,11189.167978241201,-0.0,-0.0,10955.510752688171,20.0,33.657225553029114,23.56005788712038,200.0
2030-07-09 10:00:00,11189.167978241201,-0.0,-0.0,10955.510752688171,20.0,33.657225553029114,23.56005788712038,200.0
2030-07-09 11:00:00,11189.167978241201,-0.0,-0.0,10955.510752688171,20.0,33.657225553029114,23.56005788712038,200.0
2030-07-09 12:00:00,-0.0,11189.167978241201,-0.0,10955.510752688171,20.0,33.657225553029114,23.56005788712038,200.0
2030-07-09 13:00:00,-0.0,11189.167978241201,-0.0,10955.510752688171,20.0,33.657225553029114,23.56005788712038,200.0
2030-07-09 14:00:00,-0.0,11189.167978241201,-0.0,10955.510752688171,20.0,33.657225553029114,23.56005788712038,200.0
2030-07-09 15:00:00,-0.0,11189.167978241201,-0.0,10955.510752688171,20.0,33.657225553029114,23.56005788712038,200.0
2030-07-09 16:00:00,-0.0,11189.167978241201,-0.0,10955.510752688171,20.0,33.657225553029114,23.56005788712038,200.0
2030-07-09 17:00:00,-0.0,11189.167978241201,-0.0,10955.510752688171,20.0,33.657225553029114,23.56005788712038,200.0
2030-07-09 18:00:00,-0.0,11189.167978241201,-0.0,10955.510752688171,20.0,33.657225553029114,23.56005788712038,200.0
2030-07-09 19:00:00,-0.0,11189.167978241201,-0.0,10955.510752688171,20.0,33.657225553029114,23.56005788712038,200.0
2030-07-09 20:00:00,-0.0,10763.474353910022,192.0363987781493,10955.510752688171,20.0,-0.0,-0.0,0.0
2030-07-09 21:00:00,-0.0,1045.7316747308414,9909.77907795733,10955.510752688171,20.0,-0.0,-0.0,0.0
2030-07-09 22:00:00,-0.0,-0.0,10955.510752688171,10955.510752688171,20.0,-0.0,-0.0,0.0
2030-07-09 23:00:00,-0.0,-0.0,10955.510752688171,10955.510752688171,20.0,-0.0,-0.0,0.0
2030-07-10 00:00:00,1386.0790766057025,3677.6203170085287,5891.81135907394,10955.510752688171,20.0,-0.0,-0.0,0.0
2030-07-10 01:00:00,6412.56539041813,1045.7316747308414,3497.2136875392,10955.510752688171,20.0,-0.0,-0.0,0.0
2030-07-10 02:00:00,11184.0821812596,-0.0,-0.0,10955.510752688171,20.0,28.571428571428573,20.0,200.0
2030-07-10 03:00:00,11184.0821812596,-0.0,-0.0,10955.510752688171,20.0,28.571428571428573,20.0,200.0
2030-07-10 04:00:00,11184.0821812596,-0.0,-0.0,10955.510752688171,20.0,28.571428571428573,20.0,200.0
2030-07-10 05:00:00,11184.0821812596,-0.0,-0.0,10955.510752688171,20.0,28.571428571428573,20.0,200.0
2030-07-10 06:00:00,11184.0821812596,-0.0,-0.0,10955.510752688171,20.0,28.571428571428573,20.0,200.0
2030-07-10 07:00:00,11184.0821812596,-0.0,-0.0,10955.510752688171,20.0,28.571428571428573,20.0,200.0
2030-07-10 08:00:00,11184.0821812596,-0.0,-0.0,10955.510752688171,20.0,28.571428571428573,20.0,200.0
2030-07-10 09:00:00,11184.0821812596,-0.0,-0.0,10955.510752688171,20.0,28.571428571428573,20.0,200.0
2030-07-10 10:00:00,11185.28127160485,-0.0,-0.0,10955.510752688171,20.0,29.770518916679755,20.839363241675827,200.0
2030-07-10 11:00:00,11189.167978241201,-0.0,-0.0,10955.510752688171,20.0,33.657225553029114,23.56005788712038,200.0
2030-07-10 12:00:00,-0.0,11189.167978241201,-0.0,10955.510752688171,20.0,33.657225553029114,23.56005788712038,200.0
2030-07-10 13:00:00,-0.0,11189.167978241201,-0.0,10955.510752688171,20.0,33.657225553029114,23.56005788712038,200.0
2030-07-10 14:00:00,-0.0,11189.167978241201,-0.0,10955.510752688171,20.0,33.657225553029114,23.56005788712038,200.0
2030-07-10 15:00:00,-0.0,11189.167978241201,-0.0,10955.510752688171,20.0,33.657225553029114,23.56005788712038,200.0
2030-07-10 16:00:00,-0.0,11189.167978241201,-0.0,10955.510752688171,20.0,33.657225553029114,23.56005788712038,200.0
2030-07-10 17:00:00,-0.0,11189.167978241201,-0.0,10955.510752688171,20.0,33.657225553029114,23.56005788712038,200.0
2030-07-10 18:00:00,-0.0,11189.167978241201,-0.0,10955.510752688171,20.0,33.657225553029114,23.56005788712038,200.0
2030-07-10 19:00:00,-0.0,11189.167978241201,-0.0,10955.510752688171,20.0,33.657225553029114,23.56005788712038,200.0
2030-07-10 20:00:00,-0.0,11189.167978241201,-0.0,10955.510752688171,20.0,33.657225553029114,23.56005788712038,200.0
2030-07-10 21:00:00,-0.0,11189.167978241201,-0.0,10955.510752688171,20.0,33.657225553029114,23.56005788712038,200.0
2030-07-10 22:00:00,-0.0,7929.132739149419,3026.3780135387524,10955.510752688171,20.0,-0.0,-0.0,0.0
2030-07-10 23:00:00,-0.0,6511.96193176913,4443.548820919041,10955.510752688171,20.0,-0.0,-0.0,0.0
2030-07-11 00:00:00,1731.2990716792806,9452.78310958032,-0.0,10955.510752688171,20.0,28.571428571428573,20.0,200.0
2030-07-11 01:00:00,6592.454122790813,4591.628058468787,-0.0,10955.510752688171,20.0,28.571428571428573,20.0,200.0
2030-07-11 02:00:00,11184.0821812596,-0.0,-0.0,10955.510752688171,20.0,28.571428571428573,20.0,200.0
2030-07-11 03:00:00,11185.736098977179,-0.0,-0.0,10955.510752688171,20.0,30.225346289007437,21.157742402305203,200.0
2030-07-11 04:00:00,11189.167978241201,-0.0,-0.0,10955.510752688171,20.0,33.657225553029114,23.56005788712038,200.0
2030-07-11 05:00:00,11189.167978241201,-0.0,-0.0,10955.510752688171,20.0,33.657225553029114,23.56005788712038,200.0
2030-07-11 06:00:00,11189.167978241201,-0.0,-0.0,10955.510752688171,20.0,33.657225553029114,23.56005788712038,200.0
2030-07-11 07:00:00,11189.167978241201,-0.0,-0.0,10955.510752688171,20.0,33.657225553029114,23.56005788712038,200.0
2030-07-11 08:00:00,11189.167978241201,-0.0,-0.0,10955.510752688171,20.0,33.657225553029114,23.56005788712038,200.0
2030-07-11 09:00:00,11189.167978241201,-0.0,-0.0,10955.510752688171,20.0,33.657225553029114,23.56005788712038,200.0
2030-07-11 10:00:00,11189.167978241201,-0.0,-0.0,10955.510752688171,20.0,33.657225553029114,23.56005788712038,200.0
2030-07-11 11:00:00,11189.167978241201,-0.0,-0.0,10955.510752688171,20.0,33.657225553029114,23.56005788712038,200.0
2030-07-11 12:00:00,8987.157883798265,2202.010094442936,-0.0,10955.510752688171,20.0,33.657225553029114,23.56005788712038,200.0
2030-07-11 13:00:00,3746.468801958249,7442.699176282952,-0.0,10955.510752688171,20.0,33.657225553029114,23.56005788712038,200.0
2030-07-11 14:00:00,-0.0,11189.167978241201,-0.0,10955.510752688171,20.0,33.657225553029114,23.56005788712038,200.0
2030-07-11 15:00:00,-0.0,11189.167978241201,-0.0,10955.510752688171,20.0,33.657225553029114,23.56005788712038,200.0
2030-07-11 16:00:00,-0.0,11189.167978241201,-0.0,10955.510752688171,20.0,33.657225553029114,23.56005788712038,200.0
2030-07-11 17:00:00,-0.0,11189.167978241201,-0.0,10955.510752688171,20.0,33.657225553029114,23.56005788712038,200.0
2030-07-11 18:00:00,-0.0,11189.167978241201,-0.0,10955.510752688171,20.0,33.657225553029114,23.56005788712038,200.0
2030-07-11 19:00:00,-0.0,11189.167978241201,-0.0,10955.510752688171,20.0,33.657225553029114,23.56005788712038,200.0
2030-07-11 20:00:00,-0.0,11189.167978241201,-0.0,10955.510752688171,20.0,33.657225553029114,23.56005788712038,200.0
2030-07-11 21:00:00,-0.0,11189.167978241201,-0.0,10955.510752688171,20.0,33.657225553029114,23.56005788712038,200.0
2030-07-11 22:00:00,-0.0,3677.6203170085287,7277.890435679643,10955.510752688171,20.0,-0.0,-0.0,0.0
2030-07-11 23:00:00,-0.0,1045.7316747308414,9909.77907795733,10955.510752688171,20.0,-0.0,-0.0,0.0
2030-07-12 00:00:00,1362.1632335734857,6511.96193176913,3081.385587345555,10955.510752688171,20.0,-0.0,-0.0,0.0
2030-07-12 01:00:00,6356.415150255558,4832.752827985643,-0.0,10955.510752688171,20.0,33.657225553029114,23.56005788712038,200.0
2030-07-12 02:00:00,11189.167978241201,-0.0,-0.0,10955.510752688171,20.0,33.657225553029114,23.56005788712038,200.0
2030-07-12 03:00:00,11189.167978241201,-0.0,-0.0,10955.510752688171,20.0,33.657225553029114,23.56005788712038,200.0
2030-07-12 04:00:00,11189.167978241201,-0.0,-0.0,10955.510752688171,20.0,33.657225553029114,23.56005788712038,200.0
2030-07-12 05:00:00,11189.167978241201,-0.0,-0.0,10955.510752688171,20.0,33.657225553029114,23.56005788712038,200.0
2030-07-12 06:00:00,11189.167978241201,-0.0,-0.0,10955.510752688171,20.0,33.657225553029114,23.56005788712038,200.0
2030-07-12 07:00:00,11189.167978241201,-0.0,-0.0,10955.510752688171,20.0,33.657225553029114,23.56005788712038,200.0
2030-07-12 08:00:00,11189.167978241201,-0.0,-0.0,10955.510752688171,20.0,33.657225553029114,23.56005788712038,200.0
2030-07-12 09:00:00,11189.167978241201,-0.0,-0.0,10955.510752688171,20.0,33.657225553029114,23.56005788712038,200.0
2030-07-12 10:00:00,11189.167978241201,-0.0,-0.0,10955.510752688171,20.0,33.657225553029114,23.56005788712038,200.0
2030-07-12 11:00:00,11189.167978241201,-0.0,-0.0,10955.510752688171,20.0,33.657225553029114,23.56005788712038,200.0
2030-07-12 12:00:00,11189.167978241201,-0.0,-0.0,10955.510752688171,20.0,33.657225553029114,23.56005788712038,200.0
2030-07-12 13:00:00,3077.8650163187394,8111.302961922462,-0.0,10955.510752688171,20.0,33.657225553029114,23.56005788712038,200.0
2030-07-12 14:00:00,-0.0,11189.167978241201,-0.0,10955.510752688171,20.0,33.657225553029114,23.56005788712038,200.0
2030-07-12 15:00:00,-0.0,11189.167978241201,-0.0,10955.510752688171,20.0,33.657225553029114,23.56005788712038,200.0
2030-07-12 16:00:00,-0.0,11189.167978241201,-0.0,10955.510752688171,20.0,33.657225553029114,23.56005788712038,200.0
2030-07-12 17:00:00,-0.0,11189.167978241201,-0.0,10955.510752688171,20.0,33.657225553029114,23.56005788712038,200.0
2030-07-12 18:00:00,-0.0,11189.167978241201,-0.0,10955.510752688171,20.0,33.657225553029114,23.56005788712038,200.0
2030-07-12 19:00:00,-0.0,11189.167978241201,-0.0,10955.510752688171,20.0,33.657225553029114,23.56005788712038,200.0
2030-07-12 20:00:00,-0.0,11189.167978241201,-0.0,10955.510752688171,20.0,33.657225553029114,23.56005788712038,200.0
2030-07-12 21:00:00,-0.0,11189.167978241201,-0.0,10955.510752688171,20.0,33.657225553029114,23.56005788712038,200.0
2030-07-12 22:00:00,-0.0,7929.132739149419,3026.3780135387524,10955.510752688171,20.0,-0.0,-0.0,0.0
2030-07-12 23:00:00,-0.0,-0.0,10955.510752688171,10955.510752688171,20.0,-0.0,-0.0,0.0
2030-07-13 00:00:00,1332.0084749676705,-0.0,9623.502277720501,10955.510752688171,20.0,-0.0,-0.0,0.0
2030-07-13 01:00:00,6355.375330993289,-0.0,4600.135421694882,10955.510752688171,20.0,-0.0,-0.0,0.0
2030-07-13 02:00:00,11184.0821812596,-0.0,-0.0,10955.510752688171,20.0,28.571428571428573,20.0,200.0
2030-07-13 03:00:00,11184.0821812596,-0.0,-0.0,10955.510752688171,20.0,28.571428571428573,20.0,200.0
2030-07-13 04:00:00,11184.0821812596,-0.0,-0.0,10955.510752688171,20.0,28.571428571428573,20.0,200.0
2030-07-13 05:00:00,11184.0821812596,-0.0,-0.0,10955.510752688171,20.0,28.571428571428573,20.0,200.0
2030-07-13 06:00:00,11184.0821812596,-0.0,-0.0,10955.510752688171,20.0,28.571428571428573,20.0,200.0
2030-07-13 07:00:00,11184.0821812596,-0.0,-0.0,10955.510752688171,20.0,28.571428571428573,20.0,200.0
2030-07-13 08:00:00,11184.0821812596,-0.0,-0.0,10955.510752688171,20.0,28.571428571428573,20.0,200.0
2030-07-13 09:00:00,11184.0821812596,-0.0,-0.0,10955.510752688171,20.0,28.571428571428573,20.0,200.0
2030-07-13 10:00:00,11184.0821812596,-0.0,-0.0,10955.510752688171,20.0,28.571428571428573,20.0,200.0
2030-07-13 11:00:00,11184.24757303133,-0.0,-0.0,10955.510752688171,20.0,28.736820343160435,20.115774240212303,200.0
2030-07-13 12:00:00,-0.0,11189.167978241201,-0.0,10955.510752688171,20.0,33.657225553029114,23.56005788712038,200.0
2030-07-13 13:00:00,-0.0,11189.167978241201,-0.0,10955.510752688171,20.0,33.657225553029114,23.56005788712038,200.0
2030-07-13 14:00:00,-0.0,11189.167978241201,-0.0,10955.510752688171,20.0,33.657225553029114,23.56005788712038,200.0
2030-07-13 15:00:00,-0.0,11189.167978241201,-0.0,10955.510752688171,20.0,33.657225553029114,23.56005788712038,200.0
2030-07-13 16:00:00,-0.0,11189.167978241201,-0.0,10955.510752688171,20.0,33.657225553029114,23.56005788712038,200.0
2030-07-13 17:00:00,-0.0,11189.167978241201,-0.0,10955.510752688171,20.0,33.657225553029114,23.56005788712038,200.0
2030-07-13 18:00:00,-0.0,11189.167978241201,-0.0,10955.510752688171,20.0,33.657225553029114,23.56005788712038,200.0
2030-07-13 19:00:00,-0.0,11189.167978241201,-0.0,10955.510752688171,20.0,33.657225553029114,23.56005788712038,200.0
2030-07-13 20:00:00,-0.0,11189.167978241201,-0.0,10955.510752688171,20.0,33.657225553029114,23.56005788712038,200.0
2030-07-13 21:00:00,-0.0,11189.167978241201,-0.0,10955.510752688171,20.0,33.657225553029114,23.56005788712038,200.0
2030-07-13 22:00:00,-0.0,11189.167978241201,-0.0,10955.510752688171,20.0,33.657225553029114,23.56005788712038,200.0
2030-07-13 23:00:00,-0.0,11189.167978241201,-0.0,10955.510752688171,20.0,33.657225553029114,23.56005788712038,200.0
2030-07-14 00:00:00,1327.8491979185912,9861.31878032261,-0.0,10955.510752688171,20.0,33.657225553029114,23.56005788712038,200.0
2030-07-14 01:00:00,6442.720149023956,4746.447829217245,-0.0,10955.510752688171,20.0,33.657225553029114,23.56005788712038,200.0
2030-07-14 02:00:00,11189.167978241201,-0.0,-0.0,10955.510752688171,20.0,33.657225553029114,23.56005788712038,200.0
2030-07-14 03:00:00,11189.167978241201,-0.0,-0.0,10955.510752688171,20.0,33.657225553029114,23.56005788712038,200.0
2030-07-14 04:00:00,11189.167978241201,-0.0,-0.0,10955.510752688171,20.0,33.657225553029114,23.56005788712038,200.0
2030-07-14 05:00:00,11189.167978241201,-0.0,-0.0,10955.510752688171,20.0,33.657225553029114,23.56005788712038,200.0
2030-07-14 06:00:00,11189.167978241201,-0.0,-0.0,10955.510752688171,20.0,33.657225553029114,23.56005788712038,200.0
2030-07-14 07:00:00,11189.167978241201,-0.0,-0.0,10955.510752688171,20.0,33.657225553029114,23.56005788712038,200.0
2030-07-14 08:00:00,11189.167978241201,-0.0,-0.0,10955.510752688171,20.0,33.657225553029114,23.56005788712038,200.0
2030-07-14 09:00:00,11189.167978241201,-0.0,-0.0,10955.510752688171,20.0,33.657225553029114,23.56005788712038,200.0
2030-07-14 10:00:00,11189.167978241201,-0.0,-0.0,10955.510752688171,20.0,33.657225553029114,23.56005788712038,200.0
2030-07-14 11:00:00,11189.167978241201,-0.0,-0.0,10955.510752688171,20.0,33.657225553029114,23.56005788712038,200.0
2030-07-14 12:00:00,11189.167978241201,-0.0,-0.0,10955.510752688171,20.0,33.657225553029114,23.56005788712038,200.0
2030-07-14 13:00:00,-0.0,11189.167978241201,-0.0,10955.510752688171,20.0,33.657225553029114,23.56005788712038,200.0
2030-07-14 14:00:00,-0.0,11189.167978241201,-0.0,10955.510752688171,20.0,33.657225553029114,23.56005788712038,200.0
2030-07-14 15:00:00,-0.0,11189.167978241201,-0.0,10955.510752688171,20.0,33.657225553029114,23.56005788712038,200.0
2030-07-14 16:00:00,-0.0,11189.167978241201,-0.0,10955.510752688171,20.0,33.657225553029114,23.56005788712038,200.0
2030-07-14 17:00:00,-0.0,11189.167978241201,-0.0,10955.510752688171,20.0,33.657225553029114,23.56005788712038,200.0
2030-07-14 18:00:00,-0.0,11189.167978241201,-0.0,10955.510752688171,20.0,33.657225553029114,23.56005788712038,200.0
2030-07-14 19:00:00,-0.0,-0.0,10955.510752688171,10955.510752688171,20.0,-0.0,-0.0,0.0
2030-07-14 20:00:00,-0.0,-0.0,10955.510752688171,10955.510752688171,20.0,-0.0,-0.0,0.0
2030-07-14 21:00:00,-0.0,7929.132739149419,3026.3780135387524,10955.510752688171,20.0,-0.0,-0.0,0.0
2030-07-14 22:00:00,-0.0,11189.167978241201,-0.0,10955.510752688171,20.0,33.657225553029114,23.56005788712038,200.0
2030-07-14 23:00:00,-0.0,11189.167978241201,-0.0,10955.510752688171,20.0,33.657225553029114,23.56005788712038,200.0
2030-07-15 00:00:00,-0.0,11189.167978241201,-0.0,10955.510752688171,20.0,33.657225553029114,23.56005788712038,200.0
2030-07-15 01:00:00,6987.585442453354,4201.5825357878475,-0.0,10955.510752688171,20.0,33.657225553029114,23.56005788712038,200.0
2030-07-15 02:00:00,11189.167978241201,-0.0,-0.0,10955.510752688171,20.0,33.657225553029114,23.56005788712038,200.0
2030-07-15 03:00:00,11189.167978241201,-0.0,-0.0,10955.510752688171,20.0,33.657225553029114,23.56005788712038,200.0
2030-07-15 04:00:00,11189.167978241201,-0.0,-0.0,10955.510752688171,20.0,33.657225553029114,23.56005788712038,200.0
2030-07-15 05:00:00,11189.167978241201,-0.0,-0.0,10955.510752688171,20.0,33.657225553029114,23.56005788712038,200.0
2030-07-15 06:00:00,11189.167978241201,-0.0,-0.0,10955.510752688171,20.0,33.657225553029114,23.56005788712038,200.0
2030-07-15 07:00:00,11189.167978241201,-0.0,-0.0,10955.510752688171,20.0,33.657225553029114,23.56005788712038,200.0
2030-07-15 08:00:00,11189.167978241201,-0.0,-0.0,10955.510752688171,20.0,33.657225553029114,23.56005788712038,200.0
2030-07-15 09:00:00,11189.167978241201,-0.0,-0.0,10955.510752688171,20.0,33.657225553029114,23.56005788712038,200.0
2030-07-15 10:00:00,11189.167978241201,-0.0,-0.0,10955.510752688171,20.0,33.657225553029114,23.56005788712038,200.0
2030-07-15 11:00:00,11189.167978241201,-0.0,-0.0,10955.510752688171,20.0,33.657225553029114,23.56005788712038,200.0
2030-07-15 12:00:00,-0.0,11189.167978241201,-0.0,10955.510752688171,20.0,33.657225553029114,23.56005788712038,200.0
2030-07-15 13:00:00,3753.747536794138,7435.420441447063,-0.0,10955.510752688171,20.0,33.657225553029114,23.56005788712038,200.0
2030-07-15 14:00:00,-0.0,11189.167978241201,-0.0,10955.510752688171,20.0,33.657225553029114,23.56005788712038,200.0
2030-07-15 15:00:00,-0.0,11189.167978241201,-0.0,10955.510752688171,20.0,33.657225553029114,23.56005788712038,200.0
2030-07-15 16:00:00,-0.0,11189.167978241201,-0.0,10955.510752688171,20.0,33.657225553029114,23.56005788712038,200.0
2030-07-15 17:00:00,-0.0,11189.167978241201,-0.0,10955.510752688171,20.0,33.657225553029114,23.56005788712038,200.0
2030-07-15 18:00:00,-0.0,9346.303546529733,1609.2072061584386,10955.510752688171,20.0,-0.0,-0.0,0.0
2030-07-15 19:00:00,-0.0,-0.0,10955.510752688171,10955.510752688171,20.0,-0.0,-0.0,0.0
2030-07-15 20:00:00,-0.0,-0.0,10955.510752688171,10955.510752688171,20.0,-0.0,-0.0,0.0
2030-07-15 21:00:00,-0.0,-0.0,10955.510752688171,10955.510752688171,20.0,-0.0,-0.0,0.0
2030-07-15 22:00:00,-0.0,-0.0,10955.510752688171,10955.510752688171,20.0,-0.0,-0.0,0.0
2030-07-15 23:00:00,-0.0,1045.7316747308414,9909.77907795733,10955.510752688171,20.0,-0.0,-0.0,0.0
2030-07-16 00:00:00,-0.0,11189.167978241201,-0.0,10955.510752688171,20.0,33.657225553029114,23.56005788712038,200.0
2030-07-16 01:00:00,6268.030512962621,4921.13746527858,-0.0,10955.510752688171,20.0,33.657225553029114,23.56005788712038,200.0
2030-07-16 02:00:00,11189.167978241201,-0.0,-0.0,10955.510752688171,20.0,33.657225553029114,23.56005788712038,200.0
2030-07-16 03:00:00,11189.167978241201,-0.0,-0.0,10955.510752688171,20.0,33.657225553029114,23.56005788712038,200.0
2030-07-16 04:00:00,11189.167978241201,-0.0,-0.0,10955.510752688171,20.0,33.657225553029114,23.56005788712038,200.0
2030-07-16 05:00:00,11189.167978241201,-0.0,-0.0,10955.510752688171,20.0,33.657225553029114,23.56005788712038,200.0
2030-07-16 06:00:00,11189.167978241201,-0.0,-0.0,10955.510752688171,20.0,33.657225553029114,23.56005788712038,200.0
2030-07-16 07:00:00,11189.167978241201,-0.0,-0.0,10955.510752688171,20.0,33.657225553029114,23.56005788712038,200.0
2030-07-16 08:00:00,11189.167978241201,-0.0,-0.0,10955.510752688171,20.0,33.657225553029114,23.56005788712038,200.0
2030-07-16 09:00:00,11189.167978241201,-0.0,-0.0,10955.510752688171,20.0,33.657225553029114,23.56005788712038,200.0
2030-07-16 10:00:00,11189.167978241201,-0.0,-0.0,10955.510752688171,20.0,33.657225553029114,23.56005788712038,200.0
2030-07-16 11:00:00,11189.167978241201,-0.0,-0.0,10955.510752688171,20.0,33.657225553029114,23.56005788712038,200.0
2030-07-16 12:00:00,11189.167978241201,-0.0,-0.0,10955.510752688171,20.0,33.657225553029114,23.56005788712038,200.0
2030-07-16 13:00:00,3054.988992548803,8134.178985692399,-0.0,10955.510752688171,20.0,33.657225553029114,23.56005788712038,200.0
2030-07-16 14:00:00,-0.0,11189.167978241201,-0.0,10955.510752688171,20.0,33.657225553029114,23.56005788712038,200.0
2030-07-16 15:00:00,-0.0,11189.167978241201,-0.0,10955.510752688171,20.0,33.657225553029114,23.56005788712038,200.0
2030-07-16 16:00:00,-0.0,11189.167978241201,-0.0,10955.510752688171,20.0,33.657225553029114,23.56005788712038,200.0
2030-07-16 17:00:00,-0.0,11189.167978241201,-0.0,10955.510752688171,20.0,33.657225553029114,23.56005788712038,200.0
2030-07-16 18:00:00,-0.0,11189.167978241201,-0.0,10955.510752688171,20.0,33.657225553029114,23.56005788712038,200.0
2030-07-16 19:00:00,-0.0,11189.167978241201,-0.0,10955.510752688171,20.0,33.657225553029114,23.56005788712038,200.0
2030-07-16 20:00:00,-0.0,11189.167978241201,-0.0,10955.510752688171,20.0,33.657225553029114,23.56005788712038,200.0
2030-07-16 21:00:00,-0.0,11189.167978241201,-0.0,10955.510752688171,20.0,33.657225553029114,23.56005788712038,200.0
2030-07-16 22:00:00,-0.0,5094.791124388843,5860.719628299328,10955.510752688171,20.0,-0.0,-0.0,0.0
2030-07-16 23:00:00,-0.0,-0.0,10955.510752688171,10955.510752688171,20.0,-0.0,-0.0,0.0
2030-07-17 00:00:00,1170.8364893158446,-0.0,9784.674263372326,10955.510752688171,20.0,-0.0,-0.0,0.0
2030-07-17 01:00:00,6146.37165927705,-0.0,4809.139093411121,10955.510752688171,20.0,-0.0,-0.0,0.0
2030-07-17 02:00:00,11184.0821812596,-0.0,-0.0,10955.510752688171,20.0,28.571428571428573,20.0,200.0
2030-07-17 03:00:00,11184.0821812596,-0.0,-0.0,10955.510752688171,20.0,28.571428571428573,20.0,200.0
2030-07-17 04:00:00,11184.0821812596,-0.0,-0.0,10955.510752688171,20.0,28.571428571428573,20.0,200.0
2030-07-17 05:00:00,11184.0821812596,-0.0,-0.0,10955.510752688171,20.0,28.571428571428573,20.0,200.0
2030-07-17 06:00:00,11184.0821812596,-0.0,-0.0,10955.510752688171,20.0,28.571428571428573,20.0,200.0
2030-07-17 07:00:00,11184.0821812596,-0.0,-0.0,10955.510752688171,20.0,28.571428571428573,20.0,200.0
2030-07-17 08:00:00,11184.0821812596,-0.0,-0.0,10955.510752688171,20.0,28.571428571428573,20.0,200.0
2030-07-17 09:00:00,11184.0821812596,-0.0,-0.0,10955.510752688171,20.0,28.571428571428573,20.0,200.0
2030-07-17 10:00:00,11184.0821812596,-0.0,-0.0,10955.510752688171,20.0,28.571428571428573,20.0,200.0
2030-07-17 11:00:00,11184.0821812596,-0.0,-0.0,10955.510752688171,20.0,28.571428571428573,20.0,200.0
2030-07-17 12:00:00,11184.0821812596,-0.0,-0.0,10955.510752688171,20.0,28.571428571428573,20.0,200.0
2030-07-17 13:00:00,-0.0,11184.0821812596,-0.0,10955.510752688171,20.0,28.571428571428573,20.0,200.0
2030-07-17 14:00:00,-0.0,11184.0821812596,-0.0,10955.510752688171,20.0,28.571428571428573,20.0,200.0
2030-07-17 15:00:00,-0.0,11184.0821812596,-0.0,10955.510752688171,20.0,28.571428571428573,20.0,200.0
2030-07-17 16:00:00,-0.0,11184.0821812596,-0.0,10955.510752688171,20.0,28.571428571428573,20.0,200.0
2030-07-17 17:00:00,-0.0,11184.0821812596,-0.0,10955.510752688171,20.0,28.571428571428573,20.0,200.0
2030-07-17 18:00:00,-0.0,11184.0821812596,-0.0,10955.510752688171,20.0,28.571428571428573,20.0,200.0
2030-07-17 19:00:00,-0.0,11184.0821812596,-0.0,10955.510752688171,20.0,28.571428571428573,20.0,200.0
2030-07-17 20:00:00,-0.0,11184.0821812596,-0.0,10955.510752688171,20.0,28.571428571428573,20.0,200.0
2030-07-17 21:00:00,-0.0,11184.0821812596,-0.0,10955.510752688171,20.0,28.571428571428573,20.0,200.0
2030-07-17 22:00:00,-0.0,11184.0821812596,-0.0,10955.510752688171,20.0,28.571428571428573,20.0,200.0
2030-07-17 23:00:00,-0.0,11184.0821812596,-0.0,10955.510752688171,20.0,28.571428571428573,20.0,200.0
2030-07-18 00:00:00,1111.5667913664636,10072.515389893137,-0.0,10955.510752688171,20.0,28.571428571428573,20.0,200.0
2030-07-18 01:00:00,6012.23497444424,5171.84720681536,-0.0,10955.510752688171,20.0,28.571428571428573,20.0,200.0
2030-07-18 02:00:00,11184.0821812596,-0.0,-0.0,10955.510752688171,20.0,28.571428571428573,20.0,200.0
2030-07-18 03:00:00,11184.0821812596,-0.0,-0.0,10955.510752688171,20.0,28.571428571428573,20.0,200.0
2030-07-18 04:00:00,11184.0821812596,-0.0,-0.0,10955.510752688171,20.0,28.571428571428573,20.0,200.0
2030-07-18 05:00:00,11184.0821812596,-0.0,-0.0,10955.510752688171,20.0,28.571428571428573,20.0,200.0
2030-07-18 06:00:00,11184.0821812596,-0.0,-0.0,10955.510752688171,20.0,28.571428571428573,20.0,200.0
2030-07-18 07:00:00,11184.0821812596,-0.0,-0.0,10955.510752688171,20.0,28.571428571428573,20.0,200.0
2030-07-18 08:00:00,11184.0821812596,-0.0,-0.0,10955.510752688171,20.0,28.571428571428573,20.0,200.0
2030-07-18 09:00:00,11184.0821812596,-0.0,-0.0,10955.510752688171,20.0,28.571428571428573,20.0,200.0
2030-07-18 10:00:00,11184.0821812596,-0.0,-0.0,10955.510752688171,20.0,28.571428571428573,20.0,200.0
2030-07-18 11:00:00,11184.537008631927,-0.0,-0.0,10955.510752688171,20.0,29.026255943756254,20.318379160629377,200.0
2030-07-18 12:00:00,11189.167978241201,-0.0,-0.0,10955.510752688171,20.0,33.657225553029114,23.56005788712038,200.0
2030-07-18 13:00:00,2570.433216331055,8618.734761910146,-0.0,10955.510752688171,20.0,33.657225553029114,23.56005788712038,200.0
2030-07-18 14:00:00,-0.0,11189.167978241201,-0.0,10955.510752688171,20.0,33.657225553029114,23.56005788712038,200.0
2030-07-18 15:00:00,-0.0,11189.167978241201,-0.0,10955.510752688171,20.0,33.657225553029114,23.56005788712038,200.0
2030-07-18 16:00:00,-0.0,11189.167978241201,-0.0,10955.510752688171,20.0,33.657225553029114,23.56005788712038,200.0
2030-07-18 17:00:00,-0.0,11189.167978241201,-0.0,10955.510752688171,20.0,33.657225553029114,23.56005788712038,200.0
2030-07-18 18:00:00,-0.0,11189.167978241201,-0.0,10955.510752688171,20.0,33.657225553029114,23.56005788712038,200.0
2030-07-18 19:00:00,-0.0,11189.167978241201,-0.0,10955.510752688171,20.0,33.657225553029114,23.56005788712038,200.0
2030-07-18 20:00:00,-0.0,11189.167978241201,-0.0,10955.510752688171,20.0,33.657225553029114,23.56005788712038,200.0
2030-07-18 21:00:00,-0.0,11189.167978241201,-0.0,10955.510752688171,20.0,33.657225553029114,23.56005788712038,200.0
2030-07-18 22:00:00,-0.0,11189.167978241201,-0.0,10955.510752688171,20.0,33.657225553029114,23.56005788712038,200.0
2030-07-18 23:00:00,-0.0,11189.167978241201,-0.0,10955.510752688171,20.0,33.657225553029114,23.56005788712038,200.0
2030-07-19 00:00:00,1069.9740208756593,7929.132739149419,1956.403992663093,10955.510752688171,20.0,-0.0,-0.0,0.0
2030-07-19 01:00:00,5929.049433462653,5094.791124388843,-0.0,10955.510752688171,20.0,-0.0,-0.0,68.32980516332464
2030-07-19 02:00:00,11189.167978241201,-0.0,-0.0,10955.510752688171,20.0,33.657225553029114,23.56005788712038,200.0
2030-07-19 03:00:00,11189.167978241201,-0.0,-0.0,10955.510752688171,20.0,33.657225553029114,23.56005788712038,200.0
2030-07-19 04:00:00,11189.167978241201,-0.0,-0.0,10955.510752688171,20.0,33.657225553029114,23.56005788712038,200.0
2030-07-19 05:00:00,11189.167978241201,-0.0,-0.0,10955.510752688171,20.0,33.657225553029114,23.56005788712038,200.0
2030-07-19 06:00:00,11189.167978241201,-0.0,-0.0,10955.510752688171,20.0,33.657225553029114,23.56005788712038,200.0
2030-07-19 07:00:00,11189.167978241201,-0.0,-0.0,10955.510752688171,20.0,33.657225553029114,23.56005788712038,200.0
2030-07-19 08:00:00,11189.167978241201,-0.0,-0.0,10955.510752688171,20.0,33.657225553029114,23.56005788712038,200.0
2030-07-19 09:00:00,11189.167978241201,-0.0,-0.0,10955.510752688171,20.0,33.657225553029114,23.56005788712038,200.0
2030-07-19 10:00:00,11189.167978241201,-0.0,-0.0,10955.510752688171,20.0,33.657225553029114,23.56005788712038,200.0
2030-07-19 11:00:00,11189.167978241201,-0.0,-0.0,10955.510752688171,20.0,33.657225553029114,23.56005788712038,200.0
2030-07-19 12:00:00,-0.0,11189.167978241201,-0.0,10955.510752688171,20.0,33.657225553029114,23.56005788712038,200.0
2030-07-19 13:00:00,3190.1654966438823,7999.002481597319,-0.0,10955.510752688171,20.0,33.657225553029114,23.56005788712038,200.0
2030-07-19 14:00:00,-0.0,11189.167978241201,-0.0,10955.510752688171,20.0,33.657225553029114,23.56005788712038,200.0
2030-07-19 15:00:00,-0.0,11189.167978241201,-0.0,10955.510752688171,20.0,33.657225553029114,23.56005788712038,200.0
2030-07-19 16:00:00,-0.0,11189.167978241201,-0.0,10955.510752688171,20.0,33.657225553029114,23.56005788712038,200.0
2030-07-19 17:00:00,-0.0,11189.167978241201,-0.0,10955.510752688171,20.0,33.657225553029114,23.56005788712038,200.0
2030-07-19 18:00:00,-0.0,-0.0,10955.510752688171,10955.510752688171,20.0,-0.0,-0.0,0.0
2030-07-19 19:00:00,-0.0,2462.9024821111293,8492.608270577042,10955.510752688171,20.0,-0.0,-0.0,0.0
2030-07-19 20:00:00,-0.0,7929.132739149419,3026.3780135387524,10955.510752688171,20.0,-0.0,-0.0,0.0
2030-07-19 21:00:00,-0.0,11184.0821812596,-0.0,10955.510752688171,20.0,28.571428571428573,20.0,200.0
2030-07-19 22:00:00,-0.0,11184.0821812596,-0.0,10955.510752688171,20.0,28.571428571428573,20.0,200.0
2030-07-19 23:00:00,-0.0,11184.0821812596,-0.0,10955.510752688171,20.0,28.571428571428573,20.0,200.0
2030-07-20 00:00:00,-0.0,11184.0821812596,-0.0,10955.510752688171,20.0,28.571428571428573,20.0,200.0
2030-07-20 01:00:00,5869.779735513272,5314.302445746328,-0.0,10955.510752688171,20.0,28.571428571428573,20.0,200.0
2030-07-20 02:00:00,11184.0821812596,-0.0,-0.0,10955.510752688171,20.0,28.571428571428573,20.0,200.0
2030-07-20 03:00:00,11184.0821812596,-0.0,-0.0,10955.510752688171,20.0,28.571428571428573,20.0,200.0
2030-07-20 04:00:00,11184.0821812596,-0.0,-0.0,10955.510752688171,20.0,28.571428571428573,20.0,200.0
2030-07-20 05:00:00,11184.0821812596,-0.0,-0.0,10955.510752688171,20.0,28.571428571428573,20.0,200.0
2030-07-20 06:00:00,11184.0821812596,-0.0,-0.0,10955.510752688171,20.0,28.571428571428573,20.0,200.0
2030-07-20 07:00:00,11184.0821812596,-0.0,-0.0,10955.510752688171,20.0,28.571428571428573,20.0,200.0
2030-07-20 08:00:00,11184.0821812596,-0.0,-0.0,10955.510752688171,20.0,28.571428571428573,20.0,200.0
2030-07-20 09:00:00,11184.0821812596,-0.0,-0.0,10955.510752688171,20.0,28.571428571428573,20.0,200.0
2030-07-20 10:00:00,11184.0821812596,-0.0,-0.0,10955.510752688171,20.0,28.571428571428573,20.0,200.0
2030-07-20 11:00:00,11184.0821812596,-0.0,-0.0,10955.510752688171,20.0,28.571428571428573,20.0,200.0
2030-07-20 12:00:00,11185.28127160485,-0.0,-0.0,10955.510752688171,20.0,29.770518916679755,20.839363241675827,200.0
2030-07-20 13:00:00,-0.0,11189.167978241201,-0.0,10955.510752688171,20.0,33.657225553029114,23.56005788712038,200.0
2030-07-20 14:00:00,-0.0,11189.167978241201,-0.0,10955.510752688171,20.0,33.657225553029114,23.56005788712038,200.0
2030-07-20 15:00:00,-0.0,11189.167978241201,-0.0,10955.510752688171,20.0,33.657225553029114,23.56005788712038,200.0
2030-07-20 16:00:00,-0.0,11189.167978241201,-0.0,10955.510752688171,20.0,33.657225553029114,23.56005788712038,200.0
2030-07-20 17:00:00,-0.0,11189.167978241201,-0.0,10955.510752688171,20.0,33.657225553029114,23.56005788712038,200.0
2030-07-20 18:00:00,-0.0,11189.167978241201,-0.0,10955.510752688171,20.0,33.657225553029114,23.56005788712038,200.0
2030-07-20 19:00:00,-0.0,11189.167978241201,-0.0,10955.510752688171,20.0,33.657225553029114,23.56005788712038,200.0
2030-07-20 20:00:00,-0.0,11189.167978241201,-0.0,10955.510752688171,20.0,33.657225553029114,23.56005788712038,200.0
2030-07-20 21:00:00,-0.0,11189.167978241201,-0.0,10955.510752688171,20.0,33.657225553029114,23.56005788712038,200.0
2030-07-20 22:00:00,-0.0,11189.167978241201,-0.0,10955.510752688171,20.0,33.657225553029114,23.56005788712038,200.0
2030-07-20 23:00:00,-0.0,11189.167978241201,-0.0,10955.510752688171,20.0,33.657225553029114,23.56005788712038,200.0
2030-07-21 00:00:00,1348.6455831639882,6511.96193176913,3094.9032377550525,10955.510752688171,20.0,-0.0,-0.0,0.0
2030-07-21 01:00:00,6307.543644928875,3677.6203170085287,970.3467907507675,10955.510752688171,20.0,-0.0,-0.0,0.0
2030-07-21 02:00:00,11184.0821812596,-0.0,-0.0,10955.510752688171,20.0,28.571428571428573,20.0,200.0
2030-07-21 03:00:00,11184.0821812596,-0.0,-0.0,10955.510752688171,20.0,28.571428571428573,20.0,200.0
2030-07-21 04:00:00,11184.0821812596,-0.0,-0.0,10955.510752688171,20.0,28.571428571428573,20.0,200.0
2030-07-21 05:00:00,11184.0821812596,-0.0,-0.0,10955.510752688171,20.0,28.571428571428573,20.0,200.0
2030-07-21 06:00:00,11184.0821812596,-0.0,-0.0,10955.510752688171,20.0,28.571428571428573,20.0,200.0
2030-07-21 07:00:00,11184.0821812596,-0.0,-0.0,10955.510752688171,20.0,28.571428571428573,20.0,200.0
2030-07-21 08:00:00,11184.0821812596,-0.0,-0.0,10955.510752688171,20.0,28.571428571428573,20.0,200.0
2030-07-21 09:00:00,11184.0821812596,-0.0,-0.0,10955.510752688171,20.0,28.571428571428573,20.0,200.0
2030-07-21 10:00:00,11184.0821812596,-0.0,-0.0,10955.510752688171,20.0,28.571428571428573,20.0,200.0
2030-07-21 11:00:00,11184.0821812596,-0.0,-0.0,10955.510752688171,20.0,28.571428571428573,20.0,200.0
2030-07-21 12:00:00,-0.0,11184.0821812596,-0.0,10955.510752688171,20.0,28.571428571428573,20.0,200.0
2030-07-21 13:00:00,3823.4154273662175,7360.6667538933825,-0.0,10955.510752688171,20.0,28.571428571428573,20.0,200.0
2030-07-21 14:00:00,-0.0,11184.0821812596,-0.0,10955.510752688171,20.0,28.571428571428573,20.0,200.0
2030-07-21 15:00:00,-0.0,11184.0821812596,-0.0,10955.510752688171,20.0,28.571428571428573,20.0,200.0
2030-07-21 16:00:00,-0.0,11184.0821812596,-0.0,10955.510752688171,20.0,28.571428571428573,20.0,200.0
2030-07-21 17:00:00,-0.0,11184.0821812596,-0.0,10955.510752688171,20.0,28.571428571428573,20.0,200.0
2030-07-21 18:00:00,-0.0,11184.0821812596,-0.0,10955.510752688171,20.0,28.571428571428573,20.0,200.0
2030-07-21 19:00:00,-0.0,11184.0821812596,-0.0,10955.510752688171,20.0,28.571428571428573,20.0,200.0
2030-07-21 20:00:00,-0.0,11184.0821812596,-0.0,10955.510752688171,20.0,28.571428571428573,20.0,200.0
2030-07-21 21:00:00,-0.0,11184.0821812596,-0.0,10955.510752688171,20.0,28.571428571428573,20.0,200.0
2030-07-21 22:00:00,-0.0,11184.0821812596,-0.0,10955.510752688171,20.0,28.571428571428573,20.0,200.0
2030-07-21 23:00:00,-0.0,11184.0821812596,-0.0,10955.510752688171,20.0,28.571428571428573,20.0,200.0
2030-07-22 00:00:00,-0.0,11184.0821812596,-0.0,10955.510752688171,20.0,28.571428571428573,20.0,200.0
2030-07-22 01:00:00,5709.647569123706,5474.434612135894,-0.0,10955.510752688171,20.0,28.571428571428573,20.0,200.0
2030-07-22 02:00:00,11184.0821812596,-0.0,-0.0,10955.510752688171,20.0,28.571428571428573,20.0,200.0
2030-07-22 03:00:00,11184.0821812596,-0.0,-0.0,10955.510752688171,20.0,28.571428571428573,20.0,200.0
2030-07-22 04:00:00,11184.0821812596,-0.0,-0.0,10955.510752688171,20.0,28.571428571428573,20.0,200.0
2030-07-22 05:00:00,11184.0821812596,-0.0,-0.0,10955.510752688171,20.0,28.571428571428573,20.0,200.0
2030-07-22 06:00:00,11184.0821812596,-0.0,-0.0,10955.510752688171,20.0,28.571428571428573,20.0,200.0
2030-07-22 07:00:00,11184.0821812596,-0.0,-0.0,10955.510752688171,20.0,28.571428571428573,20.0,200.0
2030-07-22 08:00:00,11184.0821812596,-0.0,-0.0,10955.510752688171,20.0,28.571428571428573,20.0,200.0
2030-07-22 09:00:00,11184.0821812596,-0.0,-0.0,10955.510752688171,20.0,28.571428571428573,20.0,200.0
2030-07-22 10:00:00,11184.0821812596,-0.0,-0.0,10955.510752688171,20.0,28.571428571428573,20.0,200.0
2030-07-22 11:00:00,11184.0821812596,-0.0,-0.0,10955.510752688171,20.0,28.571428571428573,20.0,200.0
2030-07-22 12:00:00,11184.0821812596,-0.0,-0.0,10955.510752688171,20.0,28.571428571428573,20.0,200.0
2030-07-22 13:00:00,-0.0,11184.0821812596,-0.0,10955.510752688171,20.0,28.571428571428573,20.0,200.0
2030-07-22 14:00:00,-0.0,11184.0821812596,-0.0,10955.510752688171,20.0,28.571428571428573,20.0,200.0
2030-07-22 15:00:00,-0.0,11184.0821812596,-0.0,10955.510752688171,20.0,28.571428571428573,20.0,200.0
2030-07-22 16:00:00,-0.0,11184.0821812596,-0.0,10955.510752688171,20.0,28.571428571428573,20.0,200.0
2030-07-22 17:00:00,-0.0,11184.0821812596,-0.0,10955.510752688171,20.0,28.571428571428573,20.0,200.0
2030-07-22 18:00:00,-0.0,11184.0821812596,-0.0,10955.510752688171,20.0,28.571428571428573,20.0,200.0
2030-07-22 19:00:00,-0.0,11184.0821812596,-0.0,10955.510752688171,20.0,28.571428571428573,20.0,200.0
2030-07-22 20:00:00,-0.0,11184.0821812596,-0.0,10955.510752688171,20.0,28.571428571428573,20.0,200.0
2030-07-22 21:00:00,-0.0,11184.0821812596,-0.0,10955.510752688171,20.0,28.571428571428573,20.0,200.0
2030-07-22 22:00:00,-0.0,11184.0821812596,-0.0,10955.510752688171,20.0,28.571428571428573,20.0,200.0
2030-07-22 23:00:00,-0.0,11184.0821812596,-0.0,10955.510752688171,20.0,28.571428571428573,20.0,200.0
2030-07-23 00:00:00,903.6029389124947,10280.479242347106,-0.0,10955.510752688171,20.0,28.571428571428573,20.0,200.0
2030-07-23 01:00:00,-0.0,11188.423715268276,-0.0,10955.510752688171,20.0,32.912962580105614,23.03907380607393,200.0
2030-07-23 02:00:00,11189.167978241201,-0.0,-0.0,10955.510752688171,20.0,33.657225553029114,23.56005788712038,200.0
2030-07-23 03:00:00,11189.167978241201,-0.0,-0.0,10955.510752688171,20.0,33.657225553029114,23.56005788712038,200.0
2030-07-23 04:00:00,11189.167978241201,-0.0,-0.0,10955.510752688171,20.0,33.657225553029114,23.56005788712038,200.0
2030-07-23 05:00:00,11189.167978241201,-0.0,-0.0,10955.510752688171,20.0,33.657225553029114,23.56005788712038,200.0
2030-07-23 06:00:00,11189.167978241201,-0.0,-0.0,10955.510752688171,20.0,33.657225553029114,23.56005788712038,200.0
2030-07-23 07:00:00,11189.167978241201,-0.0,-0.0,10955.510752688171,20.0,33.657225553029114,23.56005788712038,200.0
2030-07-23 08:00:00,11189.167978241201,-0.0,-0.0,10955.510752688171,20.0,33.657225553029114,23.56005788712038,200.0
2030-07-23 09:00:00,11189.167978241201,-0.0,-0.0,10955.510752688171,20.0,33.657225553029114,23.56005788712038,200.0
2030-07-23 10:00:00,11189.167978241201,-0.0,-0.0,10955.510752688171,20.0,33.657225553029114,23.56005788712038,200.0
2030-07-23 11:00:00,11189.167978241201,-0.0,-0.0,10955.510752688171,20.0,33.657225553029114,23.56005788712038,200.0
2030-07-23 12:00:00,11189.167978241201,-0.0,-0.0,10955.510752688171,20.0,33.657225553029114,23.56005788712038,200.0
2030-07-23 13:00:00,-0.0,11189.167978241201,-0.0,10955.510752688171,20.0,33.657225553029114,23.56005788712038,200.0
2030-07-23 14:00:00,-0.0,11189.167978241201,-0.0,10955.510752688171,20.0,33.657225553029114,23.56005788712038,200.0
2030-07-23 15:00:00,-0.0,11189.167978241201,-0.0,10955.510752688171,20.0,33.657225553029114,23.56005788712038,200.0
2030-07-23 16:00:00,-0.0,11189.167978241201,-0.0,10955.510752688171,20.0,33.657225553029114,23.56005788712038,200.0
2030-07-23 17:00:00,-0.0,11189.167978241201,-0.0,10955.510752688171,20.0,33.657225553029114,23.56005788712038,200.0
2030-07-23 18:00:00,-0.0,-0.0,10955.510752688171,10955.510752688171,20.0,-0.0,-0.0,0.0
2030-07-23 19:00:00,-0.0,-0.0,10955.510752688171,10955.510752688171,20.0,-0.0,-0.0,0.0
2030-07-23 20:00:00,-0.0,10763.474353910022,192.0363987781493,10955.510752688171,20.0,-0.0,-0.0,0.0
2030-07-23 21:00:00,-0.0,11184.0821812596,-0.0,10955.510752688171,20.0,28.571428571428573,20.0,200.0
2030-07-23 22:00:00,-0.0,11184.0821812596,-0.0,10955.510752688171,20.0,28.571428571428573,20.0,200.0
2030-07-23 23:00:00,-0.0,11184.0821812596,-0.0,10955.510752688171,20.0,28.571428571428573,20.0,200.0
2030-07-24 00:00:00,-0.0,11184.0821812596,-0.0,10955.510752688171,20.0,28.571428571428573,20.0,200.0
2030-07-24 01:00:00,5655.576967485684,5528.505213773916,-0.0,10955.510752688171,20.0,28.571428571428573,20.0,200.0
2030-07-24 02:00:00,11184.0821812596,-0.0,-0.0,10955.510752688171,20.0,28.571428571428573,20.0,200.0
2030-07-24 03:00:00,11185.736098977179,-0.0,-0.0,10955.510752688171,20.0,30.225346289007437,21.157742402305203,200.0
2030-07-24 04:00:00,11189.167978241201,-0.0,-0.0,10955.510752688171,20.0,33.657225553029114,23.56005788712038,200.0
2030-07-24 05:00:00,11189.167978241201,-0.0,-0.0,10955.510752688171,20.0,33.657225553029114,23.56005788712038,200.0
2030-07-24 06:00:00,11189.167978241201,-0.0,-0.0,10955.510752688171,20.0,33.657225553029114,23.56005788712038,200.0
2030-07-24 07:00:00,11189.167978241201,-0.0,-0.0,10955.510752688171,20.0,33.657225553029114,23.56005788712038,200.0
2030-07-24 08:00:00,11189.167978241201,-0.0,-0.0,10955.510752688171,20.0,33.657225553029114,23.56005788712038,200.0
2030-07-24 09:00:00,11189.167978241201,-0.0,-0.0,10955.510752688171,20.0,33.657225553029114,23.56005788712038,200.0
2030-07-24 10:00:00,11189.167978241201,-0.0,-0.0,10955.510752688171,20.0,33.657225553029114,23.56005788712038,200.0
2030-07-24 11:00:00,11189.167978241201,-0.0,-0.0,10955.510752688171,20.0,33.657225553029114,23.56005788712038,200.0
2030-07-24 12:00:00,-0.0,11189.167978241201,-0.0,10955.510752688171,20.0,33.657225553029114,23.56005788712038,200.0
2030-07-24 13:00:00,-0.0,11189.167978241201,-0.0,10955.510752688171,20.0,33.657225553029114,23.56005788712038,200.0
2030-07-24 14:00:00,-0.0,11189.167978241201,-0.0,10955.510752688171,20.0,33.657225553029114,23.56005788712038,200.0
2030-07-24 15:00:00,-0.0,11189.167978241201,-0.0,10955.510752688171,20.0,33.657225553029114,23.56005788712038,200.0
2030-07-24 16:00:00,-0.0,11189.167978241201,-0.0,10955.510752688171,20.0,33.657225553029114,23.56005788712038,200.0
2030-07-24 17:00:00,-0.0,11189.167978241201,-0.0,10955.510752688171,20.0,33.657225553029114,23.56005788712038,200.0
2030-07-24 18:00:00,-0.0,11189.167978241201,-0.0,10955.510752688171,20.0,33.657225553029114,23.56005788712038,200.0
2030-07-24 19:00:00,-0.0,9346.303546529733,1609.2072061584386,10955.510752688171,20.0,-0.0,-0.0,0.0
2030-07-24 20:00:00,-0.0,7929.132739149419,3026.3780135387524,10955.510752688171,20.0,-0.0,-0.0,0.0
2030-07-24 21:00:00,-0.0,11189.167978241201,-0.0,10955.510752688171,20.0,33.657225553029114,23.56005788712038,200.0
2030-07-24 22:00:00,-0.0,11189.167978241201,-0.0,10955.510752688171,20.0,33.657225553029114,23.56005788712038,200.0
2030-07-24 23:00:00,-0.0,11189.167978241201,-0.0,10955.510752688171,20.0,33.657225553029114,23.56005788712038,200.0
2030-07-25 00:00:00,-0.0,11189.167978241201,-0.0,10955.510752688171,20.0,33.657225553029114,23.56005788712038,200.0
2030-07-25 01:00:00,5850.023169530144,5339.1448087110575,-0.0,10955.510752688171,20.0,33.657225553029114,23.56005788712038,200.0
2030-07-25 02:00:00,11189.167978241201,-0.0,-0.0,10955.510752688171,20.0,33.657225553029114,23.56005788712038,200.0
2030-07-25 03:00:00,11189.167978241201,-0.0,-0.0,10955.510752688171,20.0,33.657225553029114,23.56005788712038,200.0
2030-07-25 04:00:00,11189.167978241201,-0.0,-0.0,10955.510752688171,20.0,33.657225553029114,23.56005788712038,200.0
2030-07-25 05:00:00,11189.167978241201,-0.0,-0.0,10955.510752688171,20.0,33.657225553029114,23.56005788712038,200.0
2030-07-25 06:00:00,11189.167978241201,-0.0,-0.0,10955.510752688171,20.0,33.657225553029114,23.56005788712038,200.0
2030-07-25 07:00:00,11189.167978241201,-0.0,-0.0,10955.510752688171,20.0,33.657225553029114,23.56005788712038,200.0
2030-07-25 08:00:00,11189.167978241201,-0.0,-0.0,10955.510752688171,20.0,33.657225553029114,23.56005788712038,200.0
2030-07-25 09:00:00,11189.167978241201,-0.0,-0.0,10955.510752688171,20.0,33.657225553029114,23.56005788712038,200.0
2030-07-25 10:00:00,11189.167978241201,-0.0,-0.0,10955.510752688171,20.0,33.657225553029114,23.56005788712038,200.0
2030-07-25 11:00:00,11189.167978241201,-0.0,-0.0,10955.510752688171,20.0,33.657225553029114,23.56005788712038,200.0
2030-07-25 12:00:00,11189.167978241201,-0.0,-0.0,10955.510752688171,20.0,33.657225553029114,23.56005788712038,200.0
2030-07-25 13:00:00,-0.0,11189.167978241201,-0.0,10955.510752688171,20.0,33.657225553029114,23.56005788712038,200.0
2030-07-25 14:00:00,-0.0,11189.167978241201,-0.0,10955.510752688171,20.0,33.657225553029114,23.56005788712038,200.0
2030-07-25 15:00:00,-0.0,11189.167978241201,-0.0,10955.510752688171,20.0,33.657225553029114,23.56005788712038,200.0
2030-07-25 16:00:00,-0.0,11189.167978241201,-0.0,10955.510752688171,20.0,33.657225553029114,23.56005788712038,200.0
2030-07-25 17:00:00,-0.0,11189.167978241201,-0.0,10955.510752688171,20.0,33.657225553029114,23.56005788712038,200.0
2030-07-25 18:00:00,-0.0,11189.167978241201,-0.0,10955.510752688171,20.0,33.657225553029114,23.56005788712038,200.0
2030-07-25 19:00:00,-0.0,11189.167978241201,-0.0,10955.510752688171,20.0,33.657225553029114,23.56005788712038,200.0
2030-07-25 20:00:00,-0.0,11189.167978241201,-0.0,10955.510752688171,20.0,33.657225553029114,23.56005788712038,200.0
2030-07-25 21:00:00,-0.0,1045.7316747308414,9909.77907795733,10955.510752688171,20.0,-0.0,-0.0,0.0
2030-07-25 22:00:00,-0.0,-0.0,10955.510752688171,10955.510752688171,20.0,-0.0,-0.0,0.0
2030-07-25 23:00:00,-0.0,-0.0,10955.510752688171,10955.510752688171,20.0,-0.0,-0.0,0.0
2030-07-26 00:00:00,824.5766749799865,-0.0,10130.934077708185,10955.510752688171,20.0,-0.0,-0.0,0.0
2030-07-26 01:00:00,5500.643897407466,-0.0,5454.866855280705,10955.510752688171,20.0,-0.0,-0.0,0.0
2030-07-26 02:00:00,11184.0821812596,-0.0,-0.0,10955.510752688171,20.0,28.571428571428573,20.0,200.0
2030-07-26 03:00:00,11184.0821812596,-0.0,-0.0,10955.510752688171,20.0,28.571428571428573,20.0,200.0
2030-07-26 04:00:00,11184.0821812596,-0.0,-0.0,10955.510752688171,20.0,28.571428571428573,20.0,200.0
2030-07-26 05:00:00,11184.0821812596,-0.0,-0.0,10955.510752688171,20.0,28.571428571428573,20.0,200.0
2030-07-26 06:00:00,11184.0821812596,-0.0,-0.0,10955.510752688171,20.0,28.571428571428573,20.0,200.0
2030-07-26 07:00:00,11184.0821812596,-0.0,-0.0,10955.510752688171,20.0,28.571428571428573,20.0,200.0
2030-07-26 08:00:00,11184.0821812596,-0.0,-0.0,10955.510752688171,20.0,28.571428571428573,20.0,200.0
2030-07-26 09:00:00,11184.0821812596,-0.0,-0.0,10955.510752688171,20.0,28.571428571428573,20.0,200.0
2030-07-26 10:00:00,11184.0821812596,-0.0,-0.0,10955.510752688171,20.0,28.571428571428573,20.0,200.0
2030-07-26 11:00:00,11184.0821812596,-0.0,-0.0,10955.510752688171,20.0,28.571428571428573,20.0,200.0
2030-07-26 12:00:00,11184.0821812596,-0.0,-0.0,10955.510752688171,20.0,28.571428571428573,20.0,200.0
2030-07-26 13:00:00,-0.0,11189.167978241201,-0.0,10955.510752688171,20.0,33.657225553029114,23.56005788712038,200.0
2030-07-26 14:00:00,-0.0,11178.996384278,-0.0,10955.510752688171,20.0,23.48563158982803,16.43994211287962,200.0
2030-07-26 15:00:00,-0.0,11184.0821812596,-0.0,10955.510752688171,20.0,28.571428571428573,20.0,200.0
2030-07-26 16:00:00,-0.0,11184.0821812596,-0.0,10955.510752688171,20.0,28.571428571428573,20.0,200.0
2030-07-26 17:00:00,-0.0,11184.0821812596,-0.0,10955.510752688171,20.0,28.571428571428573,20.0,200.0
2030-07-26 18:00:00,-0.0,11184.0821812596,-0.0,10955.510752688171,20.0,28.571428571428573,20.0,200.0
2030-07-26 19:00:00,-0.0,11184.0821812596,-0.0,10955.510752688171,20.0,28.571428571428573,20.0,200.0
2030-07-26 20:00:00,-0.0,11184.0821812596,-0.0,10955.510752688171,20.0,28.571428571428573,20.0,200.0
2030-07-26 21:00:00,-0.0,11189.167978241201,-0.0,10955.510752688171,20.0,33.657225553029114,23.56005788712038,200.0
2030-07-26 22:00:00,-0.0,11189.167978241201,-0.0,10955.510752688171,20.0,33.657225553029114,23.56005788712038,200.0
2030-07-26 23:00:00,-0.0,11173.9105872964,-0.0,10955.510752688171,20.0,18.39983460822749,12.879884225759243,200.0
2030-07-27 00:00:00,-0.0,11184.0821812596,-0.0,10955.510752688171,20.0,28.571428571428573,20.0,200.0
2030-07-27 01:00:00,5278.12257528173,5905.95960597787,-0.0,10955.510752688171,20.0,28.571428571428573,20.0,200.0
2030-07-27 02:00:00,11184.0821812596,-0.0,-0.0,10955.510752688171,20.0,28.571428571428573,20.0,200.0
2030-07-27 03:00:00,11184.0821812596,-0.0,-0.0,10955.510752688171,20.0,28.571428571428573,20.0,200.0
2030-07-27 04:00:00,11184.0821812596,-0.0,-0.0,10955.510752688171,20.0,28.571428571428573,20.0,200.0
2030-07-27 05:00:00,11184.0821812596,-0.0,-0.0,10955.510752688171,20.0,28.571428571428573,20.0,200.0
2030-07-27 06:00:00,11184.0821812596,-0.0,-0.0,10955.510752688171,20.0,28.571428571428573,20.0,200.0
2030-07-27 07:00:00,11184.0821812596,-0.0,-0.0,10955.510752688171,20.0,28.571428571428573,20.0,200.0
2030-07-27 08:00:00,11184.0821812596,-0.0,-0.0,10955.510752688171,20.0,28.571428571428573,20.0,200.0
2030-07-27 09:00:00,11184.0821812596,-0.0,-0.0,10955.510752688171,20.0,28.571428571428573,20.0,200.0
2030-07-27 10:00:00,11184.0821812596,-0.0,-0.0,10955.510752688171,20.0,28.571428571428573,20.0,200.0
2030-07-27 11:00:00,11184.0821812596,-0.0,-0.0,10955.510752688171,20.0,28.571428571428573,20.0,200.0
2030-07-27 12:00:00,11184.0821812596,-0.0,-0.0,10955.510752688171,20.0,28.571428571428573,20.0,200.0
2030-07-27 13:00:00,-0.0,11184.0821812596,-0.0,10955.510752688171,20.0,28.571428571428573,20.0,200.0
2030-07-27 14:00:00,-0.0,11184.0821812596,-0.0,10955.510752688171,20.0,28.571428571428573,20.0,200.0
2030-07-27 15:00:00,-0.0,11184.0821812596,-0.0,10955.510752688171,20.0,28.571428571428573,20.0,200.0
2030-07-27 16:00:00,-0.0,11184.0821812596,-0.0,10955.510752688171,20.0,28.571428571428573,20.0,200.0
2030-07-27 17:00:00,-0.0,11184.0821812596,-0.0,10955.510752688171,20.0,28.571428571428573,20.0,200.0
2030-07-27 18:00:00,-0.0,11184.0821812596,-0.0,10955.510752688171,20.0,28.571428571428573,20.0,200.0
2030-07-27 19:00:00,-0.0,11184.0821812596,-0.0,10955.510752688171,20.0,28.571428571428573,20.0,200.0
2030-07-27 20:00:00,-0.0,11184.0821812596,-0.0,10955.510752688171,20.0,28.571428571428573,20.0,200.0
2030-07-27 21:00:00,-0.0,11184.0821812596,-0.0,10955.510752688171,20.0,28.571428571428573,20.0,200.0
2030-07-27 22:00:00,-0.0,11184.0821812596,-0.0,10955.510752688171,20.0,28.571428571428573,20.0,200.0
2030-07-27 23:00:00,-0.0,11184.0821812596,-0.0,10955.510752688171,20.0,28.571428571428573,20.0,200.0
2030-07-28 00:00:00,-0.0,11184.0821812596,-0.0,10955.510752688171,20.0,28.571428571428573,20.0,200.0
2030-07-28 01:00:00,5577.590522815445,5606.491658444154,-0.0,10955.510752688171,20.0,28.571428571428573,20.0,200.0
2030-07-28 02:00:00,11184.0821812596,-0.0,-0.0,10955.510752688171,20.0,28.571428571428573,20.0,200.0
2030-07-28 03:00:00,11184.0821812596,-0.0,-0.0,10955.510752688171,20.0,28.571428571428573,20.0,200.0
2030-07-28 04:00:00,11184.0821812596,-0.0,-0.0,10955.510752688171,20.0,28.571428571428573,20.0,200.0
2030-07-28 05:00:00,11184.0821812596,-0.0,-0.0,10955.510752688171,20.0,28.571428571428573,20.0,200.0
2030-07-28 06:00:00,11184.0821812596,-0.0,-0.0,10955.510752688171,20.0,28.571428571428573,20.0,200.0
2030-07-28 07:00:00,11184.0821812596,-0.0,-0.0,10955.510752688171,20.0,28.571428571428573,20.0,200.0
2030-07-28 08:00:00,11184.0821812596,-0.0,-0.0,10955.510752688171,20.0,28.571428571428573,20.0,200.0
2030-07-28 09:00:00,11184.0821812596,-0.0,-0.0,10955.510752688171,20.0,28.571428571428573,20.0,200.0
2030-07-28 10:00:00,11184.0821812596,-0.0,-0.0,10955.510752688171,20.0,28.571428571428573,20.0,200.0
2030-07-28 11:00:00,11184.0821812596,-0.0,-0.0,10955.510752688171,20.0,28.571428571428573,20.0,200.0
2030-07-28 12:00:00,11184.0821812596,-0.0,-0.0,10955.510752688171,20.0,28.571428571428573,20.0,200.0
2030-07-28 13:00:00,-0.0,11184.0821812596,-0.0,10955.510752688171,20.0,28.571428571428573,20.0,200.0
2030-07-28 14:00:00,-0.0,11184.0821812596,-0.0,10955.510752688171,20.0,28.571428571428573,20.0,200.0
2030-07-28 15:00:00,-0.0,11184.0821812596,-0.0,10955.510752688171,20.0,28.571428571428573,20.0,200.0
2030-07-28 16:00:00,-0.0,11184.0821812596,-0.0,10955.510752688171,20.0,28.571428571428573,20.0,200.0
2030-07-28 17:00:00,-0.0,11184.0821812596,-0.0,10955.510752688171,20.0,28.571428571428573,20.0,200.0
2030-07-28 18:00:00,-0.0,11184.0821812596,-0.0,10955.510752688171,20.0,28.571428571428573,20.0,200.0
2030-07-28 19:00:00,-0.0,11184.0821812596,-0.0,10955.510752688171,20.0,28.571428571428573,20.0,200.0
2030-07-28 20:00:00,-0.0,11184.0821812596,-0.0,10955.510752688171,20.0,28.571428571428573,20.0,200.0
2030-07-28 21:00:00,-0.0,11184.0821812596,-0.0,10955.510752688171,20.0,28.571428571428573,20.0,200.0
2030-07-28 22:00:00,-0.0,11184.0821812596,-0.0,10955.510752688171,20.0,28.571428571428573,20.0,200.0
2030-07-28 23:00:00,-0.0,11187.100581094162,-0.0,10955.510752688171,20.0,31.58982840599068,22.112879884193475,200.0
2030-07-29 00:00:00,866.1694454707804,10322.99853277042,-0.0,10955.510752688171,20.0,33.657225553029114,23.56005788712038,200.0
2030-07-29 01:00:00,6087.1019613276685,5102.066016913533,-0.0,10955.510752688171,20.0,33.657225553029114,23.56005788712038,200.0
2030-07-29 02:00:00,11189.167978241201,-0.0,-0.0,10955.510752688171,20.0,33.657225553029114,23.56005788712038,200.0
2030-07-29 03:00:00,11189.167978241201,-0.0,-0.0,10955.510752688171,20.0,33.657225553029114,23.56005788712038,200.0
2030-07-29 04:00:00,11189.167978241201,-0.0,-0.0,10955.510752688171,20.0,33.657225553029114,23.56005788712038,200.0
2030-07-29 05:00:00,11189.167978241201,-0.0,-0.0,10955.510752688171,20.0,33.657225553029114,23.56005788712038,200.0
2030-07-29 06:00:00,11189.167978241201,-0.0,-0.0,10955.510752688171,20.0,33.657225553029114,23.56005788712038,200.0
2030-07-29 07:00:00,11189.167978241201,-0.0,-0.0,10955.510752688171,20.0,33.657225553029114,23.56005788712038,200.0
2030-07-29 08:00:00,11189.167978241201,-0.0,-0.0,10955.510752688171,20.0,33.657225553029114,23.56005788712038,200.0
2030-07-29 09:00:00,11189.167978241201,-0.0,-0.0,10955.510752688171,20.0,33.657225553029114,23.56005788712038,200.0
2030-07-29 10:00:00,11189.167978241201,-0.0,-0.0,10955.510752688171,20.0,33.657225553029114,23.56005788712038,200.0
2030-07-29 11:00:00,11189.167978241201,-0.0,-0.0,10955.510752688171,20.0,33.657225553029114,23.56005788712038,200.0
2030-07-29 12:00:00,11189.167978241201,-0.0,-0.0,10955.510752688171,20.0,33.657225553029114,23.56005788712038,200.0
2030-07-29 13:00:00,3651.845249091693,7537.322729149508,-0.0,10955.510752688171,20.0,33.657225553029114,23.56005788712038,200.0
2030-07-29 14:00:00,-0.0,11189.167978241201,-0.0,10955.510752688171,20.0,33.657225553029114,23.56005788712038,200.0
2030-07-29 15:00:00,-0.0,11189.167978241201,-0.0,10955.510752688171,20.0,33.657225553029114,23.56005788712038,200.0
2030-07-29 16:00:00,-0.0,11189.167978241201,-0.0,10955.510752688171,20.0,33.657225553029114,23.56005788712038,200.0
2030-07-29 17:00:00,-0.0,11189.167978241201,-0.0,10955.510752688171,20.0,33.657225553029114,23.56005788712038,200.0
2030-07-29 18:00:00,-0.0,11189.167978241201,-0.0,10955.510752688171,20.0,33.657225553029114,23.56005788712038,200.0
2030-07-29 19:00:00,-0.0,11189.167978241201,-0.0,10955.510752688171,20.0,33.657225553029114,23.56005788712038,200.0
2030-07-29 20:00:00,-0.0,11189.167978241201,-0.0,10955.510752688171,20.0,33.657225553029114,23.56005788712038,200.0
2030-07-29 21:00:00,-0.0,11189.167978241201,-0.0,10955.510752688171,20.0,33.657225553029114,23.56005788712038,200.0
2030-07-29 22:00:00,-0.0,11189.167978241201,-0.0,10955.510752688171,20.0,33.657225553029114,23.56005788712038,200.0
2030-07-29 23:00:00,-0.0,11189.167978241201,-0.0,10955.510752688171,20.0,33.657225553029114,23.56005788712038,200.0
2030-07-30 00:00:00,516.7901733481126,3677.6203170085287,6761.100262331531,10955.510752688171,20.0,-0.0,-0.0,0.0
2030-07-30 01:00:00,5114.870951105364,-0.0,5840.639801582807,10955.510752688171,20.0,-0.0,-0.0,0.0
2030-07-30 02:00:00,11189.167978241201,-0.0,-0.0,10955.510752688171,20.0,33.657225553029114,23.56005788712038,200.0
2030-07-30 03:00:00,11189.167978241201,-0.0,-0.0,10955.510752688171,20.0,33.657225553029114,23.56005788712038,200.0
2030-07-30 04:00:00,11189.167978241201,-0.0,-0.0,10955.510752688171,20.0,33.657225553029114,23.56005788712038,200.0
2030-07-30 05:00:00,11189.167978241201,-0.0,-0.0,10955.510752688171,20.0,33.657225553029114,23.56005788712038,200.0
2030-07-30 06:00:00,11189.167978241201,-0.0,-0.0,10955.510752688171,20.0,33.657225553029114,23.56005788712038,200.0
2030-07-30 07:00:00,11189.167978241201,-0.0,-0.0,10955.510752688171,20.0,33.657225553029114,23.56005788712038,200.0
2030-07-30 08:00:00,11189.167978241201,-0.0,-0.0,10955.510752688171,20.0,33.657225553029114,23.56005788712038,200.0
2030-07-30 09:00:00,11189.167978241201,-0.0,-0.0,10955.510752688171,20.0,33.657225553029114,23.56005788712038,200.0
2030-07-30 10:00:00,11189.167978241201,-0.0,-0.0,10955.510752688171,20.0,33.657225553029114,23.56005788712038,200.0
2030-07-30 11:00:00,11189.167978241201,-0.0,-0.0,10955.510752688171,20.0,33.657225553029114,23.56005788712038,200.0
2030-07-30 12:00:00,-0.0,11189.167978241201,-0.0,10955.510752688171,20.0,33.657225553029114,23.56005788712038,200.0
2030-07-30 13:00:00,-0.0,11189.167978241201,-0.0,10955.510752688171,20.0,33.657225553029114,23.56005788712038,200.0
2030-07-30 14:00:00,-0.0,11189.167978241201,-0.0,10955.510752688171,20.0,33.657225553029114,23.56005788712038,200.0
2030-07-30 15:00:00,-0.0,11189.167978241201,-0.0,10955.510752688171,20.0,33.657225553029114,23.56005788712038,200.0
2030-07-30 16:00:00,-0.0,11189.167978241201,-0.0,10955.510752688171,20.0,33.657225553029114,23.56005788712038,200.0
2030-07-30 17:00:00,-0.0,11189.167978241201,-0.0,10955.510752688171,20.0,33.657225553029114,23.56005788712038,200.0
2030-07-30 18:00:00,-0.0,11189.167978241201,-0.0,10955.510752688171,20.0,33.657225553029114,23.56005788712038,200.0
2030-07-30 19:00:00,-0.0,11189.167978241201,-0.0,10955.510752688171,20.0,33.657225553029114,23.56005788712038,200.0
2030-07-30 20:00:00,-0.0,11189.167978241201,-0.0,10955.510752688171,20.0,33.657225553029114,23.56005788712038,200.0
2030-07-30 21:00:00,-0.0,11189.167978241201,-0.0,10955.510752688171,20.0,33.657225553029114,23.56005788712038,200.0
2030-07-30 22:00:00,-0.0,11189.167978241201,-0.0,10955.510752688171,20.0,33.657225553029114,23.56005788712038,200.0
2030-07-30 23:00:00,-0.0,11189.167978241201,-0.0,10955.510752688171,20.0,33.657225553029114,23.56005788712038,200.0
2030-07-31 00:00:00,632.2101114600654,10556.957866781137,-0.0,10955.510752688171,20.0,33.657225553029114,23.56005788712038,200.0
2030-07-31 01:00:00,5345.71082732927,5094.791124388843,515.0088009700585,10955.510752688171,20.0,-0.0,-0.0,0.0
2030-07-31 02:00:00,11189.167978241201,-0.0,-0.0,10955.510752688171,20.0,33.657225553029114,23.56005788712038,200.0
2030-07-31 03:00:00,11189.167978241201,-0.0,-0.0,10955.510752688171,20.0,33.657225553029114,23.56005788712038,200.0
2030-07-31 04:00:00,11189.167978241201,-0.0,-0.0,10955.510752688171,20.0,33.657225553029114,23.56005788712038,200.0
2030-07-31 05:00:00,11189.167978241201,-0.0,-0.0,10955.510752688171,20.0,33.657225553029114,23.56005788712038,200.0
2030-07-31 06:00:00,11189.167978241201,-0.0,-0.0,10955.510752688171,20.0,33.657225553029114,23.56005788712038,200.0
2030-07-31 07:00:00,11189.167978241201,-0.0,-0.0,10955.510752688171,20.0,33.657225553029114,23.56005788712038,200.0
2030-07-31 08:00:00,11189.167978241201,-0.0,-0.0,10955.510752688171,20.0,33.657225553029114,23.56005788712038,200.0
2030-07-31 09:00:00,11189.167978241201,-0.0,-0.0,10955.510752688171,20.0,33.657225553029114,23.56005788712038,200.0
2030-07-31 10:00:00,11189.167978241201,-0.0,-0.0,10955.510752688171,20.0,33.657225553029114,23.56005788712038,200.0
2030-07-31 11:00:00,11189.167978241201,-0.0,-0.0,10955.510752688171,20.0,33.657225553029114,23.56005788712038,200.0
2030-07-31 12:00:00,-0.0,11189.167978241201,-0.0,10955.510752688171,20.0,33.657225553029114,23.56005788712038,200.0
2030-07-31 13:00:00,3703.8362122051853,7485.331766036015,-0.0,10955.510752688171,20.0,33.657225553029114,23.56005788712038,200.0
2030-07-31 14:00:00,-0.0,11189.167978241201,-0.0,10955.510752688171,20.0,33.657225553029114,23.56005788712038,200.0
2030-07-31 15:00:00,-0.0,11189.167978241201,-0.0,10955.510752688171,20.0,33.657225553029114,23.56005788712038,200.0
2030-07-31 16:00:00,-0.0,11189.167978241201,-0.0,10955.510752688171,20.0,33.657225553029114,23.56005788712038,200.0
2030-07-31 17:00:00,-0.0,11189.167978241201,-0.0,10955.510752688171,20.0,33.657225553029114,23.56005788712038,200.0
2030-07-31 18:00:00,-0.0,6511.96193176913,4443.548820919041,10955.510752688171,20.0,-0.0,-0.0,0.0
2030-07-31 19:00:00,-0.0,-0.0,10955.510752688171,10955.510752688171,20.0,-0.0,-0.0,0.0
2030-07-31 20:00:00,-0.0,-0.0,10955.510752688171,10955.510752688171,20.0,-0.0,-0.0,0.0
2030-07-31 21:00:00,-0.0,3677.6203170085287,7277.890435679643,10955.510752688171,20.0,-0.0,-0.0,0.0
2030-07-31 22:00:00,-0.0,6511.96193176913,4443.548820919041,10955.510752688171,20.0,-0.0,-0.0,0.0
2030-07-31 23:00:00,-0.0,6511.96193176913,4443.548820919041,10955.510752688171,20.0,-0.0,-0.0,0.0
2030-08-01 00:00:00,424.2462590060965,9346.303546529733,823.670624571698,10594.220430107527,20.0,-0.0,-0.0,0.0
2030-08-01 01:00:00,5416.418537163619,5411.459118496939,-0.0,10594.220430107527,20.0,33.657225553029114,23.56005788712038,200.0
2030-08-01 02:00:00,10827.877655660557,-0.0,-0.0,10594.220430107527,20.0,33.657225553029114,23.56005788712038,200.0
2030-08-01 03:00:00,10827.877655660557,-0.0,-0.0,10594.220430107527,20.0,33.657225553029114,23.56005788712038,200.0
2030-08-01 04:00:00,10827.877655660557,-0.0,-0.0,10594.220430107527,20.0,33.657225553029114,23.56005788712038,200.0
2030-08-01 05:00:00,10827.877655660557,-0.0,-0.0,10594.220430107527,20.0,33.657225553029114,23.56005788712038,200.0
2030-08-01 06:00:00,10827.877655660557,-0.0,-0.0,10594.220430107527,20.0,33.657225553029114,23.56005788712038,200.0
2030-08-01 07:00:00,10827.877655660557,-0.0,-0.0,10594.220430107527,20.0,33.657225553029114,23.56005788712038,200.0
2030-08-01 08:00:00,10827.877655660557,-0.0,-0.0,10594.220430107527,20.0,33.657225553029114,23.56005788712038,200.0
2030-08-01 09:00:00,10827.877655660557,-0.0,-0.0,10594.220430107527,20.0,33.657225553029114,23.56005788712038,200.0
2030-08-01 10:00:00,10827.877655660557,-0.0,-0.0,10594.220430107527,20.0,33.657225553029114,23.56005788712038,200.0
2030-08-01 11:00:00,10827.877655660557,-0.0,-0.0,10594.220430107527,20.0,33.657225553029114,23.56005788712038,200.0
2030-08-01 12:00:00,10827.877655660557,-0.0,-0.0,10594.220430107527,20.0,33.657225553029114,23.56005788712038,200.0
2030-08-01 13:00:00,-0.0,10827.877655660557,-0.0,10594.220430107527,20.0,33.657225553029114,23.56005788712038,200.0
2030-08-01 14:00:00,-0.0,10827.877655660557,-0.0,10594.220430107527,20.0,33.657225553029114,23.56005788712038,200.0
2030-08-01 15:00:00,-0.0,10827.877655660557,-0.0,10594.220430107527,20.0,33.657225553029114,23.56005788712038,200.0
2030-08-01 16:00:00,-0.0,10827.877655660557,-0.0,10594.220430107527,20.0,33.657225553029114,23.56005788712038,200.0
2030-08-01 17:00:00,-0.0,10827.877655660557,-0.0,10594.220430107527,20.0,33.657225553029114,23.56005788712038,200.0
2030-08-01 18:00:00,-0.0,10827.877655660557,-0.0,10594.220430107527,20.0,33.657225553029114,23.56005788712038,200.0
2030-08-01 19:00:00,-0.0,10827.877655660557,-0.0,10594.220430107527,20.0,33.657225553029114,23.56005788712038,200.0
2030-08-01 20:00:00,-0.0,10827.877655660557,-0.0,10594.220430107527,20.0,33.657225553029114,23.56005788712038,200.0
2030-08-01 21:00:00,-0.0,10827.877655660557,-0.0,10594.220430107527,20.0,33.657225553029114,23.56005788712038,200.0
2030-08-01 22:00:00,-0.0,10827.877655660557,-0.0,10594.220430107527,20.0,33.657225553029114,23.56005788712038,200.0
2030-08-01 23:00:00,-0.0,7929.132739149419,2665.0876909581084,10594.220430107527,20.0,-0.0,-0.0,0.0
2030-08-02 00:00:00,466.8788487591601,-0.0,10127.341581348366,10594.220430107527,20.0,-0.0,-0.0,0.0
2030-08-02 01:00:00,5329.073719132952,-0.0,5265.146710974575,10594.220430107527,20.0,-0.0,-0.0,0.0
2030-08-02 02:00:00,10827.877655660557,-0.0,-0.0,10594.220430107527,20.0,33.657225553029114,23.56005788712038,200.0
2030-08-02 03:00:00,10827.877655660557,-0.0,-0.0,10594.220430107527,20.0,33.657225553029114,23.56005788712038,200.0
2030-08-02 04:00:00,10827.877655660557,-0.0,-0.0,10594.220430107527,20.0,33.657225553029114,23.56005788712038,200.0
2030-08-02 05:00:00,10827.877655660557,-0.0,-0.0,10594.220430107527,20.0,33.657225553029114,23.56005788712038,200.0
2030-08-02 06:00:00,10827.877655660557,-0.0,-0.0,10594.220430107527,20.0,33.657225553029114,23.56005788712038,200.0
2030-08-02 07:00:00,10827.877655660557,-0.0,-0.0,10594.220430107527,20.0,33.657225553029114,23.56005788712038,200.0
2030-08-02 08:00:00,10827.877655660557,-0.0,-0.0,10594.220430107527,20.0,33.657225553029114,23.56005788712038,200.0
2030-08-02 09:00:00,10827.877655660557,-0.0,-0.0,10594.220430107527,20.0,33.657225553029114,23.56005788712038,200.0
2030-08-02 10:00:00,10827.877655660557,-0.0,-0.0,10594.220430107527,20.0,33.657225553029114,23.56005788712038,200.0
2030-08-02 11:00:00,10827.877655660557,-0.0,-0.0,10594.220430107527,20.0,33.657225553029114,23.56005788712038,200.0
2030-08-02 12:00:00,10827.877655660557,-0.0,-0.0,10594.220430107527,20.0,33.657225553029114,23.56005788712038,200.0
2030-08-02 13:00:00,-0.0,10827.877655660557,-0.0,10594.220430107527,20.0,33.657225553029114,23.56005788712038,200.0
2030-08-02 14:00:00,-0.0,10827.877655660557,-0.0,10594.220430107527,20.0,33.657225553029114,23.56005788712038,200.0
2030-08-02 15:00:00,-0.0,10827.877655660557,-0.0,10594.220430107527,20.0,33.657225553029114,23.56005788712038,200.0
2030-08-02 16:00:00,-0.0,10827.877655660557,-0.0,10594.220430107527,20.0,33.657225553029114,23.56005788712038,200.0
2030-08-02 17:00:00,-0.0,10827.877655660557,-0.0,10594.220430107527,20.0,33.657225553029114,23.56005788712038,200.0
2030-08-02 18:00:00,-0.0,10827.877655660557,-0.0,10594.220430107527,20.0,33.657225553029114,23.56005788712038,200.0
2030-08-02 19:00:00,-0.0,10827.877655660557,-0.0,10594.220430107527,20.0,33.657225553029114,23.56005788712038,200.0
2030-08-02 20:00:00,-0.0,10827.877655660557,-0.0,10594.220430107527,20.0,33.657225553029114,23.56005788712038,200.0
2030-08-02 21:00:00,-0.0,10827.877655660557,-0.0,10594.220430107527,20.0,33.657225553029114,23.56005788712038,200.0
2030-08-02 22:00:00,-0.0,5094.791124388843,5499.429305718684,10594.220430107527,20.0,-0.0,-0.0,0.0
2030-08-02 23:00:00,-0.0,-0.0,10594.220430107527,10594.220430107527,20.0,-0.0,-0.0,0.0
2030-08-03 00:00:00,451.2815598251124,-0.0,10142.938870282414,10594.220430107527,20.0,-0.0,-0.0,0.0
2030-08-03 01:00:00,4617.837343740379,-0.0,5976.383086367148,10594.220430107527,20.0,-0.0,-0.0,0.0
2030-08-03 02:00:00,10827.877655660557,-0.0,-0.0,10594.220430107527,20.0,33.657225553029114,23.56005788712038,200.0
2030-08-03 03:00:00,10827.877655660557,-0.0,-0.0,10594.220430107527,20.0,33.657225553029114,23.56005788712038,200.0
2030-08-03 04:00:00,10827.877655660557,-0.0,-0.0,10594.220430107527,20.0,33.657225553029114,23.56005788712038,200.0
2030-08-03 05:00:00,10827.877655660557,-0.0,-0.0,10594.220430107527,20.0,33.657225553029114,23.56005788712038,200.0
2030-08-03 06:00:00,10827.877655660557,-0.0,-0.0,10594.220430107527,20.0,33.657225553029114,23.56005788712038,200.0
2030-08-03 07:00:00,10827.877655660557,-0.0,-0.0,10594.220430107527,20.0,33.657225553029114,23.56005788712038,200.0
2030-08-03 08:00:00,10827.877655660557,-0.0,-0.0,10594.220430107527,20.0,33.657225553029114,23.56005788712038,200.0
2030-08-03 09:00:00,10827.877655660557,-0.0,-0.0,10594.220430107527,20.0,33.657225553029114,23.56005788712038,200.0
2030-08-03 10:00:00,10827.877655660557,-0.0,-0.0,10594.220430107527,20.0,33.657225553029114,23.56005788712038,200.0
2030-08-03 11:00:00,10827.877655660557,-0.0,-0.0,10594.220430107527,20.0,33.657225553029114,23.56005788712038,200.0
2030-08-03 12:00:00,10827.877655660557,-0.0,-0.0,10594.220430107527,20.0,33.657225553029114,23.56005788712038,200.0
2030-08-03 13:00:00,-0.0,10827.877655660557,-0.0,10594.220430107527,20.0,33.657225553029114,23.56005788712038,200.0
2030-08-03 14:00:00,22.876023769936577,7929.132739149419,2642.2116671881718,10594.220430107527,20.0,-0.0,-0.0,0.0
2030-08-03 15:00:00,-0.0,-0.0,10594.220430107527,10594.220430107527,20.0,-0.0,-0.0,0.0
2030-08-03 16:00:00,-0.0,-0.0,10594.220430107527,10594.220430107527,20.0,-0.0,-0.0,0.0
2030-08-03 17:00:00,-0.0,10827.877655660557,-0.0,10594.220430107527,20.0,33.657225553029114,23.56005788712038,200.0
2030-08-03 18:00:00,-0.0,10827.877655660557,-0.0,10594.220430107527,20.0,33.657225553029114,23.56005788712038,200.0
2030-08-03 19:00:00,-0.0,10827.877655660557,-0.0,10594.220430107527,20.0,33.657225553029114,23.56005788712038,200.0
2030-08-03 20:00:00,-0.0,10827.877655660557,-0.0,10594.220430107527,20.0,33.657225553029114,23.56005788712038,200.0
2030-08-03 21:00:00,-0.0,10827.877655660557,-0.0,10594.220430107527,20.0,33.657225553029114,23.56005788712038,200.0
2030-08-03 22:00:00,-0.0,10827.877655660557,-0.0,10594.220430107527,20.0,33.657225553029114,23.56005788712038,200.0
2030-08-03 23:00:00,-0.0,10763.474353910022,-0.0,10594.220430107527,20.0,-0.0,-0.0,169.25392380249468
2030-08-04 00:00:00,450.24174056284255,9346.303546529733,797.675143014952,10594.220430107527,20.0,-0.0,-0.0,0.0
2030-08-04 01:00:00,4900.668183077776,5922.1236756011795,-0.0,10594.220430107527,20.0,28.571428571428573,20.0,200.0
2030-08-04 02:00:00,10822.791858678956,-0.0,-0.0,10594.220430107527,20.0,28.571428571428573,20.0,200.0
2030-08-04 03:00:00,10822.791858678956,-0.0,-0.0,10594.220430107527,20.0,28.571428571428573,20.0,200.0
2030-08-04 04:00:00,10822.791858678956,-0.0,-0.0,10594.220430107527,20.0,28.571428571428573,20.0,200.0
2030-08-04 05:00:00,10822.791858678956,-0.0,-0.0,10594.220430107527,20.0,28.571428571428573,20.0,200.0
2030-08-04 06:00:00,10822.791858678956,-0.0,-0.0,10594.220430107527,20.0,28.571428571428573,20.0,200.0
2030-08-04 07:00:00,10822.791858678956,-0.0,-0.0,10594.220430107527,20.0,28.571428571428573,20.0,200.0
2030-08-04 08:00:00,10822.791858678956,-0.0,-0.0,10594.220430107527,20.0,28.571428571428573,20.0,200.0
2030-08-04 09:00:00,-0.0,10822.791858678956,-0.0,10594.220430107527,20.0,28.571428571428573,20.0,200.0
2030-08-04 10:00:00,10822.791858678956,-0.0,-0.0,10594.220430107527,20.0,28.571428571428573,20.0,200.0
2030-08-04 11:00:00,10822.791858678956,-0.0,-0.0,10594.220430107527,20.0,28.571428571428573,20.0,200.0
2030-08-04 12:00:00,10822.791858678956,-0.0,-0.0,10594.220430107527,20.0,28.571428571428573,20.0,200.0
2030-08-04 13:00:00,-0.0,10822.791858678956,-0.0,10594.220430107527,20.0,28.571428571428573,20.0,200.0
2030-08-04 14:00:00,-0.0,10822.791858678956,-0.0,10594.220430107527,20.0,28.571428571428573,20.0,200.0
2030-08-04 15:00:00,-0.0,10822.791858678956,-0.0,10594.220430107527,20.0,28.571428571428573,20.0,200.0
2030-08-04 16:00:00,-0.0,10822.791858678956,-0.0,10594.220430107527,20.0,28.571428571428573,20.0,200.0
2030-08-04 17:00:00,-0.0,10822.791858678956,-0.0,10594.220430107527,20.0,28.571428571428573,20.0,200.0
2030-08-04 18:00:00,-0.0,10822.791858678956,-0.0,10594.220430107527,20.0,28.571428571428573,20.0,200.0
2030-08-04 19:00:00,-0.0,10822.791858678956,-0.0,10594.220430107527,20.0,28.571428571428573,20.0,200.0
2030-08-04 20:00:00,-0.0,10822.791858678956,-0.0,10594.220430107527,20.0,28.571428571428573,20.0,200.0
2030-08-04 21:00:00,-0.0,10822.791858678956,-0.0,10594.220430107527,20.0,28.571428571428573,20.0,200.0
2030-08-04 22:00:00,-0.0,10822.791858678956,-0.0,10594.220430107527,20.0,28.571428571428573,20.0,200.0
2030-08-04 23:00:00,-0.0,10822.791858678956,-0.0,10594.220430107527,20.0,28.571428571428573,20.0,200.0
2030-08-05 00:00:00,-0.0,10822.791858678956,-0.0,10594.220430107527,20.0,28.571428571428573,20.0,200.0
2030-08-05 01:00:00,4921.464568323173,5901.327290355783,-0.0,10594.220430107527,20.0,28.571428571428573,20.0,200.0
2030-08-05 02:00:00,10822.791858678956,-0.0,-0.0,10594.220430107527,20.0,28.571428571428573,20.0,200.0
2030-08-05 03:00:00,10822.791858678956,-0.0,-0.0,10594.220430107527,20.0,28.571428571428573,20.0,200.0
2030-08-05 04:00:00,10822.791858678956,-0.0,-0.0,10594.220430107527,20.0,28.571428571428573,20.0,200.0
2030-08-05 05:00:00,10822.791858678956,-0.0,-0.0,10594.220430107527,20.0,28.571428571428573,20.0,200.0
2030-08-05 06:00:00,10822.791858678956,-0.0,-0.0,10594.220430107527,20.0,28.571428571428573,20.0,200.0
2030-08-05 07:00:00,10822.791858678956,-0.0,-0.0,10594.220430107527,20.0,28.571428571428573,20.0,200.0
2030-08-05 08:00:00,10822.791858678956,-0.0,-0.0,10594.220430107527,20.0,28.571428571428573,20.0,200.0
2030-08-05 09:00:00,10822.791858678956,-0.0,-0.0,10594.220430107527,20.0,28.571428571428573,20.0,200.0
2030-08-05 10:00:00,10822.791858678956,-0.0,-0.0,10594.220430107527,20.0,28.571428571428573,20.0,200.0
2030-08-05 11:00:00,10822.791858678956,-0.0,-0.0,10594.220430107527,20.0,28.571428571428573,20.0,200.0
2030-08-05 12:00:00,-0.0,10822.791858678956,-0.0,10594.220430107527,20.0,28.571428571428573,20.0,200.0
2030-08-05 13:00:00,-0.0,10825.93430234238,-0.0,10594.220430107527,20.0,31.713872234854435,22.199710564398103,200.0
2030-08-05 14:00:00,-0.0,10827.877655660557,-0.0,10594.220430107527,20.0,33.657225553029114,23.56005788712038,200.0
2030-08-05 15:00:00,-0.0,10827.877655660557,-0.0,10594.220430107527,20.0,33.657225553029114,23.56005788712038,200.0
2030-08-05 16:00:00,-0.0,10827.877655660557,-0.0,10594.220430107527,20.0,33.657225553029114,23.56005788712038,200.0
2030-08-05 17:00:00,-0.0,10827.877655660557,-0.0,10594.220430107527,20.0,33.657225553029114,23.56005788712038,200.0
2030-08-05 18:00:00,-0.0,10827.877655660557,-0.0,10594.220430107527,20.0,33.657225553029114,23.56005788712038,200.0
2030-08-05 19:00:00,-0.0,10763.474353910022,-0.0,10594.220430107527,20.0,-0.0,-0.0,169.25392380249468
2030-08-05 20:00:00,-0.0,10822.791858678956,-0.0,10594.220430107527,20.0,28.571428571428573,20.0,200.0
2030-08-05 21:00:00,-0.0,10822.791858678956,-0.0,10594.220430107527,20.0,28.571428571428573,20.0,200.0
2030-08-05 22:00:00,-0.0,10822.791858678956,-0.0,10594.220430107527,20.0,28.571428571428573,20.0,200.0
2030-08-05 23:00:00,-0.0,10822.791858678956,-0.0,10594.220430107527,20.0,28.571428571428573,20.0,200.0
2030-08-06 00:00:00,-0.0,10822.791858678956,-0.0,10594.220430107527,20.0,28.571428571428573,20.0,200.0
2030-08-06 01:00:00,-0.0,10822.791858678956,-0.0,10594.220430107527,20.0,28.571428571428573,20.0,200.0
2030-08-06 02:00:00,10822.791858678956,-0.0,-0.0,10594.220430107527,20.0,28.571428571428573,20.0,200.0
2030-08-06 03:00:00,10822.791858678956,-0.0,-0.0,10594.220430107527,20.0,28.571428571428573,20.0,200.0
2030-08-06 04:00:00,10822.791858678956,-0.0,-0.0,10594.220430107527,20.0,28.571428571428573,20.0,200.0
2030-08-06 05:00:00,10822.791858678956,-0.0,-0.0,10594.220430107527,20.0,28.571428571428573,20.0,200.0
2030-08-06 06:00:00,10822.791858678956,-0.0,-0.0,10594.220430107527,20.0,28.571428571428573,20.0,200.0
2030-08-06 07:00:00,10822.791858678956,-0.0,-0.0,10594.220430107527,20.0,28.571428571428573,20.0,200.0
2030-08-06 08:00:00,10822.791858678956,-0.0,-0.0,10594.220430107527,20.0,28.571428571428573,20.0,200.0
2030-08-06 09:00:00,10822.791858678956,-0.0,-0.0,10594.220430107527,20.0,28.571428571428573,20.0,200.0
2030-08-06 10:00:00,10822.791858678956,-0.0,-0.0,10594.220430107527,20.0,28.571428571428573,20.0,200.0
2030-08-06 11:00:00,10822.791858678956,-0.0,-0.0,10594.220430107527,20.0,28.571428571428573,20.0,200.0
2030-08-06 12:00:00,-0.0,10822.791858678956,-0.0,10594.220430107527,20.0,28.571428571428573,20.0,200.0
2030-08-06 13:00:00,-0.0,10822.791858678956,-0.0,10594.220430107527,20.0,28.571428571428573,20.0,200.0
2030-08-06 14:00:00,-0.0,10822.791858678956,-0.0,10594.220430107527,20.0,28.571428571428573,20.0,200.0
2030-08-06 15:00:00,-0.0,10822.791858678956,-0.0,10594.220430107527,20.0,28.571428571428573,20.0,200.0
2030-08-06 16:00:00,-0.0,10827.877655660557,-0.0,10594.220430107527,20.0,33.657225553029114,23.56005788712038,200.0
2030-08-06 17:00:00,-0.0,10817.706061697356,-0.0,10594.220430107527,20.0,23.48563158982803,16.43994211287962,200.0
2030-08-06 18:00:00,-0.0,10827.877655660557,-0.0,10594.220430107527,20.0,33.657225553029114,23.56005788712038,200.0
2030-08-06 19:00:00,-0.0,10817.706061697356,-0.0,10594.220430107527,20.0,23.48563158982803,16.43994211287962,200.0
2030-08-06 20:00:00,-0.0,10822.791858678956,-0.0,10594.220430107527,20.0,28.571428571428573,20.0,200.0
2030-08-06 21:00:00,-0.0,10822.791858678956,-0.0,10594.220430107527,20.0,28.571428571428573,20.0,200.0
2030-08-06 22:00:00,-0.0,10822.791858678956,-0.0,10594.220430107527,20.0,28.571428571428573,20.0,200.0
2030-08-06 23:00:00,-0.0,10827.877655660557,-0.0,10594.220430107527,20.0,33.657225553029114,23.56005788712038,200.0
2030-08-07 00:00:00,-0.0,10817.706061697356,-0.0,10594.220430107527,20.0,23.48563158982803,16.43994211287962,200.0
2030-08-07 01:00:00,5407.06016380319,5415.731694875765,-0.0,10594.220430107527,20.0,28.571428571428573,20.0,200.0
2030-08-07 02:00:00,10822.791858678956,-0.0,-0.0,10594.220430107527,20.0,28.571428571428573,20.0,200.0
2030-08-07 03:00:00,10822.791858678956,-0.0,-0.0,10594.220430107527,20.0,28.571428571428573,20.0,200.0
2030-08-07 04:00:00,10822.791858678956,-0.0,-0.0,10594.220430107527,20.0,28.571428571428573,20.0,200.0
2030-08-07 05:00:00,10822.791858678956,-0.0,-0.0,10594.220430107527,20.0,28.571428571428573,20.0,200.0
2030-08-07 06:00:00,10822.791858678956,-0.0,-0.0,10594.220430107527,20.0,28.571428571428573,20.0,200.0
2030-08-07 07:00:00,10822.791858678956,-0.0,-0.0,10594.220430107527,20.0,28.571428571428573,20.0,200.0
2030-08-07 08:00:00,10822.791858678956,-0.0,-0.0,10594.220430107527,20.0,28.571428571428573,20.0,200.0
2030-08-07 09:00:00,10822.791858678956,-0.0,-0.0,10594.220430107527,20.0,28.571428571428573,20.0,200.0
2030-08-07 10:00:00,10822.791858678956,-0.0,-0.0,10594.220430107527,20.0,28.571428571428573,20.0,200.0
2030-08-07 11:00:00,10822.791858678956,-0.0,-0.0,10594.220430107527,20.0,28.571428571428573,20.0,200.0
2030-08-07 12:00:00,10825.93430234238,-0.0,-0.0,10594.220430107527,20.0,31.713872234854435,22.199710564398103,200.0
2030-08-07 13:00:00,1776.0112999568837,9051.866355703674,-0.0,10594.220430107527,20.0,33.657225553029114,23.56005788712038,200.0
2030-08-07 14:00:00,-0.0,10827.877655660557,-0.0,10594.220430107527,20.0,33.657225553029114,23.56005788712038,200.0
2030-08-07 15:00:00,-0.0,10827.877655660557,-0.0,10594.220430107527,20.0,33.657225553029114,23.56005788712038,200.0
2030-08-07 16:00:00,-0.0,10827.877655660557,-0.0,10594.220430107527,20.0,33.657225553029114,23.56005788712038,200.0
2030-08-07 17:00:00,-0.0,10827.877655660557,-0.0,10594.220430107527,20.0,33.657225553029114,23.56005788712038,200.0
2030-08-07 18:00:00,-0.0,7929.132739149419,2665.0876909581084,10594.220430107527,20.0,-0.0,-0.0,0.0
2030-08-07 19:00:00,-0.0,10822.791858678956,-0.0,10594.220430107527,20.0,28.571428571428573,20.0,200.0
2030-08-07 20:00:00,-0.0,10822.791858678956,-0.0,10594.220430107527,20.0,28.571428571428573,20.0,200.0
2030-08-07 21:00:00,-0.0,10822.791858678956,-0.0,10594.220430107527,20.0,28.571428571428573,20.0,200.0
2030-08-07 22:00:00,-0.0,10822.791858678956,-0.0,10594.220430107527,20.0,28.571428571428573,20.0,200.0
2030-08-07 23:00:00,-0.0,10827.877655660557,-0.0,10594.220430107527,20.0,33.657225553029114,23.56005788712038,200.0
2030-08-08 00:00:00,-0.0,10817.706061697356,-0.0,10594.220430107527,20.0,23.48563158982803,16.43994211287962,200.0
2030-08-08 01:00:00,4591.841862183633,6230.949996495323,-0.0,10594.220430107527,20.0,28.571428571428573,20.0,200.0
2030-08-08 02:00:00,10822.791858678956,-0.0,-0.0,10594.220430107527,20.0,28.571428571428573,20.0,200.0
2030-08-08 03:00:00,10822.791858678956,-0.0,-0.0,10594.220430107527,20.0,28.571428571428573,20.0,200.0
2030-08-08 04:00:00,10822.791858678956,-0.0,-0.0,10594.220430107527,20.0,28.571428571428573,20.0,200.0
2030-08-08 05:00:00,10822.791858678956,-0.0,-0.0,10594.220430107527,20.0,28.571428571428573,20.0,200.0
2030-08-08 06:00:00,10822.791858678956,-0.0,-0.0,10594.220430107527,20.0,28.571428571428573,20.0,200.0
2030-08-08 07:00:00,10822.791858678956,-0.0,-0.0,10594.220430107527,20.0,28.571428571428573,20.0,200.0
2030-08-08 08:00:00,10822.791858678956,-0.0,-0.0,10594.220430107527,20.0,28.571428571428573,20.0,200.0
2030-08-08 09:00:00,10822.791858678956,-0.0,-0.0,10594.220430107527,20.0,28.571428571428573,20.0,200.0
2030-08-08 10:00:00,10822.791858678956,-0.0,-0.0,10594.220430107527,20.0,28.571428571428573,20.0,200.0
2030-08-08 11:00:00,10822.791858678956,-0.0,-0.0,10594.220430107527,20.0,28.571428571428573,20.0,200.0
2030-08-08 12:00:00,-0.0,10822.791858678956,-0.0,10594.220430107527,20.0,28.571428571428573,20.0,200.0
2030-08-08 13:00:00,1230.1061872652258,9592.68567141373,-0.0,10594.220430107527,20.0,28.571428571428573,20.0,200.0
2030-08-08 14:00:00,-0.0,10822.791858678956,-0.0,10594.220430107527,20.0,28.571428571428573,20.0,200.0
2030-08-08 15:00:00,-0.0,10822.791858678956,-0.0,10594.220430107527,20.0,28.571428571428573,20.0,200.0
2030-08-08 16:00:00,-0.0,10822.791858678956,-0.0,10594.220430107527,20.0,28.571428571428573,20.0,200.0
2030-08-08 17:00:00,-0.0,10822.791858678956,-0.0,10594.220430107527,20.0,28.571428571428573,20.0,200.0
2030-08-08 18:00:00,-0.0,10822.791858678956,-0.0,10594.220430107527,20.0,28.571428571428573,20.0,200.0
2030-08-08 19:00:00,-0.0,10822.791858678956,-0.0,10594.220430107527,20.0,28.571428571428573,20.0,200.0
2030-08-08 20:00:00,-0.0,10822.791858678956,-0.0,10594.220430107527,20.0,28.571428571428573,20.0,200.0
2030-08-08 21:00:00,-0.0,10822.791858678956,-0.0,10594.220430107527,20.0,28.571428571428573,20.0,200.0
2030-08-08 22:00:00,-0.0,10822.791858678956,-0.0,10594.220430107527,20.0,28.571428571428573,20.0,200.0
2030-08-08 23:00:00,-0.0,10822.791858678956,-0.0,10594.220430107527,20.0,28.571428571428573,20.0,200.0
2030-08-09 00:00:00,-0.0,10825.810258513518,-0.0,10594.220430107527,20.0,31.58982840599192,22.112879884194342,200.0
2030-08-09 01:00:00,4600.160416281791,6227.717239378766,-0.0,10594.220430107527,20.0,33.657225553029114,23.56005788712038,200.0
2030-08-09 02:00:00,10827.877655660557,-0.0,-0.0,10594.220430107527,20.0,33.657225553029114,23.56005788712038,200.0
2030-08-09 03:00:00,10827.877655660557,-0.0,-0.0,10594.220430107527,20.0,33.657225553029114,23.56005788712038,200.0
2030-08-09 04:00:00,10827.877655660557,-0.0,-0.0,10594.220430107527,20.0,33.657225553029114,23.56005788712038,200.0
2030-08-09 05:00:00,10827.877655660557,-0.0,-0.0,10594.220430107527,20.0,33.657225553029114,23.56005788712038,200.0
2030-08-09 06:00:00,10827.877655660557,-0.0,-0.0,10594.220430107527,20.0,33.657225553029114,23.56005788712038,200.0
2030-08-09 07:00:00,10827.877655660557,-0.0,-0.0,10594.220430107527,20.0,33.657225553029114,23.56005788712038,200.0
2030-08-09 08:00:00,10827.877655660557,-0.0,-0.0,10594.220430107527,20.0,33.657225553029114,23.56005788712038,200.0
2030-08-09 09:00:00,10827.877655660557,-0.0,-0.0,10594.220430107527,20.0,33.657225553029114,23.56005788712038,200.0
2030-08-09 10:00:00,10827.877655660557,-0.0,-0.0,10594.220430107527,20.0,33.657225553029114,23.56005788712038,200.0
2030-08-09 11:00:00,10827.877655660557,-0.0,-0.0,10594.220430107527,20.0,33.657225553029114,23.56005788712038,200.0
2030-08-09 12:00:00,-0.0,10827.877655660557,-0.0,10594.220430107527,20.0,33.657225553029114,23.56005788712038,200.0
2030-08-09 13:00:00,-0.0,10827.877655660557,-0.0,10594.220430107527,20.0,33.657225553029114,23.56005788712038,200.0
2030-08-09 14:00:00,-0.0,10827.877655660557,-0.0,10594.220430107527,20.0,33.657225553029114,23.56005788712038,200.0
2030-08-09 15:00:00,-0.0,10827.877655660557,-0.0,10594.220430107527,20.0,33.657225553029114,23.56005788712038,200.0
2030-08-09 16:00:00,-0.0,10827.877655660557,-0.0,10594.220430107527,20.0,33.657225553029114,23.56005788712038,200.0
2030-08-09 17:00:00,-0.0,10827.877655660557,-0.0,10594.220430107527,20.0,33.657225553029114,23.56005788712038,200.0
2030-08-09 18:00:00,-0.0,10827.877655660557,-0.0,10594.220430107527,20.0,33.657225553029114,23.56005788712038,200.0
2030-08-09 19:00:00,-0.0,10827.877655660557,-0.0,10594.220430107527,20.0,33.657225553029114,23.56005788712038,200.0
2030-08-09 20:00:00,-0.0,10827.877655660557,-0.0,10594.220430107527,20.0,33.657225553029114,23.56005788712038,200.0
2030-08-09 21:00:00,-0.0,10827.877655660557,-0.0,10594.220430107527,20.0,33.657225553029114,23.56005788712038,200.0
2030-08-09 22:00:00,-0.0,10827.877655660557,-0.0,10594.220430107527,20.0,33.657225553029114,23.56005788712038,200.0
2030-08-09 23:00:00,-0.0,10827.877655660557,-0.0,10594.220430107527,20.0,33.657225553029114,23.56005788712038,200.0
2030-08-10 00:00:00,-0.0,10827.877655660557,-0.0,10594.220430107527,20.0,33.657225553029114,23.56005788712038,200.0
2030-08-10 01:00:00,-0.0,10827.877655660557,-0.0,10594.220430107527,20.0,33.657225553029114,23.56005788712038,200.0
2030-08-10 02:00:00,10827.877655660557,-0.0,-0.0,10594.220430107527,20.0,33.657225553029114,23.56005788712038,200.0
2030-08-10 03:00:00,10827.877655660557,-0.0,-0.0,10594.220430107527,20.0,33.657225553029114,23.56005788712038,200.0
2030-08-10 04:00:00,10827.877655660557,-0.0,-0.0,10594.220430107527,20.0,33.657225553029114,23.56005788712038,200.0
2030-08-10 05:00:00,10827.877655660557,-0.0,-0.0,10594.220430107527,20.0,33.657225553029114,23.56005788712038,200.0
2030-08-10 06:00:00,10827.877655660557,-0.0,-0.0,10594.220430107527,20.0,33.657225553029114,23.56005788712038,200.0
2030-08-10 07:00:00,10827.877655660557,-0.0,-0.0,10594.220430107527,20.0,33.657225553029114,23.56005788712038,200.0
2030-08-10 08:00:00,10827.877655660557,-0.0,-0.0,10594.220430107527,20.0,33.657225553029114,23.56005788712038,200.0
2030-08-10 09:00:00,10827.877655660557,-0.0,-0.0,10594.220430107527,20.0,33.657225553029114,23.56005788712038,200.0
2030-08-10 10:00:00,10827.877655660557,-0.0,-0.0,10594.220430107527,20.0,33.657225553029114,23.56005788712038,200.0
2030-08-10 11:00:00,10827.877655660557,-0.0,-0.0,10594.220430107527,20.0,33.657225553029114,23.56005788712038,200.0
2030-08-10 12:00:00,-0.0,10827.877655660557,-0.0,10594.220430107527,20.0,33.657225553029114,23.56005788712038,200.0
2030-08-10 13:00:00,-0.0,10827.877655660557,-0.0,10594.220430107527,20.0,33.657225553029114,23.56005788712038,200.0
2030-08-10 14:00:00,-0.0,10827.877655660557,-0.0,10594.220430107527,20.0,33.657225553029114,23.56005788712038,200.0
2030-08-10 15:00:00,-0.0,10827.877655660557,-0.0,10594.220430107527,20.0,33.657225553029114,23.56005788712038,200.0
2030-08-10 16:00:00,-0.0,10827.877655660557,-0.0,10594.220430107527,20.0,33.657225553029114,23.56005788712038,200.0
2030-08-10 17:00:00,-0.0,10827.877655660557,-0.0,10594.220430107527,20.0,33.657225553029114,23.56005788712038,200.0
2030-08-10 18:00:00,-0.0,10827.877655660557,-0.0,10594.220430107527,20.0,33.657225553029114,23.56005788712038,200.0
2030-08-10 19:00:00,-0.0,10827.877655660557,-0.0,10594.220430107527,20.0,33.657225553029114,23.56005788712038,200.0
2030-08-10 20:00:00,-0.0,10827.877655660557,-0.0,10594.220430107527,20.0,33.657225553029114,23.56005788712038,200.0
2030-08-10 21:00:00,-0.0,10827.877655660557,-0.0,10594.220430107527,20.0,33.657225553029114,23.56005788712038,200.0
2030-08-10 22:00:00,-0.0,10827.877655660557,-0.0,10594.220430107527,20.0,33.657225553029114,23.56005788712038,200.0
2030-08-10 23:00:00,-0.0,10827.877655660557,-0.0,10594.220430107527,20.0,33.657225553029114,23.56005788712038,200.0
2030-08-11 00:00:00,-0.0,10827.877655660557,-0.0,10594.220430107527,20.0,33.657225553029114,23.56005788712038,200.0
2030-08-11 01:00:00,4451.466261777204,6376.411393883353,-0.0,10594.220430107527,20.0,33.657225553029114,23.56005788712038,200.0
2030-08-11 02:00:00,10827.877655660557,-0.0,-0.0,10594.220430107527,20.0,33.657225553029114,23.56005788712038,200.0
2030-08-11 03:00:00,10827.877655660557,-0.0,-0.0,10594.220430107527,20.0,33.657225553029114,23.56005788712038,200.0
2030-08-11 04:00:00,10827.877655660557,-0.0,-0.0,10594.220430107527,20.0,33.657225553029114,23.56005788712038,200.0
2030-08-11 05:00:00,10827.877655660557,-0.0,-0.0,10594.220430107527,20.0,33.657225553029114,23.56005788712038,200.0
2030-08-11 06:00:00,10827.877655660557,-0.0,-0.0,10594.220430107527,20.0,33.657225553029114,23.56005788712038,200.0
2030-08-11 07:00:00,10827.877655660557,-0.0,-0.0,10594.220430107527,20.0,33.657225553029114,23.56005788712038,200.0
2030-08-11 08:00:00,10827.877655660557,-0.0,-0.0,10594.220430107527,20.0,33.657225553029114,23.56005788712038,200.0
2030-08-11 09:00:00,10827.877655660557,-0.0,-0.0,10594.220430107527,20.0,33.657225553029114,23.56005788712038,200.0
2030-08-11 10:00:00,10827.877655660557,-0.0,-0.0,10594.220430107527,20.0,33.657225553029114,23.56005788712038,200.0
2030-08-11 11:00:00,10827.877655660557,-0.0,-0.0,10594.220430107527,20.0,33.657225553029114,23.56005788712038,200.0
2030-08-11 12:00:00,10827.877655660557,-0.0,-0.0,10594.220430107527,20.0,33.657225553029114,23.56005788712038,200.0
2030-08-11 13:00:00,-0.0,10827.877655660557,-0.0,10594.220430107527,20.0,33.657225553029114,23.56005788712038,200.0
2030-08-11 14:00:00,-0.0,10827.877655660557,-0.0,10594.220430107527,20.0,33.657225553029114,23.56005788712038,200.0
2030-08-11 15:00:00,-0.0,10827.877655660557,-0.0,10594.220430107527,20.0,33.657225553029114,23.56005788712038,200.0
2030-08-11 16:00:00,-0.0,10827.877655660557,-0.0,10594.220430107527,20.0,33.657225553029114,23.56005788712038,200.0
2030-08-11 17:00:00,-0.0,10827.877655660557,-0.0,10594.220430107527,20.0,33.657225553029114,23.56005788712038,200.0
2030-08-11 18:00:00,-0.0,10827.877655660557,-0.0,10594.220430107527,20.0,33.657225553029114,23.56005788712038,200.0
2030-08-11 19:00:00,-0.0,10827.877655660557,-0.0,10594.220430107527,20.0,33.657225553029114,23.56005788712038,200.0
2030-08-11 20:00:00,-0.0,10827.877655660557,-0.0,10594.220430107527,20.0,33.657225553029114,23.56005788712038,200.0
2030-08-11 21:00:00,-0.0,10827.877655660557,-0.0,10594.220430107527,20.0,33.657225553029114,23.56005788712038,200.0
2030-08-11 22:00:00,-0.0,10827.877655660557,-0.0,10594.220430107527,20.0,33.657225553029114,23.56005788712038,200.0
2030-08-11 23:00:00,-0.0,10827.877655660557,-0.0,10594.220430107527,20.0,33.657225553029114,23.56005788712038,200.0
2030-08-12 00:00:00,-0.0,10827.877655660557,-0.0,10594.220430107527,20.0,33.657225553029114,23.56005788712038,200.0
2030-08-12 01:00:00,4493.059032267997,6334.81862339256,-0.0,10594.220430107527,20.0,33.657225553029114,23.56005788712038,200.0
2030-08-12 02:00:00,10827.877655660557,-0.0,-0.0,10594.220430107527,20.0,33.657225553029114,23.56005788712038,200.0
2030-08-12 03:00:00,10827.877655660557,-0.0,-0.0,10594.220430107527,20.0,33.657225553029114,23.56005788712038,200.0
2030-08-12 04:00:00,10827.877655660557,-0.0,-0.0,10594.220430107527,20.0,33.657225553029114,23.56005788712038,200.0
2030-08-12 05:00:00,10827.877655660557,-0.0,-0.0,10594.220430107527,20.0,33.657225553029114,23.56005788712038,200.0
2030-08-12 06:00:00,10827.877655660557,-0.0,-0.0,10594.220430107527,20.0,33.657225553029114,23.56005788712038,200.0
2030-08-12 07:00:00,10827.877655660557,-0.0,-0.0,10594.220430107527,20.0,33.657225553029114,23.56005788712038,200.0
2030-08-12 08:00:00,10827.877655660557,-0.0,-0.0,10594.220430107527,20.0,33.657225553029114,23.56005788712038,200.0
2030-08-12 09:00:00,10827.877655660557,-0.0,-0.0,10594.220430107527,20.0,33.657225553029114,23.56005788712038,200.0
2030-08-12 10:00:00,10827.877655660557,-0.0,-0.0,10594.220430107527,20.0,33.657225553029114,23.56005788712038,200.0
2030-08-12 11:00:00,10827.877655660557,-0.0,-0.0,10594.220430107527,20.0,33.657225553029114,23.56005788712038,200.0
2030-08-12 12:00:00,10827.877655660557,-0.0,-0.0,10594.220430107527,20.0,33.657225553029114,23.56005788712038,200.0
2030-08-12 13:00:00,1623.1578684032165,9204.719787257342,-0.0,10594.220430107527,20.0,33.657225553029114,23.56005788712038,200.0
2030-08-12 14:00:00,-0.0,10827.877655660557,-0.0,10594.220430107527,20.0,33.657225553029114,23.56005788712038,200.0
2030-08-12 15:00:00,-0.0,10827.877655660557,-0.0,10594.220430107527,20.0,33.657225553029114,23.56005788712038,200.0
2030-08-12 16:00:00,-0.0,10827.877655660557,-0.0,10594.220430107527,20.0,33.657225553029114,23.56005788712038,200.0
2030-08-12 17:00:00,-0.0,10827.877655660557,-0.0,10594.220430107527,20.0,33.657225553029114,23.56005788712038,200.0
2030-08-12 18:00:00,-0.0,10827.877655660557,-0.0,10594.220430107527,20.0,33.657225553029114,23.56005788712038,200.0
2030-08-12 19:00:00,-0.0,7929.132739149419,2665.0876909581084,10594.220430107527,20.0,-0.0,-0.0,0.0
2030-08-12 20:00:00,-0.0,-0.0,10594.220430107527,10594.220430107527,20.0,-0.0,-0.0,0.0
2030-08-12 21:00:00,-0.0,-0.0,10594.220430107527,10594.220430107527,20.0,-0.0,-0.0,0.0
2030-08-12 22:00:00,-0.0,-0.0,10594.220430107527,10594.220430107527,20.0,-0.0,-0.0,0.0
2030-08-12 23:00:00,-0.0,-0.0,10594.220430107527,10594.220430107527,20.0,-0.0,-0.0,0.0
2030-08-13 00:00:00,220.441683601207,-0.0,10373.77874650632,10594.220430107527,20.0,-0.0,-0.0,0.0
2030-08-13 01:00:00,4640.713367510316,-0.0,5953.507062597211,10594.220430107527,20.0,-0.0,-0.0,0.0
2030-08-13 02:00:00,10827.877655660557,-0.0,-0.0,10594.220430107527,20.0,33.657225553029114,23.56005788712038,200.0
2030-08-13 03:00:00,10827.877655660557,-0.0,-0.0,10594.220430107527,20.0,33.657225553029114,23.56005788712038,200.0
2030-08-13 04:00:00,10827.877655660557,-0.0,-0.0,10594.220430107527,20.0,33.657225553029114,23.56005788712038,200.0
2030-08-13 05:00:00,10827.877655660557,-0.0,-0.0,10594.220430107527,20.0,33.657225553029114,23.56005788712038,200.0
2030-08-13 06:00:00,10827.877655660557,-0.0,-0.0,10594.220430107527,20.0,33.657225553029114,23.56005788712038,200.0
2030-08-13 07:00:00,10827.877655660557,-0.0,-0.0,10594.220430107527,20.0,33.657225553029114,23.56005788712038,200.0
2030-08-13 08:00:00,10827.877655660557,-0.0,-0.0,10594.220430107527,20.0,33.657225553029114,23.56005788712038,200.0
2030-08-13 09:00:00,10827.877655660557,-0.0,-0.0,10594.220430107527,20.0,33.657225553029114,23.56005788712038,200.0
2030-08-13 10:00:00,10827.877655660557,-0.0,-0.0,10594.220430107527,20.0,33.657225553029114,23.56005788712038,200.0
2030-08-13 11:00:00,10827.877655660557,-0.0,-0.0,10594.220430107527,20.0,33.657225553029114,23.56005788712038,200.0
2030-08-13 12:00:00,-0.0,10827.877655660557,-0.0,10594.220430107527,20.0,33.657225553029114,23.56005788712038,200.0
2030-08-13 13:00:00,-0.0,10827.877655660557,-0.0,10594.220430107527,20.0,33.657225553029114,23.56005788712038,200.0
2030-08-13 14:00:00,-0.0,10827.877655660557,-0.0,10594.220430107527,20.0,33.657225553029114,23.56005788712038,200.0
2030-08-13 15:00:00,-0.0,10827.877655660557,-0.0,10594.220430107527,20.0,33.657225553029114,23.56005788712038,200.0
2030-08-13 16:00:00,-0.0,10827.877655660557,-0.0,10594.220430107527,20.0,33.657225553029114,23.56005788712038,200.0
2030-08-13 17:00:00,-0.0,10827.877655660557,-0.0,10594.220430107527,20.0,33.657225553029114,23.56005788712038,200.0
2030-08-13 18:00:00,-0.0,9346.303546529733,1247.9168835777946,10594.220430107527,20.0,-0.0,-0.0,0.0
2030-08-13 19:00:00,-0.0,7929.132739149419,2665.0876909581084,10594.220430107527,20.0,-0.0,-0.0,0.0
2030-08-13 20:00:00,-0.0,6511.96193176913,4082.2584983383967,10594.220430107527,20.0,-0.0,-0.0,0.0
2030-08-13 21:00:00,-0.0,1045.7316747308414,9548.488755376686,10594.220430107527,20.0,-0.0,-0.0,0.0
2030-08-13 22:00:00,-0.0,-0.0,10594.220430107527,10594.220430107527,20.0,-0.0,-0.0,0.0
2030-08-13 23:00:00,-0.0,-0.0,10594.220430107527,10594.220430107527,20.0,-0.0,-0.0,0.0
2030-08-14 00:00:00,126.85794999692101,-0.0,10467.362480110605,10594.220430107527,20.0,-0.0,-0.0,0.0
2030-08-14 01:00:00,3523.9474798325027,-0.0,7070.272950275024,10594.220430107527,20.0,-0.0,-0.0,0.0
2030-08-14 02:00:00,6256.592501077654,-0.0,4337.6279290298735,10594.220430107527,20.0,-0.0,-0.0,0.0
2030-08-14 03:00:00,10827.877655660557,-0.0,-0.0,10594.220430107527,20.0,33.657225553029114,23.56005788712038,200.0
2030-08-14 04:00:00,10827.877655660557,-0.0,-0.0,10594.220430107527,20.0,33.657225553029114,23.56005788712038,200.0
2030-08-14 05:00:00,10827.877655660557,-0.0,-0.0,10594.220430107527,20.0,33.657225553029114,23.56005788712038,200.0
2030-08-14 06:00:00,10827.877655660557,-0.0,-0.0,10594.220430107527,20.0,33.657225553029114,23.56005788712038,200.0
2030-08-14 07:00:00,10827.877655660557,-0.0,-0.0,10594.220430107527,20.0,33.657225553029114,23.56005788712038,200.0
2030-08-14 08:00:00,10827.877655660557,-0.0,-0.0,10594.220430107527,20.0,33.657225553029114,23.56005788712038,200.0
2030-08-14 09:00:00,10827.877655660557,-0.0,-0.0,10594.220430107527,20.0,33.657225553029114,23.56005788712038,200.0
2030-08-14 10:00:00,10827.877655660557,-0.0,-0.0,10594.220430107527,20.0,33.657225553029114,23.56005788712038,200.0
2030-08-14 11:00:00,10827.877655660557,-0.0,-0.0,10594.220430107527,20.0,33.657225553029114,23.56005788712038,200.0
2030-08-14 12:00:00,10827.877655660557,-0.0,-0.0,10594.220430107527,20.0,33.657225553029114,23.56005788712038,200.0
2030-08-14 13:00:00,-0.0,10827.877655660557,-0.0,10594.220430107527,20.0,33.657225553029114,23.56005788712038,200.0
2030-08-14 14:00:00,-0.0,10827.877655660557,-0.0,10594.220430107527,20.0,33.657225553029114,23.56005788712038,200.0
2030-08-14 15:00:00,-0.0,10827.877655660557,-0.0,10594.220430107527,20.0,33.657225553029114,23.56005788712038,200.0
2030-08-14 16:00:00,-0.0,3677.6203170085287,6916.600113098999,10594.220430107527,20.0,-0.0,-0.0,0.0
2030-08-14 17:00:00,-0.0,10827.877655660557,-0.0,10594.220430107527,20.0,33.657225553029114,23.56005788712038,200.0
2030-08-14 18:00:00,-0.0,10827.877655660557,-0.0,10594.220430107527,20.0,33.657225553029114,23.56005788712038,200.0
2030-08-14 19:00:00,-0.0,10827.877655660557,-0.0,10594.220430107527,20.0,33.657225553029114,23.56005788712038,200.0
2030-08-14 20:00:00,-0.0,10827.877655660557,-0.0,10594.220430107527,20.0,33.657225553029114,23.56005788712038,200.0
2030-08-14 21:00:00,-0.0,1045.7316747308414,9548.488755376686,10594.220430107527,20.0,-0.0,-0.0,0.0
2030-08-14 22:00:00,-0.0,-0.0,10594.220430107527,10594.220430107527,20.0,-0.0,-0.0,0.0
2030-08-14 23:00:00,-0.0,-0.0,10594.220430107527,10594.220430107527,20.0,-0.0,-0.0,0.0
2030-08-15 00:00:00,155.97288934047666,-0.0,10438.24754076705,10594.220430107527,20.0,-0.0,-0.0,0.0
2030-08-15 01:00:00,4467.063550711251,-0.0,6127.156879396276,10594.220430107527,20.0,-0.0,-0.0,0.0
2030-08-15 02:00:00,10822.791858678956,-0.0,-0.0,10594.220430107527,20.0,28.571428571428573,20.0,200.0
2030-08-15 03:00:00,10822.791858678956,-0.0,-0.0,10594.220430107527,20.0,28.571428571428573,20.0,200.0
2030-08-15 04:00:00,10822.791858678956,-0.0,-0.0,10594.220430107527,20.0,28.571428571428573,20.0,200.0
2030-08-15 05:00:00,10822.791858678956,-0.0,-0.0,10594.220430107527,20.0,28.571428571428573,20.0,200.0
2030-08-15 06:00:00,10827.133392687632,-0.0,-0.0,10594.220430107527,20.0,32.912962580105614,23.03907380607393,200.0
2030-08-15 07:00:00,10827.877655660557,-0.0,-0.0,10594.220430107527,20.0,33.657225553029114,23.56005788712038,200.0
2030-08-15 08:00:00,10827.877655660557,-0.0,-0.0,10594.220430107527,20.0,33.657225553029114,23.56005788712038,200.0
2030-08-15 09:00:00,10827.877655660557,-0.0,-0.0,10594.220430107527,20.0,33.657225553029114,23.56005788712038,200.0
2030-08-15 10:00:00,10827.877655660557,-0.0,-0.0,10594.220430107527,20.0,33.657225553029114,23.56005788712038,200.0
2030-08-15 11:00:00,10827.877655660557,-0.0,-0.0,10594.220430107527,20.0,33.657225553029114,23.56005788712038,200.0
2030-08-15 12:00:00,10827.877655660557,-0.0,-0.0,10594.220430107527,20.0,33.657225553029114,23.56005788712038,200.0
2030-08-15 13:00:00,-0.0,10827.877655660557,-0.0,10594.220430107527,20.0,33.657225553029114,23.56005788712038,200.0
2030-08-15 14:00:00,-0.0,10827.877655660557,-0.0,10594.220430107527,20.0,33.657225553029114,23.56005788712038,200.0
2030-08-15 15:00:00,-0.0,10827.877655660557,-0.0,10594.220430107527,20.0,33.657225553029114,23.56005788712038,200.0
2030-08-15 16:00:00,-0.0,10827.877655660557,-0.0,10594.220430107527,20.0,33.657225553029114,23.56005788712038,200.0
2030-08-15 17:00:00,-0.0,10827.877655660557,-0.0,10594.220430107527,20.0,33.657225553029114,23.56005788712038,200.0
2030-08-15 18:00:00,-0.0,10827.877655660557,-0.0,10594.220430107527,20.0,33.657225553029114,23.56005788712038,200.0
2030-08-15 19:00:00,-0.0,10827.877655660557,-0.0,10594.220430107527,20.0,33.657225553029114,23.56005788712038,200.0
2030-08-15 20:00:00,-0.0,10827.877655660557,-0.0,10594.220430107527,20.0,33.657225553029114,23.56005788712038,200.0
2030-08-15 21:00:00,-0.0,10827.877655660557,-0.0,10594.220430107527,20.0,33.657225553029114,23.56005788712038,200.0
2030-08-15 22:00:00,-0.0,10827.877655660557,-0.0,10594.220430107527,20.0,33.657225553029114,23.56005788712038,200.0
2030-08-15 23:00:00,-0.0,9346.303546529733,1247.9168835777946,10594.220430107527,20.0,-0.0,-0.0,0.0
2030-08-16 00:00:00,129.97740778373054,1045.7316747308414,9418.511347592956,10594.220430107527,20.0,-0.0,-0.0,0.0
2030-08-16 01:00:00,4382.838190467394,-0.0,6211.382239640133,10594.220430107527,20.0,-0.0,-0.0,0.0
2030-08-16 02:00:00,10822.791858678956,-0.0,-0.0,10594.220430107527,20.0,28.571428571428573,20.0,200.0
2030-08-16 03:00:00,10822.791858678956,-0.0,-0.0,10594.220430107527,20.0,28.571428571428573,20.0,200.0
2030-08-16 04:00:00,10822.791858678956,-0.0,-0.0,10594.220430107527,20.0,28.571428571428573,20.0,200.0
2030-08-16 05:00:00,10822.791858678956,-0.0,-0.0,10594.220430107527,20.0,28.571428571428573,20.0,200.0
2030-08-16 06:00:00,10822.791858678956,-0.0,-0.0,10594.220430107527,20.0,28.571428571428573,20.0,200.0
2030-08-16 07:00:00,10822.791858678956,-0.0,-0.0,10594.220430107527,20.0,28.571428571428573,20.0,200.0
2030-08-16 08:00:00,10822.791858678956,-0.0,-0.0,10594.220430107527,20.0,28.571428571428573,20.0,200.0
2030-08-16 09:00:00,10822.791858678956,-0.0,-0.0,10594.220430107527,20.0,28.571428571428573,20.0,200.0
2030-08-16 10:00:00,10822.791858678956,-0.0,-0.0,10594.220430107527,20.0,28.571428571428573,20.0,200.0
2030-08-16 11:00:00,10822.791858678956,-0.0,-0.0,10594.220430107527,20.0,28.571428571428573,20.0,200.0
2030-08-16 12:00:00,10822.791858678956,-0.0,-0.0,10594.220430107527,20.0,28.571428571428573,20.0,200.0
2030-08-16 13:00:00,-0.0,10822.791858678956,-0.0,10594.220430107527,20.0,28.571428571428573,20.0,200.0
2030-08-16 14:00:00,-0.0,10822.791858678956,-0.0,10594.220430107527,20.0,28.571428571428573,20.0,200.0
2030-08-16 15:00:00,-0.0,10822.791858678956,-0.0,10594.220430107527,20.0,28.571428571428573,20.0,200.0
2030-08-16 16:00:00,-0.0,10822.791858678956,-0.0,10594.220430107527,20.0,28.571428571428573,20.0,200.0
2030-08-16 17:00:00,-0.0,10822.791858678956,-0.0,10594.220430107527,20.0,28.571428571428573,20.0,200.0
2030-08-16 18:00:00,-0.0,10822.791858678956,-0.0,10594.220430107527,20.0,28.571428571428573,20.0,200.0
2030-08-16 19:00:00,-0.0,10822.791858678956,-0.0,10594.220430107527,20.0,28.571428571428573,20.0,200.0
2030-08-16 20:00:00,-0.0,10822.791858678956,-0.0,10594.220430107527,20.0,28.571428571428573,20.0,200.0
2030-08-16 21:00:00,-0.0,10822.791858678956,-0.0,10594.220430107527,20.0,28.571428571428573,20.0,200.0
2030-08-16 22:00:00,-0.0,10822.791858678956,-0.0,10594.220430107527,20.0,28.571428571428573,20.0,200.0
2030-08-16 23:00:00,-0.0,10827.877655660557,-0.0,10594.220430107527,20.0,33.657225553029114,23.56005788712038,200.0
2030-08-17 00:00:00,-0.0,10817.706061697356,-0.0,10594.220430107527,20.0,23.48563158982803,16.43994211287962,200.0
2030-08-17 01:00:00,4171.754880226605,6651.036978452351,-0.0,10594.220430107527,20.0,28.571428571428573,20.0,200.0
2030-08-17 02:00:00,10822.791858678956,-0.0,-0.0,10594.220430107527,20.0,28.571428571428573,20.0,200.0
2030-08-17 03:00:00,10822.791858678956,-0.0,-0.0,10594.220430107527,20.0,28.571428571428573,20.0,200.0
2030-08-17 04:00:00,10822.791858678956,-0.0,-0.0,10594.220430107527,20.0,28.571428571428573,20.0,200.0
2030-08-17 05:00:00,10822.791858678956,-0.0,-0.0,10594.220430107527,20.0,28.571428571428573,20.0,200.0
2030-08-17 06:00:00,10822.791858678956,-0.0,-0.0,10594.220430107527,20.0,28.571428571428573,20.0,200.0
2030-08-17 07:00:00,10823.288033994155,-0.0,-0.0,10594.220430107527,20.0,29.067603886627793,20.347322720639454,200.0
2030-08-17 08:00:00,10827.877655660557,-0.0,-0.0,10594.220430107527,20.0,33.657225553029114,23.56005788712038,200.0
2030-08-17 09:00:00,10827.877655660557,-0.0,-0.0,10594.220430107527,20.0,33.657225553029114,23.56005788712038,200.0
2030-08-17 10:00:00,10827.877655660557,-0.0,-0.0,10594.220430107527,20.0,33.657225553029114,23.56005788712038,200.0
2030-08-17 11:00:00,10827.877655660557,-0.0,-0.0,10594.220430107527,20.0,33.657225553029114,23.56005788712038,200.0
2030-08-17 12:00:00,-0.0,10827.877655660557,-0.0,10594.220430107527,20.0,33.657225553029114,23.56005788712038,200.0
2030-08-17 13:00:00,-0.0,10827.877655660557,-0.0,10594.220430107527,20.0,33.657225553029114,23.56005788712038,200.0
2030-08-17 14:00:00,-0.0,10827.877655660557,-0.0,10594.220430107527,20.0,33.657225553029114,23.56005788712038,200.0
2030-08-17 15:00:00,-0.0,10827.877655660557,-0.0,10594.220430107527,20.0,33.657225553029114,23.56005788712038,200.0
2030-08-17 16:00:00,-0.0,10827.877655660557,-0.0,10594.220430107527,20.0,33.657225553029114,23.56005788712038,200.0
2030-08-17 17:00:00,-0.0,10827.877655660557,-0.0,10594.220430107527,20.0,33.657225553029114,23.56005788712038,200.0
2030-08-17 18:00:00,-0.0,10827.877655660557,-0.0,10594.220430107527,20.0,33.657225553029114,23.56005788712038,200.0
2030-08-17 19:00:00,-0.0,10827.877655660557,-0.0,10594.220430107527,20.0,33.657225553029114,23.56005788712038,200.0
2030-08-17 20:00:00,-0.0,10827.877655660557,-0.0,10594.220430107527,20.0,33.657225553029114,23.56005788712038,200.0
2030-08-17 21:00:00,-0.0,10827.877655660557,-0.0,10594.220430107527,20.0,33.657225553029114,23.56005788712038,200.0
2030-08-17 22:00:00,-0.0,10827.877655660557,-0.0,10594.220430107527,20.0,33.657225553029114,23.56005788712038,200.0
2030-08-17 23:00:00,-0.0,10827.877655660557,-0.0,10594.220430107527,20.0,33.657225553029114,23.56005788712038,200.0
2030-08-18 00:00:00,-0.0,10827.877655660557,-0.0,10594.220430107527,20.0,33.657225553029114,23.56005788712038,200.0
2030-08-18 01:00:00,-0.0,10827.877655660557,-0.0,10594.220430107527,20.0,33.657225553029114,23.56005788712038,200.0
2030-08-18 02:00:00,10827.877655660557,-0.0,-0.0,10594.220430107527,20.0,33.657225553029114,23.56005788712038,200.0
2030-08-18 03:00:00,10827.877655660557,-0.0,-0.0,10594.220430107527,20.0,33.657225553029114,23.56005788712038,200.0
2030-08-18 04:00:00,10827.877655660557,-0.0,-0.0,10594.220430107527,20.0,33.657225553029114,23.56005788712038,200.0
2030-08-18 05:00:00,10827.877655660557,-0.0,-0.0,10594.220430107527,20.0,33.657225553029114,23.56005788712038,200.0
2030-08-18 06:00:00,10827.877655660557,-0.0,-0.0,10594.220430107527,20.0,33.657225553029114,23.56005788712038,200.0
2030-08-18 07:00:00,10827.877655660557,-0.0,-0.0,10594.220430107527,20.0,33.657225553029114,23.56005788712038,200.0
2030-08-18 08:00:00,10827.877655660557,-0.0,-0.0,10594.220430107527,20.0,33.657225553029114,23.56005788712038,200.0
2030-08-18 09:00:00,10827.877655660557,-0.0,-0.0,10594.220430107527,20.0,33.657225553029114,23.56005788712038,200.0
2030-08-18 10:00:00,10827.877655660557,-0.0,-0.0,10594.220430107527,20.0,33.657225553029114,23.56005788712038,200.0
2030-08-18 11:00:00,10827.877655660557,-0.0,-0.0,10594.220430107527,20.0,33.657225553029114,23.56005788712038,200.0
2030-08-18 12:00:00,10521.931114908555,305.94654075200197,-0.0,10594.220430107527,20.0,33.657225553029114,23.56005788712038,200.0
2030-08-18 13:00:00,-0.0,10827.877655660557,-0.0,10594.220430107527,20.0,33.657225553029114,23.56005788712038,200.0
2030-08-18 14:00:00,-0.0,10827.877655660557,-0.0,10594.220430107527,20.0,33.657225553029114,23.56005788712038,200.0
2030-08-18 15:00:00,-0.0,10827.877655660557,-0.0,10594.220430107527,20.0,33.657225553029114,23.56005788712038,200.0
2030-08-18 16:00:00,-0.0,10827.877655660557,-0.0,10594.220430107527,20.0,33.657225553029114,23.56005788712038,200.0
2030-08-18 17:00:00,-0.0,10827.877655660557,-0.0,10594.220430107527,20.0,33.657225553029114,23.56005788712038,200.0
2030-08-18 18:00:00,-0.0,10827.877655660557,-0.0,10594.220430107527,20.0,33.657225553029114,23.56005788712038,200.0
2030-08-18 19:00:00,-0.0,10827.877655660557,-0.0,10594.220430107527,20.0,33.657225553029114,23.56005788712038,200.0
2030-08-18 20:00:00,-0.0,10827.877655660557,-0.0,10594.220430107527,20.0,33.657225553029114,23.56005788712038,200.0
2030-08-18 21:00:00,-0.0,10827.877655660557,-0.0,10594.220430107527,20.0,33.657225553029114,23.56005788712038,200.0
2030-08-18 22:00:00,-0.0,10827.877655660557,-0.0,10594.220430107527,20.0,33.657225553029114,23.56005788712038,200.0
2030-08-18 23:00:00,-0.0,10827.877655660557,-0.0,10594.220430107527,20.0,33.657225553029114,23.56005788712038,200.0
2030-08-19 00:00:00,-0.0,10827.877655660557,-0.0,10594.220430107527,20.0,33.657225553029114,23.56005788712038,200.0
2030-08-19 01:00:00,3999.1448826898213,6828.732772970736,-0.0,10594.220430107527,20.0,33.657225553029114,23.56005788712038,200.0
2030-08-19 02:00:00,-0.0,10827.877655660557,-0.0,10594.220430107527,20.0,33.657225553029114,23.56005788712038,200.0
2030-08-19 03:00:00,10827.877655660557,-0.0,-0.0,10594.220430107527,20.0,33.657225553029114,23.56005788712038,200.0
2030-08-19 04:00:00,10827.877655660557,-0.0,-0.0,10594.220430107527,20.0,33.657225553029114,23.56005788712038,200.0
2030-08-19 05:00:00,10827.877655660557,-0.0,-0.0,10594.220430107527,20.0,33.657225553029114,23.56005788712038,200.0
2030-08-19 06:00:00,10827.877655660557,-0.0,-0.0,10594.220430107527,20.0,33.657225553029114,23.56005788712038,200.0
2030-08-19 07:00:00,10827.877655660557,-0.0,-0.0,10594.220430107527,20.0,33.657225553029114,23.56005788712038,200.0
2030-08-19 08:00:00,10827.877655660557,-0.0,-0.0,10594.220430107527,20.0,33.657225553029114,23.56005788712038,200.0
2030-08-19 09:00:00,10827.877655660557,-0.0,-0.0,10594.220430107527,20.0,33.657225553029114,23.56005788712038,200.0
2030-08-19 10:00:00,10827.877655660557,-0.0,-0.0,10594.220430107527,20.0,33.657225553029114,23.56005788712038,200.0
2030-08-19 11:00:00,10827.877655660557,-0.0,-0.0,10594.220430107527,20.0,33.657225553029114,23.56005788712038,200.0
2030-08-19 12:00:00,-0.0,10827.877655660557,-0.0,10594.220430107527,20.0,33.657225553029114,23.56005788712038,200.0
2030-08-19 13:00:00,-0.0,10827.877655660557,-0.0,10594.220430107527,20.0,33.657225553029114,23.56005788712038,200.0
2030-08-19 14:00:00,-0.0,10827.877655660557,-0.0,10594.220430107527,20.0,33.657225553029114,23.56005788712038,200.0
2030-08-19 15:00:00,-0.0,10827.877655660557,-0.0,10594.220430107527,20.0,33.657225553029114,23.56005788712038,200.0
2030-08-19 16:00:00,-0.0,10827.877655660557,-0.0,10594.220430107527,20.0,33.657225553029114,23.56005788712038,200.0
2030-08-19 17:00:00,-0.0,10827.877655660557,-0.0,10594.220430107527,20.0,33.657225553029114,23.56005788712038,200.0
2030-08-19 18:00:00,-0.0,10827.877655660557,-0.0,10594.220430107527,20.0,33.657225553029114,23.56005788712038,200.0
2030-08-19 19:00:00,-0.0,10827.877655660557,-0.0,10594.220430107527,20.0,33.657225553029114,23.56005788712038,200.0
2030-08-19 20:00:00,-0.0,10827.877655660557,-0.0,10594.220430107527,20.0,33.657225553029114,23.56005788712038,200.0
2030-08-19 21:00:00,-0.0,10827.877655660557,-0.0,10594.220430107527,20.0,33.657225553029114,23.56005788712038,200.0
2030-08-19 22:00:00,-0.0,10827.877655660557,-0.0,10594.220430107527,20.0,33.657225553029114,23.56005788712038,200.0
2030-08-19 23:00:00,-0.0,10827.877655660557,-0.0,10594.220430107527,20.0,33.657225553029114,23.56005788712038,200.0
2030-08-20 00:00:00,-0.0,10827.877655660557,-0.0,10594.220430107527,20.0,33.657225553029114,23.56005788712038,200.0
2030-08-20 01:00:00,-0.0,10827.877655660557,-0.0,10594.220430107527,20.0,33.657225553029114,23.56005788712038,200.0
2030-08-20 02:00:00,10827.877655660557,-0.0,-0.0,10594.220430107527,20.0,33.657225553029114,23.56005788712038,200.0
2030-08-20 03:00:00,10827.877655660557,-0.0,-0.0,10594.220430107527,20.0,33.657225553029114,23.56005788712038,200.0
2030-08-20 04:00:00,10827.877655660557,-0.0,-0.0,10594.220430107527,20.0,33.657225553029114,23.56005788712038,200.0
2030-08-20 05:00:00,10827.877655660557,-0.0,-0.0,10594.220430107527,20.0,33.657225553029114,23.56005788712038,200.0
2030-08-20 06:00:00,10827.877655660557,-0.0,-0.0,10594.220430107527,20.0,33.657225553029114,23.56005788712038,200.0
2030-08-20 07:00:00,10827.877655660557,-0.0,-0.0,10594.220430107527,20.0,33.657225553029114,23.56005788712038,200.0
2030-08-20 08:00:00,10827.877655660557,-0.0,-0.0,10594.220430107527,20.0,33.657225553029114,23.56005788712038,200.0
2030-08-20 09:00:00,10827.877655660557,-0.0,-0.0,10594.220430107527,20.0,33.657225553029114,23.56005788712038,200.0
2030-08-20 10:00:00,10827.877655660557,-0.0,-0.0,10594.220430107527,20.0,33.657225553029114,23.56005788712038,200.0
2030-08-20 11:00:00,10827.877655660557,-0.0,-0.0,10594.220430107527,20.0,33.657225553029114,23.56005788712038,200.0
2030-08-20 12:00:00,10827.877655660557,-0.0,-0.0,10594.220430107527,20.0,33.657225553029114,23.56005788712038,200.0
2030-08-20 13:00:00,-0.0,10827.877655660557,-0.0,10594.220430107527,20.0,33.657225553029114,23.56005788712038,200.0
2030-08-20 14:00:00,-0.0,10827.877655660557,-0.0,10594.220430107527,20.0,33.657225553029114,23.56005788712038,200.0
2030-08-20 15:00:00,-0.0,10827.877655660557,-0.0,10594.220430107527,20.0,33.657225553029114,23.56005788712038,200.0
2030-08-20 16:00:00,-0.0,10827.877655660557,-0.0,10594.220430107527,20.0,33.657225553029114,23.56005788712038,200.0
2030-08-20 17:00:00,-0.0,10827.877655660557,-0.0,10594.220430107527,20.0,33.657225553029114,23.56005788712038,200.0
2030-08-20 18:00:00,-0.0,10827.877655660557,-0.0,10594.220430107527,20.0,33.657225553029114,23.56005788712038,200.0
2030-08-20 19:00:00,-0.0,10827.877655660557,-0.0,10594.220430107527,20.0,33.657225553029114,23.56005788712038,200.0
2030-08-20 20:00:00,-0.0,10827.877655660557,-0.0,10594.220430107527,20.0,33.657225553029114,23.56005788712038,200.0
2030-08-20 21:00:00,-0.0,9346.303546529733,1247.9168835777946,10594.220430107527,20.0,-0.0,-0.0,0.0
2030-08-20 22:00:00,-0.0,6511.96193176913,4082.2584983383967,10594.220430107527,20.0,-0.0,-0.0,0.0
2030-08-20 23:00:00,-0.0,5094.791124388843,5499.429305718684,10594.220430107527,20.0,-0.0,-0.0,0.0
2030-08-21 00:00:00,30.154758605825485,5094.791124388843,5469.274547112858,10594.220430107527,20.0,-0.0,-0.0,0.0
2030-08-21 01:00:00,4131.201928998081,6696.675726662476,-0.0,10594.220430107527,20.0,33.657225553029114,23.56005788712038,200.0
2030-08-21 02:00:00,10827.877655660557,-0.0,-0.0,10594.220430107527,20.0,33.657225553029114,23.56005788712038,200.0
2030-08-21 03:00:00,10827.877655660557,-0.0,-0.0,10594.220430107527,20.0,33.657225553029114,23.56005788712038,200.0
2030-08-21 04:00:00,10827.877655660557,-0.0,-0.0,10594.220430107527,20.0,33.657225553029114,23.56005788712038,200.0
2030-08-21 05:00:00,10827.877655660557,-0.0,-0.0,10594.220430107527,20.0,33.657225553029114,23.56005788712038,200.0
2030-08-21 06:00:00,10827.877655660557,-0.0,-0.0,10594.220430107527,20.0,33.657225553029114,23.56005788712038,200.0
2030-08-21 07:00:00,10827.877655660557,-0.0,-0.0,10594.220430107527,20.0,33.657225553029114,23.56005788712038,200.0
2030-08-21 08:00:00,10827.877655660557,-0.0,-0.0,10594.220430107527,20.0,33.657225553029114,23.56005788712038,200.0
2030-08-21 09:00:00,10827.877655660557,-0.0,-0.0,10594.220430107527,20.0,33.657225553029114,23.56005788712038,200.0
2030-08-21 10:00:00,10827.877655660557,-0.0,-0.0,10594.220430107527,20.0,33.657225553029114,23.56005788712038,200.0
2030-08-21 11:00:00,10827.877655660557,-0.0,-0.0,10594.220430107527,20.0,33.657225553029114,23.56005788712038,200.0
2030-08-21 12:00:00,10827.877655660557,-0.0,-0.0,10594.220430107527,20.0,33.657225553029114,23.56005788712038,200.0
2030-08-21 13:00:00,1324.7297401317817,5094.791124388843,4174.699565586902,10594.220430107527,20.0,-0.0,-0.0,0.0
2030-08-21 14:00:00,-0.0,10827.877655660557,-0.0,10594.220430107527,20.0,33.657225553029114,23.56005788712038,200.0
2030-08-21 15:00:00,-0.0,10827.877655660557,-0.0,10594.220430107527,20.0,33.657225553029114,23.56005788712038,200.0
2030-08-21 16:00:00,-0.0,10827.877655660557,-0.0,10594.220430107527,20.0,33.657225553029114,23.56005788712038,200.0
2030-08-21 17:00:00,-0.0,10827.877655660557,-0.0,10594.220430107527,20.0,33.657225553029114,23.56005788712038,200.0
2030-08-21 18:00:00,-0.0,10827.877655660557,-0.0,10594.220430107527,20.0,33.657225553029114,23.56005788712038,200.0
2030-08-21 19:00:00,-0.0,10827.877655660557,-0.0,10594.220430107527,20.0,33.657225553029114,23.56005788712038,200.0
2030-08-21 20:00:00,-0.0,10827.877655660557,-0.0,10594.220430107527,20.0,33.657225553029114,23.56005788712038,200.0
2030-08-21 21:00:00,-0.0,10827.877655660557,-0.0,10594.220430107527,20.0,33.657225553029114,23.56005788712038,200.0
2030-08-21 22:00:00,-0.0,10827.877655660557,-0.0,10594.220430107527,20.0,33.657225553029114,23.56005788712038,200.0
2030-08-21 23:00:00,-0.0,3677.6203170085287,6916.600113098999,10594.220430107527,20.0,-0.0,-0.0,0.0
2030-08-22 00:00:00,-0.0,-0.0,10594.220430107527,10594.220430107527,20.0,-0.0,-0.0,0.0
2030-08-22 01:00:00,3979.3883167066942,-0.0,6614.832113400833,10594.220430107527,20.0,-0.0,-0.0,0.0
2030-08-22 02:00:00,10827.877655660557,-0.0,-0.0,10594.220430107527,20.0,33.657225553029114,23.56005788712038,200.0
2030-08-22 03:00:00,10827.877655660557,-0.0,-0.0,10594.220430107527,20.0,33.657225553029114,23.56005788712038,200.0
2030-08-22 04:00:00,10827.877655660557,-0.0,-0.0,10594.220430107527,20.0,33.657225553029114,23.56005788712038,200.0
2030-08-22 05:00:00,10827.877655660557,-0.0,-0.0,10594.220430107527,20.0,33.657225553029114,23.56005788712038,200.0
2030-08-22 06:00:00,10827.877655660557,-0.0,-0.0,10594.220430107527,20.0,33.657225553029114,23.56005788712038,200.0
2030-08-22 07:00:00,10827.877655660557,-0.0,-0.0,10594.220430107527,20.0,33.657225553029114,23.56005788712038,200.0
2030-08-22 08:00:00,10827.877655660557,-0.0,-0.0,10594.220430107527,20.0,33.657225553029114,23.56005788712038,200.0
2030-08-22 09:00:00,10827.877655660557,-0.0,-0.0,10594.220430107527,20.0,33.657225553029114,23.56005788712038,200.0
2030-08-22 10:00:00,10827.877655660557,-0.0,-0.0,10594.220430107527,20.0,33.657225553029114,23.56005788712038,200.0
2030-08-22 11:00:00,10827.877655660557,-0.0,-0.0,10594.220430107527,20.0,33.657225553029114,23.56005788712038,200.0
2030-08-22 12:00:00,10827.877655660557,-0.0,-0.0,10594.220430107527,20.0,33.657225553029114,23.56005788712038,200.0
2030-08-22 13:00:00,1169.7966700535749,9346.303546529733,78.12021352421971,10594.220430107527,20.0,-0.0,-0.0,0.0
2030-08-22 14:00:00,-0.0,10827.877655660557,-0.0,10594.220430107527,20.0,33.657225553029114,23.56005788712038,200.0
2030-08-22 15:00:00,-0.0,10827.877655660557,-0.0,10594.220430107527,20.0,33.657225553029114,23.56005788712038,200.0
2030-08-22 16:00:00,-0.0,10827.877655660557,-0.0,10594.220430107527,20.0,33.657225553029114,23.56005788712038,200.0
2030-08-22 17:00:00,-0.0,10827.877655660557,-0.0,10594.220430107527,20.0,33.657225553029114,23.56005788712038,200.0
2030-08-22 18:00:00,-0.0,10827.877655660557,-0.0,10594.220430107527,20.0,33.657225553029114,23.56005788712038,200.0
2030-08-22 19:00:00,-0.0,10827.877655660557,-0.0,10594.220430107527,20.0,33.657225553029114,23.56005788712038,200.0
2030-08-22 20:00:00,-0.0,10827.877655660557,-0.0,10594.220430107527,20.0,33.657225553029114,23.56005788712038,200.0
2030-08-22 21:00:00,-0.0,10827.877655660557,-0.0,10594.220430107527,20.0,33.657225553029114,23.56005788712038,200.0
2030-08-22 22:00:00,-0.0,10827.877655660557,-0.0,10594.220430107527,20.0,33.657225553029114,23.56005788712038,200.0
2030-08-22 23:00:00,-0.0,10827.877655660557,-0.0,10594.220430107527,20.0,33.657225553029114,23.56005788712038,200.0
2030-08-23 00:00:00,-0.0,10827.877655660557,-0.0,10594.220430107527,20.0,33.657225553029114,23.56005788712038,200.0
2030-08-23 01:00:00,3948.1937388385986,6879.6839168219585,-0.0,10594.220430107527,20.0,33.657225553029114,23.56005788712038,200.0
2030-08-23 02:00:00,10827.877655660557,-0.0,-0.0,10594.220430107527,20.0,33.657225553029114,23.56005788712038,200.0
2030-08-23 03:00:00,10827.877655660557,-0.0,-0.0,10594.220430107527,20.0,33.657225553029114,23.56005788712038,200.0
2030-08-23 04:00:00,10827.877655660557,-0.0,-0.0,10594.220430107527,20.0,33.657225553029114,23.56005788712038,200.0
2030-08-23 05:00:00,10827.877655660557,-0.0,-0.0,10594.220430107527,20.0,33.657225553029114,23.56005788712038,200.0
2030-08-23 06:00:00,10827.877655660557,-0.0,-0.0,10594.220430107527,20.0,33.657225553029114,23.56005788712038,200.0
2030-08-23 07:00:00,10827.877655660557,-0.0,-0.0,10594.220430107527,20.0,33.657225553029114,23.56005788712038,200.0
2030-08-23 08:00:00,10827.877655660557,-0.0,-0.0,10594.220430107527,20.0,33.657225553029114,23.56005788712038,200.0
2030-08-23 09:00:00,10827.877655660557,-0.0,-0.0,10594.220430107527,20.0,33.657225553029114,23.56005788712038,200.0
2030-08-23 10:00:00,10827.877655660557,-0.0,-0.0,10594.220430107527,20.0,33.657225553029114,23.56005788712038,200.0
2030-08-23 11:00:00,10827.877655660557,-0.0,-0.0,10594.220430107527,20.0,33.657225553029114,23.56005788712038,200.0
2030-08-23 12:00:00,10827.877655660557,-0.0,-0.0,10594.220430107527,20.0,33.657225553029114,23.56005788712038,200.0
2030-08-23 13:00:00,-0.0,10827.877655660557,-0.0,10594.220430107527,20.0,33.657225553029114,23.56005788712038,200.0
2030-08-23 14:00:00,-0.0,10827.877655660557,-0.0,10594.220430107527,20.0,33.657225553029114,23.56005788712038,200.0
2030-08-23 15:00:00,-0.0,10827.877655660557,-0.0,10594.220430107527,20.0,33.657225553029114,23.56005788712038,200.0
2030-08-23 16:00:00,-0.0,10827.877655660557,-0.0,10594.220430107527,20.0,33.657225553029114,23.56005788712038,200.0
2030-08-23 17:00:00,-0.0,10827.877655660557,-0.0,10594.220430107527,20.0,33.657225553029114,23.56005788712038,200.0
2030-08-23 18:00:00,-0.0,10827.877655660557,-0.0,10594.220430107527,20.0,33.657225553029114,23.56005788712038,200.0
2030-08-23 19:00:00,-0.0,10827.877655660557,-0.0,10594.220430107527,20.0,33.657225553029114,23.56005788712038,200.0
2030-08-23 20:00:00,-0.0,10827.877655660557,-0.0,10594.220430107527,20.0,33.657225553029114,23.56005788712038,200.0
2030-08-23 21:00:00,-0.0,10827.877655660557,-0.0,10594.220430107527,20.0,33.657225553029114,23.56005788712038,200.0
2030-08-23 22:00:00,-0.0,3677.6203170085287,6916.600113098999,10594.220430107527,20.0,-0.0,-0.0,0.0
2030-08-23 23:00:00,-0.0,-0.0,10594.220430107527,10594.220430107527,20.0,-0.0,-0.0,0.0
2030-08-24 00:00:00,-0.0,-0.0,10594.220430107527,10594.220430107527,20.0,-0.0,-0.0,0.0
2030-08-24 01:00:00,3835.8932585134557,-0.0,6758.327171594072,10594.220430107527,20.0,-0.0,-0.0,0.0
2030-08-24 02:00:00,10827.877655660557,-0.0,-0.0,10594.220430107527,20.0,33.657225553029114,23.56005788712038,200.0
2030-08-24 03:00:00,10827.877655660557,-0.0,-0.0,10594.220430107527,20.0,33.657225553029114,23.56005788712038,200.0
2030-08-24 04:00:00,10827.877655660557,-0.0,-0.0,10594.220430107527,20.0,33.657225553029114,23.56005788712038,200.0
2030-08-24 05:00:00,10827.877655660557,-0.0,-0.0,10594.220430107527,20.0,33.657225553029114,23.56005788712038,200.0
2030-08-24 06:00:00,10827.877655660557,-0.0,-0.0,10594.220430107527,20.0,33.657225553029114,23.56005788712038,200.0
2030-08-24 07:00:00,10827.877655660557,-0.0,-0.0,10594.220430107527,20.0,33.657225553029114,23.56005788712038,200.0
2030-08-24 08:00:00,10827.877655660557,-0.0,-0.0,10594.220430107527,20.0,33.657225553029114,23.56005788712038,200.0
2030-08-24 09:00:00,10827.877655660557,-0.0,-0.0,10594.220430107527,20.0,33.657225553029114,23.56005788712038,200.0
2030-08-24 10:00:00,10827.877655660557,-0.0,-0.0,10594.220430107527,20.0,33.657225553029114,23.56005788712038,200.0
2030-08-24 11:00:00,10827.877655660557,-0.0,-0.0,10594.220430107527,20.0,33.657225553029114,23.56005788712038,200.0
2030-08-24 12:00:00,-0.0,10827.877655660557,-0.0,10594.220430107527,20.0,33.657225553029114,23.56005788712038,200.0
2030-08-24 13:00:00,-0.0,10827.877655660557,-0.0,10594.220430107527,20.0,33.657225553029114,23.56005788712038,200.0
2030-08-24 14:00:00,-0.0,10827.877655660557,-0.0,10594.220430107527,20.0,33.657225553029114,23.56005788712038,200.0
2030-08-24 15:00:00,-0.0,10827.877655660557,-0.0,10594.220430107527,20.0,33.657225553029114,23.56005788712038,200.0
2030-08-24 16:00:00,-0.0,10827.877655660557,-0.0,10594.220430107527,20.0,33.657225553029114,23.56005788712038,200.0
2030-08-24 17:00:00,-0.0,10827.877655660557,-0.0,10594.220430107527,20.0,33.657225553029114,23.56005788712038,200.0
2030-08-24 18:00:00,-0.0,10827.877655660557,-0.0,10594.220430107527,20.0,33.657225553029114,23.56005788712038,200.0
2030-08-24 19:00:00,-0.0,10827.877655660557,-0.0,10594.220430107527,20.0,33.657225553029114,23.56005788712038,200.0
2030-08-24 20:00:00,-0.0,10827.877655660557,-0.0,10594.220430107527,20.0,33.657225553029114,23.56005788712038,200.0
2030-08-24 21:00:00,-0.0,10827.877655660557,-0.0,10594.220430107527,20.0,33.657225553029114,23.56005788712038,200.0
2030-08-24 22:00:00,-0.0,10827.877655660557,-0.0,10594.220430107527,20.0,33.657225553029114,23.56005788712038,200.0
2030-08-24 23:00:00,-0.0,10827.877655660557,-0.0,10594.220430107527,20.0,33.657225553029114,23.56005788712038,200.0
2030-08-25 00:00:00,-0.0,10827.877655660557,-0.0,10594.220430107527,20.0,33.657225553029114,23.56005788712038,200.0
2030-08-25 01:00:00,3721.513139663773,7106.364515996784,-0.0,10594.220430107527,20.0,33.657225553029114,23.56005788712038,200.0
2030-08-25 02:00:00,-0.0,10827.877655660557,-0.0,10594.220430107527,20.0,33.657225553029114,23.56005788712038,200.0
2030-08-25 03:00:00,10827.877655660557,-0.0,-0.0,10594.220430107527,20.0,33.657225553029114,23.56005788712038,200.0
2030-08-25 04:00:00,10827.877655660557,-0.0,-0.0,10594.220430107527,20.0,33.657225553029114,23.56005788712038,200.0
2030-08-25 05:00:00,10827.877655660557,-0.0,-0.0,10594.220430107527,20.0,33.657225553029114,23.56005788712038,200.0
2030-08-25 06:00:00,10827.877655660557,-0.0,-0.0,10594.220430107527,20.0,33.657225553029114,23.56005788712038,200.0
2030-08-25 07:00:00,10827.877655660557,-0.0,-0.0,10594.220430107527,20.0,33.657225553029114,23.56005788712038,200.0
2030-08-25 08:00:00,10827.877655660557,-0.0,-0.0,10594.220430107527,20.0,33.657225553029114,23.56005788712038,200.0
2030-08-25 09:00:00,10827.877655660557,-0.0,-0.0,10594.220430107527,20.0,33.657225553029114,23.56005788712038,200.0
2030-08-25 10:00:00,10827.877655660557,-0.0,-0.0,10594.220430107527,20.0,33.657225553029114,23.56005788712038,200.0
2030-08-25 11:00:00,10827.877655660557,-0.0,-0.0,10594.220430107527,20.0,33.657225553029114,23.56005788712038,200.0
2030-08-25 12:00:00,10827.877655660557,-0.0,-0.0,10594.220430107527,20.0,33.657225553029114,23.56005788712038,200.0
2030-08-25 13:00:00,-0.0,10827.877655660557,-0.0,10594.220430107527,20.0,33.657225553029114,23.56005788712038,200.0
2030-08-25 14:00:00,-0.0,10827.877655660557,-0.0,10594.220430107527,20.0,33.657225553029114,23.56005788712038,200.0
2030-08-25 15:00:00,-0.0,10827.877655660557,-0.0,10594.220430107527,20.0,33.657225553029114,23.56005788712038,200.0
2030-08-25 16:00:00,-0.0,10827.877655660557,-0.0,10594.220430107527,20.0,33.657225553029114,23.56005788712038,200.0
2030-08-25 17:00:00,-0.0,10827.877655660557,-0.0,10594.220430107527,20.0,33.657225553029114,23.56005788712038,200.0
2030-08-25 18:00:00,-0.0,10827.877655660557,-0.0,10594.220430107527,20.0,33.657225553029114,23.56005788712038,200.0
2030-08-25 19:00:00,-0.0,10827.877655660557,-0.0,10594.220430107527,20.0,33.657225553029114,23.56005788712038,200.0
2030-08-25 20:00:00,-0.0,10827.877655660557,-0.0,10594.220430107527,20.0,33.657225553029114,23.56005788712038,200.0
2030-08-25 21:00:00,-0.0,10827.877655660557,-0.0,10594.220430107527,20.0,33.657225553029114,23.56005788712038,200.0
2030-08-25 22:00:00,-0.0,10827.877655660557,-0.0,10594.220430107527,20.0,33.657225553029114,23.56005788712038,200.0
2030-08-25 23:00:00,-0.0,10827.877655660557,-0.0,10594.220430107527,20.0,33.657225553029114,23.56005788712038,200.0
2030-08-26 00:00:00,-0.0,10827.877655660557,-0.0,10594.220430107527,20.0,33.657225553029114,23.56005788712038,200.0
2030-08-26 01:00:00,-0.0,10827.877655660557,-0.0,10594.220430107527,20.0,33.657225553029114,23.56005788712038,200.0
2030-08-26 02:00:00,10827.877655660557,-0.0,-0.0,10594.220430107527,20.0,33.657225553029114,23.56005788712038,200.0
2030-08-26 03:00:00,10827.877655660557,-0.0,-0.0,10594.220430107527,20.0,33.657225553029114,23.56005788712038,200.0
2030-08-26 04:00:00,10827.877655660557,-0.0,-0.0,10594.220430107527,20.0,33.657225553029114,23.56005788712038,200.0
2030-08-26 05:00:00,10827.877655660557,-0.0,-0.0,10594.220430107527,20.0,33.657225553029114,23.56005788712038,200.0
2030-08-26 06:00:00,10827.877655660557,-0.0,-0.0,10594.220430107527,20.0,33.657225553029114,23.56005788712038,200.0
2030-08-26 07:00:00,10827.877655660557,-0.0,-0.0,10594.220430107527,20.0,33.657225553029114,23.56005788712038,200.0
2030-08-26 08:00:00,10827.877655660557,-0.0,-0.0,10594.220430107527,20.0,33.657225553029114,23.56005788712038,200.0
2030-08-26 09:00:00,10827.877655660557,-0.0,-0.0,10594.220430107527,20.0,33.657225553029114,23.56005788712038,200.0
2030-08-26 10:00:00,10827.877655660557,-0.0,-0.0,10594.220430107527,20.0,33.657225553029114,23.56005788712038,200.0
2030-08-26 11:00:00,10827.877655660557,-0.0,-0.0,10594.220430107527,20.0,33.657225553029114,23.56005788712038,200.0
2030-08-26 12:00:00,9444.678359196996,-0.0,1149.542070910531,10594.220430107527,20.0,-0.0,-0.0,0.0
2030-08-26 13:00:00,766.3467962928753,-0.0,9827.873633814652,10594.220430107527,20.0,-0.0,-0.0,0.0
2030-08-26 14:00:00,-0.0,-0.0,10594.220430107527,10594.220430107527,20.0,-0.0,-0.0,0.0
2030-08-26 15:00:00,-0.0,-0.0,10594.220430107527,10594.220430107527,20.0,-0.0,-0.0,0.0
2030-08-26 16:00:00,-0.0,-0.0,10594.220430107527,10594.220430107527,20.0,-0.0,-0.0,0.0
2030-08-26 17:00:00,-0.0,-0.0,10594.220430107527,10594.220430107527,20.0,-0.0,-0.0,0.0
2030-08-26 18:00:00,-0.0,-0.0,10594.220430107527,10594.220430107527,20.0,-0.0,-0.0,0.0
2030-08-26 19:00:00,-0.0,-0.0,10594.220430107527,10594.220430107527,20.0,-0.0,-0.0,0.0
2030-08-26 20:00:00,-0.0,-0.0,10594.220430107527,10594.220430107527,20.0,-0.0,-0.0,0.0
2030-08-26 21:00:00,-0.0,-0.0,10594.220430107527,10594.220430107527,20.0,-0.0,-0.0,0.0
2030-08-26 22:00:00,-0.0,-0.0,10594.220430107527,10594.220430107527,20.0,-0.0,-0.0,0.0
2030-08-26 23:00:00,-0.0,-0.0,10594.220430107527,10594.220430107527,20.0,-0.0,-0.0,0.0
2030-08-27 00:00:00,-0.0,-0.0,10594.220430107527,10594.220430107527,20.0,-0.0,-0.0,0.0
2030-08-27 01:00:00,1532.6935925857506,-0.0,9061.526837521777,10594.220430107527,20.0,-0.0,-0.0,0.0
2030-08-27 02:00:00,4709.3414388201245,-0.0,5884.878991287403,10594.220430107527,20.0,-0.0,-0.0,0.0
2030-08-27 03:00:00,7196.589114169592,-0.0,3397.631315937935,10594.220430107527,20.0,-0.0,-0.0,0.0
2030-08-27 04:00:00,6558.140087135908,-0.0,4036.080342971619,10594.220430107527,20.0,-0.0,-0.0,0.0
2030-08-27 05:00:00,5724.205038795482,1045.7316747308414,3824.2837165812034,10594.220430107527,20.0,-0.0,-0.0,0.0
2030-08-27 06:00:00,10827.877655660557,-0.0,-0.0,10594.220430107527,20.0,33.657225553029114,23.56005788712038,200.0
2030-08-27 07:00:00,10827.877655660557,-0.0,-0.0,10594.220430107527,20.0,33.657225553029114,23.56005788712038,200.0
2030-08-27 08:00:00,10827.877655660557,-0.0,-0.0,10594.220430107527,20.0,33.657225553029114,23.56005788712038,200.0
2030-08-27 09:00:00,10827.877655660557,-0.0,-0.0,10594.220430107527,20.0,33.657225553029114,23.56005788712038,200.0
2030-08-27 10:00:00,6679.798940821469,4148.078714839088,-0.0,10594.220430107527,20.0,33.657225553029114,23.56005788712038,200.0
2030-08-27 11:00:00,6858.647853931882,3969.229801728675,-0.0,10594.220430107527,20.0,33.657225553029114,23.56005788712038,200.0
2030-08-27 12:00:00,-0.0,10827.877655660557,-0.0,10594.220430107527,20.0,33.657225553029114,23.56005788712038,200.0
2030-08-27 13:00:00,-0.0,10827.877655660557,-0.0,10594.220430107527,20.0,33.657225553029114,23.56005788712038,200.0
2030-08-27 14:00:00,-0.0,10827.877655660557,-0.0,10594.220430107527,20.0,33.657225553029114,23.56005788712038,200.0
2030-08-27 15:00:00,-0.0,10827.877655660557,-0.0,10594.220430107527,20.0,33.657225553029114,23.56005788712038,200.0
2030-08-27 16:00:00,-0.0,10827.877655660557,-0.0,10594.220430107527,20.0,33.657225553029114,23.56005788712038,200.0
2030-08-27 17:00:00,-0.0,10827.877655660557,-0.0,10594.220430107527,20.0,33.657225553029114,23.56005788712038,200.0
2030-08-27 18:00:00,-0.0,10763.474353910022,-0.0,10594.220430107527,20.0,-0.0,-0.0,169.25392380249468
2030-08-27 19:00:00,-0.0,9346.303546529733,1247.9168835777946,10594.220430107527,20.0,-0.0,-0.0,0.0
2030-08-27 20:00:00,-0.0,-0.0,10594.220430107527,10594.220430107527,20.0,-0.0,-0.0,0.0
2030-08-27 21:00:00,-0.0,1045.7316747308414,9548.488755376686,10594.220430107527,20.0,-0.0,-0.0,0.0
2030-08-27 22:00:00,-0.0,5094.791124388843,5499.429305718684,10594.220430107527,20.0,-0.0,-0.0,0.0
2030-08-27 23:00:00,-0.0,-0.0,10594.220430107527,10594.220430107527,20.0,-0.0,-0.0,0.0
2030-08-28 00:00:00,-0.0,-0.0,10594.220430107527,10594.220430107527,20.0,-0.0,-0.0,0.0
2030-08-28 01:00:00,1622.118049140957,-0.0,8972.10238096657,10594.220430107527,20.0,-0.0,-0.0,0.0
2030-08-28 02:00:00,10822.791858678956,-0.0,-0.0,10594.220430107527,20.0,28.571428571428573,20.0,200.0
2030-08-28 03:00:00,10822.791858678956,-0.0,-0.0,10594.220430107527,20.0,28.571428571428573,20.0,200.0
2030-08-28 04:00:00,10822.791858678956,-0.0,-0.0,10594.220430107527,20.0,28.571428571428573,20.0,200.0
2030-08-28 05:00:00,10822.791858678956,-0.0,-0.0,10594.220430107527,20.0,28.571428571428573,20.0,200.0
2030-08-28 06:00:00,10822.791858678956,-0.0,-0.0,10594.220430107527,20.0,28.571428571428573,20.0,200.0
2030-08-28 07:00:00,10822.791858678956,-0.0,-0.0,10594.220430107527,20.0,28.571428571428573,20.0,200.0
2030-08-28 08:00:00,10822.791858678956,-0.0,-0.0,10594.220430107527,20.0,28.571428571428573,20.0,200.0
2030-08-28 09:00:00,10822.791858678956,-0.0,-0.0,10594.220430107527,20.0,28.571428571428573,20.0,200.0
2030-08-28 10:00:00,10822.791858678956,-0.0,-0.0,10594.220430107527,20.0,28.571428571428573,20.0,200.0
2030-08-28 11:00:00,10822.791858678956,-0.0,-0.0,10594.220430107527,20.0,28.571428571428573,20.0,200.0
2030-08-28 12:00:00,-0.0,10823.445527578126,-0.0,10594.220430107527,20.0,29.225097470598264,20.457568229418783,200.0
2030-08-28 13:00:00,-0.0,10827.877655660557,-0.0,10594.220430107527,20.0,33.657225553029114,23.56005788712038,200.0
2030-08-28 14:00:00,-0.0,10827.877655660557,-0.0,10594.220430107527,20.0,33.657225553029114,23.56005788712038,200.0
2030-08-28 15:00:00,-0.0,10827.877655660557,-0.0,10594.220430107527,20.0,33.657225553029114,23.56005788712038,200.0
2030-08-28 16:00:00,-0.0,10827.877655660557,-0.0,10594.220430107527,20.0,33.657225553029114,23.56005788712038,200.0
2030-08-28 17:00:00,-0.0,10827.877655660557,-0.0,10594.220430107527,20.0,33.657225553029114,23.56005788712038,200.0
2030-08-28 18:00:00,-0.0,10827.877655660557,-0.0,10594.220430107527,20.0,33.657225553029114,23.56005788712038,200.0
2030-08-28 19:00:00,-0.0,10827.877655660557,-0.0,10594.220430107527,20.0,33.657225553029114,23.56005788712038,200.0
2030-08-28 20:00:00,-0.0,10827.877655660557,-0.0,10594.220430107527,20.0,33.657225553029114,23.56005788712038,200.0
2030-08-28 21:00:00,-0.0,10827.877655660557,-0.0,10594.220430107527,20.0,33.657225553029114,23.56005788712038,200.0
2030-08-28 22:00:00,-0.0,10827.877655660557,-0.0,10594.220430107527,20.0,33.657225553029114,23.56005788712038,200.0
2030-08-28 23:00:00,-0.0,10827.877655660557,-0.0,10594.220430107527,20.0,33.657225553029114,23.56005788712038,200.0
2030-08-29 00:00:00,-0.0,10827.877655660557,-0.0,10594.220430107527,20.0,33.657225553029114,23.56005788712038,200.0
2030-08-29 01:00:00,-0.0,10827.877655660557,-0.0,10594.220430107527,20.0,33.657225553029114,23.56005788712038,200.0
2030-08-29 02:00:00,10827.877655660557,-0.0,-0.0,10594.220430107527,20.0,33.657225553029114,23.56005788712038,200.0
2030-08-29 03:00:00,10827.877655660557,-0.0,-0.0,10594.220430107527,20.0,33.657225553029114,23.56005788712038,200.0
2030-08-29 04:00:00,10827.877655660557,-0.0,-0.0,10594.220430107527,20.0,33.657225553029114,23.56005788712038,200.0
2030-08-29 05:00:00,10827.877655660557,-0.0,-0.0,10594.220430107527,20.0,33.657225553029114,23.56005788712038,200.0
2030-08-29 06:00:00,10827.877655660557,-0.0,-0.0,10594.220430107527,20.0,33.657225553029114,23.56005788712038,200.0
2030-08-29 07:00:00,10827.877655660557,-0.0,-0.0,10594.220430107527,20.0,33.657225553029114,23.56005788712038,200.0
2030-08-29 08:00:00,10827.877655660557,-0.0,-0.0,10594.220430107527,20.0,33.657225553029114,23.56005788712038,200.0
2030-08-29 09:00:00,10827.877655660557,-0.0,-0.0,10594.220430107527,20.0,33.657225553029114,23.56005788712038,200.0
2030-08-29 10:00:00,10827.877655660557,-0.0,-0.0,10594.220430107527,20.0,33.657225553029114,23.56005788712038,200.0
2030-08-29 11:00:00,10827.877655660557,-0.0,-0.0,10594.220430107527,20.0,33.657225553029114,23.56005788712038,200.0
2030-08-29 12:00:00,10827.877655660557,-0.0,-0.0,10594.220430107527,20.0,33.657225553029114,23.56005788712038,200.0
2030-08-29 13:00:00,-0.0,10827.877655660557,-0.0,10594.220430107527,20.0,33.657225553029114,23.56005788712038,200.0
2030-08-29 14:00:00,-0.0,10827.877655660557,-0.0,10594.220430107527,20.0,33.657225553029114,23.56005788712038,200.0
2030-08-29 15:00:00,-0.0,10827.877655660557,-0.0,10594.220430107527,20.0,33.657225553029114,23.56005788712038,200.0
2030-08-29 16:00:00,-0.0,10827.877655660557,-0.0,10594.220430107527,20.0,33.657225553029114,23.56005788712038,200.0
2030-08-29 17:00:00,-0.0,10827.877655660557,-0.0,10594.220430107527,20.0,33.657225553029114,23.56005788712038,200.0
2030-08-29 18:00:00,-0.0,10827.877655660557,-0.0,10594.220430107527,20.0,33.657225553029114,23.56005788712038,200.0
2030-08-29 19:00:00,-0.0,10763.474353910022,-0.0,10594.220430107527,20.0,-0.0,-0.0,169.25392380249468
2030-08-29 20:00:00,-0.0,-0.0,10594.220430107527,10594.220430107527,20.0,-0.0,-0.0,0.0
2030-08-29 21:00:00,-0.0,-0.0,10594.220430107527,10594.220430107527,20.0,-0.0,-0.0,0.0
2030-08-29 22:00:00,-0.0,10763.474353910022,-0.0,10594.220430107527,20.0,-0.0,-0.0,169.25392380249468
2030-08-29 23:00:00,-0.0,10827.877655660557,-0.0,10594.220430107527,20.0,33.657225553029114,23.56005788712038,200.0
2030-08-30 00:00:00,-0.0,10827.877655660557,-0.0,10594.220430107527,20.0,33.657225553029114,23.56005788712038,200.0
2030-08-30 01:00:00,3673.68145359936,7154.196202061197,-0.0,10594.220430107527,20.0,33.657225553029114,23.56005788712038,200.0
2030-08-30 02:00:00,10827.877655660557,-0.0,-0.0,10594.220430107527,20.0,33.657225553029114,23.56005788712038,200.0
2030-08-30 03:00:00,10827.877655660557,-0.0,-0.0,10594.220430107527,20.0,33.657225553029114,23.56005788712038,200.0
2030-08-30 04:00:00,10827.877655660557,-0.0,-0.0,10594.220430107527,20.0,33.657225553029114,23.56005788712038,200.0
2030-08-30 05:00:00,10827.877655660557,-0.0,-0.0,10594.220430107527,20.0,33.657225553029114,23.56005788712038,200.0
2030-08-30 06:00:00,10827.877655660557,-0.0,-0.0,10594.220430107527,20.0,33.657225553029114,23.56005788712038,200.0
2030-08-30 07:00:00,10827.877655660557,-0.0,-0.0,10594.220430107527,20.0,33.657225553029114,23.56005788712038,200.0
2030-08-30 08:00:00,10827.877655660557,-0.0,-0.0,10594.220430107527,20.0,33.657225553029114,23.56005788712038,200.0
2030-08-30 09:00:00,10827.877655660557,-0.0,-0.0,10594.220430107527,20.0,33.657225553029114,23.56005788712038,200.0
2030-08-30 10:00:00,10827.877655660557,-0.0,-0.0,10594.220430107527,20.0,33.657225553029114,23.56005788712038,200.0
2030-08-30 11:00:00,10827.877655660557,-0.0,-0.0,10594.220430107527,20.0,33.657225553029114,23.56005788712038,200.0
2030-08-30 12:00:00,-0.0,10827.877655660557,-0.0,10594.220430107527,20.0,33.657225553029114,23.56005788712038,200.0
2030-08-30 13:00:00,-0.0,10827.877655660557,-0.0,10594.220430107527,20.0,33.657225553029114,23.56005788712038,200.0
2030-08-30 14:00:00,-0.0,10827.877655660557,-0.0,10594.220430107527,20.0,33.657225553029114,23.56005788712038,200.0
2030-08-30 15:00:00,-0.0,10827.877655660557,-0.0,10594.220430107527,20.0,33.657225553029114,23.56005788712038,200.0
2030-08-30 16:00:00,-0.0,10827.877655660557,-0.0,10594.220430107527,20.0,33.657225553029114,23.56005788712038,200.0
2030-08-30 17:00:00,-0.0,10827.877655660557,-0.0,10594.220430107527,20.0,33.657225553029114,23.56005788712038,200.0
2030-08-30 18:00:00,-0.0,10827.877655660557,-0.0,10594.220430107527,20.0,33.657225553029114,23.56005788712038,200.0
2030-08-30 19:00:00,-0.0,10827.877655660557,-0.0,10594.220430107527,20.0,33.657225553029114,23.56005788712038,200.0
2030-08-30 20:00:00,-0.0,10827.877655660557,-0.0,10594.220430107527,20.0,33.657225553029114,23.56005788712038,200.0
2030-08-30 21:00:00,-0.0,10827.877655660557,-0.0,10594.220430107527,20.0,33.657225553029114,23.56005788712038,200.0
2030-08-30 22:00:00,-0.0,10827.877655660557,-0.0,10594.220430107527,20.0,33.657225553029114,23.56005788712038,200.0
2030-08-30 23:00:00,-0.0,10827.877655660557,-0.0,10594.220430107527,20.0,33.657225553029114,23.56005788712038,200.0
2030-08-31 00:00:00,-0.0,10827.877655660557,-0.0,10594.220430107527,20.0,33.657225553029114,23.56005788712038,200.0
2030-08-31 01:00:00,3485.4741671285183,7342.403488532039,-0.0,10594.220430107527,20.0,33.657225553029114,23.56005788712038,200.0
2030-08-31 02:00:00,10827.877655660557,-0.0,-0.0,10594.220430107527,20.0,33.657225553029114,23.56005788712038,200.0
2030-08-31 03:00:00,10827.877655660557,-0.0,-0.0,10594.220430107527,20.0,33.657225553029114,23.56005788712038,200.0
2030-08-31 04:00:00,10827.877655660557,-0.0,-0.0,10594.220430107527,20.0,33.657225553029114,23.56005788712038,200.0
2030-08-31 05:00:00,10827.877655660557,-0.0,-0.0,10594.220430107527,20.0,33.657225553029114,23.56005788712038,200.0
2030-08-31 06:00:00,10827.877655660557,-0.0,-0.0,10594.220430107527,20.0,33.657225553029114,23.56005788712038,200.0
2030-08-31 07:00:00,10827.877655660557,-0.0,-0.0,10594.220430107527,20.0,33.657225553029114,23.56005788712038,200.0
2030-08-31 08:00:00,10827.877655660557,-0.0,-0.0,10594.220430107527,20.0,33.657225553029114,23.56005788712038,200.0
2030-08-31 09:00:00,10827.877655660557,-0.0,-0.0,10594.220430107527,20.0,33.657225553029114,23.56005788712038,200.0
2030-08-31 10:00:00,10827.877655660557,-0.0,-0.0,10594.220430107527,20.0,33.657225553029114,23.56005788712038,200.0
2030-08-31 11:00:00,10827.877655660557,-0.0,-0.0,10594.220430107527,20.0,33.657225553029114,23.56005788712038,200.0
2030-08-31 12:00:00,-0.0,10827.877655660557,-0.0,10594.220430107527,20.0,33.657225553029114,23.56005788712038,200.0
2030-08-31 13:00:00,-0.0,10827.877655660557,-0.0,10594.220430107527,20.0,33.657225553029114,23.56005788712038,200.0
2030-08-31 14:00:00,-0.0,10827.877655660557,-0.0,10594.220430107527,20.0,33.657225553029114,23.56005788712038,200.0
2030-08-31 15:00:00,-0.0,10827.877655660557,-0.0,10594.220430107527,20.0,33.657225553029114,23.56005788712038,200.0
2030-08-31 16:00:00,-0.0,10827.877655660557,-0.0,10594.220430107527,20.0,33.657225553029114,23.56005788712038,200.0
2030-08-31 17:00:00,-0.0,10827.877655660557,-0.0,10594.220430107527,20.0,33.657225553029114,23.56005788712038,200.0
2030-08-31 18:00:00,-0.0,10827.877655660557,-0.0,10594.220430107527,20.0,33.657225553029114,23.56005788712038,200.0
2030-08-31 19:00:00,-0.0,10827.877655660557,-0.0,10594.220430107527,20.0,33.657225553029114,23.56005788712038,200.0
2030-08-31 20:00:00,-0.0,10827.877655660557,-0.0,10594.220430107527,20.0,33.657225553029114,23.56005788712038,200.0
2030-08-31 21:00:00,-0.0,10827.877655660557,-0.0,10594.220430107527,20.0,33.657225553029114,23.56005788712038,200.0
2030-08-31 22:00:00,-0.0,10827.877655660557,-0.0,10594.220430107527,20.0,33.657225553029114,23.56005788712038,200.0
2030-08-31 23:00:00,-0.0,10827.877655660557,-0.0,10594.220430107527,20.0,33.657225553029114,23.56005788712038,200.0
2030-09-01 00:00:00,-0.0,10988.240558886364,-0.0,10754.583333333334,20.0,33.657225553029114,23.56005788712038,200.0
2030-09-01 01:00:00,3311.8243503294543,7676.41620855691,-0.0,10754.583333333334,20.0,33.657225553029114,23.56005788712038,200.0
2030-09-01 02:00:00,10988.240558886364,-0.0,-0.0,10754.583333333334,20.0,33.657225553029114,23.56005788712038,200.0
2030-09-01 03:00:00,10988.240558886364,-0.0,-0.0,10754.583333333334,20.0,33.657225553029114,23.56005788712038,200.0
2030-09-01 04:00:00,10988.240558886364,-0.0,-0.0,10754.583333333334,20.0,33.657225553029114,23.56005788712038,200.0
2030-09-01 05:00:00,10988.240558886364,-0.0,-0.0,10754.583333333334,20.0,33.657225553029114,23.56005788712038,200.0
2030-09-01 06:00:00,10988.240558886364,-0.0,-0.0,10754.583333333334,20.0,33.657225553029114,23.56005788712038,200.0
2030-09-01 07:00:00,10988.240558886364,-0.0,-0.0,10754.583333333334,20.0,33.657225553029114,23.56005788712038,200.0
2030-09-01 08:00:00,10988.240558886364,-0.0,-0.0,10754.583333333334,20.0,33.657225553029114,23.56005788712038,200.0
2030-09-01 09:00:00,10988.240558886364,-0.0,-0.0,10754.583333333334,20.0,33.657225553029114,23.56005788712038,200.0
2030-09-01 10:00:00,10988.240558886364,-0.0,-0.0,10754.583333333334,20.0,33.657225553029114,23.56005788712038,200.0
2030-09-01 11:00:00,8219.77126824312,2768.4692906432447,-0.0,10754.583333333334,20.0,33.657225553029114,23.56005788712038,200.0
2030-09-01 12:00:00,6533.184424841432,4455.056134044932,-0.0,10754.583333333334,20.0,33.657225553029114,23.56005788712038,200.0
2030-09-01 13:00:00,224.76620497634212,10763.474353910022,-0.0,10754.583333333334,20.0,33.657225553029114,23.56005788712038,200.0
2030-09-01 14:00:00,-0.0,10988.240558886364,-0.0,10754.583333333334,20.0,33.657225553029114,23.56005788712038,200.0
2030-09-01 15:00:00,-0.0,7929.132739149419,2825.450594183915,10754.583333333334,20.0,-0.0,-0.0,0.0
2030-09-01 16:00:00,-0.0,7929.132739149419,2825.450594183915,10754.583333333334,20.0,-0.0,-0.0,0.0
2030-09-01 17:00:00,-0.0,-0.0,10754.583333333334,10754.583333333334,20.0,-0.0,-0.0,0.0
2030-09-01 18:00:00,-0.0,-0.0,10754.583333333334,10754.583333333334,20.0,-0.0,-0.0,0.0
2030-09-01 19:00:00,-0.0,10988.240558886364,-0.0,10754.583333333334,20.0,33.657225553029114,23.56005788712038,200.0
2030-09-01 20:00:00,-0.0,10988.240558886364,-0.0,10754.583333333334,20.0,33.657225553029114,23.56005788712038,200.0
2030-09-01 21:00:00,-0.0,10988.240558886364,-0.0,10754.583333333334,20.0,33.657225553029114,23.56005788712038,200.0
2030-09-01 22:00:00,-0.0,10988.240558886364,-0.0,10754.583333333334,20.0,33.657225553029114,23.56005788712038,200.0
2030-09-01 23:00:00,-0.0,10988.240558886364,-0.0,10754.583333333334,20.0,33.657225553029114,23.56005788712038,200.0
2030-09-02 00:00:00,-0.0,10988.240558886364,-0.0,10754.583333333334,20.0,33.657225553029114,23.56005788712038,200.0
2030-09-02 01:00:00,-0.0,10988.240558886364,-0.0,10754.583333333334,20.0,33.657225553029114,23.56005788712038,200.0
2030-09-02 02:00:00,10988.240558886364,-0.0,-0.0,10754.583333333334,20.0,33.657225553029114,23.56005788712038,200.0
2030-09-02 03:00:00,10988.240558886364,-0.0,-0.0,10754.583333333334,20.0,33.657225553029114,23.56005788712038,200.0
2030-09-02 04:00:00,10988.240558886364,-0.0,-0.0,10754.583333333334,20.0,33.657225553029114,23.56005788712038,200.0
2030-09-02 05:00:00,10988.240558886364,-0.0,-0.0,10754.583333333334,20.0,33.657225553029114,23.56005788712038,200.0
2030-09-02 06:00:00,10988.240558886364,-0.0,-0.0,10754.583333333334,20.0,33.657225553029114,23.56005788712038,200.0
2030-09-02 07:00:00,10988.240558886364,-0.0,-0.0,10754.583333333334,20.0,33.657225553029114,23.56005788712038,200.0
2030-09-02 08:00:00,10988.240558886364,-0.0,-0.0,10754.583333333334,20.0,33.657225553029114,23.56005788712038,200.0
2030-09-02 09:00:00,10988.240558886364,-0.0,-0.0,10754.583333333334,20.0,33.657225553029114,23.56005788712038,200.0
2030-09-02 10:00:00,10988.240558886364,-0.0,-0.0,10754.583333333334,20.0,33.657225553029114,23.56005788712038,200.0
2030-09-02 11:00:00,10988.240558886364,-0.0,-0.0,10754.583333333334,20.0,33.657225553029114,23.56005788712038,200.0
2030-09-02 12:00:00,8461.009337089723,2527.231221796641,-0.0,10754.583333333334,20.0,33.657225553029114,23.56005788712038,200.0
2030-09-02 13:00:00,370.17565736806455,5094.791124388843,5289.616551576426,10754.583333333334,20.0,-0.0,-0.0,0.0
2030-09-02 14:00:00,-0.0,5094.791124388843,5659.792208944491,10754.583333333334,20.0,-0.0,-0.0,0.0
2030-09-02 15:00:00,-0.0,-0.0,10754.583333333334,10754.583333333334,20.0,-0.0,-0.0,0.0
2030-09-02 16:00:00,-0.0,9346.303546529733,1408.2797868036014,10754.583333333334,20.0,-0.0,-0.0,0.0
2030-09-02 17:00:00,-0.0,10988.240558886364,-0.0,10754.583333333334,20.0,33.657225553029114,23.56005788712038,200.0
2030-09-02 18:00:00,-0.0,10988.240558886364,-0.0,10754.583333333334,20.0,33.657225553029114,23.56005788712038,200.0
2030-09-02 19:00:00,-0.0,10988.240558886364,-0.0,10754.583333333334,20.0,33.657225553029114,23.56005788712038,200.0
2030-09-02 20:00:00,-0.0,10988.240558886364,-0.0,10754.583333333334,20.0,33.657225553029114,23.56005788712038,200.0
2030-09-02 21:00:00,-0.0,7929.132739149419,2825.450594183915,10754.583333333334,20.0,-0.0,-0.0,0.0
2030-09-02 22:00:00,-0.0,-0.0,10754.583333333334,10754.583333333334,20.0,-0.0,-0.0,0.0
2030-09-02 23:00:00,-0.0,-0.0,10754.583333333334,10754.583333333334,20.0,-0.0,-0.0,0.0
2030-09-03 00:00:00,-0.0,-0.0,10754.583333333334,10754.583333333334,20.0,-0.0,-0.0,0.0
2030-09-03 01:00:00,3053.9491732865326,-0.0,7700.634160046801,10754.583333333334,20.0,-0.0,-0.0,0.0
2030-09-03 02:00:00,10988.240558886364,-0.0,-0.0,10754.583333333334,20.0,33.657225553029114,23.56005788712038,200.0
2030-09-03 03:00:00,10988.240558886364,-0.0,-0.0,10754.583333333334,20.0,33.657225553029114,23.56005788712038,200.0
2030-09-03 04:00:00,10988.240558886364,-0.0,-0.0,10754.583333333334,20.0,33.657225553029114,23.56005788712038,200.0
2030-09-03 05:00:00,10988.240558886364,-0.0,-0.0,10754.583333333334,20.0,33.657225553029114,23.56005788712038,200.0
2030-09-03 06:00:00,10988.240558886364,-0.0,-0.0,10754.583333333334,20.0,33.657225553029114,23.56005788712038,200.0
2030-09-03 07:00:00,10988.240558886364,-0.0,-0.0,10754.583333333334,20.0,33.657225553029114,23.56005788712038,200.0
2030-09-03 08:00:00,10988.240558886364,-0.0,-0.0,10754.583333333334,20.0,33.657225553029114,23.56005788712038,200.0
2030-09-03 09:00:00,10988.240558886364,-0.0,-0.0,10754.583333333334,20.0,33.657225553029114,23.56005788712038,200.0
2030-09-03 10:00:00,10988.240558886364,-0.0,-0.0,10754.583333333334,20.0,33.657225553029114,23.56005788712038,200.0
2030-09-03 11:00:00,10988.240558886364,-0.0,-0.0,10754.583333333334,20.0,33.657225553029114,23.56005788712038,200.0
2030-09-03 12:00:00,4620.956801527188,5094.791124388843,1038.835407417303,10754.583333333334,20.0,-0.0,-0.0,0.0
2030-09-03 13:00:00,204.84439466715932,10763.47435391002,-0.0,10754.583333333334,20.0,13.735415243845637,9.614790670691946,200.0
2030-09-03 14:00:00,-0.0,10988.240558886364,-0.0,10754.583333333334,20.0,33.657225553029114,23.56005788712038,200.0
2030-09-03 15:00:00,-0.0,10988.240558886364,-0.0,10754.583333333334,20.0,33.657225553029114,23.56005788712038,200.0
2030-09-03 16:00:00,-0.0,10988.240558886364,-0.0,10754.583333333334,20.0,33.657225553029114,23.56005788712038,200.0
2030-09-03 17:00:00,-0.0,10988.240558886364,-0.0,10754.583333333334,20.0,33.657225553029114,23.56005788712038,200.0
2030-09-03 18:00:00,-0.0,10988.240558886364,-0.0,10754.583333333334,20.0,33.657225553029114,23.56005788712038,200.0
2030-09-03 19:00:00,-0.0,10988.240558886364,-0.0,10754.583333333334,20.0,33.657225553029114,23.56005788712038,200.0
2030-09-03 20:00:00,-0.0,-0.0,10754.583333333334,10754.583333333334,20.0,-0.0,-0.0,0.0
2030-09-03 21:00:00,-0.0,-0.0,10754.583333333334,10754.583333333334,20.0,-0.0,-0.0,0.0
2030-09-03 22:00:00,-0.0,-0.0,10754.583333333334,10754.583333333334,20.0,-0.0,-0.0,0.0
2030-09-03 23:00:00,-0.0,-0.0,10754.583333333334,10754.583333333334,20.0,-0.0,-0.0,0.0
2030-09-04 00:00:00,-0.0,3677.6203170085287,7076.963016324806,10754.583333333334,20.0,-0.0,-0.0,0.0
2030-09-04 01:00:00,3044.5907999261044,7938.563961978658,-0.0,10754.583333333334,20.0,28.571428571428573,20.0,200.0
2030-09-04 02:00:00,10983.154761904763,-0.0,-0.0,10754.583333333334,20.0,28.571428571428573,20.0,200.0
2030-09-04 03:00:00,10988.033819171511,-0.0,-0.0,10754.583333333334,20.0,33.450485838176924,23.415340086723845,200.0
2030-09-04 04:00:00,10988.240558886364,-0.0,-0.0,10754.583333333334,20.0,33.657225553029114,23.56005788712038,200.0
2030-09-04 05:00:00,10988.240558886364,-0.0,-0.0,10754.583333333334,20.0,33.657225553029114,23.56005788712038,200.0
2030-09-04 06:00:00,10988.240558886364,-0.0,-0.0,10754.583333333334,20.0,33.657225553029114,23.56005788712038,200.0
2030-09-04 07:00:00,10988.240558886364,-0.0,-0.0,10754.583333333334,20.0,33.657225553029114,23.56005788712038,200.0
2030-09-04 08:00:00,10988.240558886364,-0.0,-0.0,10754.583333333334,20.0,33.657225553029114,23.56005788712038,200.0
2030-09-04 09:00:00,10988.240558886364,-0.0,-0.0,10754.583333333334,20.0,33.657225553029114,23.56005788712038,200.0
2030-09-04 10:00:00,10988.240558886364,-0.0,-0.0,10754.583333333334,20.0,33.657225553029114,23.56005788712038,200.0
2030-09-04 11:00:00,10988.240558886364,-0.0,-0.0,10754.583333333334,20.0,33.657225553029114,23.56005788712038,200.0
2030-09-04 12:00:00,-0.0,10988.240558886364,-0.0,10754.583333333334,20.0,33.657225553029114,23.56005788712038,200.0
2030-09-04 13:00:00,-0.0,10988.240558886364,-0.0,10754.583333333334,20.0,33.657225553029114,23.56005788712038,200.0
2030-09-04 14:00:00,-0.0,10988.240558886364,-0.0,10754.583333333334,20.0,33.657225553029114,23.56005788712038,200.0
2030-09-04 15:00:00,-0.0,10988.240558886364,-0.0,10754.583333333334,20.0,33.657225553029114,23.56005788712038,200.0
2030-09-04 16:00:00,-0.0,10988.240558886364,-0.0,10754.583333333334,20.0,33.657225553029114,23.56005788712038,200.0
2030-09-04 17:00:00,-0.0,10988.240558886364,-0.0,10754.583333333334,20.0,33.657225553029114,23.56005788712038,200.0
2030-09-04 18:00:00,-0.0,10988.240558886364,-0.0,10754.583333333334,20.0,33.657225553029114,23.56005788712038,200.0
2030-09-04 19:00:00,-0.0,10988.240558886364,-0.0,10754.583333333334,20.0,33.657225553029114,23.56005788712038,200.0
2030-09-04 20:00:00,-0.0,10988.240558886364,-0.0,10754.583333333334,20.0,33.657225553029114,23.56005788712038,200.0
2030-09-04 21:00:00,-0.0,10988.240558886364,-0.0,10754.583333333334,20.0,33.657225553029114,23.56005788712038,200.0
2030-09-04 22:00:00,-0.0,10988.240558886364,-0.0,10754.583333333334,20.0,33.657225553029114,23.56005788712038,200.0
2030-09-04 23:00:00,-0.0,10988.240558886364,-0.0,10754.583333333334,20.0,33.657225553029114,23.56005788712038,200.0
2030-09-05 00:00:00,-0.0,10988.240558886364,-0.0,10754.583333333334,20.0,33.657225553029114,23.56005788712038,200.0
2030-09-05 01:00:00,2889.6577298478974,7929.132739149419,-0.0,10754.583333333334,20.0,-0.0,-0.0,64.20713566398217
2030-09-05 02:00:00,10988.240558886364,-0.0,-0.0,10754.583333333334,20.0,33.657225553029114,23.56005788712038,200.0
2030-09-05 03:00:00,10988.240558886364,-0.0,-0.0,10754.583333333334,20.0,33.657225553029114,23.56005788712038,200.0
2030-09-05 04:00:00,10988.240558886364,-0.0,-0.0,10754.583333333334,20.0,33.657225553029114,23.56005788712038,200.0
2030-09-05 05:00:00,10988.240558886364,-0.0,-0.0,10754.583333333334,20.0,33.657225553029114,23.56005788712038,200.0
2030-09-05 06:00:00,10988.240558886364,-0.0,-0.0,10754.583333333334,20.0,33.657225553029114,23.56005788712038,200.0
2030-09-05 07:00:00,10988.240558886364,-0.0,-0.0,10754.583333333334,20.0,33.657225553029114,23.56005788712038,200.0
2030-09-05 08:00:00,10988.240558886364,-0.0,-0.0,10754.583333333334,20.0,33.657225553029114,23.56005788712038,200.0
2030-09-05 09:00:00,10988.240558886364,-0.0,-0.0,10754.583333333334,20.0,33.657225553029114,23.56005788712038,200.0
2030-09-05 10:00:00,10988.240558886364,-0.0,-0.0,10754.583333333334,20.0,33.657225553029114,23.56005788712038,200.0
2030-09-05 11:00:00,10988.240558886364,-0.0,-0.0,10754.583333333334,20.0,33.657225553029114,23.56005788712038,200.0
2030-09-05 12:00:00,6420.8839445162885,4567.3566143700755,-0.0,10754.583333333334,20.0,33.657225553029114,23.56005788712038,200.0
2030-09-05 13:00:00,-0.0,10988.240558886364,-0.0,10754.583333333334,20.0,33.657225553029114,23.56005788712038,200.0
2030-09-05 14:00:00,-0.0,10988.240558886364,-0.0,10754.583333333334,20.0,33.657225553029114,23.56005788712038,200.0
2030-09-05 15:00:00,-0.0,10988.240558886364,-0.0,10754.583333333334,20.0,33.657225553029114,23.56005788712038,200.0
2030-09-05 16:00:00,-0.0,10988.240558886364,-0.0,10754.583333333334,20.0,33.657225553029114,23.56005788712038,200.0
2030-09-05 17:00:00,-0.0,10988.240558886364,-0.0,10754.583333333334,20.0,33.657225553029114,23.56005788712038,200.0
2030-09-05 18:00:00,-0.0,10988.240558886364,-0.0,10754.583333333334,20.0,33.657225553029114,23.56005788712038,200.0
2030-09-05 19:00:00,-0.0,10988.240558886364,-0.0,10754.583333333334,20.0,33.657225553029114,23.56005788712038,200.0
2030-09-05 20:00:00,-0.0,10988.240558886364,-0.0,10754.583333333334,20.0,33.657225553029114,23.56005788712038,200.0
2030-09-05 21:00:00,-0.0,10988.240558886364,-0.0,10754.583333333334,20.0,33.657225553029114,23.56005788712038,200.0
2030-09-05 22:00:00,-0.0,10988.240558886364,-0.0,10754.583333333334,20.0,33.657225553029114,23.56005788712038,200.0
2030-09-05 23:00:00,-0.0,10988.240558886364,-0.0,10754.583333333334,20.0,33.657225553029114,23.56005788712038,200.0
2030-09-06 00:00:00,-0.0,10988.240558886364,-0.0,10754.583333333334,20.0,33.657225553029114,23.56005788712038,200.0
2030-09-06 01:00:00,3041.471342139295,7946.769216747069,-0.0,10754.583333333334,20.0,33.657225553029114,23.56005788712038,200.0
2030-09-06 02:00:00,10988.240558886364,-0.0,-0.0,10754.583333333334,20.0,33.657225553029114,23.56005788712038,200.0
2030-09-06 03:00:00,10988.240558886364,-0.0,-0.0,10754.583333333334,20.0,33.657225553029114,23.56005788712038,200.0
2030-09-06 04:00:00,10988.240558886364,-0.0,-0.0,10754.583333333334,20.0,33.657225553029114,23.56005788712038,200.0
2030-09-06 05:00:00,10988.240558886364,-0.0,-0.0,10754.583333333334,20.0,33.657225553029114,23.56005788712038,200.0
2030-09-06 06:00:00,10988.240558886364,-0.0,-0.0,10754.583333333334,20.0,33.657225553029114,23.56005788712038,200.0
2030-09-06 07:00:00,10988.240558886364,-0.0,-0.0,10754.583333333334,20.0,33.657225553029114,23.56005788712038,200.0
2030-09-06 08:00:00,10988.240558886364,-0.0,-0.0,10754.583333333334,20.0,33.657225553029114,23.56005788712038,200.0
2030-09-06 09:00:00,10988.240558886364,-0.0,-0.0,10754.583333333334,20.0,33.657225553029114,23.56005788712038,200.0
2030-09-06 10:00:00,10988.240558886364,-0.0,-0.0,10754.583333333334,20.0,33.657225553029114,23.56005788712038,200.0
2030-09-06 11:00:00,10988.240558886364,-0.0,-0.0,10754.583333333334,20.0,33.657225553029114,23.56005788712038,200.0
2030-09-06 12:00:00,8619.06186495474,2369.1786939316244,-0.0,10754.583333333334,20.0,33.657225553029114,23.56005788712038,200.0
2030-09-06 13:00:00,-0.0,10988.240558886364,-0.0,10754.583333333334,20.0,33.657225553029114,23.56005788712038,200.0
2030-09-06 14:00:00,-0.0,10988.240558886364,-0.0,10754.583333333334,20.0,33.657225553029114,23.56005788712038,200.0
2030-09-06 15:00:00,-0.0,10988.240558886364,-0.0,10754.583333333334,20.0,33.657225553029114,23.56005788712038,200.0
2030-09-06 16:00:00,-0.0,10988.240558886364,-0.0,10754.583333333334,20.0,33.657225553029114,23.56005788712038,200.0
2030-09-06 17:00:00,-0.0,10988.240558886364,-0.0,10754.583333333334,20.0,33.657225553029114,23.56005788712038,200.0
2030-09-06 18:00:00,-0.0,10988.240558886364,-0.0,10754.583333333334,20.0,33.657225553029114,23.56005788712038,200.0
2030-09-06 19:00:00,-0.0,10988.240558886364,-0.0,10754.583333333334,20.0,33.657225553029114,23.56005788712038,200.0
2030-09-06 20:00:00,-0.0,10988.240558886364,-0.0,10754.583333333334,20.0,33.657225553029114,23.56005788712038,200.0
2030-09-06 21:00:00,-0.0,10988.240558886364,-0.0,10754.583333333334,20.0,33.657225553029114,23.56005788712038,200.0
2030-09-06 22:00:00,-0.0,10988.240558886364,-0.0,10754.583333333334,20.0,33.657225553029114,23.56005788712038,200.0
2030-09-06 23:00:00,-0.0,10988.240558886364,-0.0,10754.583333333334,20.0,33.657225553029114,23.56005788712038,200.0
2030-09-07 00:00:00,-0.0,10988.240558886364,-0.0,10754.583333333334,20.0,33.657225553029114,23.56005788712038,200.0
2030-09-07 01:00:00,-0.0,10988.240558886364,-0.0,10754.583333333334,20.0,33.657225553029114,23.56005788712038,200.0
2030-09-07 02:00:00,10988.240558886364,-0.0,-0.0,10754.583333333334,20.0,33.657225553029114,23.56005788712038,200.0
2030-09-07 03:00:00,10988.240558886364,-0.0,-0.0,10754.583333333334,20.0,33.657225553029114,23.56005788712038,200.0
2030-09-07 04:00:00,10988.240558886364,-0.0,-0.0,10754.583333333334,20.0,33.657225553029114,23.56005788712038,200.0
2030-09-07 05:00:00,10988.240558886364,-0.0,-0.0,10754.583333333334,20.0,33.657225553029114,23.56005788712038,200.0
2030-09-07 06:00:00,10988.240558886364,-0.0,-0.0,10754.583333333334,20.0,33.657225553029114,23.56005788712038,200.0
2030-09-07 07:00:00,10988.240558886364,-0.0,-0.0,10754.583333333334,20.0,33.657225553029114,23.56005788712038,200.0
2030-09-07 08:00:00,10988.240558886364,-0.0,-0.0,10754.583333333334,20.0,33.657225553029114,23.56005788712038,200.0
2030-09-07 09:00:00,10988.240558886364,-0.0,-0.0,10754.583333333334,20.0,33.657225553029114,23.56005788712038,200.0
2030-09-07 10:00:00,-0.0,10988.240558886364,-0.0,10754.583333333334,20.0,33.657225553029114,23.56005788712038,200.0
2030-09-07 11:00:00,10988.240558886364,-0.0,-0.0,10754.583333333334,20.0,33.657225553029114,23.56005788712038,200.0
2030-09-07 12:00:00,9192.002278465425,1796.2382804209392,-0.0,10754.583333333334,20.0,33.657225553029114,23.56005788712038,200.0
2030-09-07 13:00:00,-0.0,10988.240558886364,-0.0,10754.583333333334,20.0,33.657225553029114,23.56005788712038,200.0
2030-09-07 14:00:00,-0.0,10988.240558886364,-0.0,10754.583333333334,20.0,33.657225553029114,23.56005788712038,200.0
2030-09-07 15:00:00,-0.0,10988.240558886364,-0.0,10754.583333333334,20.0,33.657225553029114,23.56005788712038,200.0
2030-09-07 16:00:00,-0.0,10988.240558886364,-0.0,10754.583333333334,20.0,33.657225553029114,23.56005788712038,200.0
2030-09-07 17:00:00,-0.0,10988.240558886364,-0.0,10754.583333333334,20.0,33.657225553029114,23.56005788712038,200.0
2030-09-07 18:00:00,-0.0,10988.240558886364,-0.0,10754.583333333334,20.0,33.657225553029114,23.56005788712038,200.0
2030-09-07 19:00:00,-0.0,10988.240558886364,-0.0,10754.583333333334,20.0,33.657225553029114,23.56005788712038,200.0
2030-09-07 20:00:00,-0.0,10988.240558886364,-0.0,10754.583333333334,20.0,33.657225553029114,23.56005788712038,200.0
2030-09-07 21:00:00,-0.0,10988.240558886364,-0.0,10754.583333333334,20.0,33.657225553029114,23.56005788712038,200.0
2030-09-07 22:00:00,-0.0,10988.240558886364,-0.0,10754.583333333334,20.0,33.657225553029114,23.56005788712038,200.0
2030-09-07 23:00:00,-0.0,10988.240558886364,-0.0,10754.583333333334,20.0,33.657225553029114,23.56005788712038,200.0
2030-09-08 00:00:00,-0.0,10988.240558886364,-0.0,10754.583333333334,20.0,33.657225553029114,23.56005788712038,200.0
2030-09-08 01:00:00,-0.0,10988.240558886364,-0.0,10754.583333333334,20.0,33.657225553029114,23.56005788712038,200.0
2030-09-08 02:00:00,10988.240558886364,-0.0,-0.0,10754.583333333334,20.0,33.657225553029114,23.56005788712038,200.0
2030-09-08 03:00:00,10988.240558886364,-0.0,-0.0,10754.583333333334,20.0,33.657225553029114,23.56005788712038,200.0
2030-09-08 04:00:00,10988.240558886364,-0.0,-0.0,10754.583333333334,20.0,33.657225553029114,23.56005788712038,200.0
2030-09-08 05:00:00,10988.240558886364,-0.0,-0.0,10754.583333333334,20.0,33.657225553029114,23.56005788712038,200.0
2030-09-08 06:00:00,10988.240558886364,-0.0,-0.0,10754.583333333334,20.0,33.657225553029114,23.56005788712038,200.0
2030-09-08 07:00:00,10988.240558886364,-0.0,-0.0,10754.583333333334,20.0,33.657225553029114,23.56005788712038,200.0
2030-09-08 08:00:00,10988.240558886364,-0.0,-0.0,10754.583333333334,20.0,33.657225553029114,23.56005788712038,200.0
2030-09-08 09:00:00,10988.240558886364,-0.0,-0.0,10754.583333333334,20.0,33.657225553029114,23.56005788712038,200.0
2030-09-08 10:00:00,10988.240558886364,-0.0,-0.0,10754.583333333334,20.0,33.657225553029114,23.56005788712038,200.0
2030-09-08 11:00:00,10988.240558886364,-0.0,-0.0,10754.583333333334,20.0,33.657225553029114,23.56005788712038,200.0
2030-09-08 12:00:00,9250.232157152535,1738.0084017338286,-0.0,10754.583333333334,20.0,33.657225553029114,23.56005788712038,200.0
2030-09-08 13:00:00,-0.0,10988.240558886364,-0.0,10754.583333333334,20.0,33.657225553029114,23.56005788712038,200.0
2030-09-08 14:00:00,-0.0,10988.240558886364,-0.0,10754.583333333334,20.0,33.657225553029114,23.56005788712038,200.0
2030-09-08 15:00:00,-0.0,10988.240558886364,-0.0,10754.583333333334,20.0,33.657225553029114,23.56005788712038,200.0
2030-09-08 16:00:00,-0.0,10988.240558886364,-0.0,10754.583333333334,20.0,33.657225553029114,23.56005788712038,200.0
2030-09-08 17:00:00,-0.0,10988.240558886364,-0.0,10754.583333333334,20.0,33.657225553029114,23.56005788712038,200.0
2030-09-08 18:00:00,-0.0,10988.240558886364,-0.0,10754.583333333334,20.0,33.657225553029114,23.56005788712038,200.0
2030-09-08 19:00:00,-0.0,10988.240558886364,-0.0,10754.583333333334,20.0,33.657225553029114,23.56005788712038,200.0
2030-09-08 20:00:00,-0.0,10988.240558886364,-0.0,10754.583333333334,20.0,33.657225553029114,23.56005788712038,200.0
2030-09-08 21:00:00,-0.0,10988.240558886364,-0.0,10754.583333333334,20.0,33.657225553029114,23.56005788712038,200.0
2030-09-08 22:00:00,-0.0,10988.240558886364,-0.0,10754.583333333334,20.0,33.657225553029114,23.56005788712038,200.0
2030-09-08 23:00:00,-0.0,10988.240558886364,-0.0,10754.583333333334,20.0,33.657225553029114,23.56005788712038,200.0
2030-09-09 00:00:00,-0.0,10988.240558886364,-0.0,10754.583333333334,20.0,33.657225553029114,23.56005788712038,200.0
2030-09-09 01:00:00,3038.3518843524853,7949.888674533879,-0.0,10754.583333333334,20.0,33.657225553029114,23.56005788712038,200.0
2030-09-09 02:00:00,10988.240558886364,-0.0,-0.0,10754.583333333334,20.0,33.657225553029114,23.56005788712038,200.0
2030-09-09 03:00:00,10988.240558886364,-0.0,-0.0,10754.583333333334,20.0,33.657225553029114,23.56005788712038,200.0
2030-09-09 04:00:00,10988.240558886364,-0.0,-0.0,10754.583333333334,20.0,33.657225553029114,23.56005788712038,200.0
2030-09-09 05:00:00,10988.240558886364,-0.0,-0.0,10754.583333333334,20.0,33.657225553029114,23.56005788712038,200.0
2030-09-09 06:00:00,10988.240558886364,-0.0,-0.0,10754.583333333334,20.0,33.657225553029114,23.56005788712038,200.0
2030-09-09 07:00:00,10988.240558886364,-0.0,-0.0,10754.583333333334,20.0,33.657225553029114,23.56005788712038,200.0
2030-09-09 08:00:00,10988.240558886364,-0.0,-0.0,10754.583333333334,20.0,33.657225553029114,23.56005788712038,200.0
2030-09-09 09:00:00,10988.240558886364,-0.0,-0.0,10754.583333333334,20.0,33.657225553029114,23.56005788712038,200.0
2030-09-09 10:00:00,10988.240558886364,-0.0,-0.0,10754.583333333334,20.0,33.657225553029114,23.56005788712038,200.0
2030-09-09 11:00:00,10988.240558886364,-0.0,-0.0,10754.583333333334,20.0,33.657225553029114,23.56005788712038,200.0
2030-09-09 12:00:00,8646.097165773755,2342.1433931126085,-0.0,10754.583333333334,20.0,33.657225553029114,23.56005788712038,200.0
2030-09-09 13:00:00,-0.0,10988.240558886364,-0.0,10754.583333333334,20.0,33.657225553029114,23.56005788712038,200.0
2030-09-09 14:00:00,-0.0,10988.240558886364,-0.0,10754.583333333334,20.0,33.657225553029114,23.56005788712038,200.0
2030-09-09 15:00:00,-0.0,10988.240558886364,-0.0,10754.583333333334,20.0,33.657225553029114,23.56005788712038,200.0
2030-09-09 16:00:00,-0.0,10988.240558886364,-0.0,10754.583333333334,20.0,33.657225553029114,23.56005788712038,200.0
2030-09-09 17:00:00,-0.0,10988.240558886364,-0.0,10754.583333333334,20.0,33.657225553029114,23.56005788712038,200.0
2030-09-09 18:00:00,-0.0,10988.240558886364,-0.0,10754.583333333334,20.0,33.657225553029114,23.56005788712038,200.0
2030-09-09 19:00:00,-0.0,10988.240558886364,-0.0,10754.583333333334,20.0,33.657225553029114,23.56005788712038,200.0
2030-09-09 20:00:00,-0.0,10988.240558886364,-0.0,10754.583333333334,20.0,33.657225553029114,23.56005788712038,200.0
2030-09-09 21:00:00,-0.0,10988.240558886364,-0.0,10754.583333333334,20.0,33.657225553029114,23.56005788712038,200.0
2030-09-09 22:00:00,-0.0,10988.240558886364,-0.0,10754.583333333334,20.0,33.657225553029114,23.56005788712038,200.0
2030-09-09 23:00:00,-0.0,10988.240558886364,-0.0,10754.583333333334,20.0,33.657225553029114,23.56005788712038,200.0
2030-09-10 00:00:00,-0.0,10988.240558886364,-0.0,10754.583333333334,20.0,33.657225553029114,23.56005788712038,200.0
2030-09-10 01:00:00,2894.856826159247,8093.383732727118,-0.0,10754.583333333334,20.0,33.657225553029114,23.56005788712038,200.0
2030-09-10 02:00:00,10988.240558886364,-0.0,-0.0,10754.583333333334,20.0,33.657225553029114,23.56005788712038,200.0
2030-09-10 03:00:00,10988.240558886364,-0.0,-0.0,10754.583333333334,20.0,33.657225553029114,23.56005788712038,200.0
2030-09-10 04:00:00,10988.240558886364,-0.0,-0.0,10754.583333333334,20.0,33.657225553029114,23.56005788712038,200.0
2030-09-10 05:00:00,10988.240558886364,-0.0,-0.0,10754.583333333334,20.0,33.657225553029114,23.56005788712038,200.0
2030-09-10 06:00:00,10988.240558886364,-0.0,-0.0,10754.583333333334,20.0,33.657225553029114,23.56005788712038,200.0
2030-09-10 07:00:00,10988.240558886364,-0.0,-0.0,10754.583333333334,20.0,33.657225553029114,23.56005788712038,200.0
2030-09-10 08:00:00,10988.240558886364,-0.0,-0.0,10754.583333333334,20.0,33.657225553029114,23.56005788712038,200.0
2030-09-10 09:00:00,10988.240558886364,-0.0,-0.0,10754.583333333334,20.0,33.657225553029114,23.56005788712038,200.0
2030-09-10 10:00:00,10988.240558886364,-0.0,-0.0,10754.583333333334,20.0,33.657225553029114,23.56005788712038,200.0
2030-09-10 11:00:00,10988.240558886364,-0.0,-0.0,10754.583333333334,20.0,33.657225553029114,23.56005788712038,200.0
2030-09-10 12:00:00,8115.7893420161345,-0.0,2638.7939913171995,10754.583333333334,20.0,-0.0,-0.0,0.0
2030-09-10 13:00:00,72.7873483588891,-0.0,10681.795984974446,10754.583333333334,20.0,-0.0,-0.0,0.0
2030-09-10 14:00:00,-0.0,-0.0,10754.583333333334,10754.583333333334,20.0,-0.0,-0.0,0.0
2030-09-10 15:00:00,-0.0,10763.474353910022,-0.0,10754.583333333334,20.0,-0.0,-0.0,8.891020576687879
2030-09-10 16:00:00,-0.0,10988.240558886364,-0.0,10754.583333333334,20.0,33.657225553029114,23.56005788712038,200.0
2030-09-10 17:00:00,-0.0,10988.240558886364,-0.0,10754.583333333334,20.0,33.657225553029114,23.56005788712038,200.0
2030-09-10 18:00:00,-0.0,10763.474353910022,-0.0,10754.583333333334,20.0,-0.0,-0.0,8.891020576687879
2030-09-10 19:00:00,-0.0,9346.303546529733,1408.2797868036014,10754.583333333334,20.0,-0.0,-0.0,0.0
2030-09-10 20:00:00,-0.0,10988.240558886364,-0.0,10754.583333333334,20.0,33.657225553029114,23.56005788712038,200.0
2030-09-10 21:00:00,-0.0,10988.240558886364,-0.0,10754.583333333334,20.0,33.657225553029114,23.56005788712038,200.0
2030-09-10 22:00:00,-0.0,10988.240558886364,-0.0,10754.583333333334,20.0,33.657225553029114,23.56005788712038,200.0
2030-09-10 23:00:00,-0.0,10988.240558886364,-0.0,10754.583333333334,20.0,33.657225553029114,23.56005788712038,200.0
2030-09-11 00:00:00,-0.0,10988.240558886364,-0.0,10754.583333333334,20.0,33.657225553029114,23.56005788712038,200.0
2030-09-11 01:00:00,2912.533753617834,8075.70680526853,-0.0,10754.583333333334,20.0,33.657225553029114,23.56005788712038,200.0
2030-09-11 02:00:00,10988.240558886364,-0.0,-0.0,10754.583333333334,20.0,33.657225553029114,23.56005788712038,200.0
2030-09-11 03:00:00,10988.240558886364,-0.0,-0.0,10754.583333333334,20.0,33.657225553029114,23.56005788712038,200.0
2030-09-11 04:00:00,10988.240558886364,-0.0,-0.0,10754.583333333334,20.0,33.657225553029114,23.56005788712038,200.0
2030-09-11 05:00:00,10988.240558886364,-0.0,-0.0,10754.583333333334,20.0,33.657225553029114,23.56005788712038,200.0
2030-09-11 06:00:00,10988.240558886364,-0.0,-0.0,10754.583333333334,20.0,33.657225553029114,23.56005788712038,200.0
2030-09-11 07:00:00,10988.240558886364,-0.0,-0.0,10754.583333333334,20.0,33.657225553029114,23.56005788712038,200.0
2030-09-11 08:00:00,10988.240558886364,-0.0,-0.0,10754.583333333334,20.0,33.657225553029114,23.56005788712038,200.0
2030-09-11 09:00:00,10988.240558886364,-0.0,-0.0,10754.583333333334,20.0,33.657225553029114,23.56005788712038,200.0
2030-09-11 10:00:00,10988.240558886364,-0.0,-0.0,10754.583333333334,20.0,33.657225553029114,23.56005788712038,200.0
2030-09-11 11:00:00,10988.240558886364,-0.0,-0.0,10754.583333333334,20.0,33.657225553029114,23.56005788712038,200.0
2030-09-11 12:00:00,-0.0,10988.240558886364,-0.0,10754.583333333334,20.0,33.657225553029114,23.56005788712038,200.0
2030-09-11 13:00:00,-0.0,10988.240558886364,-0.0,10754.583333333334,20.0,33.657225553029114,23.56005788712038,200.0
2030-09-11 14:00:00,-0.0,10988.240558886364,-0.0,10754.583333333334,20.0,33.657225553029114,23.56005788712038,200.0
2030-09-11 15:00:00,-0.0,10988.240558886364,-0.0,10754.583333333334,20.0,33.657225553029114,23.56005788712038,200.0
2030-09-11 16:00:00,-0.0,10988.240558886364,-0.0,10754.583333333334,20.0,33.657225553029114,23.56005788712038,200.0
2030-09-11 17:00:00,-0.0,9346.303546529733,1408.2797868036014,10754.583333333334,20.0,-0.0,-0.0,0.0
2030-09-11 18:00:00,-0.0,2462.9024821111293,8291.680851222205,10754.583333333334,20.0,-0.0,-0.0,0.0
2030-09-11 19:00:00,-0.0,10988.240558886364,-0.0,10754.583333333334,20.0,33.657225553029114,23.56005788712038,200.0
2030-09-11 20:00:00,-0.0,10988.240558886364,-0.0,10754.583333333334,20.0,33.657225553029114,23.56005788712038,200.0
2030-09-11 21:00:00,-0.0,10988.240558886364,-0.0,10754.583333333334,20.0,33.657225553029114,23.56005788712038,200.0
2030-09-11 22:00:00,-0.0,10988.240558886364,-0.0,10754.583333333334,20.0,33.657225553029114,23.56005788712038,200.0
2030-09-11 23:00:00,-0.0,10988.240558886364,-0.0,10754.583333333334,20.0,33.657225553029114,23.56005788712038,200.0
2030-09-12 00:00:00,-0.0,10988.240558886364,-0.0,10754.583333333334,20.0,33.657225553029114,23.56005788712038,200.0
2030-09-12 01:00:00,2634.9020105917857,8353.338548294578,-0.0,10754.583333333334,20.0,33.657225553029114,23.56005788712038,200.0
2030-09-12 02:00:00,10988.240558886364,-0.0,-0.0,10754.583333333334,20.0,33.657225553029114,23.56005788712038,200.0
2030-09-12 03:00:00,10988.240558886364,-0.0,-0.0,10754.583333333334,20.0,33.657225553029114,23.56005788712038,200.0
2030-09-12 04:00:00,10988.240558886364,-0.0,-0.0,10754.583333333334,20.0,33.657225553029114,23.56005788712038,200.0
2030-09-12 05:00:00,10988.240558886364,-0.0,-0.0,10754.583333333334,20.0,33.657225553029114,23.56005788712038,200.0
2030-09-12 06:00:00,10988.240558886364,-0.0,-0.0,10754.583333333334,20.0,33.657225553029114,23.56005788712038,200.0
2030-09-12 07:00:00,10988.240558886364,-0.0,-0.0,10754.583333333334,20.0,33.657225553029114,23.56005788712038,200.0
2030-09-12 08:00:00,10988.240558886364,-0.0,-0.0,10754.583333333334,20.0,33.657225553029114,23.56005788712038,200.0
2030-09-12 09:00:00,10988.240558886364,-0.0,-0.0,10754.583333333334,20.0,33.657225553029114,23.56005788712038,200.0
2030-09-12 10:00:00,10988.240558886364,-0.0,-0.0,10754.583333333334,20.0,33.657225553029114,23.56005788712038,200.0
2030-09-12 11:00:00,10988.240558886364,-0.0,-0.0,10754.583333333334,20.0,33.657225553029114,23.56005788712038,200.0
2030-09-12 12:00:00,5114.870951105364,5873.369607781,-0.0,10754.583333333334,20.0,33.657225553029114,23.56005788712038,200.0
2030-09-12 13:00:00,-0.0,10988.240558886364,-0.0,10754.583333333334,20.0,33.657225553029114,23.56005788712038,200.0
2030-09-12 14:00:00,-0.0,10988.240558886364,-0.0,10754.583333333334,20.0,33.657225553029114,23.56005788712038,200.0
2030-09-12 15:00:00,-0.0,10988.240558886364,-0.0,10754.583333333334,20.0,33.657225553029114,23.56005788712038,200.0
2030-09-12 16:00:00,-0.0,10988.240558886364,-0.0,10754.583333333334,20.0,33.657225553029114,23.56005788712038,200.0
2030-09-12 17:00:00,-0.0,10988.240558886364,-0.0,10754.583333333334,20.0,33.657225553029114,23.56005788712038,200.0
2030-09-12 18:00:00,-0.0,10988.240558886364,-0.0,10754.583333333334,20.0,33.657225553029114,23.56005788712038,200.0
2030-09-12 19:00:00,-0.0,5094.791124388843,5659.792208944491,10754.583333333334,20.0,-0.0,-0.0,0.0
2030-09-12 20:00:00,-0.0,-0.0,10754.583333333334,10754.583333333334,20.0,-0.0,-0.0,0.0
2030-09-12 21:00:00,-0.0,-0.0,10754.583333333334,10754.583333333334,20.0,-0.0,-0.0,0.0
2030-09-12 22:00:00,-0.0,-0.0,10754.583333333334,10754.583333333334,20.0,-0.0,-0.0,0.0
2030-09-12 23:00:00,-0.0,-0.0,10754.583333333334,10754.583333333334,20.0,-0.0,-0.0,0.0
2030-09-13 00:00:00,-0.0,-0.0,10754.583333333334,10754.583333333334,20.0,-0.0,-0.0,0.0
2030-09-13 01:00:00,2334.3942437957903,-0.0,8420.189089537544,10754.583333333334,20.0,-0.0,-0.0,0.0
2030-09-13 02:00:00,10988.240558886364,-0.0,-0.0,10754.583333333334,20.0,33.657225553029114,23.56005788712038,200.0
2030-09-13 03:00:00,10988.240558886364,-0.0,-0.0,10754.583333333334,20.0,33.657225553029114,23.56005788712038,200.0
2030-09-13 04:00:00,10988.240558886364,-0.0,-0.0,10754.583333333334,20.0,33.657225553029114,23.56005788712038,200.0
2030-09-13 05:00:00,10988.240558886364,-0.0,-0.0,10754.583333333334,20.0,33.657225553029114,23.56005788712038,200.0
2030-09-13 06:00:00,10988.240558886364,-0.0,-0.0,10754.583333333334,20.0,33.657225553029114,23.56005788712038,200.0
2030-09-13 07:00:00,10988.240558886364,-0.0,-0.0,10754.583333333334,20.0,33.657225553029114,23.56005788712038,200.0
2030-09-13 08:00:00,10988.240558886364,-0.0,-0.0,10754.583333333334,20.0,33.657225553029114,23.56005788712038,200.0
2030-09-13 09:00:00,10988.240558886364,-0.0,-0.0,10754.583333333334,20.0,33.657225553029114,23.56005788712038,200.0
2030-09-13 10:00:00,10988.240558886364,-0.0,-0.0,10754.583333333334,20.0,33.657225553029114,23.56005788712038,200.0
2030-09-13 11:00:00,10988.240558886364,-0.0,-0.0,10754.583333333334,20.0,33.657225553029114,23.56005788712038,200.0
2030-09-13 12:00:00,7009.42164696102,-0.0,3745.161686372314,10754.583333333334,20.0,-0.0,-0.0,0.0
2030-09-13 13:00:00,-0.0,-0.0,10754.583333333334,10754.583333333334,20.0,-0.0,-0.0,0.0
2030-09-13 14:00:00,-0.0,10988.240558886364,-0.0,10754.583333333334,20.0,33.657225553029114,23.56005788712038,200.0
2030-09-13 15:00:00,-0.0,10988.240558886364,-0.0,10754.583333333334,20.0,33.657225553029114,23.56005788712038,200.0
2030-09-13 16:00:00,-0.0,10988.240558886364,-0.0,10754.583333333334,20.0,33.657225553029114,23.56005788712038,200.0
2030-09-13 17:00:00,-0.0,10763.474353910022,-0.0,10754.583333333334,20.0,-0.0,-0.0,8.891020576687879
2030-09-13 18:00:00,-0.0,-0.0,10754.583333333334,10754.583333333334,20.0,-0.0,-0.0,0.0
2030-09-13 19:00:00,-0.0,-0.0,10754.583333333334,10754.583333333334,20.0,-0.0,-0.0,0.0
2030-09-13 20:00:00,-0.0,-0.0,10754.583333333334,10754.583333333334,20.0,-0.0,-0.0,0.0
2030-09-13 21:00:00,-0.0,-0.0,10754.583333333334,10754.583333333334,20.0,-0.0,-0.0,0.0
2030-09-13 22:00:00,-0.0,-0.0,10754.583333333334,10754.583333333334,20.0,-0.0,-0.0,0.0
2030-09-13 23:00:00,-0.0,1045.7316747308414,9708.851658602493,10754.583333333334,20.0,-0.0,-0.0,0.0
2030-09-14 00:00:00,-0.0,5094.791124388843,5659.792208944491,10754.583333333334,20.0,-0.0,-0.0,0.0
2030-09-14 01:00:00,2605.78707124823,5094.791124388843,3054.005137696261,10754.583333333334,20.0,-0.0,-0.0,0.0
2030-09-14 02:00:00,10988.240558886364,-0.0,-0.0,10754.583333333334,20.0,33.657225553029114,23.56005788712038,200.0
2030-09-14 03:00:00,10988.240558886364,-0.0,-0.0,10754.583333333334,20.0,33.657225553029114,23.56005788712038,200.0
2030-09-14 04:00:00,10988.240558886364,-0.0,-0.0,10754.583333333334,20.0,33.657225553029114,23.56005788712038,200.0
2030-09-14 05:00:00,10988.240558886364,-0.0,-0.0,10754.583333333334,20.0,33.657225553029114,23.56005788712038,200.0
2030-09-14 06:00:00,10988.240558886364,-0.0,-0.0,10754.583333333334,20.0,33.657225553029114,23.56005788712038,200.0
2030-09-14 07:00:00,10988.240558886364,-0.0,-0.0,10754.583333333334,20.0,33.657225553029114,23.56005788712038,200.0
2030-09-14 08:00:00,10988.240558886364,-0.0,-0.0,10754.583333333334,20.0,33.657225553029114,23.56005788712038,200.0
2030-09-14 09:00:00,10988.240558886364,-0.0,-0.0,10754.583333333334,20.0,33.657225553029114,23.56005788712038,200.0
2030-09-14 10:00:00,10988.240558886364,-0.0,-0.0,10754.583333333334,20.0,33.657225553029114,23.56005788712038,200.0
2030-09-14 11:00:00,10988.240558886364,-0.0,-0.0,10754.583333333334,20.0,33.657225553029114,23.56005788712038,200.0
2030-09-14 12:00:00,6944.95285270029,4043.2877061860736,-0.0,10754.583333333334,20.0,33.657225553029114,23.56005788712038,200.0
2030-09-14 13:00:00,-0.0,10988.240558886364,-0.0,10754.583333333334,20.0,33.657225553029114,23.56005788712038,200.0
2030-09-14 14:00:00,-0.0,10988.240558886364,-0.0,10754.583333333334,20.0,33.657225553029114,23.56005788712038,200.0
2030-09-14 15:00:00,-0.0,10988.240558886364,-0.0,10754.583333333334,20.0,33.657225553029114,23.56005788712038,200.0
2030-09-14 16:00:00,-0.0,10988.240558886364,-0.0,10754.583333333334,20.0,33.657225553029114,23.56005788712038,200.0
2030-09-14 17:00:00,-0.0,10988.240558886364,-0.0,10754.583333333334,20.0,33.657225553029114,23.56005788712038,200.0
2030-09-14 18:00:00,-0.0,10988.240558886364,-0.0,10754.583333333334,20.0,33.657225553029114,23.56005788712038,200.0
2030-09-14 19:00:00,-0.0,10988.240558886364,-0.0,10754.583333333334,20.0,33.657225553029114,23.56005788712038,200.0
2030-09-14 20:00:00,-0.0,10988.240558886364,-0.0,10754.583333333334,20.0,33.657225553029114,23.56005788712038,200.0
2030-09-14 21:00:00,-0.0,7929.132739149419,2825.450594183915,10754.583333333334,20.0,-0.0,-0.0,0.0
2030-09-14 22:00:00,-0.0,6511.96193176913,4242.621401564204,10754.583333333334,20.0,-0.0,-0.0,0.0
2030-09-14 23:00:00,-0.0,6511.96193176913,4242.621401564204,10754.583333333334,20.0,-0.0,-0.0,0.0
2030-09-15 00:00:00,-0.0,5094.791124388843,5659.792208944491,10754.583333333334,20.0,-0.0,-0.0,0.0
2030-09-15 01:00:00,2445.654904858674,5094.791124388843,3214.137304085817,10754.583333333334,20.0,-0.0,-0.0,0.0
2030-09-15 02:00:00,10988.240558886364,-0.0,-0.0,10754.583333333334,20.0,33.657225553029114,23.56005788712038,200.0
2030-09-15 03:00:00,10988.240558886364,-0.0,-0.0,10754.583333333334,20.0,33.657225553029114,23.56005788712038,200.0
2030-09-15 04:00:00,10988.240558886364,-0.0,-0.0,10754.583333333334,20.0,33.657225553029114,23.56005788712038,200.0
2030-09-15 05:00:00,10988.240558886364,-0.0,-0.0,10754.583333333334,20.0,33.657225553029114,23.56005788712038,200.0
2030-09-15 06:00:00,10988.240558886364,-0.0,-0.0,10754.583333333334,20.0,33.657225553029114,23.56005788712038,200.0
2030-09-15 07:00:00,10988.240558886364,-0.0,-0.0,10754.583333333334,20.0,33.657225553029114,23.56005788712038,200.0
2030-09-15 08:00:00,10988.240558886364,-0.0,-0.0,10754.583333333334,20.0,33.657225553029114,23.56005788712038,200.0
2030-09-15 09:00:00,10988.240558886364,-0.0,-0.0,10754.583333333334,20.0,33.657225553029114,23.56005788712038,200.0
2030-09-15 10:00:00,10988.240558886364,-0.0,-0.0,10754.583333333334,20.0,33.657225553029114,23.56005788712038,200.0
2030-09-15 11:00:00,10988.240558886364,-0.0,-0.0,10754.583333333334,20.0,33.657225553029114,23.56005788712038,200.0
2030-09-15 12:00:00,6284.667621158939,4703.572937727425,-0.0,10754.583333333334,20.0,33.657225553029114,23.56005788712038,200.0
2030-09-15 13:00:00,-0.0,10988.240558886364,-0.0,10754.583333333334,20.0,33.657225553029114,23.56005788712038,200.0
2030-09-15 14:00:00,-0.0,10988.240558886364,-0.0,10754.583333333334,20.0,33.657225553029114,23.56005788712038,200.0
2030-09-15 15:00:00,-0.0,10988.240558886364,-0.0,10754.583333333334,20.0,33.657225553029114,23.56005788712038,200.0
2030-09-15 16:00:00,-0.0,10988.240558886364,-0.0,10754.583333333334,20.0,33.657225553029114,23.56005788712038,200.0
2030-09-15 17:00:00,-0.0,10988.240558886364,-0.0,10754.583333333334,20.0,33.657225553029114,23.56005788712038,200.0
2030-09-15 18:00:00,-0.0,10988.240558886364,-0.0,10754.583333333334,20.0,33.657225553029114,23.56005788712038,200.0
2030-09-15 19:00:00,-0.0,10988.240558886364,-0.0,10754.583333333334,20.0,33.657225553029114,23.56005788712038,200.0
2030-09-15 20:00:00,-0.0,10988.240558886364,-0.0,10754.583333333334,20.0,33.657225553029114,23.56005788712038,200.0
2030-09-15 21:00:00,-0.0,10988.240558886364,-0.0,10754.583333333334,20.0,33.657225553029114,23.56005788712038,200.0
2030-09-15 22:00:00,-0.0,10988.240558886364,-0.0,10754.583333333334,20.0,33.657225553029114,23.56005788712038,200.0
2030-09-15 23:00:00,-0.0,10988.240558886364,-0.0,10754.583333333334,20.0,33.657225553029114,23.56005788712038,200.0
2030-09-16 00:00:00,-0.0,10988.240558886364,-0.0,10754.583333333334,20.0,33.657225553029114,23.56005788712038,200.0
2030-09-16 01:00:00,2365.588821663896,8622.651737222468,-0.0,10754.583333333334,20.0,33.657225553029114,23.56005788712038,200.0
2030-09-16 02:00:00,10988.240558886364,-0.0,-0.0,10754.583333333334,20.0,33.657225553029114,23.56005788712038,200.0
2030-09-16 03:00:00,10988.240558886364,-0.0,-0.0,10754.583333333334,20.0,33.657225553029114,23.56005788712038,200.0
2030-09-16 04:00:00,10988.240558886364,-0.0,-0.0,10754.583333333334,20.0,33.657225553029114,23.56005788712038,200.0
2030-09-16 05:00:00,10988.240558886364,-0.0,-0.0,10754.583333333334,20.0,33.657225553029114,23.56005788712038,200.0
2030-09-16 06:00:00,10988.240558886364,-0.0,-0.0,10754.583333333334,20.0,33.657225553029114,23.56005788712038,200.0
2030-09-16 07:00:00,10988.240558886364,-0.0,-0.0,10754.583333333334,20.0,33.657225553029114,23.56005788712038,200.0
2030-09-16 08:00:00,10988.240558886364,-0.0,-0.0,10754.583333333334,20.0,33.657225553029114,23.56005788712038,200.0
2030-09-16 09:00:00,10988.240558886364,-0.0,-0.0,10754.583333333334,20.0,33.657225553029114,23.56005788712038,200.0
2030-09-16 10:00:00,10988.240558886364,-0.0,-0.0,10754.583333333334,20.0,33.657225553029114,23.56005788712038,200.0
2030-09-16 11:00:00,10988.240558886364,-0.0,-0.0,10754.583333333334,20.0,33.657225553029114,23.56005788712038,200.0
2030-09-16 12:00:00,6252.433224028574,4735.80733485779,-0.0,10754.583333333334,20.0,33.657225553029114,23.56005788712038,200.0
2030-09-16 13:00:00,-0.0,10988.240558886364,-0.0,10754.583333333334,20.0,33.657225553029114,23.56005788712038,200.0
2030-09-16 14:00:00,-0.0,10988.240558886364,-0.0,10754.583333333334,20.0,33.657225553029114,23.56005788712038,200.0
2030-09-16 15:00:00,-0.0,10988.240558886364,-0.0,10754.583333333334,20.0,33.657225553029114,23.56005788712038,200.0
2030-09-16 16:00:00,-0.0,5094.791124388843,5659.792208944491,10754.583333333334,20.0,-0.0,-0.0,0.0
2030-09-16 17:00:00,-0.0,-0.0,10754.583333333334,10754.583333333334,20.0,-0.0,-0.0,0.0
2030-09-16 18:00:00,-0.0,9346.303546529733,1408.2797868036014,10754.583333333334,20.0,-0.0,-0.0,0.0
2030-09-16 19:00:00,-0.0,10988.240558886364,-0.0,10754.583333333334,20.0,33.657225553029114,23.56005788712038,200.0
2030-09-16 20:00:00,-0.0,10988.240558886364,-0.0,10754.583333333334,20.0,33.657225553029114,23.56005788712038,200.0
2030-09-16 21:00:00,-0.0,10988.240558886364,-0.0,10754.583333333334,20.0,33.657225553029114,23.56005788712038,200.0
2030-09-16 22:00:00,-0.0,10988.240558886364,-0.0,10754.583333333334,20.0,33.657225553029114,23.56005788712038,200.0
2030-09-16 23:00:00,-0.0,10988.240558886364,-0.0,10754.583333333334,20.0,33.657225553029114,23.56005788712038,200.0
2030-09-17 00:00:00,-0.0,10988.240558886364,-0.0,10754.583333333334,20.0,33.657225553029114,23.56005788712038,200.0
2030-09-17 01:00:00,-0.0,10988.240558886364,-0.0,10754.583333333334,20.0,33.657225553029114,23.56005788712038,200.0
2030-09-17 02:00:00,10988.240558886364,-0.0,-0.0,10754.583333333334,20.0,33.657225553029114,23.56005788712038,200.0
2030-09-17 03:00:00,10988.240558886364,-0.0,-0.0,10754.583333333334,20.0,33.657225553029114,23.56005788712038,200.0
2030-09-17 04:00:00,10988.240558886364,-0.0,-0.0,10754.583333333334,20.0,33.657225553029114,23.56005788712038,200.0
2030-09-17 05:00:00,10988.240558886364,-0.0,-0.0,10754.583333333334,20.0,33.657225553029114,23.56005788712038,200.0
2030-09-17 06:00:00,10988.240558886364,-0.0,-0.0,10754.583333333334,20.0,33.657225553029114,23.56005788712038,200.0
2030-09-17 07:00:00,10988.240558886364,-0.0,-0.0,10754.583333333334,20.0,33.657225553029114,23.56005788712038,200.0
2030-09-17 08:00:00,10988.240558886364,-0.0,-0.0,10754.583333333334,20.0,33.657225553029114,23.56005788712038,200.0
2030-09-17 09:00:00,-0.0,10988.240558886364,-0.0,10754.583333333334,20.0,33.657225553029114,23.56005788712038,200.0
2030-09-17 10:00:00,-0.0,10988.240558886364,-0.0,10754.583333333334,20.0,33.657225553029114,23.56005788712038,200.0
2030-09-17 11:00:00,10988.240558886364,-0.0,-0.0,10754.583333333334,20.0,33.657225553029114,23.56005788712038,200.0
2030-09-17 12:00:00,5867.700096988731,5120.540461897633,-0.0,10754.583333333334,20.0,33.657225553029114,23.56005788712038,200.0
2030-09-17 13:00:00,-0.0,10988.240558886364,-0.0,10754.583333333334,20.0,33.657225553029114,23.56005788712038,200.0
2030-09-17 14:00:00,-0.0,10988.240558886364,-0.0,10754.583333333334,20.0,33.657225553029114,23.56005788712038,200.0
2030-09-17 15:00:00,-0.0,10988.240558886364,-0.0,10754.583333333334,20.0,33.657225553029114,23.56005788712038,200.0
2030-09-17 16:00:00,-0.0,10988.240558886364,-0.0,10754.583333333334,20.0,33.657225553029114,23.56005788712038,200.0
2030-09-17 17:00:00,-0.0,10988.240558886364,-0.0,10754.583333333334,20.0,33.657225553029114,23.56005788712038,200.0
2030-09-17 18:00:00,-0.0,10988.240558886364,-0.0,10754.583333333334,20.0,33.657225553029114,23.56005788712038,200.0
2030-09-17 19:00:00,-0.0,10988.240558886364,-0.0,10754.583333333334,20.0,33.657225553029114,23.56005788712038,200.0
2030-09-17 20:00:00,-0.0,10988.240558886364,-0.0,10754.583333333334,20.0,33.657225553029114,23.56005788712038,200.0
2030-09-17 21:00:00,-0.0,10988.240558886364,-0.0,10754.583333333334,20.0,33.657225553029114,23.56005788712038,200.0
2030-09-17 22:00:00,-0.0,10988.240558886364,-0.0,10754.583333333334,20.0,33.657225553029114,23.56005788712038,200.0
2030-09-17 23:00:00,-0.0,10988.240558886364,-0.0,10754.583333333334,20.0,33.657225553029114,23.56005788712038,200.0
2030-09-18 00:00:00,-0.0,10988.240558886364,-0.0,10754.583333333334,20.0,33.657225553029114,23.56005788712038,200.0
2030-09-18 01:00:00,1349.685402426258,9638.555156460106,-0.0,10754.583333333334,20.0,33.657225553029114,23.56005788712038,200.0
2030-09-18 02:00:00,10988.240558886364,-0.0,-0.0,10754.583333333334,20.0,33.657225553029114,23.56005788712038,200.0
2030-09-18 03:00:00,10988.240558886364,-0.0,-0.0,10754.583333333334,20.0,33.657225553029114,23.56005788712038,200.0
2030-09-18 04:00:00,10988.240558886364,-0.0,-0.0,10754.583333333334,20.0,33.657225553029114,23.56005788712038,200.0
2030-09-18 05:00:00,10988.240558886364,-0.0,-0.0,10754.583333333334,20.0,33.657225553029114,23.56005788712038,200.0
2030-09-18 06:00:00,10988.240558886364,-0.0,-0.0,10754.583333333334,20.0,33.657225553029114,23.56005788712038,200.0
2030-09-18 07:00:00,10988.240558886364,-0.0,-0.0,10754.583333333334,20.0,33.657225553029114,23.56005788712038,200.0
2030-09-18 08:00:00,10988.240558886364,-0.0,-0.0,10754.583333333334,20.0,33.657225553029114,23.56005788712038,200.0
2030-09-18 09:00:00,10988.240558886364,-0.0,-0.0,10754.583333333334,20.0,33.657225553029114,23.56005788712038,200.0
2030-09-18 10:00:00,-0.0,10988.240558886364,-0.0,10754.583333333334,20.0,33.657225553029114,23.56005788712038,200.0
2030-09-18 11:00:00,-0.0,10988.240558886364,-0.0,10754.583333333334,20.0,33.657225553029114,23.56005788712038,200.0
2030-09-18 12:00:00,-0.0,10988.240558886364,-0.0,10754.583333333334,20.0,33.657225553029114,23.56005788712038,200.0
2030-09-18 13:00:00,-0.0,10988.240558886364,-0.0,10754.583333333334,20.0,33.657225553029114,23.56005788712038,200.0
2030-09-18 14:00:00,-0.0,10988.240558886364,-0.0,10754.583333333334,20.0,33.657225553029114,23.56005788712038,200.0
2030-09-18 15:00:00,-0.0,10988.240558886364,-0.0,10754.583333333334,20.0,33.657225553029114,23.56005788712038,200.0
2030-09-18 16:00:00,-0.0,10988.240558886364,-0.0,10754.583333333334,20.0,33.657225553029114,23.56005788712038,200.0
2030-09-18 17:00:00,-0.0,10988.240558886364,-0.0,10754.583333333334,20.0,33.657225553029114,23.56005788712038,200.0
2030-09-18 18:00:00,-0.0,9346.303546529733,1408.2797868036014,10754.583333333334,20.0,-0.0,-0.0,0.0
2030-09-18 19:00:00,-0.0,3677.6203170085287,7076.963016324806,10754.583333333334,20.0,-0.0,-0.0,0.0
2030-09-18 20:00:00,-0.0,2462.9024821111293,8291.680851222205,10754.583333333334,20.0,-0.0,-0.0,0.0
2030-09-18 21:00:00,-0.0,5094.791124388843,5659.792208944491,10754.583333333334,20.0,-0.0,-0.0,0.0
2030-09-18 22:00:00,-0.0,9346.303546529733,1408.2797868036014,10754.583333333334,20.0,-0.0,-0.0,0.0
2030-09-18 23:00:00,-0.0,10988.240558886364,-0.0,10754.583333333334,20.0,33.657225553029114,23.56005788712038,200.0
2030-09-19 00:00:00,-0.0,10988.240558886364,-0.0,10754.583333333334,20.0,33.657225553029114,23.56005788712038,200.0
2030-09-19 01:00:00,-0.0,10988.240558886364,-0.0,10754.583333333334,20.0,33.657225553029114,23.56005788712038,200.0
2030-09-19 02:00:00,10988.240558886364,-0.0,-0.0,10754.583333333334,20.0,33.657225553029114,23.56005788712038,200.0
2030-09-19 03:00:00,10988.240558886364,-0.0,-0.0,10754.583333333334,20.0,33.657225553029114,23.56005788712038,200.0
2030-09-19 04:00:00,10988.240558886364,-0.0,-0.0,10754.583333333334,20.0,33.657225553029114,23.56005788712038,200.0
2030-09-19 05:00:00,10988.240558886364,-0.0,-0.0,10754.583333333334,20.0,33.657225553029114,23.56005788712038,200.0
2030-09-19 06:00:00,10988.240558886364,-0.0,-0.0,10754.583333333334,20.0,33.657225553029114,23.56005788712038,200.0
2030-09-19 07:00:00,10988.240558886364,-0.0,-0.0,10754.583333333334,20.0,33.657225553029114,23.56005788712038,200.0
2030-09-19 08:00:00,10988.240558886364,-0.0,-0.0,10754.583333333334,20.0,33.657225553029114,23.56005788712038,200.0
2030-09-19 09:00:00,10988.240558886364,-0.0,-0.0,10754.583333333334,20.0,33.657225553029114,23.56005788712038,200.0
2030-09-19 10:00:00,10988.240558886364,-0.0,-0.0,10754.583333333334,20.0,33.657225553029114,23.56005788712038,200.0
2030-09-19 11:00:00,10988.240558886364,-0.0,-0.0,10754.583333333334,20.0,33.657225553029114,23.56005788712038,200.0
2030-09-19 12:00:00,-0.0,10988.240558886364,-0.0,10754.583333333334,20.0,33.657225553029114,23.56005788712038,200.0
2030-09-19 13:00:00,-0.0,10988.240558886364,-0.0,10754.583333333334,20.0,33.657225553029114,23.56005788712038,200.0
2030-09-19 14:00:00,-0.0,10988.240558886364,-0.0,10754.583333333334,20.0,33.657225553029114,23.56005788712038,200.0
2030-09-19 15:00:00,-0.0,10988.240558886364,-0.0,10754.583333333334,20.0,33.657225553029114,23.56005788712038,200.0
2030-09-19 16:00:00,-0.0,10988.240558886364,-0.0,10754.583333333334,20.0,33.657225553029114,23.56005788712038,200.0
2030-09-19 17:00:00,-0.0,10988.240558886364,-0.0,10754.583333333334,20.0,33.657225553029114,23.56005788712038,200.0
2030-09-19 18:00:00,-0.0,10988.240558886364,-0.0,10754.583333333334,20.0,33.657225553029114,23.56005788712038,200.0
2030-09-19 19:00:00,-0.0,10988.240558886364,-0.0,10754.583333333334,20.0,33.657225553029114,23.56005788712038,200.0
2030-09-19 20:00:00,-0.0,10988.240558886364,-0.0,10754.583333333334,20.0,33.657225553029114,23.56005788712038,200.0
2030-09-19 21:00:00,-0.0,10988.240558886364,-0.0,10754.583333333334,20.0,33.657225553029114,23.56005788712038,200.0
2030-09-19 22:00:00,-0.0,10988.240558886364,-0.0,10754.583333333334,20.0,33.657225553029114,23.56005788712038,200.0
2030-09-19 23:00:00,-0.0,10988.240558886364,-0.0,10754.583333333334,20.0,33.657225553029114,23.56005788712038,200.0
2030-09-20 00:00:00,-0.0,10988.240558886364,-0.0,10754.583333333334,20.0,33.657225553029114,23.56005788712038,200.0
2030-09-20 01:00:00,-0.0,10988.240558886364,-0.0,10754.583333333334,20.0,33.657225553029114,23.56005788712038,200.0
2030-09-20 02:00:00,10988.240558886364,-0.0,-0.0,10754.583333333334,20.0,33.657225553029114,23.56005788712038,200.0
2030-09-20 03:00:00,10988.240558886364,-0.0,-0.0,10754.583333333334,20.0,33.657225553029114,23.56005788712038,200.0
2030-09-20 04:00:00,10988.240558886364,-0.0,-0.0,10754.583333333334,20.0,33.657225553029114,23.56005788712038,200.0
2030-09-20 05:00:00,10988.240558886364,-0.0,-0.0,10754.583333333334,20.0,33.657225553029114,23.56005788712038,200.0
2030-09-20 06:00:00,10988.240558886364,-0.0,-0.0,10754.583333333334,20.0,33.657225553029114,23.56005788712038,200.0
2030-09-20 07:00:00,10988.240558886364,-0.0,-0.0,10754.583333333334,20.0,33.657225553029114,23.56005788712038,200.0
2030-09-20 08:00:00,10988.240558886364,-0.0,-0.0,10754.583333333334,20.0,33.657225553029114,23.56005788712038,200.0
2030-09-20 09:00:00,10988.240558886364,-0.0,-0.0,10754.583333333334,20.0,33.657225553029114,23.56005788712038,200.0
2030-09-20 10:00:00,10988.240558886364,-0.0,-0.0,10754.583333333334,20.0,33.657225553029114,23.56005788712038,200.0
2030-09-20 11:00:00,10988.240558886364,-0.0,-0.0,10754.583333333334,20.0,33.657225553029114,23.56005788712038,200.0
2030-09-20 12:00:00,5388.343417082333,5599.897141804031,-0.0,10754.583333333334,20.0,33.657225553029114,23.56005788712038,200.0
2030-09-20 13:00:00,-0.0,10988.240558886364,-0.0,10754.583333333334,20.0,33.657225553029114,23.56005788712038,200.0
2030-09-20 14:00:00,-0.0,10988.240558886364,-0.0,10754.583333333334,20.0,33.657225553029114,23.56005788712038,200.0
2030-09-20 15:00:00,-0.0,10988.240558886364,-0.0,10754.583333333334,20.0,33.657225553029114,23.56005788712038,200.0
2030-09-20 16:00:00,-0.0,10988.240558886364,-0.0,10754.583333333334,20.0,33.657225553029114,23.56005788712038,200.0
2030-09-20 17:00:00,-0.0,10988.240558886364,-0.0,10754.583333333334,20.0,33.657225553029114,23.56005788712038,200.0
2030-09-20 18:00:00,-0.0,10988.240558886364,-0.0,10754.583333333334,20.0,33.657225553029114,23.56005788712038,200.0
2030-09-20 19:00:00,-0.0,10988.240558886364,-0.0,10754.583333333334,20.0,33.657225553029114,23.56005788712038,200.0
2030-09-20 20:00:00,-0.0,10988.240558886364,-0.0,10754.583333333334,20.0,33.657225553029114,23.56005788712038,200.0
2030-09-20 21:00:00,-0.0,10988.240558886364,-0.0,10754.583333333334,20.0,33.657225553029114,23.56005788712038,200.0
2030-09-20 22:00:00,-0.0,10988.240558886364,-0.0,10754.583333333334,20.0,33.657225553029114,23.56005788712038,200.0
2030-09-20 23:00:00,-0.0,10988.240558886364,-0.0,10754.583333333334,20.0,33.657225553029114,23.56005788712038,200.0
2030-09-21 00:00:00,-0.0,10988.240558886364,-0.0,10754.583333333334,20.0,33.657225553029114,23.56005788712038,200.0
2030-09-21 01:00:00,1821.7633474967674,9166.477211389596,-0.0,10754.583333333334,20.0,33.657225553029114,23.56005788712038,200.0
2030-09-21 02:00:00,10988.240558886364,-0.0,-0.0,10754.583333333334,20.0,33.657225553029114,23.56005788712038,200.0
2030-09-21 03:00:00,10988.240558886364,-0.0,-0.0,10754.583333333334,20.0,33.657225553029114,23.56005788712038,200.0
2030-09-21 04:00:00,10988.240558886364,-0.0,-0.0,10754.583333333334,20.0,33.657225553029114,23.56005788712038,200.0
2030-09-21 05:00:00,10988.240558886364,-0.0,-0.0,10754.583333333334,20.0,33.657225553029114,23.56005788712038,200.0
2030-09-21 06:00:00,10988.240558886364,-0.0,-0.0,10754.583333333334,20.0,33.657225553029114,23.56005788712038,200.0
2030-09-21 07:00:00,10988.240558886364,-0.0,-0.0,10754.583333333334,20.0,33.657225553029114,23.56005788712038,200.0
2030-09-21 08:00:00,10988.240558886364,-0.0,-0.0,10754.583333333334,20.0,33.657225553029114,23.56005788712038,200.0
2030-09-21 09:00:00,10988.240558886364,-0.0,-0.0,10754.583333333334,20.0,33.657225553029114,23.56005788712038,200.0
2030-09-21 10:00:00,10988.240558886364,-0.0,-0.0,10754.583333333334,20.0,33.657225553029114,23.56005788712038,200.0
2030-09-21 11:00:00,10988.240558886364,-0.0,-0.0,10754.583333333334,20.0,33.657225553029114,23.56005788712038,200.0
2030-09-21 12:00:00,-0.0,10988.240558886364,-0.0,10754.583333333334,20.0,33.657225553029114,23.56005788712038,200.0
2030-09-21 13:00:00,-0.0,10988.240558886364,-0.0,10754.583333333334,20.0,33.657225553029114,23.56005788712038,200.0
2030-09-21 14:00:00,-0.0,10988.240558886364,-0.0,10754.583333333334,20.0,33.657225553029114,23.56005788712038,200.0
2030-09-21 15:00:00,-0.0,10988.240558886364,-0.0,10754.583333333334,20.0,33.657225553029114,23.56005788712038,200.0
2030-09-21 16:00:00,-0.0,10988.240558886364,-0.0,10754.583333333334,20.0,33.657225553029114,23.56005788712038,200.0
2030-09-21 17:00:00,-0.0,10988.240558886364,-0.0,10754.583333333334,20.0,33.657225553029114,23.56005788712038,200.0
2030-09-21 18:00:00,-0.0,7929.132739149419,2825.450594183915,10754.583333333334,20.0,-0.0,-0.0,0.0
2030-09-21 19:00:00,-0.0,10988.240558886364,-0.0,10754.583333333334,20.0,33.657225553029114,23.56005788712038,200.0
2030-09-21 20:00:00,-0.0,10988.240558886364,-0.0,10754.583333333334,20.0,33.657225553029114,23.56005788712038,200.0
2030-09-21 21:00:00,-0.0,10988.240558886364,-0.0,10754.583333333334,20.0,33.657225553029114,23.56005788712038,200.0
2030-09-21 22:00:00,-0.0,10988.240558886364,-0.0,10754.583333333334,20.0,33.657225553029114,23.56005788712038,200.0
2030-09-21 23:00:00,-0.0,10988.240558886364,-0.0,10754.583333333334,20.0,33.657225553029114,23.56005788712038,200.0
2030-09-22 00:00:00,-0.0,10988.240558886364,-0.0,10754.583333333334,20.0,33.657225553029114,23.56005788712038,200.0
2030-09-22 01:00:00,1670.98955446764,9317.251004418724,-0.0,10754.583333333334,20.0,33.657225553029114,23.56005788712038,200.0
2030-09-22 02:00:00,10988.240558886364,-0.0,-0.0,10754.583333333334,20.0,33.657225553029114,23.56005788712038,200.0
2030-09-22 03:00:00,10988.240558886364,-0.0,-0.0,10754.583333333334,20.0,33.657225553029114,23.56005788712038,200.0
2030-09-22 04:00:00,10988.240558886364,-0.0,-0.0,10754.583333333334,20.0,33.657225553029114,23.56005788712038,200.0
2030-09-22 05:00:00,10988.240558886364,-0.0,-0.0,10754.583333333334,20.0,33.657225553029114,23.56005788712038,200.0
2030-09-22 06:00:00,10988.240558886364,-0.0,-0.0,10754.583333333334,20.0,33.657225553029114,23.56005788712038,200.0
2030-09-22 07:00:00,10988.240558886364,-0.0,-0.0,10754.583333333334,20.0,33.657225553029114,23.56005788712038,200.0
2030-09-22 08:00:00,10988.240558886364,-0.0,-0.0,10754.583333333334,20.0,33.657225553029114,23.56005788712038,200.0
2030-09-22 09:00:00,10988.240558886364,-0.0,-0.0,10754.583333333334,20.0,33.657225553029114,23.56005788712038,200.0
2030-09-22 10:00:00,10988.240558886364,-0.0,-0.0,10754.583333333334,20.0,33.657225553029114,23.56005788712038,200.0
2030-09-22 11:00:00,10988.240558886364,-0.0,-0.0,10754.583333333334,20.0,33.657225553029114,23.56005788712038,200.0
2030-09-22 12:00:00,-0.0,10988.240558886364,-0.0,10754.583333333334,20.0,33.657225553029114,23.56005788712038,200.0
2030-09-22 13:00:00,-0.0,10988.240558886364,-0.0,10754.583333333334,20.0,33.657225553029114,23.56005788712038,200.0
2030-09-22 14:00:00,-0.0,10988.240558886364,-0.0,10754.583333333334,20.0,33.657225553029114,23.56005788712038,200.0
2030-09-22 15:00:00,-0.0,10988.240558886364,-0.0,10754.583333333334,20.0,33.657225553029114,23.56005788712038,200.0
2030-09-22 16:00:00,-0.0,10988.240558886364,-0.0,10754.583333333334,20.0,33.657225553029114,23.56005788712038,200.0
2030-09-22 17:00:00,-0.0,7929.132739149419,2825.450594183915,10754.583333333334,20.0,-0.0,-0.0,0.0
2030-09-22 18:00:00,-0.0,-0.0,10754.583333333334,10754.583333333334,20.0,-0.0,-0.0,0.0
2030-09-22 19:00:00,-0.0,-0.0,10754.583333333334,10754.583333333334,20.0,-0.0,-0.0,0.0
2030-09-22 20:00:00,-0.0,-0.0,10754.583333333334,10754.583333333334,20.0,-0.0,-0.0,0.0
2030-09-22 21:00:00,-0.0,-0.0,10754.583333333334,10754.583333333334,20.0,-0.0,-0.0,0.0
2030-09-22 22:00:00,-0.0,-0.0,10754.583333333334,10754.583333333334,20.0,-0.0,-0.0,0.0
2030-09-22 23:00:00,-0.0,-0.0,10754.583333333334,10754.583333333334,20.0,-0.0,-0.0,0.0
2030-09-23 00:00:00,-0.0,-0.0,10754.583333333334,10754.583333333334,20.0,-0.0,-0.0,0.0
2030-09-23 01:00:00,1611.7198565182587,-0.0,9142.863476815075,10754.583333333334,20.0,-0.0,-0.0,0.0
2030-09-23 02:00:00,10988.240558886364,-0.0,-0.0,10754.583333333334,20.0,33.657225553029114,23.56005788712038,200.0
2030-09-23 03:00:00,10988.240558886364,-0.0,-0.0,10754.583333333334,20.0,33.657225553029114,23.56005788712038,200.0
2030-09-23 04:00:00,10988.240558886364,-0.0,-0.0,10754.583333333334,20.0,33.657225553029114,23.56005788712038,200.0
2030-09-23 05:00:00,10988.240558886364,-0.0,-0.0,10754.583333333334,20.0,33.657225553029114,23.56005788712038,200.0
2030-09-23 06:00:00,10988.240558886364,-0.0,-0.0,10754.583333333334,20.0,33.657225553029114,23.56005788712038,200.0
2030-09-23 07:00:00,10988.240558886364,-0.0,-0.0,10754.583333333334,20.0,33.657225553029114,23.56005788712038,200.0
2030-09-23 08:00:00,10988.240558886364,-0.0,-0.0,10754.583333333334,20.0,33.657225553029114,23.56005788712038,200.0
2030-09-23 09:00:00,10988.240558886364,-0.0,-0.0,10754.583333333334,20.0,33.657225553029114,23.56005788712038,200.0
2030-09-23 10:00:00,10988.240558886364,-0.0,-0.0,10754.583333333334,20.0,33.657225553029114,23.56005788712038,200.0
2030-09-23 11:00:00,10988.240558886364,-0.0,-0.0,10754.583333333334,20.0,33.657225553029114,23.56005788712038,200.0
2030-09-23 12:00:00,4366.201082271076,6622.039476615288,-0.0,10754.583333333334,20.0,33.657225553029114,23.56005788712038,200.0
2030-09-23 13:00:00,-0.0,10988.240558886364,-0.0,10754.583333333334,20.0,33.657225553029114,23.56005788712038,200.0
2030-09-23 14:00:00,-0.0,10763.474353910022,-0.0,10754.583333333334,20.0,-0.0,-0.0,8.891020576687879
2030-09-23 15:00:00,-0.0,6511.96193176913,4242.621401564204,10754.583333333334,20.0,-0.0,-0.0,0.0
2030-09-23 16:00:00,-0.0,-0.0,10754.583333333334,10754.583333333334,20.0,-0.0,-0.0,0.0
2030-09-23 17:00:00,-0.0,-0.0,10754.583333333334,10754.583333333334,20.0,-0.0,-0.0,0.0
2030-09-23 18:00:00,-0.0,-0.0,10754.583333333334,10754.583333333334,20.0,-0.0,-0.0,0.0
2030-09-23 19:00:00,-0.0,-0.0,10754.583333333334,10754.583333333334,20.0,-0.0,-0.0,0.0
2030-09-23 20:00:00,-0.0,-0.0,10754.583333333334,10754.583333333334,20.0,-0.0,-0.0,0.0
2030-09-23 21:00:00,-0.0,-0.0,10754.583333333334,10754.583333333334,20.0,-0.0,-0.0,0.0
2030-09-23 22:00:00,-0.0,-0.0,10754.583333333334,10754.583333333334,20.0,-0.0,-0.0,0.0
2030-09-23 23:00:00,-0.0,-0.0,10754.583333333334,10754.583333333334,20.0,-0.0,-0.0,0.0
2030-09-24 00:00:00,-0.0,-0.0,10754.583333333334,10754.583333333334,20.0,-0.0,-0.0,0.0
2030-09-24 01:00:00,1597.1623868464706,-0.0,9157.420946486864,10754.583333333334,20.0,-0.0,-0.0,0.0
2030-09-24 02:00:00,10988.240558886364,-0.0,-0.0,10754.583333333334,20.0,33.657225553029114,23.56005788712038,200.0
2030-09-24 03:00:00,10988.240558886364,-0.0,-0.0,10754.583333333334,20.0,33.657225553029114,23.56005788712038,200.0
2030-09-24 04:00:00,10988.240558886364,-0.0,-0.0,10754.583333333334,20.0,33.657225553029114,23.56005788712038,200.0
2030-09-24 05:00:00,10988.240558886364,-0.0,-0.0,10754.583333333334,20.0,33.657225553029114,23.56005788712038,200.0
2030-09-24 06:00:00,10988.240558886364,-0.0,-0.0,10754.583333333334,20.0,33.657225553029114,23.56005788712038,200.0
2030-09-24 07:00:00,10988.240558886364,-0.0,-0.0,10754.583333333334,20.0,33.657225553029114,23.56005788712038,200.0
2030-09-24 08:00:00,10988.240558886364,-0.0,-0.0,10754.583333333334,20.0,33.657225553029114,23.56005788712038,200.0
2030-09-24 09:00:00,10988.240558886364,-0.0,-0.0,10754.583333333334,20.0,33.657225553029114,23.56005788712038,200.0
2030-09-24 10:00:00,10988.240558886364,-0.0,-0.0,10754.583333333334,20.0,33.657225553029114,23.56005788712038,200.0
2030-09-24 11:00:00,10988.240558886364,-0.0,-0.0,10754.583333333334,20.0,33.657225553029114,23.56005788712038,200.0
2030-09-24 12:00:00,4147.839037194409,-0.0,6606.744296138925,10754.583333333334,20.0,-0.0,-0.0,0.0
2030-09-24 13:00:00,-0.0,-0.0,10754.583333333334,10754.583333333334,20.0,-0.0,-0.0,0.0
2030-09-24 14:00:00,-0.0,-0.0,10754.583333333334,10754.583333333334,20.0,-0.0,-0.0,0.0
2030-09-24 15:00:00,-0.0,5094.791124388843,5659.792208944491,10754.583333333334,20.0,-0.0,-0.0,0.0
2030-09-24 16:00:00,-0.0,-0.0,10754.583333333334,10754.583333333334,20.0,-0.0,-0.0,0.0
2030-09-24 17:00:00,-0.0,-0.0,10754.583333333334,10754.583333333334,20.0,-0.0,-0.0,0.0
2030-09-24 18:00:00,-0.0,-0.0,10754.583333333334,10754.583333333334,20.0,-0.0,-0.0,0.0
2030-09-24 19:00:00,-0.0,-0.0,10754.583333333334,10754.583333333334,20.0,-0.0,-0.0,0.0
2030-09-24 20:00:00,-0.0,-0.0,10754.583333333334,10754.583333333334,20.0,-0.0,-0.0,0.0
2030-09-24 21:00:00,-0.0,-0.0,10754.583333333334,10754.583333333334,20.0,-0.0,-0.0,0.0
2030-09-24 22:00:00,-0.0,-0.0,10754.583333333334,10754.583333333334,20.0,-0.0,-0.0,0.0
2030-09-24 23:00:00,-0.0,-0.0,10754.583333333334,10754.583333333334,20.0,-0.0,-0.0,0.0
2030-09-25 00:00:00,-0.0,-0.0,10754.583333333334,10754.583333333334,20.0,-0.0,-0.0,0.0
2030-09-25 01:00:00,1525.4148577498618,-0.0,9229.168475583472,10754.583333333334,20.0,-0.0,-0.0,0.0
2030-09-25 02:00:00,10983.154761904763,-0.0,-0.0,10754.583333333334,20.0,28.571428571428573,20.0,200.0
2030-09-25 03:00:00,10983.154761904763,-0.0,-0.0,10754.583333333334,20.0,28.571428571428573,20.0,200.0
2030-09-25 04:00:00,10983.154761904763,-0.0,-0.0,10754.583333333334,20.0,28.571428571428573,20.0,200.0
2030-09-25 05:00:00,10983.154761904763,-0.0,-0.0,10754.583333333334,20.0,28.571428571428573,20.0,200.0
2030-09-25 06:00:00,10983.154761904763,-0.0,-0.0,10754.583333333334,20.0,28.571428571428573,20.0,200.0
2030-09-25 07:00:00,10983.154761904763,-0.0,-0.0,10754.583333333334,20.0,28.571428571428573,20.0,200.0
2030-09-25 08:00:00,10983.154761904763,-0.0,-0.0,10754.583333333334,20.0,28.571428571428573,20.0,200.0
2030-09-25 09:00:00,10983.154761904763,-0.0,-0.0,10754.583333333334,20.0,28.571428571428573,20.0,200.0
2030-09-25 10:00:00,10983.154761904763,-0.0,-0.0,10754.583333333334,20.0,28.571428571428573,20.0,200.0
2030-09-25 11:00:00,10988.240558886364,-0.0,-0.0,10754.583333333334,20.0,33.657225553029114,23.56005788712038,200.0
2030-09-25 12:00:00,-0.0,10978.068964923163,-0.0,10754.583333333334,20.0,23.48563158982803,16.43994211287962,200.0
2030-09-25 13:00:00,-0.0,10983.154761904763,-0.0,10754.583333333334,20.0,28.571428571428573,20.0,200.0
2030-09-25 14:00:00,-0.0,10983.154761904763,-0.0,10754.583333333334,20.0,28.571428571428573,20.0,200.0
2030-09-25 15:00:00,-0.0,10983.154761904763,-0.0,10754.583333333334,20.0,28.571428571428573,20.0,200.0
2030-09-25 16:00:00,-0.0,10983.154761904763,-0.0,10754.583333333334,20.0,28.571428571428573,20.0,200.0
2030-09-25 17:00:00,-0.0,10983.154761904763,-0.0,10754.583333333334,20.0,28.571428571428573,20.0,200.0
2030-09-25 18:00:00,-0.0,10986.297205568188,-0.0,10754.583333333334,20.0,31.713872234854435,22.199710564398103,200.0
2030-09-25 19:00:00,-0.0,10988.240558886364,-0.0,10754.583333333334,20.0,33.657225553029114,23.56005788712038,200.0
2030-09-25 20:00:00,-0.0,10988.240558886364,-0.0,10754.583333333334,20.0,33.657225553029114,23.56005788712038,200.0
2030-09-25 21:00:00,-0.0,10988.240558886364,-0.0,10754.583333333334,20.0,33.657225553029114,23.56005788712038,200.0
2030-09-25 22:00:00,-0.0,10988.240558886364,-0.0,10754.583333333334,20.0,33.657225553029114,23.56005788712038,200.0
2030-09-25 23:00:00,-0.0,10988.240558886364,-0.0,10754.583333333334,20.0,33.657225553029114,23.56005788712038,200.0
2030-09-26 00:00:00,-0.0,10763.474353910022,-0.0,10754.583333333334,20.0,-0.0,-0.0,8.891020576687879
2030-09-26 01:00:00,219.68040799474147,10763.474353910022,-0.0,10754.583333333334,20.0,28.571428571428573,20.0,200.0
2030-09-26 02:00:00,10983.154761904763,-0.0,-0.0,10754.583333333334,20.0,28.571428571428573,20.0,200.0
2030-09-26 03:00:00,10983.154761904763,-0.0,-0.0,10754.583333333334,20.0,28.571428571428573,20.0,200.0
2030-09-26 04:00:00,10983.154761904763,-0.0,-0.0,10754.583333333334,20.0,28.571428571428573,20.0,200.0
2030-09-26 05:00:00,10983.154761904763,-0.0,-0.0,10754.583333333334,20.0,28.571428571428573,20.0,200.0
2030-09-26 06:00:00,10983.154761904763,-0.0,-0.0,10754.583333333334,20.0,28.571428571428573,20.0,200.0
2030-09-26 07:00:00,10983.154761904763,-0.0,-0.0,10754.583333333334,20.0,28.571428571428573,20.0,200.0
2030-09-26 08:00:00,10983.154761904763,-0.0,-0.0,10754.583333333334,20.0,28.571428571428573,20.0,200.0
2030-09-26 09:00:00,10983.154761904763,-0.0,-0.0,10754.583333333334,20.0,28.571428571428573,20.0,200.0
2030-09-26 10:00:00,10983.154761904763,-0.0,-0.0,10754.583333333334,20.0,28.571428571428573,20.0,200.0
2030-09-26 11:00:00,10983.154761904763,-0.0,-0.0,10754.583333333334,20.0,28.571428571428573,20.0,200.0
2030-09-26 12:00:00,-0.0,10986.214509681458,-0.0,10754.583333333334,20.0,31.631176348124736,22.141823443687315,200.0
2030-09-26 13:00:00,-0.0,10988.240558886364,-0.0,10754.583333333334,20.0,33.657225553029114,23.56005788712038,200.0
2030-09-26 14:00:00,-0.0,10988.240558886364,-0.0,10754.583333333334,20.0,33.657225553029114,23.56005788712038,200.0
2030-09-26 15:00:00,-0.0,10988.240558886364,-0.0,10754.583333333334,20.0,33.657225553029114,23.56005788712038,200.0
2030-09-26 16:00:00,-0.0,10988.240558886364,-0.0,10754.583333333334,20.0,33.657225553029114,23.56005788712038,200.0
2030-09-26 17:00:00,-0.0,10988.240558886364,-0.0,10754.583333333334,20.0,33.657225553029114,23.56005788712038,200.0
2030-09-26 18:00:00,-0.0,10988.240558886364,-0.0,10754.583333333334,20.0,33.657225553029114,23.56005788712038,200.0
2030-09-26 19:00:00,-0.0,10988.240558886364,-0.0,10754.583333333334,20.0,33.657225553029114,23.56005788712038,200.0
2030-09-26 20:00:00,-0.0,10988.240558886364,-0.0,10754.583333333334,20.0,33.657225553029114,23.56005788712038,200.0
2030-09-26 21:00:00,-0.0,10988.240558886364,-0.0,10754.583333333334,20.0,33.657225553029114,23.56005788712038,200.0
2030-09-26 22:00:00,-0.0,10988.240558886364,-0.0,10754.583333333334,20.0,33.657225553029114,23.56005788712038,200.0
2030-09-26 23:00:00,-0.0,10988.240558886364,-0.0,10754.583333333334,20.0,33.657225553029114,23.56005788712038,200.0
2030-09-27 00:00:00,-0.0,10988.240558886364,-0.0,10754.583333333334,20.0,33.657225553029114,23.56005788712038,200.0
2030-09-27 01:00:00,-0.0,10988.240558886364,-0.0,10754.583333333334,20.0,33.657225553029114,23.56005788712038,200.0
2030-09-27 02:00:00,10988.240558886364,-0.0,-0.0,10754.583333333334,20.0,33.657225553029114,23.56005788712038,200.0
2030-09-27 03:00:00,10988.240558886364,-0.0,-0.0,10754.583333333334,20.0,33.657225553029114,23.56005788712038,200.0
2030-09-27 04:00:00,10988.240558886364,-0.0,-0.0,10754.583333333334,20.0,33.657225553029114,23.56005788712038,200.0
2030-09-27 05:00:00,10988.240558886364,-0.0,-0.0,10754.583333333334,20.0,33.657225553029114,23.56005788712038,200.0
2030-09-27 06:00:00,10988.240558886364,-0.0,-0.0,10754.583333333334,20.0,33.657225553029114,23.56005788712038,200.0
2030-09-27 07:00:00,10988.240558886364,-0.0,-0.0,10754.583333333334,20.0,33.657225553029114,23.56005788712038,200.0
2030-09-27 08:00:00,10988.240558886364,-0.0,-0.0,10754.583333333334,20.0,33.657225553029114,23.56005788712038,200.0
2030-09-27 09:00:00,10988.240558886364,-0.0,-0.0,10754.583333333334,20.0,33.657225553029114,23.56005788712038,200.0
2030-09-27 10:00:00,10988.240558886364,-0.0,-0.0,10754.583333333334,20.0,33.657225553029114,23.56005788712038,200.0
2030-09-27 11:00:00,10988.240558886364,-0.0,-0.0,10754.583333333334,20.0,33.657225553029114,23.56005788712038,200.0
2030-09-27 12:00:00,-0.0,10988.240558886364,-0.0,10754.583333333334,20.0,33.657225553029114,23.56005788712038,200.0
2030-09-27 13:00:00,-0.0,10988.240558886364,-0.0,10754.583333333334,20.0,33.657225553029114,23.56005788712038,200.0
2030-09-27 14:00:00,-0.0,10988.240558886364,-0.0,10754.583333333334,20.0,33.657225553029114,23.56005788712038,200.0
2030-09-27 15:00:00,-0.0,10988.240558886364,-0.0,10754.583333333334,20.0,33.657225553029114,23.56005788712038,200.0
2030-09-27 16:00:00,-0.0,10988.240558886364,-0.0,10754.583333333334,20.0,33.657225553029114,23.56005788712038,200.0
2030-09-27 17:00:00,-0.0,10988.240558886364,-0.0,10754.583333333334,20.0,33.657225553029114,23.56005788712038,200.0
2030-09-27 18:00:00,-0.0,10988.240558886364,-0.0,10754.583333333334,20.0,33.657225553029114,23.56005788712038,200.0
2030-09-27 19:00:00,-0.0,10988.240558886364,-0.0,10754.583333333334,20.0,33.657225553029114,23.56005788712038,200.0
2030-09-27 20:00:00,-0.0,10988.240558886364,-0.0,10754.583333333334,20.0,33.657225553029114,23.56005788712038,200.0
2030-09-27 21:00:00,-0.0,10988.240558886364,-0.0,10754.583333333334,20.0,33.657225553029114,23.56005788712038,200.0
2030-09-27 22:00:00,-0.0,10988.240558886364,-0.0,10754.583333333334,20.0,33.657225553029114,23.56005788712038,200.0
2030-09-27 23:00:00,-0.0,10988.240558886364,-0.0,10754.583333333334,20.0,33.657225553029114,23.56005788712038,200.0
2030-09-28 00:00:00,-0.0,10988.240558886364,-0.0,10754.583333333334,20.0,33.657225553029114,23.56005788712038,200.0
2030-09-28 01:00:00,-0.0,10988.240558886364,-0.0,10754.583333333334,20.0,33.657225553029114,23.56005788712038,200.0
2030-09-28 02:00:00,10988.240558886364,-0.0,-0.0,10754.583333333334,20.0,33.657225553029114,23.56005788712038,200.0
2030-09-28 03:00:00,10988.240558886364,-0.0,-0.0,10754.583333333334,20.0,33.657225553029114,23.56005788712038,200.0
2030-09-28 04:00:00,10988.240558886364,-0.0,-0.0,10754.583333333334,20.0,33.657225553029114,23.56005788712038,200.0
2030-09-28 05:00:00,10988.240558886364,-0.0,-0.0,10754.583333333334,20.0,33.657225553029114,23.56005788712038,200.0
2030-09-28 06:00:00,10988.240558886364,-0.0,-0.0,10754.583333333334,20.0,33.657225553029114,23.56005788712038,200.0
2030-09-28 07:00:00,10988.240558886364,-0.0,-0.0,10754.583333333334,20.0,33.657225553029114,23.56005788712038,200.0
2030-09-28 08:00:00,10988.240558886364,-0.0,-0.0,10754.583333333334,20.0,33.657225553029114,23.56005788712038,200.0
2030-09-28 09:00:00,10988.240558886364,-0.0,-0.0,10754.583333333334,20.0,33.657225553029114,23.56005788712038,200.0
2030-09-28 10:00:00,10988.240558886364,-0.0,-0.0,10754.583333333334,20.0,33.657225553029114,23.56005788712038,200.0
2030-09-28 11:00:00,10988.240558886364,-0.0,-0.0,10754.583333333334,20.0,33.657225553029114,23.56005788712038,200.0
2030-09-28 12:00:00,-0.0,10988.240558886364,-0.0,10754.583333333334,20.0,33.657225553029114,23.56005788712038,200.0
2030-09-28 13:00:00,-0.0,10988.240558886364,-0.0,10754.583333333334,20.0,33.657225553029114,23.56005788712038,200.0
2030-09-28 14:00:00,-0.0,10988.240558886364,-0.0,10754.583333333334,20.0,33.657225553029114,23.56005788712038,200.0
2030-09-28 15:00:00,-0.0,10988.240558886364,-0.0,10754.583333333334,20.0,33.657225553029114,23.56005788712038,200.0
2030-09-28 16:00:00,-0.0,10988.240558886364,-0.0,10754.583333333334,20.0,33.657225553029114,23.56005788712038,200.0
2030-09-28 17:00:00,-0.0,10988.240558886364,-0.0,10754.583333333334,20.0,33.657225553029114,23.56005788712038,200.0
2030-09-28 18:00:00,-0.0,10988.240558886364,-0.0,10754.583333333334,20.0,33.657225553029114,23.56005788712038,200.0
2030-09-28 19:00:00,-0.0,10988.240558886364,-0.0,10754.583333333334,20.0,33.657225553029114,23.56005788712038,200.0
2030-09-28 20:00:00,-0.0,10988.240558886364,-0.0,10754.583333333334,20.0,33.657225553029114,23.56005788712038,200.0
2030-09-28 21:00:00,-0.0,10988.240558886364,-0.0,10754.583333333334,20.0,33.657225553029114,23.56005788712038,200.0
2030-09-28 22:00:00,-0.0,10988.240558886364,-0.0,10754.583333333334,20.0,33.657225553029114,23.56005788712038,200.0
2030-09-28 23:00:00,-0.0,10988.240558886364,-0.0,10754.583333333334,20.0,33.657225553029114,23.56005788712038,200.0
2030-09-29 00:00:00,-0.0,10988.240558886364,-0.0,10754.583333333334,20.0,33.657225553029114,23.56005788712038,200.0
2030-09-29 01:00:00,-0.0,10988.240558886364,-0.0,10754.583333333334,20.0,33.657225553029114,23.56005788712038,200.0
2030-09-29 02:00:00,10988.240558886364,-0.0,-0.0,10754.583333333334,20.0,33.657225553029114,23.56005788712038,200.0
2030-09-29 03:00:00,10988.240558886364,-0.0,-0.0,10754.583333333334,20.0,33.657225553029114,23.56005788712038,200.0
2030-09-29 04:00:00,10988.240558886364,-0.0,-0.0,10754.583333333334,20.0,33.657225553029114,23.56005788712038,200.0
2030-09-29 05:00:00,10988.240558886364,-0.0,-0.0,10754.583333333334,20.0,33.657225553029114,23.56005788712038,200.0
2030-09-29 06:00:00,10988.240558886364,-0.0,-0.0,10754.583333333334,20.0,33.657225553029114,23.56005788712038,200.0
2030-09-29 07:00:00,10988.240558886364,-0.0,-0.0,10754.583333333334,20.0,33.657225553029114,23.56005788712038,200.0
2030-09-29 08:00:00,10988.240558886364,-0.0,-0.0,10754.583333333334,20.0,33.657225553029114,23.56005788712038,200.0
2030-09-29 09:00:00,10988.240558886364,-0.0,-0.0,10754.583333333334,20.0,33.657225553029114,23.56005788712038,200.0
2030-09-29 10:00:00,10988.240558886364,-0.0,-0.0,10754.583333333334,20.0,33.657225553029114,23.56005788712038,200.0
2030-09-29 11:00:00,10988.240558886364,-0.0,-0.0,10754.583333333334,20.0,33.657225553029114,23.56005788712038,200.0
2030-09-29 12:00:00,-0.0,10988.240558886364,-0.0,10754.583333333334,20.0,33.657225553029114,23.56005788712038,200.0
2030-09-29 13:00:00,-0.0,10988.240558886364,-0.0,10754.583333333334,20.0,33.657225553029114,23.56005788712038,200.0
2030-09-29 14:00:00,-0.0,10988.240558886364,-0.0,10754.583333333334,20.0,33.657225553029114,23.56005788712038,200.0
2030-09-29 15:00:00,-0.0,10988.240558886364,-0.0,10754.583333333334,20.0,33.657225553029114,23.56005788712038,200.0
2030-09-29 16:00:00,-0.0,10988.240558886364,-0.0,10754.583333333334,20.0,33.657225553029114,23.56005788712038,200.0
2030-09-29 17:00:00,-0.0,10988.240558886364,-0.0,10754.583333333334,20.0,33.657225553029114,23.56005788712038,200.0
2030-09-29 18:00:00,-0.0,10988.240558886364,-0.0,10754.583333333334,20.0,33.657225553029114,23.56005788712038,200.0
2030-09-29 19:00:00,-0.0,10988.240558886364,-0.0,10754.583333333334,20.0,33.657225553029114,23.56005788712038,200.0
2030-09-29 20:00:00,-0.0,10988.240558886364,-0.0,10754.583333333334,20.0,33.657225553029114,23.56005788712038,200.0
2030-09-29 21:00:00,-0.0,10988.240558886364,-0.0,10754.583333333334,20.0,33.657225553029114,23.56005788712038,200.0
2030-09-29 22:00:00,-0.0,7929.132739149419,2825.450594183915,10754.583333333334,20.0,-0.0,-0.0,0.0
2030-09-29 23:00:00,-0.0,2462.9024821111293,8291.680851222205,10754.583333333334,20.0,-0.0,-0.0,0.0
2030-09-30 00:00:00,-0.0,-0.0,10754.583333333334,10754.583333333334,20.0,-0.0,-0.0,0.0
2030-09-30 01:00:00,967.0319139109552,-0.0,9787.55141942238,10754.583333333334,20.0,-0.0,-0.0,0.0
2030-09-30 02:00:00,10988.240558886364,-0.0,-0.0,10754.583333333334,20.0,33.657225553029114,23.56005788712038,200.0
2030-09-30 03:00:00,10988.240558886364,-0.0,-0.0,10754.583333333334,20.0,33.657225553029114,23.56005788712038,200.0
2030-09-30 04:00:00,10988.240558886364,-0.0,-0.0,10754.583333333334,20.0,33.657225553029114,23.56005788712038,200.0
2030-09-30 05:00:00,10988.240558886364,-0.0,-0.0,10754.583333333334,20.0,33.657225553029114,23.56005788712038,200.0
2030-09-30 06:00:00,10988.240558886364,-0.0,-0.0,10754.583333333334,20.0,33.657225553029114,23.56005788712038,200.0
2030-09-30 07:00:00,10988.240558886364,-0.0,-0.0,10754.583333333334,20.0,33.657225553029114,23.56005788712038,200.0
2030-09-30 08:00:00,10988.240558886364,-0.0,-0.0,10754.583333333334,20.0,33.657225553029114,23.56005788712038,200.0
2030-09-30 09:00:00,10988.240558886364,-0.0,-0.0,10754.583333333334,20.0,33.657225553029114,23.56005788712038,200.0
2030-09-30 10:00:00,10988.240558886364,-0.0,-0.0,10754.583333333334,20.0,33.657225553029114,23.56005788712038,200.0
2030-09-30 11:00:00,10988.240558886364,-0.0,-0.0,10754.583333333334,20.0,33.657225553029114,23.56005788712038,200.0
2030-09-30 12:00:00,-0.0,10988.240558886364,-0.0,10754.583333333334,20.0,33.657225553029114,23.56005788712038,200.0
2030-09-30 13:00:00,-0.0,10988.240558886364,-0.0,10754.583333333334,20.0,33.657225553029114,23.56005788712038,200.0
2030-09-30 14:00:00,-0.0,10988.240558886364,-0.0,10754.583333333334,20.0,33.657225553029114,23.56005788712038,200.0
2030-09-30 15:00:00,-0.0,10988.240558886364,-0.0,10754.583333333334,20.0,33.657225553029114,23.56005788712038,200.0
2030-09-30 16:00:00,-0.0,10988.240558886364,-0.0,10754.583333333334,20.0,33.657225553029114,23.56005788712038,200.0
2030-09-30 17:00:00,-0.0,10988.240558886364,-0.0,10754.583333333334,20.0,33.657225553029114,23.56005788712038,200.0
2030-09-30 18:00:00,-0.0,10988.240558886364,-0.0,10754.583333333334,20.0,33.657225553029114,23.56005788712038,200.0
2030-09-30 19:00:00,-0.0,10988.240558886364,-0.0,10754.583333333334,20.0,33.657225553029114,23.56005788712038,200.0
2030-09-30 20:00:00,-0.0,10988.240558886364,-0.0,10754.583333333334,20.0,33.657225553029114,23.56005788712038,200.0
2030-09-30 21:00:00,-0.0,10988.240558886364,-0.0,10754.583333333334,20.0,33.657225553029114,23.56005788712038,200.0
2030-09-30 22:00:00,-0.0,10988.240558886364,-0.0,10754.583333333334,20.0,33.657225553029114,23.56005788712038,200.0
2030-09-30 23:00:00,-0.0,10988.240558886364,-0.0,10754.583333333334,20.0,33.657225553029114,23.56005788712038,200.0
2030-10-01 00:00:00,-0.0,11877.474429854106,-0.0,11643.817204301076,20.0,33.657225553029114,23.56005788712038,200.0
2030-10-01 01:00:00,-0.0,11877.474429854106,-0.0,11643.817204301076,20.0,33.657225553029114,23.56005788712038,200.0
2030-10-01 02:00:00,7359.840738345958,4517.633691508148,-0.0,11643.817204301076,20.0,33.657225553029114,23.56005788712038,200.0
2030-10-01 03:00:00,11877.474429854106,-0.0,-0.0,11643.817204301076,20.0,33.657225553029114,23.56005788712038,200.0
2030-10-01 04:00:00,11877.474429854106,-0.0,-0.0,11643.817204301076,20.0,33.657225553029114,23.56005788712038,200.0
2030-10-01 05:00:00,11877.474429854106,-0.0,-0.0,11643.817204301076,20.0,33.657225553029114,23.56005788712038,200.0
2030-10-01 06:00:00,11877.474429854106,-0.0,-0.0,11643.817204301076,20.0,33.657225553029114,23.56005788712038,200.0
2030-10-01 07:00:00,10805.801773508221,1071.6726563458851,-0.0,11643.817204301076,20.0,33.657225553029114,23.56005788712038,200.0
2030-10-01 08:00:00,11877.474429854106,-0.0,-0.0,11643.817204301076,20.0,33.657225553029114,23.56005788712038,200.0
2030-10-01 09:00:00,11877.474429854106,-0.0,-0.0,11643.817204301076,20.0,33.657225553029114,23.56005788712038,200.0
2030-10-01 10:00:00,-0.0,11877.474429854106,-0.0,11643.817204301076,20.0,33.657225553029114,23.56005788712038,200.0
2030-10-01 11:00:00,-0.0,11877.474429854106,-0.0,11643.817204301076,20.0,33.657225553029114,23.56005788712038,200.0
2030-10-01 12:00:00,-0.0,11877.474429854106,-0.0,11643.817204301076,20.0,33.657225553029114,23.56005788712038,200.0
2030-10-01 13:00:00,-0.0,11877.474429854106,-0.0,11643.817204301076,20.0,33.657225553029114,23.56005788712038,200.0
2030-10-01 14:00:00,-0.0,11877.474429854106,-0.0,11643.817204301076,20.0,33.657225553029114,23.56005788712038,200.0
2030-10-01 15:00:00,-0.0,11877.474429854106,-0.0,11643.817204301076,20.0,33.657225553029114,23.56005788712038,200.0
2030-10-01 16:00:00,-0.0,11877.474429854106,-0.0,11643.817204301076,20.0,33.657225553029114,23.56005788712038,200.0
2030-10-01 17:00:00,-0.0,11877.474429854106,-0.0,11643.817204301076,20.0,33.657225553029114,23.56005788712038,200.0
2030-10-01 18:00:00,-0.0,11877.474429854106,-0.0,11643.817204301076,20.0,33.657225553029114,23.56005788712038,200.0
2030-10-01 19:00:00,-0.0,11877.474429854106,-0.0,11643.817204301076,20.0,33.657225553029114,23.56005788712038,200.0
2030-10-01 20:00:00,-0.0,11877.474429854106,-0.0,11643.817204301076,20.0,33.657225553029114,23.56005788712038,200.0
2030-10-01 21:00:00,-0.0,11877.474429854106,-0.0,11643.817204301076,20.0,33.657225553029114,23.56005788712038,200.0
2030-10-01 22:00:00,-0.0,11877.474429854106,-0.0,11643.817204301076,20.0,33.657225553029114,23.56005788712038,200.0
2030-10-01 23:00:00,-0.0,11877.474429854106,-0.0,11643.817204301076,20.0,33.657225553029114,23.56005788712038,200.0
2030-10-02 00:00:00,-0.0,11877.474429854106,-0.0,11643.817204301076,20.0,33.657225553029114,23.56005788712038,200.0
2030-10-02 01:00:00,-0.0,11877.474429854106,-0.0,11643.817204301076,20.0,33.657225553029114,23.56005788712038,200.0
2030-10-02 02:00:00,11877.474429854106,-0.0,-0.0,11643.817204301076,20.0,33.657225553029114,23.56005788712038,200.0
2030-10-02 03:00:00,11877.474429854106,-0.0,-0.0,11643.817204301076,20.0,33.657225553029114,23.56005788712038,200.0
2030-10-02 04:00:00,11877.474429854106,-0.0,-0.0,11643.817204301076,20.0,33.657225553029114,23.56005788712038,200.0
2030-10-02 05:00:00,11877.474429854106,-0.0,-0.0,11643.817204301076,20.0,33.657225553029114,23.56005788712038,200.0
2030-10-02 06:00:00,11877.474429854106,-0.0,-0.0,11643.817204301076,20.0,33.657225553029114,23.56005788712038,200.0
2030-10-02 07:00:00,11877.474429854106,-0.0,-0.0,11643.817204301076,20.0,33.657225553029114,23.56005788712038,200.0
2030-10-02 08:00:00,11877.474429854106,-0.0,-0.0,11643.817204301076,20.0,33.657225553029114,23.56005788712038,200.0
2030-10-02 09:00:00,11877.474429854106,-0.0,-0.0,11643.817204301076,20.0,33.657225553029114,23.56005788712038,200.0
2030-10-02 10:00:00,11877.474429854106,-0.0,-0.0,11643.817204301076,20.0,33.657225553029114,23.56005788712038,200.0
2030-10-02 11:00:00,11877.474429854106,-0.0,-0.0,11643.817204301076,20.0,33.657225553029114,23.56005788712038,200.0
2030-10-02 12:00:00,-0.0,11877.474429854106,-0.0,11643.817204301076,20.0,33.657225553029114,23.56005788712038,200.0
2030-10-02 13:00:00,-0.0,11877.474429854106,-0.0,11643.817204301076,20.0,33.657225553029114,23.56005788712038,200.0
2030-10-02 14:00:00,-0.0,11877.474429854106,-0.0,11643.817204301076,20.0,33.657225553029114,23.56005788712038,200.0
2030-10-02 15:00:00,-0.0,11877.474429854106,-0.0,11643.817204301076,20.0,33.657225553029114,23.56005788712038,200.0
2030-10-02 16:00:00,-0.0,11877.474429854106,-0.0,11643.817204301076,20.0,33.657225553029114,23.56005788712038,200.0
2030-10-02 17:00:00,-0.0,11877.474429854106,-0.0,11643.817204301076,20.0,33.657225553029114,23.56005788712038,200.0
2030-10-02 18:00:00,-0.0,11877.474429854106,-0.0,11643.817204301076,20.0,33.657225553029114,23.56005788712038,200.0
2030-10-02 19:00:00,-0.0,11877.474429854106,-0.0,11643.817204301076,20.0,33.657225553029114,23.56005788712038,200.0
2030-10-02 20:00:00,-0.0,11877.474429854106,-0.0,11643.817204301076,20.0,33.657225553029114,23.56005788712038,200.0
2030-10-02 21:00:00,-0.0,11877.474429854106,-0.0,11643.817204301076,20.0,33.657225553029114,23.56005788712038,200.0
2030-10-02 22:00:00,-0.0,11877.474429854106,-0.0,11643.817204301076,20.0,33.657225553029114,23.56005788712038,200.0
2030-10-02 23:00:00,-0.0,11877.474429854106,-0.0,11643.817204301076,20.0,33.657225553029114,23.56005788712038,200.0
2030-10-03 00:00:00,-0.0,11877.474429854106,-0.0,11643.817204301076,20.0,33.657225553029114,23.56005788712038,200.0
2030-10-03 01:00:00,793.3820971118912,11084.092332742215,-0.0,11643.817204301076,20.0,33.657225553029114,23.56005788712038,200.0
2030-10-03 02:00:00,11877.474429854106,-0.0,-0.0,11643.817204301076,20.0,33.657225553029114,23.56005788712038,200.0
2030-10-03 03:00:00,11877.474429854106,-0.0,-0.0,11643.817204301076,20.0,33.657225553029114,23.56005788712038,200.0
2030-10-03 04:00:00,11877.474429854106,-0.0,-0.0,11643.817204301076,20.0,33.657225553029114,23.56005788712038,200.0
2030-10-03 05:00:00,11877.474429854106,-0.0,-0.0,11643.817204301076,20.0,33.657225553029114,23.56005788712038,200.0
2030-10-03 06:00:00,11877.474429854106,-0.0,-0.0,11643.817204301076,20.0,33.657225553029114,23.56005788712038,200.0
2030-10-03 07:00:00,11877.474429854106,-0.0,-0.0,11643.817204301076,20.0,33.657225553029114,23.56005788712038,200.0
2030-10-03 08:00:00,11877.474429854106,-0.0,-0.0,11643.817204301076,20.0,33.657225553029114,23.56005788712038,200.0
2030-10-03 09:00:00,11877.474429854106,-0.0,-0.0,11643.817204301076,20.0,33.657225553029114,23.56005788712038,200.0
2030-10-03 10:00:00,11877.474429854106,-0.0,-0.0,11643.817204301076,20.0,33.657225553029114,23.56005788712038,200.0
2030-10-03 11:00:00,-0.0,11877.474429854106,-0.0,11643.817204301076,20.0,33.657225553029114,23.56005788712038,200.0
2030-10-03 12:00:00,-0.0,11877.474429854106,-0.0,11643.817204301076,20.0,33.657225553029114,23.56005788712038,200.0
2030-10-03 13:00:00,-0.0,11877.474429854106,-0.0,11643.817204301076,20.0,33.657225553029114,23.56005788712038,200.0
2030-10-03 14:00:00,-0.0,11877.474429854106,-0.0,11643.817204301076,20.0,33.657225553029114,23.56005788712038,200.0
2030-10-03 15:00:00,-0.0,11877.474429854106,-0.0,11643.817204301076,20.0,33.657225553029114,23.56005788712038,200.0
2030-10-03 16:00:00,-0.0,11877.474429854106,-0.0,11643.817204301076,20.0,33.657225553029114,23.56005788712038,200.0
2030-10-03 17:00:00,-0.0,11877.474429854106,-0.0,11643.817204301076,20.0,33.657225553029114,23.56005788712038,200.0
2030-10-03 18:00:00,-0.0,11877.474429854106,-0.0,11643.817204301076,20.0,33.657225553029114,23.56005788712038,200.0
2030-10-03 19:00:00,-0.0,11877.474429854106,-0.0,11643.817204301076,20.0,33.657225553029114,23.56005788712038,200.0
2030-10-03 20:00:00,-0.0,11877.474429854106,-0.0,11643.817204301076,20.0,33.657225553029114,23.56005788712038,200.0
2030-10-03 21:00:00,-0.0,11877.474429854106,-0.0,11643.817204301076,20.0,33.657225553029114,23.56005788712038,200.0
2030-10-03 22:00:00,-0.0,11877.474429854106,-0.0,11643.817204301076,20.0,33.657225553029114,23.56005788712038,200.0
2030-10-03 23:00:00,-0.0,11877.474429854106,-0.0,11643.817204301076,20.0,33.657225553029114,23.56005788712038,200.0
2030-10-04 00:00:00,-0.0,11877.474429854106,-0.0,11643.817204301076,20.0,33.657225553029114,23.56005788712038,200.0
2030-10-04 01:00:00,385.77294630210184,10763.474353910022,494.5699040889527,11643.817204301076,20.0,-0.0,-0.0,0.0
2030-10-04 02:00:00,11877.474429854106,-0.0,-0.0,11643.817204301076,20.0,33.657225553029114,23.56005788712038,200.0
2030-10-04 03:00:00,11877.474429854106,-0.0,-0.0,11643.817204301076,20.0,33.657225553029114,23.56005788712038,200.0
2030-10-04 04:00:00,11877.474429854106,-0.0,-0.0,11643.817204301076,20.0,33.657225553029114,23.56005788712038,200.0
2030-10-04 05:00:00,11877.474429854106,-0.0,-0.0,11643.817204301076,20.0,33.657225553029114,23.56005788712038,200.0
2030-10-04 06:00:00,11877.474429854106,-0.0,-0.0,11643.817204301076,20.0,33.657225553029114,23.56005788712038,200.0
2030-10-04 07:00:00,11877.474429854106,-0.0,-0.0,11643.817204301076,20.0,33.657225553029114,23.56005788712038,200.0
2030-10-04 08:00:00,11877.474429854106,-0.0,-0.0,11643.817204301076,20.0,33.657225553029114,23.56005788712038,200.0
2030-10-04 09:00:00,11877.474429854106,-0.0,-0.0,11643.817204301076,20.0,33.657225553029114,23.56005788712038,200.0
2030-10-04 10:00:00,11877.474429854106,-0.0,-0.0,11643.817204301076,20.0,33.657225553029114,23.56005788712038,200.0
2030-10-04 11:00:00,-0.0,11877.474429854106,-0.0,11643.817204301076,20.0,33.657225553029114,23.56005788712038,200.0
2030-10-04 12:00:00,1123.004803251432,10754.469626602675,-0.0,11643.817204301076,20.0,33.657225553029114,23.56005788712038,200.0
2030-10-04 13:00:00,-0.0,11877.474429854106,-0.0,11643.817204301076,20.0,33.657225553029114,23.56005788712038,200.0
2030-10-04 14:00:00,-0.0,11877.474429854106,-0.0,11643.817204301076,20.0,33.657225553029114,23.56005788712038,200.0
2030-10-04 15:00:00,-0.0,11877.474429854106,-0.0,11643.817204301076,20.0,33.657225553029114,23.56005788712038,200.0
2030-10-04 16:00:00,-0.0,11877.474429854106,-0.0,11643.817204301076,20.0,33.657225553029114,23.56005788712038,200.0
2030-10-04 17:00:00,-0.0,11877.474429854106,-0.0,11643.817204301076,20.0,33.657225553029114,23.56005788712038,200.0
2030-10-04 18:00:00,-0.0,11877.474429854106,-0.0,11643.817204301076,20.0,33.657225553029114,23.56005788712038,200.0
2030-10-04 19:00:00,-0.0,11877.474429854106,-0.0,11643.817204301076,20.0,33.657225553029114,23.56005788712038,200.0
2030-10-04 20:00:00,-0.0,11877.474429854106,-0.0,11643.817204301076,20.0,33.657225553029114,23.56005788712038,200.0
2030-10-04 21:00:00,-0.0,11877.474429854106,-0.0,11643.817204301076,20.0,33.657225553029114,23.56005788712038,200.0
2030-10-04 22:00:00,-0.0,6511.96193176913,5131.855272531946,11643.817204301076,20.0,-0.0,-0.0,0.0
2030-10-04 23:00:00,-0.0,1045.7316747308414,10598.085529570235,11643.817204301076,20.0,-0.0,-0.0,0.0
2030-10-05 00:00:00,-0.0,-0.0,11643.817204301076,11643.817204301076,20.0,-0.0,-0.0,0.0
2030-10-05 01:00:00,367.05619958124464,-0.0,11276.761004719832,11643.817204301076,20.0,-0.0,-0.0,0.0
2030-10-05 02:00:00,11877.474429854106,-0.0,-0.0,11643.817204301076,20.0,33.657225553029114,23.56005788712038,200.0
2030-10-05 03:00:00,11877.474429854106,-0.0,-0.0,11643.817204301076,20.0,33.657225553029114,23.56005788712038,200.0
2030-10-05 04:00:00,11877.474429854106,-0.0,-0.0,11643.817204301076,20.0,33.657225553029114,23.56005788712038,200.0
2030-10-05 05:00:00,11877.474429854106,-0.0,-0.0,11643.817204301076,20.0,33.657225553029114,23.56005788712038,200.0
2030-10-05 06:00:00,11877.474429854106,-0.0,-0.0,11643.817204301076,20.0,33.657225553029114,23.56005788712038,200.0
2030-10-05 07:00:00,11877.474429854106,-0.0,-0.0,11643.817204301076,20.0,33.657225553029114,23.56005788712038,200.0
2030-10-05 08:00:00,11877.474429854106,-0.0,-0.0,11643.817204301076,20.0,33.657225553029114,23.56005788712038,200.0
2030-10-05 09:00:00,11877.474429854106,-0.0,-0.0,11643.817204301076,20.0,33.657225553029114,23.56005788712038,200.0
2030-10-05 10:00:00,11877.474429854106,-0.0,-0.0,11643.817204301076,20.0,33.657225553029114,23.56005788712038,200.0
2030-10-05 11:00:00,11877.474429854106,-0.0,-0.0,11643.817204301076,20.0,33.657225553029114,23.56005788712038,200.0
2030-10-05 12:00:00,1534.7732311102902,10342.701198743816,-0.0,11643.817204301076,20.0,33.657225553029114,23.56005788712038,200.0
2030-10-05 13:00:00,-0.0,11877.474429854106,-0.0,11643.817204301076,20.0,33.657225553029114,23.56005788712038,200.0
2030-10-05 14:00:00,-0.0,11877.474429854106,-0.0,11643.817204301076,20.0,33.657225553029114,23.56005788712038,200.0
2030-10-05 15:00:00,-0.0,11877.474429854106,-0.0,11643.817204301076,20.0,33.657225553029114,23.56005788712038,200.0
2030-10-05 16:00:00,-0.0,11877.474429854106,-0.0,11643.817204301076,20.0,33.657225553029114,23.56005788712038,200.0
2030-10-05 17:00:00,-0.0,11877.474429854106,-0.0,11643.817204301076,20.0,33.657225553029114,23.56005788712038,200.0
2030-10-05 18:00:00,-0.0,11877.474429854106,-0.0,11643.817204301076,20.0,33.657225553029114,23.56005788712038,200.0
2030-10-05 19:00:00,-0.0,11877.474429854106,-0.0,11643.817204301076,20.0,33.657225553029114,23.56005788712038,200.0
2030-10-05 20:00:00,-0.0,11877.474429854106,-0.0,11643.817204301076,20.0,33.657225553029114,23.56005788712038,200.0
2030-10-05 21:00:00,-0.0,9346.303546529733,2297.513657771344,11643.817204301076,20.0,-0.0,-0.0,0.0
2030-10-05 22:00:00,-0.0,1045.7316747308414,10598.085529570235,11643.817204301076,20.0,-0.0,-0.0,0.0
2030-10-05 23:00:00,-0.0,-0.0,11643.817204301076,11643.817204301076,20.0,-0.0,-0.0,0.0
2030-10-06 00:00:00,-0.0,-0.0,11643.817204301076,11643.817204301076,20.0,-0.0,-0.0,0.0
2030-10-06 01:00:00,340.0208987622391,-0.0,11303.796305538837,11643.817204301076,20.0,-0.0,-0.0,0.0
2030-10-06 02:00:00,11877.474429854106,-0.0,-0.0,11643.817204301076,20.0,33.657225553029114,23.56005788712038,200.0
2030-10-06 03:00:00,11877.474429854106,-0.0,-0.0,11643.817204301076,20.0,33.657225553029114,23.56005788712038,200.0
2030-10-06 04:00:00,11877.474429854106,-0.0,-0.0,11643.817204301076,20.0,33.657225553029114,23.56005788712038,200.0
2030-10-06 05:00:00,11877.474429854106,-0.0,-0.0,11643.817204301076,20.0,33.657225553029114,23.56005788712038,200.0
2030-10-06 06:00:00,11877.474429854106,-0.0,-0.0,11643.817204301076,20.0,33.657225553029114,23.56005788712038,200.0
2030-10-06 07:00:00,11877.474429854106,-0.0,-0.0,11643.817204301076,20.0,33.657225553029114,23.56005788712038,200.0
2030-10-06 08:00:00,11877.474429854106,-0.0,-0.0,11643.817204301076,20.0,33.657225553029114,23.56005788712038,200.0
2030-10-06 09:00:00,11877.474429854106,-0.0,-0.0,11643.817204301076,20.0,33.657225553029114,23.56005788712038,200.0
2030-10-06 10:00:00,11877.474429854106,-0.0,-0.0,11643.817204301076,20.0,33.657225553029114,23.56005788712038,200.0
2030-10-06 11:00:00,11877.474429854106,-0.0,-0.0,11643.817204301076,20.0,33.657225553029114,23.56005788712038,200.0
2030-10-06 12:00:00,-0.0,11877.474429854106,-0.0,11643.817204301076,20.0,33.657225553029114,23.56005788712038,200.0
2030-10-06 13:00:00,-0.0,11877.474429854106,-0.0,11643.817204301076,20.0,33.657225553029114,23.56005788712038,200.0
2030-10-06 14:00:00,-0.0,11877.474429854106,-0.0,11643.817204301076,20.0,33.657225553029114,23.56005788712038,200.0
2030-10-06 15:00:00,-0.0,11877.474429854106,-0.0,11643.817204301076,20.0,33.657225553029114,23.56005788712038,200.0
2030-10-06 16:00:00,-0.0,11877.474429854106,-0.0,11643.817204301076,20.0,33.657225553029114,23.56005788712038,200.0
2030-10-06 17:00:00,-0.0,11877.474429854106,-0.0,11643.817204301076,20.0,33.657225553029114,23.56005788712038,200.0
2030-10-06 18:00:00,-0.0,11877.474429854106,-0.0,11643.817204301076,20.0,33.657225553029114,23.56005788712038,200.0
2030-10-06 19:00:00,-0.0,11877.474429854106,-0.0,11643.817204301076,20.0,33.657225553029114,23.56005788712038,200.0
2030-10-06 20:00:00,-0.0,11877.474429854106,-0.0,11643.817204301076,20.0,33.657225553029114,23.56005788712038,200.0
2030-10-06 21:00:00,-0.0,11877.474429854106,-0.0,11643.817204301076,20.0,33.657225553029114,23.56005788712038,200.0
2030-10-06 22:00:00,-0.0,11877.474429854106,-0.0,11643.817204301076,20.0,33.657225553029114,23.56005788712038,200.0
2030-10-06 23:00:00,-0.0,11877.474429854106,-0.0,11643.817204301076,20.0,33.657225553029114,23.56005788712038,200.0
2030-10-07 00:00:00,-0.0,11877.474429854106,-0.0,11643.817204301076,20.0,33.657225553029114,23.56005788712038,200.0
2030-10-07 01:00:00,-0.0,11877.474429854106,-0.0,11643.817204301076,20.0,33.657225553029114,23.56005788712038,200.0
2030-10-07 02:00:00,-0.0,11877.474429854106,-0.0,11643.817204301076,20.0,33.657225553029114,23.56005788712038,200.0
2030-10-07 03:00:00,11877.474429854106,-0.0,-0.0,11643.817204301076,20.0,33.657225553029114,23.56005788712038,200.0
2030-10-07 04:00:00,11877.474429854106,-0.0,-0.0,11643.817204301076,20.0,33.657225553029114,23.56005788712038,200.0
2030-10-07 05:00:00,11877.474429854106,-0.0,-0.0,11643.817204301076,20.0,33.657225553029114,23.56005788712038,200.0
2030-10-07 06:00:00,11877.474429854106,-0.0,-0.0,11643.817204301076,20.0,33.657225553029114,23.56005788712038,200.0
2030-10-07 07:00:00,11877.474429854106,-0.0,-0.0,11643.817204301076,20.0,33.657225553029114,23.56005788712038,200.0
2030-10-07 08:00:00,11877.474429854106,-0.0,-0.0,11643.817204301076,20.0,33.657225553029114,23.56005788712038,200.0
2030-10-07 09:00:00,11877.474429854106,-0.0,-0.0,11643.817204301076,20.0,33.657225553029114,23.56005788712038,200.0
2030-10-07 10:00:00,11877.474429854106,-0.0,-0.0,11643.817204301076,20.0,33.657225553029114,23.56005788712038,200.0
2030-10-07 11:00:00,11877.474429854106,-0.0,-0.0,11643.817204301076,20.0,33.657225553029114,23.56005788712038,200.0
2030-10-07 12:00:00,1485.9017257835972,10391.57270407051,-0.0,11643.817204301076,20.0,33.657225553029114,23.56005788712038,200.0
2030-10-07 13:00:00,-0.0,11877.474429854106,-0.0,11643.817204301076,20.0,33.657225553029114,23.56005788712038,200.0
2030-10-07 14:00:00,-0.0,11877.474429854106,-0.0,11643.817204301076,20.0,33.657225553029114,23.56005788712038,200.0
2030-10-07 15:00:00,-0.0,11877.474429854106,-0.0,11643.817204301076,20.0,33.657225553029114,23.56005788712038,200.0
2030-10-07 16:00:00,-0.0,11877.474429854106,-0.0,11643.817204301076,20.0,33.657225553029114,23.56005788712038,200.0
2030-10-07 17:00:00,-0.0,11877.474429854106,-0.0,11643.817204301076,20.0,33.657225553029114,23.56005788712038,200.0
2030-10-07 18:00:00,-0.0,11877.474429854106,-0.0,11643.817204301076,20.0,33.657225553029114,23.56005788712038,200.0
2030-10-07 19:00:00,-0.0,11877.474429854106,-0.0,11643.817204301076,20.0,33.657225553029114,23.56005788712038,200.0
2030-10-07 20:00:00,-0.0,11877.474429854106,-0.0,11643.817204301076,20.0,33.657225553029114,23.56005788712038,200.0
2030-10-07 21:00:00,-0.0,11877.474429854106,-0.0,11643.817204301076,20.0,33.657225553029114,23.56005788712038,200.0
2030-10-07 22:00:00,-0.0,11877.474429854106,-0.0,11643.817204301076,20.0,33.657225553029114,23.56005788712038,200.0
2030-10-07 23:00:00,-0.0,11877.474429854106,-0.0,11643.817204301076,20.0,33.657225553029114,23.56005788712038,200.0
2030-10-08 00:00:00,-0.0,11877.474429854106,-0.0,11643.817204301076,20.0,33.657225553029114,23.56005788712038,200.0
2030-10-08 01:00:00,-0.0,11877.474429854106,-0.0,11643.817204301076,20.0,33.657225553029114,23.56005788712038,200.0
2030-10-08 02:00:00,11877.474429854106,-0.0,-0.0,11643.817204301076,20.0,33.657225553029114,23.56005788712038,200.0
2030-10-08 03:00:00,11877.474429854106,-0.0,-0.0,11643.817204301076,20.0,33.657225553029114,23.56005788712038,200.0
2030-10-08 04:00:00,11877.474429854106,-0.0,-0.0,11643.817204301076,20.0,33.657225553029114,23.56005788712038,200.0
2030-10-08 05:00:00,11877.474429854106,-0.0,-0.0,11643.817204301076,20.0,33.657225553029114,23.56005788712038,200.0
2030-10-08 06:00:00,11877.474429854106,-0.0,-0.0,11643.817204301076,20.0,33.657225553029114,23.56005788712038,200.0
2030-10-08 07:00:00,11877.474429854106,-0.0,-0.0,11643.817204301076,20.0,33.657225553029114,23.56005788712038,200.0
2030-10-08 08:00:00,11877.474429854106,-0.0,-0.0,11643.817204301076,20.0,33.657225553029114,23.56005788712038,200.0
2030-10-08 09:00:00,11877.474429854106,-0.0,-0.0,11643.817204301076,20.0,33.657225553029114,23.56005788712038,200.0
2030-10-08 10:00:00,11877.474429854106,-0.0,-0.0,11643.817204301076,20.0,33.657225553029114,23.56005788712038,200.0
2030-10-08 11:00:00,11877.474429854106,-0.0,-0.0,11643.817204301076,20.0,33.657225553029114,23.56005788712038,200.0
2030-10-08 12:00:00,-0.0,11877.474429854106,-0.0,11643.817204301076,20.0,33.657225553029114,23.56005788712038,200.0
2030-10-08 13:00:00,-0.0,11877.474429854106,-0.0,11643.817204301076,20.0,33.657225553029114,23.56005788712038,200.0
2030-10-08 14:00:00,-0.0,9346.303546529733,2297.513657771344,11643.817204301076,20.0,-0.0,-0.0,0.0
2030-10-08 15:00:00,-0.0,7929.132739149419,3714.6844651516576,11643.817204301076,20.0,-0.0,-0.0,0.0
2030-10-08 16:00:00,-0.0,7929.132739149419,3714.6844651516576,11643.817204301076,20.0,-0.0,-0.0,0.0
2030-10-08 17:00:00,-0.0,7929.132739149419,3714.6844651516576,11643.817204301076,20.0,-0.0,-0.0,0.0
2030-10-08 18:00:00,-0.0,7929.132739149419,3714.6844651516576,11643.817204301076,20.0,-0.0,-0.0,0.0
2030-10-08 19:00:00,-0.0,11877.474429854106,-0.0,11643.817204301076,20.0,33.657225553029114,23.56005788712038,200.0
2030-10-08 20:00:00,-0.0,7929.132739149419,3714.6844651516576,11643.817204301076,20.0,-0.0,-0.0,0.0
2030-10-08 21:00:00,-0.0,3677.6203170085287,7966.196887292548,11643.817204301076,20.0,-0.0,-0.0,0.0
2030-10-08 22:00:00,-0.0,5094.791124388843,6549.026079912233,11643.817204301076,20.0,-0.0,-0.0,0.0
2030-10-08 23:00:00,-0.0,5094.791124388843,6549.026079912233,11643.817204301076,20.0,-0.0,-0.0,0.0
2030-10-09 00:00:00,-0.0,6511.96193176913,5131.855272531946,11643.817204301076,20.0,-0.0,-0.0,0.0
2030-10-09 01:00:00,272.4326467146992,6511.96193176913,4859.422625817247,11643.817204301076,20.0,-0.0,-0.0,0.0
2030-10-09 02:00:00,10071.689374345713,-0.0,1572.1278299553633,11643.817204301076,20.0,-0.0,-0.0,0.0
2030-10-09 03:00:00,11877.474429854106,-0.0,-0.0,11643.817204301076,20.0,33.657225553029114,23.56005788712038,200.0
2030-10-09 04:00:00,11877.474429854106,-0.0,-0.0,11643.817204301076,20.0,33.657225553029114,23.56005788712038,200.0
2030-10-09 05:00:00,11877.474429854106,-0.0,-0.0,11643.817204301076,20.0,33.657225553029114,23.56005788712038,200.0
2030-10-09 06:00:00,11877.474429854106,-0.0,-0.0,11643.817204301076,20.0,33.657225553029114,23.56005788712038,200.0
2030-10-09 07:00:00,11877.474429854106,-0.0,-0.0,11643.817204301076,20.0,33.657225553029114,23.56005788712038,200.0
2030-10-09 08:00:00,11877.474429854106,-0.0,-0.0,11643.817204301076,20.0,33.657225553029114,23.56005788712038,200.0
2030-10-09 09:00:00,11877.474429854106,-0.0,-0.0,11643.817204301076,20.0,33.657225553029114,23.56005788712038,200.0
2030-10-09 10:00:00,-0.0,11877.474429854106,-0.0,11643.817204301076,20.0,33.657225553029114,23.56005788712038,200.0
2030-10-09 11:00:00,6286.747259683479,5590.727170170628,-0.0,11643.817204301076,20.0,33.657225553029114,23.56005788712038,200.0
2030-10-09 12:00:00,-0.0,11877.474429854106,-0.0,11643.817204301076,20.0,33.657225553029114,23.56005788712038,200.0
2030-10-09 13:00:00,-0.0,11877.474429854106,-0.0,11643.817204301076,20.0,33.657225553029114,23.56005788712038,200.0
2030-10-09 14:00:00,-0.0,11877.474429854106,-0.0,11643.817204301076,20.0,33.657225553029114,23.56005788712038,200.0
2030-10-09 15:00:00,-0.0,11877.474429854106,-0.0,11643.817204301076,20.0,33.657225553029114,23.56005788712038,200.0
2030-10-09 16:00:00,-0.0,11877.474429854106,-0.0,11643.817204301076,20.0,33.657225553029114,23.56005788712038,200.0
2030-10-09 17:00:00,-0.0,11877.474429854106,-0.0,11643.817204301076,20.0,33.657225553029114,23.56005788712038,200.0
2030-10-09 18:00:00,-0.0,11877.474429854106,-0.0,11643.817204301076,20.0,33.657225553029114,23.56005788712038,200.0
2030-10-09 19:00:00,-0.0,11877.474429854106,-0.0,11643.817204301076,20.0,33.657225553029114,23.56005788712038,200.0
2030-10-09 20:00:00,-0.0,11877.474429854106,-0.0,11643.817204301076,20.0,33.657225553029114,23.56005788712038,200.0
2030-10-09 21:00:00,-0.0,11877.474429854106,-0.0,11643.817204301076,20.0,33.657225553029114,23.56005788712038,200.0
2030-10-09 22:00:00,-0.0,11877.474429854106,-0.0,11643.817204301076,20.0,33.657225553029114,23.56005788712038,200.0
2030-10-09 23:00:00,-0.0,11877.474429854106,-0.0,11643.817204301076,20.0,33.657225553029114,23.56005788712038,200.0
2030-10-10 00:00:00,-0.0,11877.474429854106,-0.0,11643.817204301076,20.0,33.657225553029114,23.56005788712038,200.0
2030-10-10 01:00:00,-0.0,11877.474429854106,-0.0,11643.817204301076,20.0,33.657225553029114,23.56005788712038,200.0
2030-10-10 02:00:00,-0.0,11877.474429854106,-0.0,11643.817204301076,20.0,33.657225553029114,23.56005788712038,200.0
2030-10-10 03:00:00,11877.474429854106,-0.0,-0.0,11643.817204301076,20.0,33.657225553029114,23.56005788712038,200.0
2030-10-10 04:00:00,11877.474429854106,-0.0,-0.0,11643.817204301076,20.0,33.657225553029114,23.56005788712038,200.0
2030-10-10 05:00:00,11877.474429854106,-0.0,-0.0,11643.817204301076,20.0,33.657225553029114,23.56005788712038,200.0
2030-10-10 06:00:00,11877.474429854106,-0.0,-0.0,11643.817204301076,20.0,33.657225553029114,23.56005788712038,200.0
2030-10-10 07:00:00,11877.474429854106,-0.0,-0.0,11643.817204301076,20.0,33.657225553029114,23.56005788712038,200.0
2030-10-10 08:00:00,11877.474429854106,-0.0,-0.0,11643.817204301076,20.0,33.657225553029114,23.56005788712038,200.0
2030-10-10 09:00:00,11877.474429854106,-0.0,-0.0,11643.817204301076,20.0,33.657225553029114,23.56005788712038,200.0
2030-10-10 10:00:00,11877.474429854106,-0.0,-0.0,11643.817204301076,20.0,33.657225553029114,23.56005788712038,200.0
2030-10-10 11:00:00,11877.474429854106,-0.0,-0.0,11643.817204301076,20.0,33.657225553029114,23.56005788712038,200.0
2030-10-10 12:00:00,-0.0,11877.474429854106,-0.0,11643.817204301076,20.0,33.657225553029114,23.56005788712038,200.0
2030-10-10 13:00:00,-0.0,11877.474429854106,-0.0,11643.817204301076,20.0,33.657225553029114,23.56005788712038,200.0
2030-10-10 14:00:00,-0.0,11877.474429854106,-0.0,11643.817204301076,20.0,33.657225553029114,23.56005788712038,200.0
2030-10-10 15:00:00,-0.0,11877.474429854106,-0.0,11643.817204301076,20.0,33.657225553029114,23.56005788712038,200.0
2030-10-10 16:00:00,-0.0,11877.474429854106,-0.0,11643.817204301076,20.0,33.657225553029114,23.56005788712038,200.0
2030-10-10 17:00:00,-0.0,11877.474429854106,-0.0,11643.817204301076,20.0,33.657225553029114,23.56005788712038,200.0
2030-10-10 18:00:00,-0.0,11877.474429854106,-0.0,11643.817204301076,20.0,33.657225553029114,23.56005788712038,200.0
2030-10-10 19:00:00,-0.0,11877.474429854106,-0.0,11643.817204301076,20.0,33.657225553029114,23.56005788712038,200.0
2030-10-10 20:00:00,-0.0,11877.474429854106,-0.0,11643.817204301076,20.0,33.657225553029114,23.56005788712038,200.0
2030-10-10 21:00:00,-0.0,11877.474429854106,-0.0,11643.817204301076,20.0,33.657225553029114,23.56005788712038,200.0
2030-10-10 22:00:00,-0.0,11877.474429854106,-0.0,11643.817204301076,20.0,33.657225553029114,23.56005788712038,200.0
2030-10-10 23:00:00,-0.0,11877.474429854106,-0.0,11643.817204301076,20.0,33.657225553029114,23.56005788712038,200.0
2030-10-11 00:00:00,-0.0,11877.474429854106,-0.0,11643.817204301076,20.0,33.657225553029114,23.56005788712038,200.0
2030-10-11 01:00:00,-0.0,11877.474429854106,-0.0,11643.817204301076,20.0,33.657225553029114,23.56005788712038,200.0
2030-10-11 02:00:00,-0.0,11877.474429854106,-0.0,11643.817204301076,20.0,33.657225553029114,23.56005788712038,200.0
2030-10-11 03:00:00,11877.474429854106,-0.0,-0.0,11643.817204301076,20.0,33.657225553029114,23.56005788712038,200.0
2030-10-11 04:00:00,11877.474429854106,-0.0,-0.0,11643.817204301076,20.0,33.657225553029114,23.56005788712038,200.0
2030-10-11 05:00:00,11877.474429854106,-0.0,-0.0,11643.817204301076,20.0,33.657225553029114,23.56005788712038,200.0
2030-10-11 06:00:00,11877.474429854106,-0.0,-0.0,11643.817204301076,20.0,33.657225553029114,23.56005788712038,200.0
2030-10-11 07:00:00,11877.474429854106,-0.0,-0.0,11643.817204301076,20.0,33.657225553029114,23.56005788712038,200.0
2030-10-11 08:00:00,11877.474429854106,-0.0,-0.0,11643.817204301076,20.0,33.657225553029114,23.56005788712038,200.0
2030-10-11 09:00:00,11877.474429854106,-0.0,-0.0,11643.817204301076,20.0,33.657225553029114,23.56005788712038,200.0
2030-10-11 10:00:00,11877.474429854106,-0.0,-0.0,11643.817204301076,20.0,33.657225553029114,23.56005788712038,200.0
2030-10-11 11:00:00,-0.0,11877.474429854106,-0.0,11643.817204301076,20.0,33.657225553029114,23.56005788712038,200.0
2030-10-11 12:00:00,-0.0,11877.474429854106,-0.0,11643.817204301076,20.0,33.657225553029114,23.56005788712038,200.0
2030-10-11 13:00:00,-0.0,11877.474429854106,-0.0,11643.817204301076,20.0,33.657225553029114,23.56005788712038,200.0
2030-10-11 14:00:00,-0.0,11877.474429854106,-0.0,11643.817204301076,20.0,33.657225553029114,23.56005788712038,200.0
2030-10-11 15:00:00,-0.0,11877.474429854106,-0.0,11643.817204301076,20.0,33.657225553029114,23.56005788712038,200.0
2030-10-11 16:00:00,-0.0,11877.474429854106,-0.0,11643.817204301076,20.0,33.657225553029114,23.56005788712038,200.0
2030-10-11 17:00:00,-0.0,11877.474429854106,-0.0,11643.817204301076,20.0,33.657225553029114,23.56005788712038,200.0
2030-10-11 18:00:00,-0.0,11877.474429854106,-0.0,11643.817204301076,20.0,33.657225553029114,23.56005788712038,200.0
2030-10-11 19:00:00,-0.0,11877.474429854106,-0.0,11643.817204301076,20.0,33.657225553029114,23.56005788712038,200.0
2030-10-11 20:00:00,-0.0,11877.474429854106,-0.0,11643.817204301076,20.0,33.657225553029114,23.56005788712038,200.0
2030-10-11 21:00:00,-0.0,11877.474429854106,-0.0,11643.817204301076,20.0,33.657225553029114,23.56005788712038,200.0
2030-10-11 22:00:00,-0.0,11877.474429854106,-0.0,11643.817204301076,20.0,33.657225553029114,23.56005788712038,200.0
2030-10-11 23:00:00,-0.0,11877.474429854106,-0.0,11643.817204301076,20.0,33.657225553029114,23.56005788712038,200.0
2030-10-12 00:00:00,-0.0,11877.474429854106,-0.0,11643.817204301076,20.0,33.657225553029114,23.56005788712038,200.0
2030-10-12 01:00:00,-0.0,11877.474429854106,-0.0,11643.817204301076,20.0,33.657225553029114,23.56005788712038,200.0
2030-10-12 02:00:00,11877.474429854106,-0.0,-0.0,11643.817204301076,20.0,33.657225553029114,23.56005788712038,200.0
2030-10-12 03:00:00,11877.474429854106,-0.0,-0.0,11643.817204301076,20.0,33.657225553029114,23.56005788712038,200.0
2030-10-12 04:00:00,11877.474429854106,-0.0,-0.0,11643.817204301076,20.0,33.657225553029114,23.56005788712038,200.0
2030-10-12 05:00:00,11877.474429854106,-0.0,-0.0,11643.817204301076,20.0,33.657225553029114,23.56005788712038,200.0
2030-10-12 06:00:00,11877.474429854106,-0.0,-0.0,11643.817204301076,20.0,33.657225553029114,23.56005788712038,200.0
2030-10-12 07:00:00,11877.474429854106,-0.0,-0.0,11643.817204301076,20.0,33.657225553029114,23.56005788712038,200.0
2030-10-12 08:00:00,11877.474429854106,-0.0,-0.0,11643.817204301076,20.0,33.657225553029114,23.56005788712038,200.0
2030-10-12 09:00:00,11877.474429854106,-0.0,-0.0,11643.817204301076,20.0,33.657225553029114,23.56005788712038,200.0
2030-10-12 10:00:00,11877.474429854106,-0.0,-0.0,11643.817204301076,20.0,33.657225553029114,23.56005788712038,200.0
2030-10-12 11:00:00,11877.474429854106,-0.0,-0.0,11643.817204301076,20.0,33.657225553029114,23.56005788712038,200.0
2030-10-12 12:00:00,-0.0,11877.474429854106,-0.0,11643.817204301076,20.0,33.657225553029114,23.56005788712038,200.0
2030-10-12 13:00:00,-0.0,11877.474429854106,-0.0,11643.817204301076,20.0,33.657225553029114,23.56005788712038,200.0
2030-10-12 14:00:00,-0.0,11877.474429854106,-0.0,11643.817204301076,20.0,33.657225553029114,23.56005788712038,200.0
2030-10-12 15:00:00,-0.0,11877.474429854106,-0.0,11643.817204301076,20.0,33.657225553029114,23.56005788712038,200.0
2030-10-12 16:00:00,-0.0,11877.474429854106,-0.0,11643.817204301076,20.0,33.657225553029114,23.56005788712038,200.0
2030-10-12 17:00:00,-0.0,11877.474429854106,-0.0,11643.817204301076,20.0,33.657225553029114,23.56005788712038,200.0
2030-10-12 18:00:00,-0.0,11877.474429854106,-0.0,11643.817204301076,20.0,33.657225553029114,23.56005788712038,200.0
2030-10-12 19:00:00,-0.0,11877.474429854106,-0.0,11643.817204301076,20.0,33.657225553029114,23.56005788712038,200.0
2030-10-12 20:00:00,-0.0,11877.474429854106,-0.0,11643.817204301076,20.0,33.657225553029114,23.56005788712038,200.0
2030-10-12 21:00:00,-0.0,11877.474429854106,-0.0,11643.817204301076,20.0,33.657225553029114,23.56005788712038,200.0
2030-10-12 22:00:00,-0.0,11877.474429854106,-0.0,11643.817204301076,20.0,33.657225553029114,23.56005788712038,200.0
2030-10-12 23:00:00,-0.0,11877.474429854106,-0.0,11643.817204301076,20.0,33.657225553029114,23.56005788712038,200.0
2030-10-13 00:00:00,-0.0,11877.474429854106,-0.0,11643.817204301076,20.0,33.657225553029114,23.56005788712038,200.0
2030-10-13 01:00:00,-0.0,11877.474429854106,-0.0,11643.817204301076,20.0,33.657225553029114,23.56005788712038,200.0
2030-10-13 02:00:00,-0.0,11877.474429854106,-0.0,11643.817204301076,20.0,33.657225553029114,23.56005788712038,200.0
2030-10-13 03:00:00,11877.474429854106,-0.0,-0.0,11643.817204301076,20.0,33.657225553029114,23.56005788712038,200.0
2030-10-13 04:00:00,11877.474429854106,-0.0,-0.0,11643.817204301076,20.0,33.657225553029114,23.56005788712038,200.0
2030-10-13 05:00:00,11877.474429854106,-0.0,-0.0,11643.817204301076,20.0,33.657225553029114,23.56005788712038,200.0
2030-10-13 06:00:00,11877.474429854106,-0.0,-0.0,11643.817204301076,20.0,33.657225553029114,23.56005788712038,200.0
2030-10-13 07:00:00,11877.474429854106,-0.0,-0.0,11643.817204301076,20.0,33.657225553029114,23.56005788712038,200.0
2030-10-13 08:00:00,11877.474429854106,-0.0,-0.0,11643.817204301076,20.0,33.657225553029114,23.56005788712038,200.0
2030-10-13 09:00:00,-0.0,11877.474429854106,-0.0,11643.817204301076,20.0,33.657225553029114,23.56005788712038,200.0
2030-10-13 10:00:00,11877.474429854106,-0.0,-0.0,11643.817204301076,20.0,33.657225553029114,23.56005788712038,200.0
2030-10-13 11:00:00,11877.474429854106,-0.0,-0.0,11643.817204301076,20.0,33.657225553029114,23.56005788712038,200.0
2030-10-13 12:00:00,-0.0,11877.474429854106,-0.0,11643.817204301076,20.0,33.657225553029114,23.56005788712038,200.0
2030-10-13 13:00:00,-0.0,11877.474429854106,-0.0,11643.817204301076,20.0,33.657225553029114,23.56005788712038,200.0
2030-10-13 14:00:00,-0.0,11877.474429854106,-0.0,11643.817204301076,20.0,33.657225553029114,23.56005788712038,200.0
2030-10-13 15:00:00,-0.0,11877.474429854106,-0.0,11643.817204301076,20.0,33.657225553029114,23.56005788712038,200.0
2030-10-13 16:00:00,-0.0,11877.474429854106,-0.0,11643.817204301076,20.0,33.657225553029114,23.56005788712038,200.0
2030-10-13 17:00:00,-0.0,11877.474429854106,-0.0,11643.817204301076,20.0,33.657225553029114,23.56005788712038,200.0
2030-10-13 18:00:00,-0.0,11877.474429854106,-0.0,11643.817204301076,20.0,33.657225553029114,23.56005788712038,200.0
2030-10-13 19:00:00,-0.0,11877.474429854106,-0.0,11643.817204301076,20.0,33.657225553029114,23.56005788712038,200.0
2030-10-13 20:00:00,-0.0,11877.474429854106,-0.0,11643.817204301076,20.0,33.657225553029114,23.56005788712038,200.0
2030-10-13 21:00:00,-0.0,11877.474429854106,-0.0,11643.817204301076,20.0,33.657225553029114,23.56005788712038,200.0
2030-10-13 22:00:00,-0.0,11877.474429854106,-0.0,11643.817204301076,20.0,33.657225553029114,23.56005788712038,200.0
2030-10-13 23:00:00,-0.0,11877.474429854106,-0.0,11643.817204301076,20.0,33.657225553029114,23.56005788712038,200.0
2030-10-14 00:00:00,-0.0,11877.474429854106,-0.0,11643.817204301076,20.0,33.657225553029114,23.56005788712038,200.0
2030-10-14 01:00:00,-0.0,11877.474429854106,-0.0,11643.817204301076,20.0,33.657225553029114,23.56005788712038,200.0
2030-10-14 02:00:00,-0.0,11877.474429854106,-0.0,11643.817204301076,20.0,33.657225553029114,23.56005788712038,200.0
2030-10-14 03:00:00,11877.474429854106,-0.0,-0.0,11643.817204301076,20.0,33.657225553029114,23.56005788712038,200.0
2030-10-14 04:00:00,11877.474429854106,-0.0,-0.0,11643.817204301076,20.0,33.657225553029114,23.56005788712038,200.0
2030-10-14 05:00:00,11877.474429854106,-0.0,-0.0,11643.817204301076,20.0,33.657225553029114,23.56005788712038,200.0
2030-10-14 06:00:00,11877.474429854106,-0.0,-0.0,11643.817204301076,20.0,33.657225553029114,23.56005788712038,200.0
2030-10-14 07:00:00,11877.474429854106,-0.0,-0.0,11643.817204301076,20.0,33.657225553029114,23.56005788712038,200.0
2030-10-14 08:00:00,11877.474429854106,-0.0,-0.0,11643.817204301076,20.0,33.657225553029114,23.56005788712038,200.0
2030-10-14 09:00:00,11877.474429854106,-0.0,-0.0,11643.817204301076,20.0,33.657225553029114,23.56005788712038,200.0
2030-10-14 10:00:00,11877.474429854106,-0.0,-0.0,11643.817204301076,20.0,33.657225553029114,23.56005788712038,200.0
2030-10-14 11:00:00,-0.0,11877.474429854106,-0.0,11643.817204301076,20.0,33.657225553029114,23.56005788712038,200.0
2030-10-14 12:00:00,-0.0,11877.474429854106,-0.0,11643.817204301076,20.0,33.657225553029114,23.56005788712038,200.0
2030-10-14 13:00:00,-0.0,11877.474429854106,-0.0,11643.817204301076,20.0,33.657225553029114,23.56005788712038,200.0
2030-10-14 14:00:00,-0.0,11877.474429854106,-0.0,11643.817204301076,20.0,33.657225553029114,23.56005788712038,200.0
2030-10-14 15:00:00,-0.0,11877.474429854106,-0.0,11643.817204301076,20.0,33.657225553029114,23.56005788712038,200.0
2030-10-14 16:00:00,-0.0,11877.474429854106,-0.0,11643.817204301076,20.0,33.657225553029114,23.56005788712038,200.0
2030-10-14 17:00:00,-0.0,11877.474429854106,-0.0,11643.817204301076,20.0,33.657225553029114,23.56005788712038,200.0
2030-10-14 18:00:00,-0.0,11877.474429854106,-0.0,11643.817204301076,20.0,33.657225553029114,23.56005788712038,200.0
2030-10-14 19:00:00,-0.0,11877.474429854106,-0.0,11643.817204301076,20.0,33.657225553029114,23.56005788712038,200.0
2030-10-14 20:00:00,-0.0,11877.474429854106,-0.0,11643.817204301076,20.0,33.657225553029114,23.56005788712038,200.0
2030-10-14 21:00:00,-0.0,11877.474429854106,-0.0,11643.817204301076,20.0,33.657225553029114,23.56005788712038,200.0
2030-10-14 22:00:00,-0.0,11877.474429854106,-0.0,11643.817204301076,20.0,33.657225553029114,23.56005788712038,200.0
2030-10-14 23:00:00,-0.0,11877.474429854106,-0.0,11643.817204301076,20.0,33.657225553029114,23.56005788712038,200.0
2030-10-15 00:00:00,-0.0,11877.474429854106,-0.0,11643.817204301076,20.0,33.657225553029114,23.56005788712038,200.0
2030-10-15 01:00:00,-0.0,11877.474429854106,-0.0,11643.817204301076,20.0,33.657225553029114,23.56005788712038,200.0
2030-10-15 02:00:00,-0.0,11877.474429854106,-0.0,11643.817204301076,20.0,33.657225553029114,23.56005788712038,200.0
2030-10-15 03:00:00,11877.474429854106,-0.0,-0.0,11643.817204301076,20.0,33.657225553029114,23.56005788712038,200.0
2030-10-15 04:00:00,11877.474429854106,-0.0,-0.0,11643.817204301076,20.0,33.657225553029114,23.56005788712038,200.0
2030-10-15 05:00:00,11877.474429854106,-0.0,-0.0,11643.817204301076,20.0,33.657225553029114,23.56005788712038,200.0
2030-10-15 06:00:00,11877.474429854106,-0.0,-0.0,11643.817204301076,20.0,33.657225553029114,23.56005788712038,200.0
2030-10-15 07:00:00,11877.474429854106,-0.0,-0.0,11643.817204301076,20.0,33.657225553029114,23.56005788712038,200.0
2030-10-15 08:00:00,11877.474429854106,-0.0,-0.0,11643.817204301076,20.0,33.657225553029114,23.56005788712038,200.0
2030-10-15 09:00:00,11877.474429854106,-0.0,-0.0,11643.817204301076,20.0,33.657225553029114,23.56005788712038,200.0
2030-10-15 10:00:00,11877.474429854106,-0.0,-0.0,11643.817204301076,20.0,33.657225553029114,23.56005788712038,200.0
2030-10-15 11:00:00,11877.474429854106,-0.0,-0.0,11643.817204301076,20.0,33.657225553029114,23.56005788712038,200.0
2030-10-15 12:00:00,-0.0,11877.474429854106,-0.0,11643.817204301076,20.0,33.657225553029114,23.56005788712038,200.0
2030-10-15 13:00:00,-0.0,11877.474429854106,-0.0,11643.817204301076,20.0,33.657225553029114,23.56005788712038,200.0
2030-10-15 14:00:00,-0.0,11877.474429854106,-0.0,11643.817204301076,20.0,33.657225553029114,23.56005788712038,200.0
2030-10-15 15:00:00,-0.0,11877.474429854106,-0.0,11643.817204301076,20.0,33.657225553029114,23.56005788712038,200.0
2030-10-15 16:00:00,-0.0,11877.474429854106,-0.0,11643.817204301076,20.0,33.657225553029114,23.56005788712038,200.0
2030-10-15 17:00:00,-0.0,11877.474429854106,-0.0,11643.817204301076,20.0,33.657225553029114,23.56005788712038,200.0
2030-10-15 18:00:00,-0.0,11877.474429854106,-0.0,11643.817204301076,20.0,33.657225553029114,23.56005788712038,200.0
2030-10-15 19:00:00,-0.0,11877.474429854106,-0.0,11643.817204301076,20.0,33.657225553029114,23.56005788712038,200.0
2030-10-15 20:00:00,-0.0,11877.474429854106,-0.0,11643.817204301076,20.0,33.657225553029114,23.56005788712038,200.0
2030-10-15 21:00:00,-0.0,11877.474429854106,-0.0,11643.817204301076,20.0,33.657225553029114,23.56005788712038,200.0
2030-10-15 22:00:00,-0.0,11877.474429854106,-0.0,11643.817204301076,20.0,33.657225553029114,23.56005788712038,200.0
2030-10-15 23:00:00,-0.0,11877.474429854106,-0.0,11643.817204301076,20.0,33.657225553029114,23.56005788712038,200.0
2030-10-16 00:00:00,-0.0,11877.474429854106,-0.0,11643.817204301076,20.0,33.657225553029114,23.56005788712038,200.0
2030-10-16 01:00:00,-0.0,11877.474429854106,-0.0,11643.817204301076,20.0,33.657225553029114,23.56005788712038,200.0
2030-10-16 02:00:00,11877.474429854106,-0.0,-0.0,11643.817204301076,20.0,33.657225553029114,23.56005788712038,200.0
2030-10-16 03:00:00,11877.474429854106,-0.0,-0.0,11643.817204301076,20.0,33.657225553029114,23.56005788712038,200.0
2030-10-16 04:00:00,11877.474429854106,-0.0,-0.0,11643.817204301076,20.0,33.657225553029114,23.56005788712038,200.0
2030-10-16 05:00:00,11877.474429854106,-0.0,-0.0,11643.817204301076,20.0,33.657225553029114,23.56005788712038,200.0
2030-10-16 06:00:00,11877.474429854106,-0.0,-0.0,11643.817204301076,20.0,33.657225553029114,23.56005788712038,200.0
2030-10-16 07:00:00,11877.474429854106,-0.0,-0.0,11643.817204301076,20.0,33.657225553029114,23.56005788712038,200.0
2030-10-16 08:00:00,11877.474429854106,-0.0,-0.0,11643.817204301076,20.0,33.657225553029114,23.56005788712038,200.0
2030-10-16 09:00:00,11877.474429854106,-0.0,-0.0,11643.817204301076,20.0,33.657225553029114,23.56005788712038,200.0
2030-10-16 10:00:00,11877.474429854106,-0.0,-0.0,11643.817204301076,20.0,33.657225553029114,23.56005788712038,200.0
2030-10-16 11:00:00,-0.0,11877.474429854106,-0.0,11643.817204301076,20.0,33.657225553029114,23.56005788712038,200.0
2030-10-16 12:00:00,-0.0,11877.474429854106,-0.0,11643.817204301076,20.0,33.657225553029114,23.56005788712038,200.0
2030-10-16 13:00:00,-0.0,11877.474429854106,-0.0,11643.817204301076,20.0,33.657225553029114,23.56005788712038,200.0
2030-10-16 14:00:00,-0.0,11877.474429854106,-0.0,11643.817204301076,20.0,33.657225553029114,23.56005788712038,200.0
2030-10-16 15:00:00,-0.0,11877.474429854106,-0.0,11643.817204301076,20.0,33.657225553029114,23.56005788712038,200.0
2030-10-16 16:00:00,-0.0,11877.474429854106,-0.0,11643.817204301076,20.0,33.657225553029114,23.56005788712038,200.0
2030-10-16 17:00:00,-0.0,11877.474429854106,-0.0,11643.817204301076,20.0,33.657225553029114,23.56005788712038,200.0
2030-10-16 18:00:00,-0.0,11877.474429854106,-0.0,11643.817204301076,20.0,33.657225553029114,23.56005788712038,200.0
2030-10-16 19:00:00,-0.0,11877.474429854106,-0.0,11643.817204301076,20.0,33.657225553029114,23.56005788712038,200.0
2030-10-16 20:00:00,-0.0,11877.474429854106,-0.0,11643.817204301076,20.0,33.657225553029114,23.56005788712038,200.0
2030-10-16 21:00:00,-0.0,11877.474429854106,-0.0,11643.817204301076,20.0,33.657225553029114,23.56005788712038,200.0
2030-10-16 22:00:00,-0.0,11877.474429854106,-0.0,11643.817204301076,20.0,33.657225553029114,23.56005788712038,200.0
2030-10-16 23:00:00,-0.0,11877.474429854106,-0.0,11643.817204301076,20.0,33.657225553029114,23.56005788712038,200.0
2030-10-17 00:00:00,-0.0,11877.474429854106,-0.0,11643.817204301076,20.0,33.657225553029114,23.56005788712038,200.0
2030-10-17 01:00:00,-0.0,11877.474429854106,-0.0,11643.817204301076,20.0,33.657225553029114,23.56005788712038,200.0
2030-10-17 02:00:00,11877.474429854106,-0.0,-0.0,11643.817204301076,20.0,33.657225553029114,23.56005788712038,200.0
2030-10-17 03:00:00,11877.474429854106,-0.0,-0.0,11643.817204301076,20.0,33.657225553029114,23.56005788712038,200.0
2030-10-17 04:00:00,11877.474429854106,-0.0,-0.0,11643.817204301076,20.0,33.657225553029114,23.56005788712038,200.0
2030-10-17 05:00:00,11877.474429854106,-0.0,-0.0,11643.817204301076,20.0,33.657225553029114,23.56005788712038,200.0
2030-10-17 06:00:00,11877.474429854106,-0.0,-0.0,11643.817204301076,20.0,33.657225553029114,23.56005788712038,200.0
2030-10-17 07:00:00,11877.474429854106,-0.0,-0.0,11643.817204301076,20.0,33.657225553029114,23.56005788712038,200.0
2030-10-17 08:00:00,11877.474429854106,-0.0,-0.0,11643.817204301076,20.0,33.657225553029114,23.56005788712038,200.0
2030-10-17 09:00:00,11877.474429854106,-0.0,-0.0,11643.817204301076,20.0,33.657225553029114,23.56005788712038,200.0
2030-10-17 10:00:00,11877.474429854106,-0.0,-0.0,11643.817204301076,20.0,33.657225553029114,23.56005788712038,200.0
2030-10-17 11:00:00,11877.474429854106,-0.0,-0.0,11643.817204301076,20.0,33.657225553029114,23.56005788712038,200.0
2030-10-17 12:00:00,-0.0,11877.474429854106,-0.0,11643.817204301076,20.0,33.657225553029114,23.56005788712038,200.0
2030-10-17 13:00:00,-0.0,7929.132739149419,3714.6844651516576,11643.817204301076,20.0,-0.0,-0.0,0.0
2030-10-17 14:00:00,-0.0,11877.474429854106,-0.0,11643.817204301076,20.0,33.657225553029114,23.56005788712038,200.0
2030-10-17 15:00:00,-0.0,11877.474429854106,-0.0,11643.817204301076,20.0,33.657225553029114,23.56005788712038,200.0
2030-10-17 16:00:00,-0.0,11877.474429854106,-0.0,11643.817204301076,20.0,33.657225553029114,23.56005788712038,200.0
2030-10-17 17:00:00,-0.0,11877.474429854106,-0.0,11643.817204301076,20.0,33.657225553029114,23.56005788712038,200.0
2030-10-17 18:00:00,-0.0,11877.474429854106,-0.0,11643.817204301076,20.0,33.657225553029114,23.56005788712038,200.0
2030-10-17 19:00:00,-0.0,11877.474429854106,-0.0,11643.817204301076,20.0,33.657225553029114,23.56005788712038,200.0
2030-10-17 20:00:00,-0.0,11877.474429854106,-0.0,11643.817204301076,20.0,33.657225553029114,23.56005788712038,200.0
2030-10-17 21:00:00,-0.0,11877.474429854106,-0.0,11643.817204301076,20.0,33.657225553029114,23.56005788712038,200.0
2030-10-17 22:00:00,-0.0,11877.474429854106,-0.0,11643.817204301076,20.0,33.657225553029114,23.56005788712038,200.0
2030-10-17 23:00:00,-0.0,11877.474429854106,-0.0,11643.817204301076,20.0,33.657225553029114,23.56005788712038,200.0
2030-10-18 00:00:00,-0.0,11877.474429854106,-0.0,11643.817204301076,20.0,33.657225553029114,23.56005788712038,200.0
2030-10-18 01:00:00,-0.0,11877.474429854106,-0.0,11643.817204301076,20.0,33.657225553029114,23.56005788712038,200.0
2030-10-18 02:00:00,11877.474429854106,-0.0,-0.0,11643.817204301076,20.0,33.657225553029114,23.56005788712038,200.0
2030-10-18 03:00:00,11877.474429854106,-0.0,-0.0,11643.817204301076,20.0,33.657225553029114,23.56005788712038,200.0
2030-10-18 04:00:00,11877.474429854106,-0.0,-0.0,11643.817204301076,20.0,33.657225553029114,23.56005788712038,200.0
2030-10-18 05:00:00,11877.474429854106,-0.0,-0.0,11643.817204301076,20.0,33.657225553029114,23.56005788712038,200.0
2030-10-18 06:00:00,11877.474429854106,-0.0,-0.0,11643.817204301076,20.0,33.657225553029114,23.56005788712038,200.0
2030-10-18 07:00:00,11877.474429854106,-0.0,-0.0,11643.817204301076,20.0,33.657225553029114,23.56005788712038,200.0
2030-10-18 08:00:00,11877.474429854106,-0.0,-0.0,11643.817204301076,20.0,33.657225553029114,23.56005788712038,200.0
2030-10-18 09:00:00,11877.474429854106,-0.0,-0.0,11643.817204301076,20.0,33.657225553029114,23.56005788712038,200.0
2030-10-18 10:00:00,11877.474429854106,-0.0,-0.0,11643.817204301076,20.0,33.657225553029114,23.56005788712038,200.0
2030-10-18 11:00:00,11877.474429854106,-0.0,-0.0,11643.817204301076,20.0,33.657225553029114,23.56005788712038,200.0
2030-10-18 12:00:00,-0.0,11877.474429854106,-0.0,11643.817204301076,20.0,33.657225553029114,23.56005788712038,200.0
2030-10-18 13:00:00,-0.0,-0.0,11643.817204301076,11643.817204301076,20.0,-0.0,-0.0,0.0
2030-10-18 14:00:00,-0.0,-0.0,11643.817204301076,11643.817204301076,20.0,-0.0,-0.0,0.0
2030-10-18 15:00:00,-0.0,9346.303546529733,2297.513657771344,11643.817204301076,20.0,-0.0,-0.0,0.0
2030-10-18 16:00:00,-0.0,11877.474429854106,-0.0,11643.817204301076,20.0,33.657225553029114,23.56005788712038,200.0
2030-10-18 17:00:00,-0.0,11877.474429854106,-0.0,11643.817204301076,20.0,33.657225553029114,23.56005788712038,200.0
2030-10-18 18:00:00,-0.0,11877.474429854106,-0.0,11643.817204301076,20.0,33.657225553029114,23.56005788712038,200.0
2030-10-18 19:00:00,-0.0,11877.474429854106,-0.0,11643.817204301076,20.0,33.657225553029114,23.56005788712038,200.0
2030-10-18 20:00:00,-0.0,11877.474429854106,-0.0,11643.817204301076,20.0,33.657225553029114,23.56005788712038,200.0
2030-10-18 21:00:00,-0.0,11877.474429854106,-0.0,11643.817204301076,20.0,33.657225553029114,23.56005788712038,200.0
2030-10-18 22:00:00,-0.0,11877.474429854106,-0.0,11643.817204301076,20.0,33.657225553029114,23.56005788712038,200.0
2030-10-18 23:00:00,-0.0,11877.474429854106,-0.0,11643.817204301076,20.0,33.657225553029114,23.56005788712038,200.0
2030-10-19 00:00:00,-0.0,11877.474429854106,-0.0,11643.817204301076,20.0,33.657225553029114,23.56005788712038,200.0
2030-10-19 01:00:00,-0.0,11877.474429854106,-0.0,11643.817204301076,20.0,33.657225553029114,23.56005788712038,200.0
2030-10-19 02:00:00,11877.474429854106,-0.0,-0.0,11643.817204301076,20.0,33.657225553029114,23.56005788712038,200.0
2030-10-19 03:00:00,11877.474429854106,-0.0,-0.0,11643.817204301076,20.0,33.657225553029114,23.56005788712038,200.0
2030-10-19 04:00:00,11877.474429854106,-0.0,-0.0,11643.817204301076,20.0,33.657225553029114,23.56005788712038,200.0
2030-10-19 05:00:00,11877.474429854106,-0.0,-0.0,11643.817204301076,20.0,33.657225553029114,23.56005788712038,200.0
2030-10-19 06:00:00,11877.474429854106,-0.0,-0.0,11643.817204301076,20.0,33.657225553029114,23.56005788712038,200.0
2030-10-19 07:00:00,11877.474429854106,-0.0,-0.0,11643.817204301076,20.0,33.657225553029114,23.56005788712038,200.0
2030-10-19 08:00:00,11877.474429854106,-0.0,-0.0,11643.817204301076,20.0,33.657225553029114,23.56005788712038,200.0
2030-10-19 09:00:00,11877.474429854106,-0.0,-0.0,11643.817204301076,20.0,33.657225553029114,23.56005788712038,200.0
2030-10-19 10:00:00,11877.474429854106,-0.0,-0.0,11643.817204301076,20.0,33.657225553029114,23.56005788712038,200.0
2030-10-19 11:00:00,-0.0,11877.474429854106,-0.0,11643.817204301076,20.0,33.657225553029114,23.56005788712038,200.0
2030-10-19 12:00:00,-0.0,11877.474429854106,-0.0,11643.817204301076,20.0,33.657225553029114,23.56005788712038,200.0
2030-10-19 13:00:00,-0.0,11877.474429854106,-0.0,11643.817204301076,20.0,33.657225553029114,23.56005788712038,200.0
2030-10-19 14:00:00,-0.0,11877.474429854106,-0.0,11643.817204301076,20.0,33.657225553029114,23.56005788712038,200.0
2030-10-19 15:00:00,-0.0,11877.474429854106,-0.0,11643.817204301076,20.0,33.657225553029114,23.56005788712038,200.0
2030-10-19 16:00:00,-0.0,11877.474429854106,-0.0,11643.817204301076,20.0,33.657225553029114,23.56005788712038,200.0
2030-10-19 17:00:00,-0.0,11877.474429854106,-0.0,11643.817204301076,20.0,33.657225553029114,23.56005788712038,200.0
2030-10-19 18:00:00,-0.0,11877.474429854106,-0.0,11643.817204301076,20.0,33.657225553029114,23.56005788712038,200.0
2030-10-19 19:00:00,-0.0,11877.474429854106,-0.0,11643.817204301076,20.0,33.657225553029114,23.56005788712038,200.0
2030-10-19 20:00:00,-0.0,11877.474429854106,-0.0,11643.817204301076,20.0,33.657225553029114,23.56005788712038,200.0
2030-10-19 21:00:00,-0.0,11877.474429854106,-0.0,11643.817204301076,20.0,33.657225553029114,23.56005788712038,200.0
2030-10-19 22:00:00,-0.0,11877.474429854106,-0.0,11643.817204301076,20.0,33.657225553029114,23.56005788712038,200.0
2030-10-19 23:00:00,-0.0,11877.474429854106,-0.0,11643.817204301076,20.0,33.657225553029114,23.56005788712038,200.0
2030-10-20 00:00:00,-0.0,11877.474429854106,-0.0,11643.817204301076,20.0,33.657225553029114,23.56005788712038,200.0
2030-10-20 01:00:00,-0.0,11877.474429854106,-0.0,11643.817204301076,20.0,33.657225553029114,23.56005788712038,200.0
2030-10-20 02:00:00,-0.0,11877.474429854106,-0.0,11643.817204301076,20.0,33.657225553029114,23.56005788712038,200.0
2030-10-20 03:00:00,11877.474429854106,-0.0,-0.0,11643.817204301076,20.0,33.657225553029114,23.56005788712038,200.0
2030-10-20 04:00:00,11877.474429854106,-0.0,-0.0,11643.817204301076,20.0,33.657225553029114,23.56005788712038,200.0
2030-10-20 05:00:00,11877.474429854106,-0.0,-0.0,11643.817204301076,20.0,33.657225553029114,23.56005788712038,200.0
2030-10-20 06:00:00,11877.474429854106,-0.0,-0.0,11643.817204301076,20.0,33.657225553029114,23.56005788712038,200.0
2030-10-20 07:00:00,11877.474429854106,-0.0,-0.0,11643.817204301076,20.0,33.657225553029114,23.56005788712038,200.0
2030-10-20 08:00:00,11877.474429854106,-0.0,-0.0,11643.817204301076,20.0,33.657225553029114,23.56005788712038,200.0
2030-10-20 09:00:00,11877.474429854106,-0.0,-0.0,11643.817204301076,20.0,33.657225553029114,23.56005788712038,200.0
2030-10-20 10:00:00,11877.474429854106,-0.0,-0.0,11643.817204301076,20.0,33.657225553029114,23.56005788712038,200.0
2030-10-20 11:00:00,-0.0,11877.474429854106,-0.0,11643.817204301076,20.0,33.657225553029114,23.56005788712038,200.0
2030-10-20 12:00:00,-0.0,11877.474429854106,-0.0,11643.817204301076,20.0,33.657225553029114,23.56005788712038,200.0
2030-10-20 13:00:00,-0.0,11877.474429854106,-0.0,11643.817204301076,20.0,33.657225553029114,23.56005788712038,200.0
2030-10-20 14:00:00,-0.0,11877.474429854106,-0.0,11643.817204301076,20.0,33.657225553029114,23.56005788712038,200.0
2030-10-20 15:00:00,-0.0,11877.474429854106,-0.0,11643.817204301076,20.0,33.657225553029114,23.56005788712038,200.0
2030-10-20 16:00:00,-0.0,11877.474429854106,-0.0,11643.817204301076,20.0,33.657225553029114,23.56005788712038,200.0
2030-10-20 17:00:00,-0.0,11877.474429854106,-0.0,11643.817204301076,20.0,33.657225553029114,23.56005788712038,200.0
2030-10-20 18:00:00,-0.0,11877.474429854106,-0.0,11643.817204301076,20.0,33.657225553029114,23.56005788712038,200.0
2030-10-20 19:00:00,-0.0,11877.474429854106,-0.0,11643.817204301076,20.0,33.657225553029114,23.56005788712038,200.0
2030-10-20 20:00:00,-0.0,11877.474429854106,-0.0,11643.817204301076,20.0,33.657225553029114,23.56005788712038,200.0
2030-10-20 21:00:00,-0.0,11877.474429854106,-0.0,11643.817204301076,20.0,33.657225553029114,23.56005788712038,200.0
2030-10-20 22:00:00,-0.0,11877.474429854106,-0.0,11643.817204301076,20.0,33.657225553029114,23.56005788712038,200.0
2030-10-20 23:00:00,-0.0,11877.474429854106,-0.0,11643.817204301076,20.0,33.657225553029114,23.56005788712038,200.0
2030-10-21 00:00:00,-0.0,11877.474429854106,-0.0,11643.817204301076,20.0,33.657225553029114,23.56005788712038,200.0
2030-10-21 01:00:00,-0.0,11877.474429854106,-0.0,11643.817204301076,20.0,33.657225553029114,23.56005788712038,200.0
2030-10-21 02:00:00,11877.474429854106,-0.0,-0.0,11643.817204301076,20.0,33.657225553029114,23.56005788712038,200.0
2030-10-21 03:00:00,11877.474429854106,-0.0,-0.0,11643.817204301076,20.0,33.657225553029114,23.56005788712038,200.0
2030-10-21 04:00:00,11877.474429854106,-0.0,-0.0,11643.817204301076,20.0,33.657225553029114,23.56005788712038,200.0
2030-10-21 05:00:00,11877.474429854106,-0.0,-0.0,11643.817204301076,20.0,33.657225553029114,23.56005788712038,200.0
2030-10-21 06:00:00,11877.474429854106,-0.0,-0.0,11643.817204301076,20.0,33.657225553029114,23.56005788712038,200.0
2030-10-21 07:00:00,11877.474429854106,-0.0,-0.0,11643.817204301076,20.0,33.657225553029114,23.56005788712038,200.0
2030-10-21 08:00:00,11877.474429854106,-0.0,-0.0,11643.817204301076,20.0,33.657225553029114,23.56005788712038,200.0
2030-10-21 09:00:00,-0.0,11877.474429854106,-0.0,11643.817204301076,20.0,33.657225553029114,23.56005788712038,200.0
2030-10-21 10:00:00,11877.474429854106,-0.0,-0.0,11643.817204301076,20.0,33.657225553029114,23.56005788712038,200.0
2030-10-21 11:00:00,11438.011884968288,439.4625448858187,-0.0,11643.817204301076,20.0,33.657225553029114,23.56005788712038,200.0
2030-10-21 12:00:00,-0.0,11877.474429854106,-0.0,11643.817204301076,20.0,33.657225553029114,23.56005788712038,200.0
2030-10-21 13:00:00,-0.0,11877.474429854106,-0.0,11643.817204301076,20.0,33.657225553029114,23.56005788712038,200.0
2030-10-21 14:00:00,-0.0,11877.474429854106,-0.0,11643.817204301076,20.0,33.657225553029114,23.56005788712038,200.0
2030-10-21 15:00:00,-0.0,11877.474429854106,-0.0,11643.817204301076,20.0,33.657225553029114,23.56005788712038,200.0
2030-10-21 16:00:00,-0.0,11877.474429854106,-0.0,11643.817204301076,20.0,33.657225553029114,23.56005788712038,200.0
2030-10-21 17:00:00,-0.0,11877.474429854106,-0.0,11643.817204301076,20.0,33.657225553029114,23.56005788712038,200.0
2030-10-21 18:00:00,-0.0,11877.474429854106,-0.0,11643.817204301076,20.0,33.657225553029114,23.56005788712038,200.0
2030-10-21 19:00:00,-0.0,11877.474429854106,-0.0,11643.817204301076,20.0,33.657225553029114,23.56005788712038,200.0
2030-10-21 20:00:00,-0.0,11877.474429854106,-0.0,11643.817204301076,20.0,33.657225553029114,23.56005788712038,200.0
2030-10-21 21:00:00,-0.0,11877.474429854106,-0.0,11643.817204301076,20.0,33.657225553029114,23.56005788712038,200.0
2030-10-21 22:00:00,-0.0,11877.474429854106,-0.0,11643.817204301076,20.0,33.657225553029114,23.56005788712038,200.0
2030-10-21 23:00:00,-0.0,11877.474429854106,-0.0,11643.817204301076,20.0,33.657225553029114,23.56005788712038,200.0
2030-10-22 00:00:00,-0.0,11877.474429854106,-0.0,11643.817204301076,20.0,33.657225553029114,23.56005788712038,200.0
2030-10-22 01:00:00,-0.0,11877.474429854106,-0.0,11643.817204301076,20.0,33.657225553029114,23.56005788712038,200.0
2030-10-22 02:00:00,11877.474429854106,-0.0,-0.0,11643.817204301076,20.0,33.657225553029114,23.56005788712038,200.0
2030-10-22 03:00:00,11877.474429854106,-0.0,-0.0,11643.817204301076,20.0,33.657225553029114,23.56005788712038,200.0
2030-10-22 04:00:00,11877.474429854106,-0.0,-0.0,11643.817204301076,20.0,33.657225553029114,23.56005788712038,200.0
2030-10-22 05:00:00,11877.474429854106,-0.0,-0.0,11643.817204301076,20.0,33.657225553029114,23.56005788712038,200.0
2030-10-22 06:00:00,11877.474429854106,-0.0,-0.0,11643.817204301076,20.0,33.657225553029114,23.56005788712038,200.0
2030-10-22 07:00:00,11877.474429854106,-0.0,-0.0,11643.817204301076,20.0,33.657225553029114,23.56005788712038,200.0
2030-10-22 08:00:00,11877.474429854106,-0.0,-0.0,11643.817204301076,20.0,33.657225553029114,23.56005788712038,200.0
2030-10-22 09:00:00,-0.0,11877.474429854106,-0.0,11643.817204301076,20.0,33.657225553029114,23.56005788712038,200.0
2030-10-22 10:00:00,11877.474429854106,-0.0,-0.0,11643.817204301076,20.0,33.657225553029114,23.56005788712038,200.0
2030-10-22 11:00:00,10989.849782929974,887.6246469241323,-0.0,11643.817204301076,20.0,33.657225553029114,23.56005788712038,200.0
2030-10-22 12:00:00,-0.0,11877.474429854106,-0.0,11643.817204301076,20.0,33.657225553029114,23.56005788712038,200.0
2030-10-22 13:00:00,-0.0,11877.474429854106,-0.0,11643.817204301076,20.0,33.657225553029114,23.56005788712038,200.0
2030-10-22 14:00:00,-0.0,11877.474429854106,-0.0,11643.817204301076,20.0,33.657225553029114,23.56005788712038,200.0
2030-10-22 15:00:00,-0.0,11877.474429854106,-0.0,11643.817204301076,20.0,33.657225553029114,23.56005788712038,200.0
2030-10-22 16:00:00,-0.0,11877.474429854106,-0.0,11643.817204301076,20.0,33.657225553029114,23.56005788712038,200.0
2030-10-22 17:00:00,-0.0,11877.474429854106,-0.0,11643.817204301076,20.0,33.657225553029114,23.56005788712038,200.0
2030-10-22 18:00:00,-0.0,11877.474429854106,-0.0,11643.817204301076,20.0,33.657225553029114,23.56005788712038,200.0
2030-10-22 19:00:00,-0.0,11877.474429854106,-0.0,11643.817204301076,20.0,33.657225553029114,23.56005788712038,200.0
2030-10-22 20:00:00,-0.0,11877.474429854106,-0.0,11643.817204301076,20.0,33.657225553029114,23.56005788712038,200.0
2030-10-22 21:00:00,-0.0,11877.474429854106,-0.0,11643.817204301076,20.0,33.657225553029114,23.56005788712038,200.0
2030-10-22 22:00:00,-0.0,11877.474429854106,-0.0,11643.817204301076,20.0,33.657225553029114,23.56005788712038,200.0
2030-10-22 23:00:00,-0.0,11877.474429854106,-0.0,11643.817204301076,20.0,33.657225553029114,23.56005788712038,200.0
2030-10-23 00:00:00,-0.0,11877.474429854106,-0.0,11643.817204301076,20.0,33.657225553029114,23.56005788712038,200.0
2030-10-23 01:00:00,-0.0,11877.474429854106,-0.0,11643.817204301076,20.0,33.657225553029114,23.56005788712038,200.0
2030-10-23 02:00:00,-0.0,11877.474429854106,-0.0,11643.817204301076,20.0,33.657225553029114,23.56005788712038,200.0
2030-10-23 03:00:00,4930.822941683601,6946.651488170505,-0.0,11643.817204301076,20.0,33.657225553029114,23.56005788712038,200.0
2030-10-23 04:00:00,11877.474429854106,-0.0,-0.0,11643.817204301076,20.0,33.657225553029114,23.56005788712038,200.0
2030-10-23 05:00:00,11877.474429854106,-0.0,-0.0,11643.817204301076,20.0,33.657225553029114,23.56005788712038,200.0
2030-10-23 06:00:00,11877.474429854106,-0.0,-0.0,11643.817204301076,20.0,33.657225553029114,23.56005788712038,200.0
2030-10-23 07:00:00,11877.474429854106,-0.0,-0.0,11643.817204301076,20.0,33.657225553029114,23.56005788712038,200.0
2030-10-23 08:00:00,11877.474429854106,-0.0,-0.0,11643.817204301076,20.0,33.657225553029114,23.56005788712038,200.0
2030-10-23 09:00:00,11877.474429854106,-0.0,-0.0,11643.817204301076,20.0,33.657225553029114,23.56005788712038,200.0
2030-10-23 10:00:00,11877.474429854106,-0.0,-0.0,11643.817204301076,20.0,33.657225553029114,23.56005788712038,200.0
2030-10-23 11:00:00,6396.968101484083,5480.506328370024,-0.0,11643.817204301076,20.0,33.657225553029114,23.56005788712038,200.0
2030-10-23 12:00:00,-0.0,11877.474429854106,-0.0,11643.817204301076,20.0,33.657225553029114,23.56005788712038,200.0
2030-10-23 13:00:00,-0.0,11877.474429854106,-0.0,11643.817204301076,20.0,33.657225553029114,23.56005788712038,200.0
2030-10-23 14:00:00,-0.0,11877.474429854106,-0.0,11643.817204301076,20.0,33.657225553029114,23.56005788712038,200.0
2030-10-23 15:00:00,-0.0,11877.474429854106,-0.0,11643.817204301076,20.0,33.657225553029114,23.56005788712038,200.0
2030-10-23 16:00:00,-0.0,11877.474429854106,-0.0,11643.817204301076,20.0,33.657225553029114,23.56005788712038,200.0
2030-10-23 17:00:00,-0.0,11877.474429854106,-0.0,11643.817204301076,20.0,33.657225553029114,23.56005788712038,200.0
2030-10-23 18:00:00,-0.0,11877.474429854106,-0.0,11643.817204301076,20.0,33.657225553029114,23.56005788712038,200.0
2030-10-23 19:00:00,-0.0,7929.132739149419,3714.6844651516576,11643.817204301076,20.0,-0.0,-0.0,0.0
2030-10-23 20:00:00,-0.0,7929.132739149419,3714.6844651516576,11643.817204301076,20.0,-0.0,-0.0,0.0
2030-10-23 21:00:00,-0.0,6511.96193176913,5131.855272531946,11643.817204301076,20.0,-0.0,-0.0,0.0
2030-10-23 22:00:00,-0.0,2462.9024821111293,9180.914722189947,11643.817204301076,20.0,-0.0,-0.0,0.0
2030-10-23 23:00:00,-0.0,-0.0,11643.817204301076,11643.817204301076,20.0,-0.0,-0.0,0.0
2030-10-24 00:00:00,-0.0,-0.0,11643.817204301076,11643.817204301076,20.0,-0.0,-0.0,0.0
2030-10-24 01:00:00,-0.0,-0.0,11643.817204301076,11643.817204301076,20.0,-0.0,-0.0,0.0
2030-10-24 02:00:00,2830.388031898506,-0.0,8813.42917240257,11643.817204301076,20.0,-0.0,-0.0,0.0
2030-10-24 03:00:00,9863.725521891743,-0.0,1780.0916824093329,11643.817204301076,20.0,-0.0,-0.0,0.0
2030-10-24 04:00:00,11877.474429854106,-0.0,-0.0,11643.817204301076,20.0,33.657225553029114,23.56005788712038,200.0
2030-10-24 05:00:00,11877.474429854106,-0.0,-0.0,11643.817204301076,20.0,33.657225553029114,23.56005788712038,200.0
2030-10-24 06:00:00,11877.474429854106,-0.0,-0.0,11643.817204301076,20.0,33.657225553029114,23.56005788712038,200.0
2030-10-24 07:00:00,11877.474429854106,-0.0,-0.0,11643.817204301076,20.0,33.657225553029114,23.56005788712038,200.0
2030-10-24 08:00:00,11877.474429854106,-0.0,-0.0,11643.817204301076,20.0,33.657225553029114,23.56005788712038,200.0
2030-10-24 09:00:00,10343.082201798143,1534.3922280559636,-0.0,11643.817204301076,20.0,33.657225553029114,23.56005788712038,200.0
2030-10-24 10:00:00,2745.122852392389,-0.0,8898.694351908687,11643.817204301076,20.0,-0.0,-0.0,0.0
2030-10-24 11:00:00,1387.1188958679722,-0.0,10256.698308433104,11643.817204301076,20.0,-0.0,-0.0,0.0
2030-10-24 12:00:00,-0.0,1045.7316747308414,10598.085529570235,11643.817204301076,20.0,-0.0,-0.0,0.0
2030-10-24 13:00:00,-0.0,3677.6203170085287,7966.196887292548,11643.817204301076,20.0,-0.0,-0.0,0.0
2030-10-24 14:00:00,-0.0,9346.303546529733,2297.513657771344,11643.817204301076,20.0,-0.0,-0.0,0.0
2030-10-24 15:00:00,-0.0,11877.474429854106,-0.0,11643.817204301076,20.0,33.657225553029114,23.56005788712038,200.0
2030-10-24 16:00:00,-0.0,11877.474429854106,-0.0,11643.817204301076,20.0,33.657225553029114,23.56005788712038,200.0
2030-10-24 17:00:00,-0.0,11877.474429854106,-0.0,11643.817204301076,20.0,33.657225553029114,23.56005788712038,200.0
2030-10-24 18:00:00,-0.0,11877.474429854106,-0.0,11643.817204301076,20.0,33.657225553029114,23.56005788712038,200.0
2030-10-24 19:00:00,-0.0,11877.474429854106,-0.0,11643.817204301076,20.0,33.657225553029114,23.56005788712038,200.0
2030-10-24 20:00:00,-0.0,11877.474429854106,-0.0,11643.817204301076,20.0,33.657225553029114,23.56005788712038,200.0
2030-10-24 21:00:00,-0.0,11877.474429854106,-0.0,11643.817204301076,20.0,33.657225553029114,23.56005788712038,200.0
2030-10-24 22:00:00,-0.0,11877.474429854106,-0.0,11643.817204301076,20.0,33.657225553029114,23.56005788712038,200.0
2030-10-24 23:00:00,-0.0,11877.474429854106,-0.0,11643.817204301076,20.0,33.657225553029114,23.56005788712038,200.0
2030-10-25 00:00:00,-0.0,11877.474429854106,-0.0,11643.817204301076,20.0,33.657225553029114,23.56005788712038,200.0
2030-10-25 01:00:00,-0.0,11877.474429854106,-0.0,11643.817204301076,20.0,33.657225553029114,23.56005788712038,200.0
2030-10-25 02:00:00,9724.389740747572,2153.084689106534,-0.0,11643.817204301076,20.0,33.657225553029114,23.56005788712038,200.0
2030-10-25 03:00:00,11877.474429854106,-0.0,-0.0,11643.817204301076,20.0,33.657225553029114,23.56005788712038,200.0
2030-10-25 04:00:00,11877.474429854106,-0.0,-0.0,11643.817204301076,20.0,33.657225553029114,23.56005788712038,200.0
2030-10-25 05:00:00,11877.474429854106,-0.0,-0.0,11643.817204301076,20.0,33.657225553029114,23.56005788712038,200.0
2030-10-25 06:00:00,11877.474429854106,-0.0,-0.0,11643.817204301076,20.0,33.657225553029114,23.56005788712038,200.0
2030-10-25 07:00:00,11877.474429854106,-0.0,-0.0,11643.817204301076,20.0,33.657225553029114,23.56005788712038,200.0
2030-10-25 08:00:00,11877.474429854106,-0.0,-0.0,11643.817204301076,20.0,33.657225553029114,23.56005788712038,200.0
2030-10-25 09:00:00,11877.474429854106,-0.0,-0.0,11643.817204301076,20.0,33.657225553029114,23.56005788712038,200.0
2030-10-25 10:00:00,11877.474429854106,-0.0,-0.0,11643.817204301076,20.0,33.657225553029114,23.56005788712038,200.0
2030-10-25 11:00:00,9730.628656321203,2146.845773532903,-0.0,11643.817204301076,20.0,33.657225553029114,23.56005788712038,200.0
2030-10-25 12:00:00,-0.0,11877.474429854106,-0.0,11643.817204301076,20.0,33.657225553029114,23.56005788712038,200.0
2030-10-25 13:00:00,-0.0,11877.474429854106,-0.0,11643.817204301076,20.0,33.657225553029114,23.56005788712038,200.0
2030-10-25 14:00:00,-0.0,11877.474429854106,-0.0,11643.817204301076,20.0,33.657225553029114,23.56005788712038,200.0
2030-10-25 15:00:00,-0.0,11877.474429854106,-0.0,11643.817204301076,20.0,33.657225553029114,23.56005788712038,200.0
2030-10-25 16:00:00,-0.0,11877.474429854106,-0.0,11643.817204301076,20.0,33.657225553029114,23.56005788712038,200.0
2030-10-25 17:00:00,-0.0,11877.474429854106,-0.0,11643.817204301076,20.0,33.657225553029114,23.56005788712038,200.0
2030-10-25 18:00:00,-0.0,11877.474429854106,-0.0,11643.817204301076,20.0,33.657225553029114,23.56005788712038,200.0
2030-10-25 19:00:00,-0.0,11877.474429854106,-0.0,11643.817204301076,20.0,33.657225553029114,23.56005788712038,200.0
2030-10-25 20:00:00,-0.0,11877.474429854106,-0.0,11643.817204301076,20.0,33.657225553029114,23.56005788712038,200.0
2030-10-25 21:00:00,-0.0,11877.474429854106,-0.0,11643.817204301076,20.0,33.657225553029114,23.56005788712038,200.0
2030-10-25 22:00:00,-0.0,11877.474429854106,-0.0,11643.817204301076,20.0,33.657225553029114,23.56005788712038,200.0
2030-10-25 23:00:00,-0.0,11877.474429854106,-0.0,11643.817204301076,20.0,33.657225553029114,23.56005788712038,200.0
2030-10-26 00:00:00,-0.0,11877.474429854106,-0.0,11643.817204301076,20.0,33.657225553029114,23.56005788712038,200.0
2030-10-26 01:00:00,-0.0,11877.474429854106,-0.0,11643.817204301076,20.0,33.657225553029114,23.56005788712038,200.0
2030-10-26 02:00:00,10704.939305068048,1172.535124786058,-0.0,11643.817204301076,20.0,33.657225553029114,23.56005788712038,200.0
2030-10-26 03:00:00,11877.474429854106,-0.0,-0.0,11643.817204301076,20.0,33.657225553029114,23.56005788712038,200.0
2030-10-26 04:00:00,11877.474429854106,-0.0,-0.0,11643.817204301076,20.0,33.657225553029114,23.56005788712038,200.0
2030-10-26 05:00:00,11877.474429854106,-0.0,-0.0,11643.817204301076,20.0,33.657225553029114,23.56005788712038,200.0
2030-10-26 06:00:00,11877.474429854106,-0.0,-0.0,11643.817204301076,20.0,33.657225553029114,23.56005788712038,200.0
2030-10-26 07:00:00,11877.474429854106,-0.0,-0.0,11643.817204301076,20.0,33.657225553029114,23.56005788712038,200.0
2030-10-26 08:00:00,11877.474429854106,-0.0,-0.0,11643.817204301076,20.0,33.657225553029114,23.56005788712038,200.0
2030-10-26 09:00:00,11877.474429854106,-0.0,-0.0,11643.817204301076,20.0,33.657225553029114,23.56005788712038,200.0
2030-10-26 10:00:00,11877.474429854106,-0.0,-0.0,11643.817204301076,20.0,33.657225553029114,23.56005788712038,200.0
2030-10-26 11:00:00,-0.0,11877.474429854106,-0.0,11643.817204301076,20.0,33.657225553029114,23.56005788712038,200.0
2030-10-26 12:00:00,-0.0,11877.474429854106,-0.0,11643.817204301076,20.0,33.657225553029114,23.56005788712038,200.0
2030-10-26 13:00:00,-0.0,11877.474429854106,-0.0,11643.817204301076,20.0,33.657225553029114,23.56005788712038,200.0
2030-10-26 14:00:00,-0.0,11877.474429854106,-0.0,11643.817204301076,20.0,33.657225553029114,23.56005788712038,200.0
2030-10-26 15:00:00,-0.0,11877.474429854106,-0.0,11643.817204301076,20.0,33.657225553029114,23.56005788712038,200.0
2030-10-26 16:00:00,-0.0,11877.474429854106,-0.0,11643.817204301076,20.0,33.657225553029114,23.56005788712038,200.0
2030-10-26 17:00:00,-0.0,11877.474429854106,-0.0,11643.817204301076,20.0,33.657225553029114,23.56005788712038,200.0
2030-10-26 18:00:00,-0.0,11877.474429854106,-0.0,11643.817204301076,20.0,33.657225553029114,23.56005788712038,200.0
2030-10-26 19:00:00,-0.0,11877.474429854106,-0.0,11643.817204301076,20.0,33.657225553029114,23.56005788712038,200.0
2030-10-26 20:00:00,-0.0,11877.474429854106,-0.0,11643.817204301076,20.0,33.657225553029114,23.56005788712038,200.0
2030-10-26 21:00:00,-0.0,11877.474429854106,-0.0,11643.817204301076,20.0,33.657225553029114,23.56005788712038,200.0
2030-10-26 22:00:00,-0.0,11877.474429854106,-0.0,11643.817204301076,20.0,33.657225553029114,23.56005788712038,200.0
2030-10-26 23:00:00,-0.0,11877.474429854106,-0.0,11643.817204301076,20.0,33.657225553029114,23.56005788712038,200.0
2030-10-27 00:00:00,-0.0,11877.474429854106,-0.0,11643.817204301076,20.0,33.657225553029114,23.56005788712038,200.0
2030-10-27 01:00:00,-0.0,11877.474429854106,-0.0,11643.817204301076,20.0,33.657225553029114,23.56005788712038,200.0
2030-10-27 02:00:00,-0.0,11877.474429854106,-0.0,11643.817204301076,20.0,33.657225553029114,23.56005788712038,200.0
2030-10-27 03:00:00,11877.474429854106,-0.0,-0.0,11643.817204301076,20.0,33.657225553029114,23.56005788712038,200.0
2030-10-27 04:00:00,11877.474429854106,-0.0,-0.0,11643.817204301076,20.0,33.657225553029114,23.56005788712038,200.0
2030-10-27 05:00:00,11877.474429854106,-0.0,-0.0,11643.817204301076,20.0,33.657225553029114,23.56005788712038,200.0
2030-10-27 06:00:00,11877.474429854106,-0.0,-0.0,11643.817204301076,20.0,33.657225553029114,23.56005788712038,200.0
2030-10-27 07:00:00,11877.474429854106,-0.0,-0.0,11643.817204301076,20.0,33.657225553029114,23.56005788712038,200.0
2030-10-27 08:00:00,11877.474429854106,-0.0,-0.0,11643.817204301076,20.0,33.657225553029114,23.56005788712038,200.0
2030-10-27 09:00:00,11877.474429854106,-0.0,-0.0,11643.817204301076,20.0,33.657225553029114,23.56005788712038,200.0
2030-10-27 10:00:00,7170.593632612846,4706.880797241261,-0.0,11643.817204301076,20.0,33.657225553029114,23.56005788712038,200.0
2030-10-27 11:00:00,-0.0,11877.474429854106,-0.0,11643.817204301076,20.0,33.657225553029114,23.56005788712038,200.0
2030-10-27 12:00:00,-0.0,11877.474429854106,-0.0,11643.817204301076,20.0,33.657225553029114,23.56005788712038,200.0
2030-10-27 13:00:00,-0.0,11877.474429854106,-0.0,11643.817204301076,20.0,33.657225553029114,23.56005788712038,200.0
2030-10-27 14:00:00,-0.0,11877.474429854106,-0.0,11643.817204301076,20.0,33.657225553029114,23.56005788712038,200.0
2030-10-27 15:00:00,-0.0,11877.474429854106,-0.0,11643.817204301076,20.0,33.657225553029114,23.56005788712038,200.0
2030-10-27 16:00:00,-0.0,11877.474429854106,-0.0,11643.817204301076,20.0,33.657225553029114,23.56005788712038,200.0
2030-10-27 17:00:00,-0.0,11877.474429854106,-0.0,11643.817204301076,20.0,33.657225553029114,23.56005788712038,200.0
2030-10-27 18:00:00,-0.0,11877.474429854106,-0.0,11643.817204301076,20.0,33.657225553029114,23.56005788712038,200.0
2030-10-27 19:00:00,-0.0,-0.0,11643.817204301076,11643.817204301076,20.0,-0.0,-0.0,0.0
2030-10-27 20:00:00,-0.0,-0.0,11643.817204301076,11643.817204301076,20.0,-0.0,-0.0,0.0
2030-10-27 21:00:00,-0.0,-0.0,11643.817204301076,11643.817204301076,20.0,-0.0,-0.0,0.0
2030-10-27 22:00:00,-0.0,-0.0,11643.817204301076,11643.817204301076,20.0,-0.0,-0.0,0.0
2030-10-27 23:00:00,-0.0,-0.0,11643.817204301076,11643.817204301076,20.0,-0.0,-0.0,0.0
2030-10-28 00:00:00,-0.0,7929.132739149419,3714.6844651516576,11643.817204301076,20.0,-0.0,-0.0,0.0
2030-10-28 01:00:00,-0.0,11877.474429854106,-0.0,11643.817204301076,20.0,33.657225553029114,23.56005788712038,200.0
2030-10-28 02:00:00,10376.356418190777,1501.1180116633295,-0.0,11643.817204301076,20.0,33.657225553029114,23.56005788712038,200.0
2030-10-28 03:00:00,11877.474429854106,-0.0,-0.0,11643.817204301076,20.0,33.657225553029114,23.56005788712038,200.0
2030-10-28 04:00:00,11877.474429854106,-0.0,-0.0,11643.817204301076,20.0,33.657225553029114,23.56005788712038,200.0
2030-10-28 05:00:00,11877.474429854106,-0.0,-0.0,11643.817204301076,20.0,33.657225553029114,23.56005788712038,200.0
2030-10-28 06:00:00,11877.474429854106,-0.0,-0.0,11643.817204301076,20.0,33.657225553029114,23.56005788712038,200.0
2030-10-28 07:00:00,11877.474429854106,-0.0,-0.0,11643.817204301076,20.0,33.657225553029114,23.56005788712038,200.0
2030-10-28 08:00:00,11877.474429854106,-0.0,-0.0,11643.817204301076,20.0,33.657225553029114,23.56005788712038,200.0
2030-10-28 09:00:00,11877.474429854106,-0.0,-0.0,11643.817204301076,20.0,33.657225553029114,23.56005788712038,200.0
2030-10-28 10:00:00,11877.474429854106,-0.0,-0.0,11643.817204301076,20.0,33.657225553029114,23.56005788712038,200.0
2030-10-28 11:00:00,-0.0,11877.474429854106,-0.0,11643.817204301076,20.0,33.657225553029114,23.56005788712038,200.0
2030-10-28 12:00:00,-0.0,11877.474429854106,-0.0,11643.817204301076,20.0,33.657225553029114,23.56005788712038,200.0
2030-10-28 13:00:00,-0.0,11877.474429854106,-0.0,11643.817204301076,20.0,33.657225553029114,23.56005788712038,200.0
2030-10-28 14:00:00,-0.0,11877.474429854106,-0.0,11643.817204301076,20.0,33.657225553029114,23.56005788712038,200.0
2030-10-28 15:00:00,-0.0,11877.474429854106,-0.0,11643.817204301076,20.0,33.657225553029114,23.56005788712038,200.0
2030-10-28 16:00:00,-0.0,11877.474429854106,-0.0,11643.817204301076,20.0,33.657225553029114,23.56005788712038,200.0
2030-10-28 17:00:00,-0.0,11877.474429854106,-0.0,11643.817204301076,20.0,33.657225553029114,23.56005788712038,200.0
2030-10-28 18:00:00,-0.0,11877.474429854106,-0.0,11643.817204301076,20.0,33.657225553029114,23.56005788712038,200.0
2030-10-28 19:00:00,-0.0,11877.474429854106,-0.0,11643.817204301076,20.0,33.657225553029114,23.56005788712038,200.0
2030-10-28 20:00:00,-0.0,11877.474429854106,-0.0,11643.817204301076,20.0,33.657225553029114,23.56005788712038,200.0
2030-10-28 21:00:00,-0.0,11877.474429854106,-0.0,11643.817204301076,20.0,33.657225553029114,23.56005788712038,200.0
2030-10-28 22:00:00,-0.0,11877.474429854106,-0.0,11643.817204301076,20.0,33.657225553029114,23.56005788712038,200.0
2030-10-28 23:00:00,-0.0,11877.474429854106,-0.0,11643.817204301076,20.0,33.657225553029114,23.56005788712038,200.0
2030-10-29 00:00:00,-0.0,11877.474429854106,-0.0,11643.817204301076,20.0,33.657225553029114,23.56005788712038,200.0
2030-10-29 01:00:00,-0.0,11877.474429854106,-0.0,11643.817204301076,20.0,33.657225553029114,23.56005788712038,200.0
2030-10-29 02:00:00,10597.837921054253,1279.636508799853,-0.0,11643.817204301076,20.0,33.657225553029114,23.56005788712038,200.0
2030-10-29 03:00:00,11877.474429854106,-0.0,-0.0,11643.817204301076,20.0,33.657225553029114,23.56005788712038,200.0
2030-10-29 04:00:00,11877.474429854106,-0.0,-0.0,11643.817204301076,20.0,33.657225553029114,23.56005788712038,200.0
2030-10-29 05:00:00,11877.474429854106,-0.0,-0.0,11643.817204301076,20.0,33.657225553029114,23.56005788712038,200.0
2030-10-29 06:00:00,11877.474429854106,-0.0,-0.0,11643.817204301076,20.0,33.657225553029114,23.56005788712038,200.0
2030-10-29 07:00:00,11877.474429854106,-0.0,-0.0,11643.817204301076,20.0,33.657225553029114,23.56005788712038,200.0
2030-10-29 08:00:00,11877.474429854106,-0.0,-0.0,11643.817204301076,20.0,33.657225553029114,23.56005788712038,200.0
2030-10-29 09:00:00,11877.474429854106,-0.0,-0.0,11643.817204301076,20.0,33.657225553029114,23.56005788712038,200.0
2030-10-29 10:00:00,11877.474429854106,-0.0,-0.0,11643.817204301076,20.0,33.657225553029114,23.56005788712038,200.0
2030-10-29 11:00:00,6880.484058439561,4996.990371414546,-0.0,11643.817204301076,20.0,33.657225553029114,23.56005788712038,200.0
2030-10-29 12:00:00,-0.0,11877.474429854106,-0.0,11643.817204301076,20.0,33.657225553029114,23.56005788712038,200.0
2030-10-29 13:00:00,-0.0,11877.474429854106,-0.0,11643.817204301076,20.0,33.657225553029114,23.56005788712038,200.0
2030-10-29 14:00:00,-0.0,11877.474429854106,-0.0,11643.817204301076,20.0,33.657225553029114,23.56005788712038,200.0
2030-10-29 15:00:00,-0.0,11877.474429854106,-0.0,11643.817204301076,20.0,33.657225553029114,23.56005788712038,200.0
2030-10-29 16:00:00,-0.0,11877.474429854106,-0.0,11643.817204301076,20.0,33.657225553029114,23.56005788712038,200.0
2030-10-29 17:00:00,-0.0,11877.474429854106,-0.0,11643.817204301076,20.0,33.657225553029114,23.56005788712038,200.0
2030-10-29 18:00:00,-0.0,11877.474429854106,-0.0,11643.817204301076,20.0,33.657225553029114,23.56005788712038,200.0
2030-10-29 19:00:00,-0.0,11877.474429854106,-0.0,11643.817204301076,20.0,33.657225553029114,23.56005788712038,200.0
2030-10-29 20:00:00,-0.0,11877.474429854106,-0.0,11643.817204301076,20.0,33.657225553029114,23.56005788712038,200.0
2030-10-29 21:00:00,-0.0,11877.474429854106,-0.0,11643.817204301076,20.0,33.657225553029114,23.56005788712038,200.0
2030-10-29 22:00:00,-0.0,11877.474429854106,-0.0,11643.817204301076,20.0,33.657225553029114,23.56005788712038,200.0
2030-10-29 23:00:00,-0.0,11877.474429854106,-0.0,11643.817204301076,20.0,33.657225553029114,23.56005788712038,200.0
2030-10-30 00:00:00,-0.0,11877.474429854106,-0.0,11643.817204301076,20.0,33.657225553029114,23.56005788712038,200.0
2030-10-30 01:00:00,-0.0,11877.474429854106,-0.0,11643.817204301076,20.0,33.657225553029114,23.56005788712038,200.0
2030-10-30 02:00:00,-0.0,11877.474429854106,-0.0,11643.817204301076,20.0,33.657225553029114,23.56005788712038,200.0
2030-10-30 03:00:00,11877.474429854106,-0.0,-0.0,11643.817204301076,20.0,33.657225553029114,23.56005788712038,200.0
2030-10-30 04:00:00,11877.474429854106,-0.0,-0.0,11643.817204301076,20.0,33.657225553029114,23.56005788712038,200.0
2030-10-30 05:00:00,11877.474429854106,-0.0,-0.0,11643.817204301076,20.0,33.657225553029114,23.56005788712038,200.0
2030-10-30 06:00:00,11877.474429854106,-0.0,-0.0,11643.817204301076,20.0,33.657225553029114,23.56005788712038,200.0
2030-10-30 07:00:00,11877.474429854106,-0.0,-0.0,11643.817204301076,20.0,33.657225553029114,23.56005788712038,200.0
2030-10-30 08:00:00,11877.474429854106,-0.0,-0.0,11643.817204301076,20.0,33.657225553029114,23.56005788712038,200.0
2030-10-30 09:00:00,11877.474429854106,-0.0,-0.0,11643.817204301076,20.0,33.657225553029114,23.56005788712038,200.0
2030-10-30 10:00:00,11877.474429854106,-0.0,-0.0,11643.817204301076,20.0,33.657225553029114,23.56005788712038,200.0
2030-10-30 11:00:00,-0.0,11877.474429854106,-0.0,11643.817204301076,20.0,33.657225553029114,23.56005788712038,200.0
2030-10-30 12:00:00,-0.0,11877.474429854106,-0.0,11643.817204301076,20.0,33.657225553029114,23.56005788712038,200.0
2030-10-30 13:00:00,-0.0,11877.474429854106,-0.0,11643.817204301076,20.0,33.657225553029114,23.56005788712038,200.0
2030-10-30 14:00:00,-0.0,11877.474429854106,-0.0,11643.817204301076,20.0,33.657225553029114,23.56005788712038,200.0
2030-10-30 15:00:00,-0.0,11877.474429854106,-0.0,11643.817204301076,20.0,33.657225553029114,23.56005788712038,200.0
2030-10-30 16:00:00,-0.0,11877.474429854106,-0.0,11643.817204301076,20.0,33.657225553029114,23.56005788712038,200.0
2030-10-30 17:00:00,-0.0,11877.474429854106,-0.0,11643.817204301076,20.0,33.657225553029114,23.56005788712038,200.0
2030-10-30 18:00:00,-0.0,11877.474429854106,-0.0,11643.817204301076,20.0,33.657225553029114,23.56005788712038,200.0
2030-10-30 19:00:00,-0.0,11877.474429854106,-0.0,11643.817204301076,20.0,33.657225553029114,23.56005788712038,200.0
2030-10-30 20:00:00,-0.0,11877.474429854106,-0.0,11643.817204301076,20.0,33.657225553029114,23.56005788712038,200.0
2030-10-30 21:00:00,-0.0,11877.474429854106,-0.0,11643.817204301076,20.0,33.657225553029114,23.56005788712038,200.0
2030-10-30 22:00:00,-0.0,11877.474429854106,-0.0,11643.817204301076,20.0,33.657225553029114,23.56005788712038,200.0
2030-10-30 23:00:00,-0.0,11877.474429854106,-0.0,11643.817204301076,20.0,33.657225553029114,23.56005788712038,200.0
2030-10-31 00:00:00,-0.0,11877.474429854106,-0.0,11643.817204301076,20.0,33.657225553029114,23.56005788712038,200.0
2030-10-31 01:00:00,-0.0,11877.474429854106,-0.0,11643.817204301076,20.0,33.657225553029114,23.56005788712038,200.0
2030-10-31 02:00:00,-0.0,11877.474429854106,-0.0,11643.817204301076,20.0,33.657225553029114,23.56005788712038,200.0
2030-10-31 03:00:00,11877.474429854106,-0.0,-0.0,11643.817204301076,20.0,33.657225553029114,23.56005788712038,200.0
2030-10-31 04:00:00,11877.474429854106,-0.0,-0.0,11643.817204301076,20.0,33.657225553029114,23.56005788712038,200.0
2030-10-31 05:00:00,11877.474429854106,-0.0,-0.0,11643.817204301076,20.0,33.657225553029114,23.56005788712038,200.0
2030-10-31 06:00:00,11877.474429854106,-0.0,-0.0,11643.817204301076,20.0,33.657225553029114,23.56005788712038,200.0
2030-10-31 07:00:00,11877.474429854106,-0.0,-0.0,11643.817204301076,20.0,33.657225553029114,23.56005788712038,200.0
2030-10-31 08:00:00,11877.474429854106,-0.0,-0.0,11643.817204301076,20.0,33.657225553029114,23.56005788712038,200.0
2030-10-31 09:00:00,11877.474429854106,-0.0,-0.0,11643.817204301076,20.0,33.657225553029114,23.56005788712038,200.0
2030-10-31 10:00:00,11877.474429854106,-0.0,-0.0,11643.817204301076,20.0,33.657225553029114,23.56005788712038,200.0
2030-10-31 11:00:00,8525.478131350454,3351.9962985036527,-0.0,11643.817204301076,20.0,33.657225553029114,23.56005788712038,200.0
2030-10-31 12:00:00,-0.0,11877.474429854106,-0.0,11643.817204301076,20.0,33.657225553029114,23.56005788712038,200.0
2030-10-31 13:00:00,-0.0,11877.474429854106,-0.0,11643.817204301076,20.0,33.657225553029114,23.56005788712038,200.0
2030-10-31 14:00:00,-0.0,11877.474429854106,-0.0,11643.817204301076,20.0,33.657225553029114,23.56005788712038,200.0
2030-10-31 15:00:00,-0.0,11877.474429854106,-0.0,11643.817204301076,20.0,33.657225553029114,23.56005788712038,200.0
2030-10-31 16:00:00,-0.0,11877.474429854106,-0.0,11643.817204301076,20.0,33.657225553029114,23.56005788712038,200.0
2030-10-31 17:00:00,-0.0,11877.474429854106,-0.0,11643.817204301076,20.0,33.657225553029114,23.56005788712038,200.0
2030-10-31 18:00:00,-0.0,11877.474429854106,-0.0,11643.817204301076,20.0,33.657225553029114,23.56005788712038,200.0
2030-10-31 19:00:00,-0.0,11877.474429854106,-0.0,11643.817204301076,20.0,33.657225553029114,23.56005788712038,200.0
2030-10-31 20:00:00,-0.0,11877.474429854106,-0.0,11643.817204301076,20.0,33.657225553029114,23.56005788712038,200.0
2030-10-31 21:00:00,-0.0,11877.474429854106,-0.0,11643.817204301076,20.0,33.657225553029114,23.56005788712038,200.0
2030-10-31 22:00:00,-0.0,11877.474429854106,-0.0,11643.817204301076,20.0,33.657225553029114,23.56005788712038,200.0
2030-10-31 23:00:00,-0.0,11877.474429854106,-0.0,11643.817204301076,20.0,33.657225553029114,23.56005788712038,200.0
2030-11-01 00:00:00,-0.0,13098.796114441919,-0.0,12865.138888888889,20.0,33.657225553029114,23.56005788712038,200.0
2030-11-01 01:00:00,-0.0,13098.796114441919,-0.0,12865.138888888889,20.0,33.657225553029114,23.56005788712038,200.0
2030-11-01 02:00:00,-0.0,13098.796114441919,-0.0,12865.138888888889,20.0,33.657225553029114,23.56005788712038,200.0
2030-11-01 03:00:00,13098.796114441919,-0.0,-0.0,12865.138888888889,20.0,33.657225553029114,23.56005788712038,200.0
2030-11-01 04:00:00,13098.796114441919,-0.0,-0.0,12865.138888888889,20.0,33.657225553029114,23.56005788712038,200.0
2030-11-01 05:00:00,13098.796114441919,-0.0,-0.0,12865.138888888889,20.0,33.657225553029114,23.56005788712038,200.0
2030-11-01 06:00:00,13098.796114441919,-0.0,-0.0,12865.138888888889,20.0,33.657225553029114,23.56005788712038,200.0
2030-11-01 07:00:00,13098.796114441919,-0.0,-0.0,12865.138888888889,20.0,33.657225553029114,23.56005788712038,200.0
2030-11-01 08:00:00,13098.796114441919,-0.0,-0.0,12865.138888888889,20.0,33.657225553029114,23.56005788712038,200.0
2030-11-01 09:00:00,13098.796114441919,-0.0,-0.0,12865.138888888889,20.0,33.657225553029114,23.56005788712038,200.0
2030-11-01 10:00:00,13098.796114441919,-0.0,-0.0,12865.138888888889,20.0,33.657225553029114,23.56005788712038,200.0
2030-11-01 11:00:00,7854.794707186404,5244.001407255515,-0.0,12865.138888888889,20.0,33.657225553029114,23.56005788712038,200.0
2030-11-01 12:00:00,-0.0,13098.796114441919,-0.0,12865.138888888889,20.0,33.657225553029114,23.56005788712038,200.0
2030-11-01 13:00:00,-0.0,13098.796114441919,-0.0,12865.138888888889,20.0,33.657225553029114,23.56005788712038,200.0
2030-11-01 14:00:00,-0.0,13098.796114441919,-0.0,12865.138888888889,20.0,33.657225553029114,23.56005788712038,200.0
2030-11-01 15:00:00,-0.0,13098.796114441919,-0.0,12865.138888888889,20.0,33.657225553029114,23.56005788712038,200.0
2030-11-01 16:00:00,-0.0,13098.796114441919,-0.0,12865.138888888889,20.0,33.657225553029114,23.56005788712038,200.0
2030-11-01 17:00:00,-0.0,13098.796114441919,-0.0,12865.138888888889,20.0,33.657225553029114,23.56005788712038,200.0
2030-11-01 18:00:00,-0.0,13098.796114441919,-0.0,12865.138888888889,20.0,33.657225553029114,23.56005788712038,200.0
2030-11-01 19:00:00,-0.0,13098.796114441919,-0.0,12865.138888888889,20.0,33.657225553029114,23.56005788712038,200.0
2030-11-01 20:00:00,-0.0,13098.796114441919,-0.0,12865.138888888889,20.0,33.657225553029114,23.56005788712038,200.0
2030-11-01 21:00:00,-0.0,13098.796114441919,-0.0,12865.138888888889,20.0,33.657225553029114,23.56005788712038,200.0
2030-11-01 22:00:00,-0.0,13098.796114441919,-0.0,12865.138888888889,20.0,33.657225553029114,23.56005788712038,200.0
2030-11-01 23:00:00,-0.0,13098.796114441919,-0.0,12865.138888888889,20.0,33.657225553029114,23.56005788712038,200.0
2030-11-02 00:00:00,-0.0,13098.796114441919,-0.0,12865.138888888889,20.0,33.657225553029114,23.56005788712038,200.0
2030-11-02 01:00:00,-0.0,13098.796114441919,-0.0,12865.138888888889,20.0,33.657225553029114,23.56005788712038,200.0
2030-11-02 02:00:00,-0.0,13098.796114441919,-0.0,12865.138888888889,20.0,33.657225553029114,23.56005788712038,200.0
2030-11-02 03:00:00,13098.796114441919,-0.0,-0.0,12865.138888888889,20.0,33.657225553029114,23.56005788712038,200.0
2030-11-02 04:00:00,13098.796114441919,-0.0,-0.0,12865.138888888889,20.0,33.657225553029114,23.56005788712038,200.0
2030-11-02 05:00:00,13098.796114441919,-0.0,-0.0,12865.138888888889,20.0,33.657225553029114,23.56005788712038,200.0
2030-11-02 06:00:00,13098.796114441919,-0.0,-0.0,12865.138888888889,20.0,33.657225553029114,23.56005788712038,200.0
2030-11-02 07:00:00,13098.796114441919,-0.0,-0.0,12865.138888888889,20.0,33.657225553029114,23.56005788712038,200.0
2030-11-02 08:00:00,13098.796114441919,-0.0,-0.0,12865.138888888889,20.0,33.657225553029114,23.56005788712038,200.0
2030-11-02 09:00:00,13098.796114441919,-0.0,-0.0,12865.138888888889,20.0,33.657225553029114,23.56005788712038,200.0
2030-11-02 10:00:00,13098.796114441919,-0.0,-0.0,12865.138888888889,20.0,33.657225553029114,23.56005788712038,200.0
2030-11-02 11:00:00,7588.600976045324,5510.195138396594,-0.0,12865.138888888889,20.0,33.657225553029114,23.56005788712038,200.0
2030-11-02 12:00:00,-0.0,13098.796114441919,-0.0,12865.138888888889,20.0,33.657225553029114,23.56005788712038,200.0
2030-11-02 13:00:00,-0.0,13098.796114441919,-0.0,12865.138888888889,20.0,33.657225553029114,23.56005788712038,200.0
2030-11-02 14:00:00,-0.0,13098.796114441919,-0.0,12865.138888888889,20.0,33.657225553029114,23.56005788712038,200.0
2030-11-02 15:00:00,-0.0,13098.796114441919,-0.0,12865.138888888889,20.0,33.657225553029114,23.56005788712038,200.0
2030-11-02 16:00:00,-0.0,13098.796114441919,-0.0,12865.138888888889,20.0,33.657225553029114,23.56005788712038,200.0
2030-11-02 17:00:00,-0.0,13098.796114441919,-0.0,12865.138888888889,20.0,33.657225553029114,23.56005788712038,200.0
2030-11-02 18:00:00,-0.0,13098.796114441919,-0.0,12865.138888888889,20.0,33.657225553029114,23.56005788712038,200.0
2030-11-02 19:00:00,-0.0,13098.796114441919,-0.0,12865.138888888889,20.0,33.657225553029114,23.56005788712038,200.0
2030-11-02 20:00:00,-0.0,13098.796114441919,-0.0,12865.138888888889,20.0,33.657225553029114,23.56005788712038,200.0
2030-11-02 21:00:00,-0.0,13098.796114441919,-0.0,12865.138888888889,20.0,33.657225553029114,23.56005788712038,200.0
2030-11-02 22:00:00,-0.0,13098.796114441919,-0.0,12865.138888888889,20.0,33.657225553029114,23.56005788712038,200.0
2030-11-02 23:00:00,-0.0,13098.796114441919,-0.0,12865.138888888889,20.0,33.657225553029114,23.56005788712038,200.0
2030-11-03 00:00:00,-0.0,13098.796114441919,-0.0,12865.138888888889,20.0,33.657225553029114,23.56005788712038,200.0
2030-11-03 01:00:00,-0.0,13098.796114441919,-0.0,12865.138888888889,20.0,33.657225553029114,23.56005788712038,200.0
2030-11-03 02:00:00,9269.98872313566,3828.807391306258,-0.0,12865.138888888889,20.0,33.657225553029114,23.56005788712038,200.0
2030-11-03 03:00:00,13098.796114441919,-0.0,-0.0,12865.138888888889,20.0,33.657225553029114,23.56005788712038,200.0
2030-11-03 04:00:00,13098.796114441919,-0.0,-0.0,12865.138888888889,20.0,33.657225553029114,23.56005788712038,200.0
2030-11-03 05:00:00,13098.796114441919,-0.0,-0.0,12865.138888888889,20.0,33.657225553029114,23.56005788712038,200.0
2030-11-03 06:00:00,13098.796114441919,-0.0,-0.0,12865.138888888889,20.0,33.657225553029114,23.56005788712038,200.0
2030-11-03 07:00:00,13098.796114441919,-0.0,-0.0,12865.138888888889,20.0,33.657225553029114,23.56005788712038,200.0
2030-11-03 08:00:00,13098.796114441919,-0.0,-0.0,12865.138888888889,20.0,33.657225553029114,23.56005788712038,200.0
2030-11-03 09:00:00,13098.796114441919,-0.0,-0.0,12865.138888888889,20.0,33.657225553029114,23.56005788712038,200.0
2030-11-03 10:00:00,13098.796114441919,-0.0,-0.0,12865.138888888889,20.0,33.657225553029114,23.56005788712038,200.0
2030-11-03 11:00:00,7313.048871543816,5785.747242898103,-0.0,12865.138888888889,20.0,33.657225553029114,23.56005788712038,200.0
2030-11-03 12:00:00,-0.0,10763.474353910022,2101.664534978867,12865.138888888889,20.0,-0.0,-0.0,0.0
2030-11-03 13:00:00,-0.0,7929.132739149419,4936.00614973947,12865.138888888889,20.0,-0.0,-0.0,0.0
2030-11-03 14:00:00,-0.0,13098.796114441919,-0.0,12865.138888888889,20.0,33.657225553029114,23.56005788712038,200.0
2030-11-03 15:00:00,-0.0,13098.796114441919,-0.0,12865.138888888889,20.0,33.657225553029114,23.56005788712038,200.0
2030-11-03 16:00:00,-0.0,13098.796114441919,-0.0,12865.138888888889,20.0,33.657225553029114,23.56005788712038,200.0
2030-11-03 17:00:00,-0.0,13098.796114441919,-0.0,12865.138888888889,20.0,33.657225553029114,23.56005788712038,200.0
2030-11-03 18:00:00,-0.0,13098.796114441919,-0.0,12865.138888888889,20.0,33.657225553029114,23.56005788712038,200.0
2030-11-03 19:00:00,-0.0,13098.796114441919,-0.0,12865.138888888889,20.0,33.657225553029114,23.56005788712038,200.0
2030-11-03 20:00:00,-0.0,13098.796114441919,-0.0,12865.138888888889,20.0,33.657225553029114,23.56005788712038,200.0
2030-11-03 21:00:00,-0.0,13098.796114441919,-0.0,12865.138888888889,20.0,33.657225553029114,23.56005788712038,200.0
2030-11-03 22:00:00,-0.0,13098.796114441919,-0.0,12865.138888888889,20.0,33.657225553029114,23.56005788712038,200.0
2030-11-03 23:00:00,-0.0,13098.796114441919,-0.0,12865.138888888889,20.0,33.657225553029114,23.56005788712038,200.0
2030-11-04 00:00:00,-0.0,13098.796114441919,-0.0,12865.138888888889,20.0,33.657225553029114,23.56005788712038,200.0
2030-11-04 01:00:00,-0.0,13098.796114441919,-0.0,12865.138888888889,20.0,33.657225553029114,23.56005788712038,200.0
2030-11-04 02:00:00,8589.946925611184,4508.849188830734,-0.0,12865.138888888889,20.0,33.657225553029114,23.56005788712038,200.0
2030-11-04 03:00:00,13098.796114441919,-0.0,-0.0,12865.138888888889,20.0,33.657225553029114,23.56005788712038,200.0
2030-11-04 04:00:00,13098.796114441919,-0.0,-0.0,12865.138888888889,20.0,33.657225553029114,23.56005788712038,200.0
2030-11-04 05:00:00,13098.796114441919,-0.0,-0.0,12865.138888888889,20.0,33.657225553029114,23.56005788712038,200.0
2030-11-04 06:00:00,13098.796114441919,-0.0,-0.0,12865.138888888889,20.0,33.657225553029114,23.56005788712038,200.0
2030-11-04 07:00:00,13098.796114441919,-0.0,-0.0,12865.138888888889,20.0,33.657225553029114,23.56005788712038,200.0
2030-11-04 08:00:00,13098.796114441919,-0.0,-0.0,12865.138888888889,20.0,33.657225553029114,23.56005788712038,200.0
2030-11-04 09:00:00,13098.796114441919,-0.0,-0.0,12865.138888888889,20.0,33.657225553029114,23.56005788712038,200.0
2030-11-04 10:00:00,13098.796114441919,-0.0,-0.0,12865.138888888889,20.0,33.657225553029114,23.56005788712038,200.0
2030-11-04 11:00:00,7041.656044091386,6057.140070350532,-0.0,12865.138888888889,20.0,33.657225553029114,23.56005788712038,200.0
2030-11-04 12:00:00,-0.0,13098.796114441919,-0.0,12865.138888888889,20.0,33.657225553029114,23.56005788712038,200.0
2030-11-04 13:00:00,-0.0,7929.132739149419,4936.00614973947,12865.138888888889,20.0,-0.0,-0.0,0.0
2030-11-04 14:00:00,-0.0,13098.796114441919,-0.0,12865.138888888889,20.0,33.657225553029114,23.56005788712038,200.0
2030-11-04 15:00:00,-0.0,13098.796114441919,-0.0,12865.138888888889,20.0,33.657225553029114,23.56005788712038,200.0
2030-11-04 16:00:00,-0.0,13098.796114441919,-0.0,12865.138888888889,20.0,33.657225553029114,23.56005788712038,200.0
2030-11-04 17:00:00,-0.0,13098.796114441919,-0.0,12865.138888888889,20.0,33.657225553029114,23.56005788712038,200.0
2030-11-04 18:00:00,-0.0,12180.645161290322,684.4937275985667,12865.138888888889,20.0,-0.0,-0.0,0.0
2030-11-04 19:00:00,-0.0,13098.796114441919,-0.0,12865.138888888889,20.0,33.657225553029114,23.56005788712038,200.0
2030-11-04 20:00:00,-0.0,13098.796114441919,-0.0,12865.138888888889,20.0,33.657225553029114,23.56005788712038,200.0
2030-11-04 21:00:00,-0.0,13098.796114441919,-0.0,12865.138888888889,20.0,33.657225553029114,23.56005788712038,200.0
2030-11-04 22:00:00,-0.0,10763.474353910022,2101.664534978867,12865.138888888889,20.0,-0.0,-0.0,0.0
2030-11-04 23:00:00,-0.0,13098.796114441919,-0.0,12865.138888888889,20.0,33.657225553029114,23.56005788712038,200.0
2030-11-05 00:00:00,-0.0,13098.796114441919,-0.0,12865.138888888889,20.0,33.657225553029114,23.56005788712038,200.0
2030-11-05 01:00:00,-0.0,13098.796114441919,-0.0,12865.138888888889,20.0,33.657225553029114,23.56005788712038,200.0
2030-11-05 02:00:00,7974.373922347436,5124.422192094483,-0.0,12865.138888888889,20.0,33.657225553029114,23.56005788712038,200.0
2030-11-05 03:00:00,13098.796114441919,-0.0,-0.0,12865.138888888889,20.0,33.657225553029114,23.56005788712038,200.0
2030-11-05 04:00:00,13098.796114441919,-0.0,-0.0,12865.138888888889,20.0,33.657225553029114,23.56005788712038,200.0
2030-11-05 05:00:00,13098.796114441919,-0.0,-0.0,12865.138888888889,20.0,33.657225553029114,23.56005788712038,200.0
2030-11-05 06:00:00,13098.796114441919,-0.0,-0.0,12865.138888888889,20.0,33.657225553029114,23.56005788712038,200.0
2030-11-05 07:00:00,13098.796114441919,-0.0,-0.0,12865.138888888889,20.0,33.657225553029114,23.56005788712038,200.0
2030-11-05 08:00:00,13098.796114441919,-0.0,-0.0,12865.138888888889,20.0,33.657225553029114,23.56005788712038,200.0
2030-11-05 09:00:00,13098.796114441919,-0.0,-0.0,12865.138888888889,20.0,33.657225553029114,23.56005788712038,200.0
2030-11-05 10:00:00,13098.796114441919,-0.0,-0.0,12865.138888888889,20.0,33.657225553029114,23.56005788712038,200.0
2030-11-05 11:00:00,-0.0,13098.796114441919,-0.0,12865.138888888889,20.0,33.657225553029114,23.56005788712038,200.0
2030-11-05 12:00:00,-0.0,13098.796114441919,-0.0,12865.138888888889,20.0,33.657225553029114,23.56005788712038,200.0
2030-11-05 13:00:00,-0.0,13098.796114441919,-0.0,12865.138888888889,20.0,33.657225553029114,23.56005788712038,200.0
2030-11-05 14:00:00,-0.0,13098.796114441919,-0.0,12865.138888888889,20.0,33.657225553029114,23.56005788712038,200.0
2030-11-05 15:00:00,-0.0,13098.796114441919,-0.0,12865.138888888889,20.0,33.657225553029114,23.56005788712038,200.0
2030-11-05 16:00:00,-0.0,13098.796114441919,-0.0,12865.138888888889,20.0,33.657225553029114,23.56005788712038,200.0
2030-11-05 17:00:00,-0.0,13098.796114441919,-0.0,12865.138888888889,20.0,33.657225553029114,23.56005788712038,200.0
2030-11-05 18:00:00,-0.0,13098.796114441919,-0.0,12865.138888888889,20.0,33.657225553029114,23.56005788712038,200.0
2030-11-05 19:00:00,-0.0,13098.796114441919,-0.0,12865.138888888889,20.0,33.657225553029114,23.56005788712038,200.0
2030-11-05 20:00:00,-0.0,13098.796114441919,-0.0,12865.138888888889,20.0,33.657225553029114,23.56005788712038,200.0
2030-11-05 21:00:00,-0.0,13098.796114441919,-0.0,12865.138888888889,20.0,33.657225553029114,23.56005788712038,200.0
2030-11-05 22:00:00,-0.0,13098.796114441919,-0.0,12865.138888888889,20.0,33.657225553029114,23.56005788712038,200.0
2030-11-05 23:00:00,-0.0,13098.796114441919,-0.0,12865.138888888889,20.0,33.657225553029114,23.56005788712038,200.0
2030-11-06 00:00:00,-0.0,13098.796114441919,-0.0,12865.138888888889,20.0,33.657225553029114,23.56005788712038,200.0
2030-11-06 01:00:00,-0.0,13098.796114441919,-0.0,12865.138888888889,20.0,33.657225553029114,23.56005788712038,200.0
2030-11-06 02:00:00,8077.316029312151,5021.480085129768,-0.0,12865.138888888889,20.0,33.657225553029114,23.56005788712038,200.0
2030-11-06 03:00:00,13098.796114441919,-0.0,-0.0,12865.138888888889,20.0,33.657225553029114,23.56005788712038,200.0
2030-11-06 04:00:00,13098.796114441919,-0.0,-0.0,12865.138888888889,20.0,33.657225553029114,23.56005788712038,200.0
2030-11-06 05:00:00,13098.796114441919,-0.0,-0.0,12865.138888888889,20.0,33.657225553029114,23.56005788712038,200.0
2030-11-06 06:00:00,13098.796114441919,-0.0,-0.0,12865.138888888889,20.0,33.657225553029114,23.56005788712038,200.0
2030-11-06 07:00:00,13098.796114441919,-0.0,-0.0,12865.138888888889,20.0,33.657225553029114,23.56005788712038,200.0
2030-11-06 08:00:00,13098.796114441919,-0.0,-0.0,12865.138888888889,20.0,33.657225553029114,23.56005788712038,200.0
2030-11-06 09:00:00,13098.796114441919,-0.0,-0.0,12865.138888888889,20.0,33.657225553029114,23.56005788712038,200.0
2030-11-06 10:00:00,13098.796114441919,-0.0,-0.0,12865.138888888889,20.0,33.657225553029114,23.56005788712038,200.0
2030-11-06 11:00:00,6644.445085904305,6454.351028537613,-0.0,12865.138888888889,20.0,33.657225553029114,23.56005788712038,200.0
2030-11-06 12:00:00,-0.0,13098.796114441919,-0.0,12865.138888888889,20.0,33.657225553029114,23.56005788712038,200.0
2030-11-06 13:00:00,-0.0,13098.796114441919,-0.0,12865.138888888889,20.0,33.657225553029114,23.56005788712038,200.0
2030-11-06 14:00:00,-0.0,13098.796114441919,-0.0,12865.138888888889,20.0,33.657225553029114,23.56005788712038,200.0
2030-11-06 15:00:00,-0.0,13098.796114441919,-0.0,12865.138888888889,20.0,33.657225553029114,23.56005788712038,200.0
2030-11-06 16:00:00,-0.0,13098.796114441919,-0.0,12865.138888888889,20.0,33.657225553029114,23.56005788712038,200.0
2030-11-06 17:00:00,-0.0,13098.796114441919,-0.0,12865.138888888889,20.0,33.657225553029114,23.56005788712038,200.0
2030-11-06 18:00:00,-0.0,13098.796114441919,-0.0,12865.138888888889,20.0,33.657225553029114,23.56005788712038,200.0
2030-11-06 19:00:00,-0.0,13098.796114441919,-0.0,12865.138888888889,20.0,33.657225553029114,23.56005788712038,200.0
2030-11-06 20:00:00,-0.0,13098.796114441919,-0.0,12865.138888888889,20.0,33.657225553029114,23.56005788712038,200.0
2030-11-06 21:00:00,-0.0,13098.796114441919,-0.0,12865.138888888889,20.0,33.657225553029114,23.56005788712038,200.0
2030-11-06 22:00:00,-0.0,13098.796114441919,-0.0,12865.138888888889,20.0,33.657225553029114,23.56005788712038,200.0
2030-11-06 23:00:00,-0.0,13098.796114441919,-0.0,12865.138888888889,20.0,33.657225553029114,23.56005788712038,200.0
2030-11-07 00:00:00,-0.0,13098.796114441919,-0.0,12865.138888888889,20.0,33.657225553029114,23.56005788712038,200.0
2030-11-07 01:00:00,-0.0,13098.796114441919,-0.0,12865.138888888889,20.0,33.657225553029114,23.56005788712038,200.0
2030-11-07 02:00:00,7880.79018874315,5218.005925698769,-0.0,12865.138888888889,20.0,33.657225553029114,23.56005788712038,200.0
2030-11-07 03:00:00,13098.796114441919,-0.0,-0.0,12865.138888888889,20.0,33.657225553029114,23.56005788712038,200.0
2030-11-07 04:00:00,13098.796114441919,-0.0,-0.0,12865.138888888889,20.0,33.657225553029114,23.56005788712038,200.0
2030-11-07 05:00:00,13098.796114441919,-0.0,-0.0,12865.138888888889,20.0,33.657225553029114,23.56005788712038,200.0
2030-11-07 06:00:00,13098.796114441919,-0.0,-0.0,12865.138888888889,20.0,33.657225553029114,23.56005788712038,200.0
2030-11-07 07:00:00,13098.796114441919,-0.0,-0.0,12865.138888888889,20.0,33.657225553029114,23.56005788712038,200.0
2030-11-07 08:00:00,13098.796114441919,-0.0,-0.0,12865.138888888889,20.0,33.657225553029114,23.56005788712038,200.0
2030-11-07 09:00:00,13098.796114441919,-0.0,-0.0,12865.138888888889,20.0,33.657225553029114,23.56005788712038,200.0
2030-11-07 10:00:00,13098.796114441919,-0.0,-0.0,12865.138888888889,20.0,33.657225553029114,23.56005788712038,200.0
2030-11-07 11:00:00,6409.445932631321,6689.350181810598,-0.0,12865.138888888889,20.0,33.657225553029114,23.56005788712038,200.0
2030-11-07 12:00:00,-0.0,13098.796114441919,-0.0,12865.138888888889,20.0,33.657225553029114,23.56005788712038,200.0
2030-11-07 13:00:00,-0.0,10763.474353910022,2101.664534978867,12865.138888888889,20.0,-0.0,-0.0,0.0
2030-11-07 14:00:00,-0.0,7929.132739149419,4936.00614973947,12865.138888888889,20.0,-0.0,-0.0,0.0
2030-11-07 15:00:00,-0.0,13098.796114441919,-0.0,12865.138888888889,20.0,33.657225553029114,23.56005788712038,200.0
2030-11-07 16:00:00,-0.0,13098.796114441919,-0.0,12865.138888888889,20.0,33.657225553029114,23.56005788712038,200.0
2030-11-07 17:00:00,-0.0,13098.796114441919,-0.0,12865.138888888889,20.0,33.657225553029114,23.56005788712038,200.0
2030-11-07 18:00:00,-0.0,13098.796114441919,-0.0,12865.138888888889,20.0,33.657225553029114,23.56005788712038,200.0
2030-11-07 19:00:00,-0.0,13098.796114441919,-0.0,12865.138888888889,20.0,33.657225553029114,23.56005788712038,200.0
2030-11-07 20:00:00,-0.0,13098.796114441919,-0.0,12865.138888888889,20.0,33.657225553029114,23.56005788712038,200.0
2030-11-07 21:00:00,-0.0,13098.796114441919,-0.0,12865.138888888889,20.0,33.657225553029114,23.56005788712038,200.0
2030-11-07 22:00:00,-0.0,13098.796114441919,-0.0,12865.138888888889,20.0,33.657225553029114,23.56005788712038,200.0
2030-11-07 23:00:00,-0.0,13098.796114441919,-0.0,12865.138888888889,20.0,33.657225553029114,23.56005788712038,200.0
2030-11-08 00:00:00,-0.0,13098.796114441919,-0.0,12865.138888888889,20.0,33.657225553029114,23.56005788712038,200.0
2030-11-08 01:00:00,-0.0,13098.796114441919,-0.0,12865.138888888889,20.0,33.657225553029114,23.56005788712038,200.0
2030-11-08 02:00:00,7564.685133013117,5534.110981428802,-0.0,12865.138888888889,20.0,33.657225553029114,23.56005788712038,200.0
2030-11-08 03:00:00,13098.796114441919,-0.0,-0.0,12865.138888888889,20.0,33.657225553029114,23.56005788712038,200.0
2030-11-08 04:00:00,13098.796114441919,-0.0,-0.0,12865.138888888889,20.0,33.657225553029114,23.56005788712038,200.0
2030-11-08 05:00:00,13098.796114441919,-0.0,-0.0,12865.138888888889,20.0,33.657225553029114,23.56005788712038,200.0
2030-11-08 06:00:00,13098.796114441919,-0.0,-0.0,12865.138888888889,20.0,33.657225553029114,23.56005788712038,200.0
2030-11-08 07:00:00,13098.796114441919,-0.0,-0.0,12865.138888888889,20.0,33.657225553029114,23.56005788712038,200.0
2030-11-08 08:00:00,13098.796114441919,-0.0,-0.0,12865.138888888889,20.0,33.657225553029114,23.56005788712038,200.0
2030-11-08 09:00:00,13098.796114441919,-0.0,-0.0,12865.138888888889,20.0,33.657225553029114,23.56005788712038,200.0
2030-11-08 10:00:00,13098.796114441919,-0.0,-0.0,12865.138888888889,20.0,33.657225553029114,23.56005788712038,200.0
2030-11-08 11:00:00,-0.0,13098.796114441919,-0.0,12865.138888888889,20.0,33.657225553029114,23.56005788712038,200.0
2030-11-08 12:00:00,-0.0,13098.796114441919,-0.0,12865.138888888889,20.0,33.657225553029114,23.56005788712038,200.0
2030-11-08 13:00:00,-0.0,13098.796114441919,-0.0,12865.138888888889,20.0,33.657225553029114,23.56005788712038,200.0
2030-11-08 14:00:00,-0.0,13098.796114441919,-0.0,12865.138888888889,20.0,33.657225553029114,23.56005788712038,200.0
2030-11-08 15:00:00,-0.0,13098.796114441919,-0.0,12865.138888888889,20.0,33.657225553029114,23.56005788712038,200.0
2030-11-08 16:00:00,-0.0,13098.796114441919,-0.0,12865.138888888889,20.0,33.657225553029114,23.56005788712038,200.0
2030-11-08 17:00:00,-0.0,13098.796114441919,-0.0,12865.138888888889,20.0,33.657225553029114,23.56005788712038,200.0
2030-11-08 18:00:00,-0.0,13098.796114441919,-0.0,12865.138888888889,20.0,33.657225553029114,23.56005788712038,200.0
2030-11-08 19:00:00,-0.0,13098.796114441919,-0.0,12865.138888888889,20.0,33.657225553029114,23.56005788712038,200.0
2030-11-08 20:00:00,-0.0,13098.796114441919,-0.0,12865.138888888889,20.0,33.657225553029114,23.56005788712038,200.0
2030-11-08 21:00:00,-0.0,13098.796114441919,-0.0,12865.138888888889,20.0,33.657225553029114,23.56005788712038,200.0
2030-11-08 22:00:00,-0.0,13098.796114441919,-0.0,12865.138888888889,20.0,33.657225553029114,23.56005788712038,200.0
2030-11-08 23:00:00,-0.0,13098.796114441919,-0.0,12865.138888888889,20.0,33.657225553029114,23.56005788712038,200.0
2030-11-09 00:00:00,-0.0,13098.796114441919,-0.0,12865.138888888889,20.0,33.657225553029114,23.56005788712038,200.0
2030-11-09 01:00:00,-0.0,13098.796114441919,-0.0,12865.138888888889,20.0,33.657225553029114,23.56005788712038,200.0
2030-11-09 02:00:00,4846.597581439744,8252.198533002174,-0.0,12865.138888888889,20.0,33.657225553029114,23.56005788712038,200.0
2030-11-09 03:00:00,13098.796114441919,-0.0,-0.0,12865.138888888889,20.0,33.657225553029114,23.56005788712038,200.0
2030-11-09 04:00:00,13098.796114441919,-0.0,-0.0,12865.138888888889,20.0,33.657225553029114,23.56005788712038,200.0
2030-11-09 05:00:00,13098.796114441919,-0.0,-0.0,12865.138888888889,20.0,33.657225553029114,23.56005788712038,200.0
2030-11-09 06:00:00,13098.796114441919,-0.0,-0.0,12865.138888888889,20.0,33.657225553029114,23.56005788712038,200.0
2030-11-09 07:00:00,13098.796114441919,-0.0,-0.0,12865.138888888889,20.0,33.657225553029114,23.56005788712038,200.0
2030-11-09 08:00:00,13098.796114441919,-0.0,-0.0,12865.138888888889,20.0,33.657225553029114,23.56005788712038,200.0
2030-11-09 09:00:00,13098.796114441919,-0.0,-0.0,12865.138888888889,20.0,33.657225553029114,23.56005788712038,200.0
2030-11-09 10:00:00,13098.796114441919,-0.0,-0.0,12865.138888888889,20.0,33.657225553029114,23.56005788712038,200.0
2030-11-09 11:00:00,-0.0,13098.796114441919,-0.0,12865.138888888889,20.0,33.657225553029114,23.56005788712038,200.0
2030-11-09 12:00:00,-0.0,13098.796114441919,-0.0,12865.138888888889,20.0,33.657225553029114,23.56005788712038,200.0
2030-11-09 13:00:00,-0.0,13098.796114441919,-0.0,12865.138888888889,20.0,33.657225553029114,23.56005788712038,200.0
2030-11-09 14:00:00,-0.0,13098.796114441919,-0.0,12865.138888888889,20.0,33.657225553029114,23.56005788712038,200.0
2030-11-09 15:00:00,-0.0,13098.796114441919,-0.0,12865.138888888889,20.0,33.657225553029114,23.56005788712038,200.0
2030-11-09 16:00:00,-0.0,13098.796114441919,-0.0,12865.138888888889,20.0,33.657225553029114,23.56005788712038,200.0
2030-11-09 17:00:00,-0.0,13098.796114441919,-0.0,12865.138888888889,20.0,33.657225553029114,23.56005788712038,200.0
2030-11-09 18:00:00,-0.0,13098.796114441919,-0.0,12865.138888888889,20.0,33.657225553029114,23.56005788712038,200.0
2030-11-09 19:00:00,-0.0,13098.796114441919,-0.0,12865.138888888889,20.0,33.657225553029114,23.56005788712038,200.0
2030-11-09 20:00:00,-0.0,13098.796114441919,-0.0,12865.138888888889,20.0,33.657225553029114,23.56005788712038,200.0
2030-11-09 21:00:00,-0.0,13098.796114441919,-0.0,12865.138888888889,20.0,33.657225553029114,23.56005788712038,200.0
2030-11-09 22:00:00,-0.0,13098.796114441919,-0.0,12865.138888888889,20.0,33.657225553029114,23.56005788712038,200.0
2030-11-09 23:00:00,-0.0,13098.796114441919,-0.0,12865.138888888889,20.0,33.657225553029114,23.56005788712038,200.0
2030-11-10 00:00:00,-0.0,13098.796114441919,-0.0,12865.138888888889,20.0,33.657225553029114,23.56005788712038,200.0
2030-11-10 01:00:00,-0.0,13098.796114441919,-0.0,12865.138888888889,20.0,33.657225553029114,23.56005788712038,200.0
2030-11-10 02:00:00,4101.047170392256,8997.748944049663,-0.0,12865.138888888889,20.0,33.657225553029114,23.56005788712038,200.0
2030-11-10 03:00:00,13098.796114441919,-0.0,-0.0,12865.138888888889,20.0,33.657225553029114,23.56005788712038,200.0
2030-11-10 04:00:00,13098.796114441919,-0.0,-0.0,12865.138888888889,20.0,33.657225553029114,23.56005788712038,200.0
2030-11-10 05:00:00,13098.796114441919,-0.0,-0.0,12865.138888888889,20.0,33.657225553029114,23.56005788712038,200.0
2030-11-10 06:00:00,13098.796114441919,-0.0,-0.0,12865.138888888889,20.0,33.657225553029114,23.56005788712038,200.0
2030-11-10 07:00:00,13098.796114441919,-0.0,-0.0,12865.138888888889,20.0,33.657225553029114,23.56005788712038,200.0
2030-11-10 08:00:00,13098.796114441919,-0.0,-0.0,12865.138888888889,20.0,33.657225553029114,23.56005788712038,200.0
2030-11-10 09:00:00,13098.796114441919,-0.0,-0.0,12865.138888888889,20.0,33.657225553029114,23.56005788712038,200.0
2030-11-10 10:00:00,13098.796114441919,-0.0,-0.0,12865.138888888889,20.0,33.657225553029114,23.56005788712038,200.0
2030-11-10 11:00:00,-0.0,13098.796114441919,-0.0,12865.138888888889,20.0,33.657225553029114,23.56005788712038,200.0
2030-11-10 12:00:00,-0.0,13098.796114441919,-0.0,12865.138888888889,20.0,33.657225553029114,23.56005788712038,200.0
2030-11-10 13:00:00,-0.0,13098.796114441919,-0.0,12865.138888888889,20.0,33.657225553029114,23.56005788712038,200.0
2030-11-10 14:00:00,-0.0,13098.796114441919,-0.0,12865.138888888889,20.0,33.657225553029114,23.56005788712038,200.0
2030-11-10 15:00:00,-0.0,13098.796114441919,-0.0,12865.138888888889,20.0,33.657225553029114,23.56005788712038,200.0
2030-11-10 16:00:00,-0.0,13098.796114441919,-0.0,12865.138888888889,20.0,33.657225553029114,23.56005788712038,200.0
2030-11-10 17:00:00,-0.0,13098.796114441919,-0.0,12865.138888888889,20.0,33.657225553029114,23.56005788712038,200.0
2030-11-10 18:00:00,-0.0,10763.474353910022,2101.664534978867,12865.138888888889,20.0,-0.0,-0.0,0.0
2030-11-10 19:00:00,-0.0,3677.6203170085287,9187.51857188036,12865.138888888889,20.0,-0.0,-0.0,0.0
2030-11-10 20:00:00,-0.0,-0.0,12865.138888888889,12865.138888888889,20.0,-0.0,-0.0,0.0
2030-11-10 21:00:00,-0.0,-0.0,12865.138888888889,12865.138888888889,20.0,-0.0,-0.0,0.0
2030-11-10 22:00:00,-0.0,-0.0,12865.138888888889,12865.138888888889,20.0,-0.0,-0.0,0.0
2030-11-10 23:00:00,-0.0,-0.0,12865.138888888889,12865.138888888889,20.0,-0.0,-0.0,0.0
2030-11-11 00:00:00,-0.0,-0.0,12865.138888888889,12865.138888888889,20.0,-0.0,-0.0,0.0
2030-11-11 01:00:00,-0.0,-0.0,12865.138888888889,12865.138888888889,20.0,-0.0,-0.0,0.0
2030-11-11 02:00:00,6140.132743703431,-0.0,6725.006145185458,12865.138888888889,20.0,-0.0,-0.0,0.0
2030-11-11 03:00:00,13098.796114441919,-0.0,-0.0,12865.138888888889,20.0,33.657225553029114,23.56005788712038,200.0
2030-11-11 04:00:00,13098.796114441919,-0.0,-0.0,12865.138888888889,20.0,33.657225553029114,23.56005788712038,200.0
2030-11-11 05:00:00,13098.796114441919,-0.0,-0.0,12865.138888888889,20.0,33.657225553029114,23.56005788712038,200.0
2030-11-11 06:00:00,13098.796114441919,-0.0,-0.0,12865.138888888889,20.0,33.657225553029114,23.56005788712038,200.0
2030-11-11 07:00:00,13098.796114441919,-0.0,-0.0,12865.138888888889,20.0,33.657225553029114,23.56005788712038,200.0
2030-11-11 08:00:00,13098.796114441919,-0.0,-0.0,12865.138888888889,20.0,33.657225553029114,23.56005788712038,200.0
2030-11-11 09:00:00,13098.796114441919,-0.0,-0.0,12865.138888888889,20.0,33.657225553029114,23.56005788712038,200.0
2030-11-11 10:00:00,13098.796114441919,-0.0,-0.0,12865.138888888889,20.0,33.657225553029114,23.56005788712038,200.0
2030-11-11 11:00:00,5314.516249461175,7784.279864980744,-0.0,12865.138888888889,20.0,33.657225553029114,23.56005788712038,200.0
2030-11-11 12:00:00,-0.0,12180.645161290322,684.4937275985667,12865.138888888889,20.0,-0.0,-0.0,0.0
2030-11-11 13:00:00,-0.0,13098.796114441919,-0.0,12865.138888888889,20.0,33.657225553029114,23.56005788712038,200.0
2030-11-11 14:00:00,-0.0,13098.796114441919,-0.0,12865.138888888889,20.0,33.657225553029114,23.56005788712038,200.0
2030-11-11 15:00:00,-0.0,13098.796114441919,-0.0,12865.138888888889,20.0,33.657225553029114,23.56005788712038,200.0
2030-11-11 16:00:00,-0.0,13098.796114441919,-0.0,12865.138888888889,20.0,33.657225553029114,23.56005788712038,200.0
2030-11-11 17:00:00,-0.0,13098.796114441919,-0.0,12865.138888888889,20.0,33.657225553029114,23.56005788712038,200.0
2030-11-11 18:00:00,-0.0,13098.796114441919,-0.0,12865.138888888889,20.0,33.657225553029114,23.56005788712038,200.0
2030-11-11 19:00:00,-0.0,13098.796114441919,-0.0,12865.138888888889,20.0,33.657225553029114,23.56005788712038,200.0
2030-11-11 20:00:00,-0.0,13098.796114441919,-0.0,12865.138888888889,20.0,33.657225553029114,23.56005788712038,200.0
2030-11-11 21:00:00,-0.0,13098.796114441919,-0.0,12865.138888888889,20.0,33.657225553029114,23.56005788712038,200.0
2030-11-11 22:00:00,-0.0,13098.796114441919,-0.0,12865.138888888889,20.0,33.657225553029114,23.56005788712038,200.0
2030-11-11 23:00:00,-0.0,13098.796114441919,-0.0,12865.138888888889,20.0,33.657225553029114,23.56005788712038,200.0
2030-11-12 00:00:00,-0.0,13098.796114441919,-0.0,12865.138888888889,20.0,33.657225553029114,23.56005788712038,200.0
2030-11-12 01:00:00,-0.0,13098.796114441919,-0.0,12865.138888888889,20.0,33.657225553029114,23.56005788712038,200.0
2030-11-12 02:00:00,5513.1217285547145,7585.674385887204,-0.0,12865.138888888889,20.0,33.657225553029114,23.56005788712038,200.0
2030-11-12 03:00:00,13098.796114441919,-0.0,-0.0,12865.138888888889,20.0,33.657225553029114,23.56005788712038,200.0
2030-11-12 04:00:00,13098.796114441919,-0.0,-0.0,12865.138888888889,20.0,33.657225553029114,23.56005788712038,200.0
2030-11-12 05:00:00,13098.796114441919,-0.0,-0.0,12865.138888888889,20.0,33.657225553029114,23.56005788712038,200.0
2030-11-12 06:00:00,13098.796114441919,-0.0,-0.0,12865.138888888889,20.0,33.657225553029114,23.56005788712038,200.0
2030-11-12 07:00:00,13098.796114441919,-0.0,-0.0,12865.138888888889,20.0,33.657225553029114,23.56005788712038,200.0
2030-11-12 08:00:00,13098.796114441919,-0.0,-0.0,12865.138888888889,20.0,33.657225553029114,23.56005788712038,200.0
2030-11-12 09:00:00,13098.796114441919,-0.0,-0.0,12865.138888888889,20.0,33.657225553029114,23.56005788712038,200.0
2030-11-12 10:00:00,-0.0,13098.796114441919,-0.0,12865.138888888889,20.0,33.657225553029114,23.56005788712038,200.0
2030-11-12 11:00:00,-0.0,13098.796114441919,-0.0,12865.138888888889,20.0,33.657225553029114,23.56005788712038,200.0
2030-11-12 12:00:00,-0.0,13098.796114441919,-0.0,12865.138888888889,20.0,33.657225553029114,23.56005788712038,200.0
2030-11-12 13:00:00,-0.0,13098.796114441919,-0.0,12865.138888888889,20.0,33.657225553029114,23.56005788712038,200.0
2030-11-12 14:00:00,-0.0,13098.796114441919,-0.0,12865.138888888889,20.0,33.657225553029114,23.56005788712038,200.0
2030-11-12 15:00:00,-0.0,13098.796114441919,-0.0,12865.138888888889,20.0,33.657225553029114,23.56005788712038,200.0
2030-11-12 16:00:00,-0.0,13098.796114441919,-0.0,12865.138888888889,20.0,33.657225553029114,23.56005788712038,200.0
2030-11-12 17:00:00,-0.0,13098.796114441919,-0.0,12865.138888888889,20.0,33.657225553029114,23.56005788712038,200.0
2030-11-12 18:00:00,-0.0,13098.796114441919,-0.0,12865.138888888889,20.0,33.657225553029114,23.56005788712038,200.0
2030-11-12 19:00:00,-0.0,13098.796114441919,-0.0,12865.138888888889,20.0,33.657225553029114,23.56005788712038,200.0
2030-11-12 20:00:00,-0.0,13098.796114441919,-0.0,12865.138888888889,20.0,33.657225553029114,23.56005788712038,200.0
2030-11-12 21:00:00,-0.0,13098.796114441919,-0.0,12865.138888888889,20.0,33.657225553029114,23.56005788712038,200.0
2030-11-12 22:00:00,-0.0,13098.796114441919,-0.0,12865.138888888889,20.0,33.657225553029114,23.56005788712038,200.0
2030-11-12 23:00:00,-0.0,13098.796114441919,-0.0,12865.138888888889,20.0,33.657225553029114,23.56005788712038,200.0
2030-11-13 00:00:00,-0.0,13098.796114441919,-0.0,12865.138888888889,20.0,33.657225553029114,23.56005788712038,200.0
2030-11-13 01:00:00,-0.0,13098.796114441919,-0.0,12865.138888888889,20.0,33.657225553029114,23.56005788712038,200.0
2030-11-13 02:00:00,-0.0,13098.796114441919,-0.0,12865.138888888889,20.0,33.657225553029114,23.56005788712038,200.0
2030-11-13 03:00:00,1945.5018397068789,10763.474353910022,156.162695271988,12865.138888888889,20.0,-0.0,-0.0,0.0
2030-11-13 04:00:00,4069.8525925241706,6511.96193176913,2283.3243645955877,12865.138888888889,20.0,-0.0,-0.0,0.0
2030-11-13 05:00:00,4448.346803990394,3677.6203170085287,4739.171767889967,12865.138888888889,20.0,-0.0,-0.0,0.0
2030-11-13 06:00:00,6323.140933862924,6775.655180578995,-0.0,12865.138888888889,20.0,33.657225553029114,23.56005788712038,200.0
2030-11-13 07:00:00,5263.565105609951,7835.231008831967,-0.0,12865.138888888889,20.0,33.657225553029114,23.56005788712038,200.0
2030-11-13 08:00:00,5788.673833056223,7310.122281385696,-0.0,12865.138888888889,20.0,33.657225553029114,23.56005788712038,200.0
2030-11-13 09:00:00,6848.249661309195,6250.546453132723,-0.0,12865.138888888889,20.0,33.657225553029114,23.56005788712038,200.0
2030-11-13 10:00:00,-0.0,13098.796114441919,-0.0,12865.138888888889,20.0,33.657225553029114,23.56005788712038,200.0
2030-11-13 11:00:00,-0.0,13098.796114441919,-0.0,12865.138888888889,20.0,33.657225553029114,23.56005788712038,200.0
2030-11-13 12:00:00,-0.0,13098.796114441919,-0.0,12865.138888888889,20.0,33.657225553029114,23.56005788712038,200.0
2030-11-13 13:00:00,-0.0,12180.645161290322,684.4937275985667,12865.138888888889,20.0,-0.0,-0.0,0.0
2030-11-13 14:00:00,-0.0,-0.0,12865.138888888889,12865.138888888889,20.0,-0.0,-0.0,0.0
2030-11-13 15:00:00,-0.0,-0.0,12865.138888888889,12865.138888888889,20.0,-0.0,-0.0,0.0
2030-11-13 16:00:00,-0.0,2462.9024821111293,10402.23640677776,12865.138888888889,20.0,-0.0,-0.0,0.0
2030-11-13 17:00:00,-0.0,1045.7316747308414,11819.407214158047,12865.138888888889,20.0,-0.0,-0.0,0.0
2030-11-13 18:00:00,-0.0,-0.0,12865.138888888889,12865.138888888889,20.0,-0.0,-0.0,0.0
2030-11-13 19:00:00,-0.0,-0.0,12865.138888888889,12865.138888888889,20.0,-0.0,-0.0,0.0
2030-11-13 20:00:00,-0.0,-0.0,12865.138888888889,12865.138888888889,20.0,-0.0,-0.0,0.0
2030-11-13 21:00:00,-0.0,-0.0,12865.138888888889,12865.138888888889,20.0,-0.0,-0.0,0.0
2030-11-13 22:00:00,-0.0,-0.0,12865.138888888889,12865.138888888889,20.0,-0.0,-0.0,0.0
2030-11-13 23:00:00,-0.0,-0.0,12865.138888888889,12865.138888888889,20.0,-0.0,-0.0,0.0
2030-11-14 00:00:00,-0.0,-0.0,12865.138888888889,12865.138888888889,20.0,-0.0,-0.0,0.0
2030-11-14 01:00:00,-0.0,-0.0,12865.138888888889,12865.138888888889,20.0,-0.0,-0.0,0.0
2030-11-14 02:00:00,3947.1539195763294,-0.0,8917.98496931256,12865.138888888889,20.0,-0.0,-0.0,0.0
2030-11-14 03:00:00,13098.796114441919,-0.0,-0.0,12865.138888888889,20.0,33.657225553029114,23.56005788712038,200.0
2030-11-14 04:00:00,13098.796114441919,-0.0,-0.0,12865.138888888889,20.0,33.657225553029114,23.56005788712038,200.0
2030-11-14 05:00:00,13098.796114441919,-0.0,-0.0,12865.138888888889,20.0,33.657225553029114,23.56005788712038,200.0
2030-11-14 06:00:00,13098.796114441919,-0.0,-0.0,12865.138888888889,20.0,33.657225553029114,23.56005788712038,200.0
2030-11-14 07:00:00,13098.796114441919,-0.0,-0.0,12865.138888888889,20.0,33.657225553029114,23.56005788712038,200.0
2030-11-14 08:00:00,13098.796114441919,-0.0,-0.0,12865.138888888889,20.0,33.657225553029114,23.56005788712038,200.0
2030-11-14 09:00:00,13098.796114441919,-0.0,-0.0,12865.138888888889,20.0,33.657225553029114,23.56005788712038,200.0
2030-11-14 10:00:00,13098.796114441919,-0.0,-0.0,12865.138888888889,20.0,33.657225553029114,23.56005788712038,200.0
2030-11-14 11:00:00,3650.8054298294237,9447.990684612494,-0.0,12865.138888888889,20.0,33.657225553029114,23.56005788712038,200.0
2030-11-14 12:00:00,-0.0,13098.796114441919,-0.0,12865.138888888889,20.0,33.657225553029114,23.56005788712038,200.0
2030-11-14 13:00:00,-0.0,13098.796114441919,-0.0,12865.138888888889,20.0,33.657225553029114,23.56005788712038,200.0
2030-11-14 14:00:00,-0.0,13098.796114441919,-0.0,12865.138888888889,20.0,33.657225553029114,23.56005788712038,200.0
2030-11-14 15:00:00,-0.0,13098.796114441919,-0.0,12865.138888888889,20.0,33.657225553029114,23.56005788712038,200.0
2030-11-14 16:00:00,-0.0,13098.796114441919,-0.0,12865.138888888889,20.0,33.657225553029114,23.56005788712038,200.0
2030-11-14 17:00:00,-0.0,13098.796114441919,-0.0,12865.138888888889,20.0,33.657225553029114,23.56005788712038,200.0
2030-11-14 18:00:00,-0.0,13098.796114441919,-0.0,12865.138888888889,20.0,33.657225553029114,23.56005788712038,200.0
2030-11-14 19:00:00,-0.0,13098.796114441919,-0.0,12865.138888888889,20.0,33.657225553029114,23.56005788712038,200.0
2030-11-14 20:00:00,-0.0,13098.796114441919,-0.0,12865.138888888889,20.0,33.657225553029114,23.56005788712038,200.0
2030-11-14 21:00:00,-0.0,13098.796114441919,-0.0,12865.138888888889,20.0,33.657225553029114,23.56005788712038,200.0
2030-11-14 22:00:00,-0.0,13098.796114441919,-0.0,12865.138888888889,20.0,33.657225553029114,23.56005788712038,200.0
2030-11-14 23:00:00,-0.0,13098.796114441919,-0.0,12865.138888888889,20.0,33.657225553029114,23.56005788712038,200.0
2030-11-15 00:00:00,-0.0,13098.796114441919,-0.0,12865.138888888889,20.0,33.657225553029114,23.56005788712038,200.0
2030-11-15 01:00:00,-0.0,13098.796114441919,-0.0,12865.138888888889,20.0,33.657225553029114,23.56005788712038,200.0
2030-11-15 02:00:00,2631.7825528049757,10467.013561636943,-0.0,12865.138888888889,20.0,33.657225553029114,23.56005788712038,200.0
2030-11-15 03:00:00,11353.78652472443,1745.0095897174888,-0.0,12865.138888888889,20.0,33.657225553029114,23.56005788712038,200.0
2030-11-15 04:00:00,13098.796114441919,-0.0,-0.0,12865.138888888889,20.0,33.657225553029114,23.56005788712038,200.0
2030-11-15 05:00:00,13098.796114441919,-0.0,-0.0,12865.138888888889,20.0,33.657225553029114,23.56005788712038,200.0
2030-11-15 06:00:00,13098.796114441919,-0.0,-0.0,12865.138888888889,20.0,33.657225553029114,23.56005788712038,200.0
2030-11-15 07:00:00,13098.796114441919,-0.0,-0.0,12865.138888888889,20.0,33.657225553029114,23.56005788712038,200.0
2030-11-15 08:00:00,13098.796114441919,-0.0,-0.0,12865.138888888889,20.0,33.657225553029114,23.56005788712038,200.0
2030-11-15 09:00:00,13098.796114441919,-0.0,-0.0,12865.138888888889,20.0,33.657225553029114,23.56005788712038,200.0
2030-11-15 10:00:00,13098.796114441919,-0.0,-0.0,12865.138888888889,20.0,33.657225553029114,23.56005788712038,200.0
2030-11-15 11:00:00,3718.3936818769635,9380.402432564955,-0.0,12865.138888888889,20.0,33.657225553029114,23.56005788712038,200.0
2030-11-15 12:00:00,-0.0,13098.796114441919,-0.0,12865.138888888889,20.0,33.657225553029114,23.56005788712038,200.0
2030-11-15 13:00:00,-0.0,13098.796114441919,-0.0,12865.138888888889,20.0,33.657225553029114,23.56005788712038,200.0
2030-11-15 14:00:00,-0.0,13098.796114441919,-0.0,12865.138888888889,20.0,33.657225553029114,23.56005788712038,200.0
2030-11-15 15:00:00,-0.0,13098.796114441919,-0.0,12865.138888888889,20.0,33.657225553029114,23.56005788712038,200.0
2030-11-15 16:00:00,-0.0,13098.796114441919,-0.0,12865.138888888889,20.0,33.657225553029114,23.56005788712038,200.0
2030-11-15 17:00:00,-0.0,13098.796114441919,-0.0,12865.138888888889,20.0,33.657225553029114,23.56005788712038,200.0
2030-11-15 18:00:00,-0.0,7929.132739149419,4936.00614973947,12865.138888888889,20.0,-0.0,-0.0,0.0
2030-11-15 19:00:00,-0.0,6511.96193176913,6353.176957119758,12865.138888888889,20.0,-0.0,-0.0,0.0
2030-11-15 20:00:00,-0.0,2462.9024821111293,10402.23640677776,12865.138888888889,20.0,-0.0,-0.0,0.0
2030-11-15 21:00:00,-0.0,-0.0,12865.138888888889,12865.138888888889,20.0,-0.0,-0.0,0.0
2030-11-15 22:00:00,-0.0,-0.0,12865.138888888889,12865.138888888889,20.0,-0.0,-0.0,0.0
2030-11-15 23:00:00,-0.0,-0.0,12865.138888888889,12865.138888888889,20.0,-0.0,-0.0,0.0
2030-11-16 00:00:00,-0.0,-0.0,12865.138888888889,12865.138888888889,20.0,-0.0,-0.0,0.0
2030-11-16 01:00:00,-0.0,10763.474353910022,2101.664534978867,12865.138888888889,20.0,-0.0,-0.0,0.0
2030-11-16 02:00:00,-0.0,13098.796114441919,-0.0,12865.138888888889,20.0,33.657225553029114,23.56005788712038,200.0
2030-11-16 03:00:00,10050.892989100315,3047.9031253416033,-0.0,12865.138888888889,20.0,33.657225553029114,23.56005788712038,200.0
2030-11-16 04:00:00,13098.796114441919,-0.0,-0.0,12865.138888888889,20.0,33.657225553029114,23.56005788712038,200.0
2030-11-16 05:00:00,13098.796114441919,-0.0,-0.0,12865.138888888889,20.0,33.657225553029114,23.56005788712038,200.0
2030-11-16 06:00:00,13098.796114441919,-0.0,-0.0,12865.138888888889,20.0,33.657225553029114,23.56005788712038,200.0
2030-11-16 07:00:00,13098.796114441919,-0.0,-0.0,12865.138888888889,20.0,33.657225553029114,23.56005788712038,200.0
2030-11-16 08:00:00,13098.796114441919,-0.0,-0.0,12865.138888888889,20.0,33.657225553029114,23.56005788712038,200.0
2030-11-16 09:00:00,13098.796114441919,-0.0,-0.0,12865.138888888889,20.0,33.657225553029114,23.56005788712038,200.0
2030-11-16 10:00:00,-0.0,13098.796114441919,-0.0,12865.138888888889,20.0,33.657225553029114,23.56005788712038,200.0
2030-11-16 11:00:00,2798.1536347681513,10300.642479673767,-0.0,12865.138888888889,20.0,33.657225553029114,23.56005788712038,200.0
2030-11-16 12:00:00,-0.0,13098.796114441919,-0.0,12865.138888888889,20.0,33.657225553029114,23.56005788712038,200.0
2030-11-16 13:00:00,-0.0,13098.796114441919,-0.0,12865.138888888889,20.0,33.657225553029114,23.56005788712038,200.0
2030-11-16 14:00:00,-0.0,13098.796114441919,-0.0,12865.138888888889,20.0,33.657225553029114,23.56005788712038,200.0
2030-11-16 15:00:00,-0.0,13098.796114441919,-0.0,12865.138888888889,20.0,33.657225553029114,23.56005788712038,200.0
2030-11-16 16:00:00,-0.0,13098.796114441919,-0.0,12865.138888888889,20.0,33.657225553029114,23.56005788712038,200.0
2030-11-16 17:00:00,-0.0,13098.796114441919,-0.0,12865.138888888889,20.0,33.657225553029114,23.56005788712038,200.0
2030-11-16 18:00:00,-0.0,13098.796114441919,-0.0,12865.138888888889,20.0,33.657225553029114,23.56005788712038,200.0
2030-11-16 19:00:00,-0.0,13098.796114441919,-0.0,12865.138888888889,20.0,33.657225553029114,23.56005788712038,200.0
2030-11-16 20:00:00,-0.0,13098.796114441919,-0.0,12865.138888888889,20.0,33.657225553029114,23.56005788712038,200.0
2030-11-16 21:00:00,-0.0,13098.796114441919,-0.0,12865.138888888889,20.0,33.657225553029114,23.56005788712038,200.0
2030-11-16 22:00:00,-0.0,13098.796114441919,-0.0,12865.138888888889,20.0,33.657225553029114,23.56005788712038,200.0
2030-11-16 23:00:00,-0.0,13098.796114441919,-0.0,12865.138888888889,20.0,33.657225553029114,23.56005788712038,200.0
2030-11-17 00:00:00,-0.0,13098.796114441919,-0.0,12865.138888888889,20.0,33.657225553029114,23.56005788712038,200.0
2030-11-17 01:00:00,-0.0,13098.796114441919,-0.0,12865.138888888889,20.0,33.657225553029114,23.56005788712038,200.0
2030-11-17 02:00:00,-0.0,13098.796114441919,-0.0,12865.138888888889,20.0,33.657225553029114,23.56005788712038,200.0
2030-11-17 03:00:00,-0.0,13098.796114441919,-0.0,12865.138888888889,20.0,33.657225553029114,23.56005788712038,200.0
2030-11-17 04:00:00,9532.023177227664,3566.772937214255,-0.0,12865.138888888889,20.0,33.657225553029114,23.56005788712038,200.0
2030-11-17 05:00:00,13098.796114441919,-0.0,-0.0,12865.138888888889,20.0,33.657225553029114,23.56005788712038,200.0
2030-11-17 06:00:00,13098.796114441919,-0.0,-0.0,12865.138888888889,20.0,33.657225553029114,23.56005788712038,200.0
2030-11-17 07:00:00,13098.796114441919,-0.0,-0.0,12865.138888888889,20.0,33.657225553029114,23.56005788712038,200.0
2030-11-17 08:00:00,9396.846673132584,3701.9494413093344,-0.0,12865.138888888889,20.0,33.657225553029114,23.56005788712038,200.0
2030-11-17 09:00:00,6803.537433031592,6295.258681410327,-0.0,12865.138888888889,20.0,33.657225553029114,23.56005788712038,200.0
2030-11-17 10:00:00,-0.0,13098.796114441919,-0.0,12865.138888888889,20.0,33.657225553029114,23.56005788712038,200.0
2030-11-17 11:00:00,-0.0,13098.796114441919,-0.0,12865.138888888889,20.0,33.657225553029114,23.56005788712038,200.0
2030-11-17 12:00:00,-0.0,13098.796114441919,-0.0,12865.138888888889,20.0,33.657225553029114,23.56005788712038,200.0
2030-11-17 13:00:00,-0.0,13098.796114441919,-0.0,12865.138888888889,20.0,33.657225553029114,23.56005788712038,200.0
2030-11-17 14:00:00,-0.0,13098.796114441919,-0.0,12865.138888888889,20.0,33.657225553029114,23.56005788712038,200.0
2030-11-17 15:00:00,-0.0,13098.796114441919,-0.0,12865.138888888889,20.0,33.657225553029114,23.56005788712038,200.0
2030-11-17 16:00:00,-0.0,13098.796114441919,-0.0,12865.138888888889,20.0,33.657225553029114,23.56005788712038,200.0
2030-11-17 17:00:00,-0.0,13098.796114441919,-0.0,12865.138888888889,20.0,33.657225553029114,23.56005788712038,200.0
2030-11-17 18:00:00,-0.0,13098.796114441919,-0.0,12865.138888888889,20.0,33.657225553029114,23.56005788712038,200.0
2030-11-17 19:00:00,-0.0,13098.796114441919,-0.0,12865.138888888889,20.0,33.657225553029114,23.56005788712038,200.0
2030-11-17 20:00:00,-0.0,13098.796114441919,-0.0,12865.138888888889,20.0,33.657225553029114,23.56005788712038,200.0
2030-11-17 21:00:00,-0.0,13098.796114441919,-0.0,12865.138888888889,20.0,33.657225553029114,23.56005788712038,200.0
2030-11-17 22:00:00,-0.0,13098.796114441919,-0.0,12865.138888888889,20.0,33.657225553029114,23.56005788712038,200.0
2030-11-17 23:00:00,-0.0,13098.796114441919,-0.0,12865.138888888889,20.0,33.657225553029114,23.56005788712038,200.0
2030-11-18 00:00:00,-0.0,13098.796114441919,-0.0,12865.138888888889,20.0,33.657225553029114,23.56005788712038,200.0
2030-11-18 01:00:00,-0.0,13098.796114441919,-0.0,12865.138888888889,20.0,33.657225553029114,23.56005788712038,200.0
2030-11-18 02:00:00,-0.0,13098.796114441919,-0.0,12865.138888888889,20.0,33.657225553029114,23.56005788712038,200.0
2030-11-18 03:00:00,11889.2934447934,1209.5026696485183,-0.0,12865.138888888889,20.0,33.657225553029114,23.56005788712038,200.0
2030-11-18 04:00:00,13098.796114441919,-0.0,-0.0,12865.138888888889,20.0,33.657225553029114,23.56005788712038,200.0
2030-11-18 05:00:00,13098.796114441919,-0.0,-0.0,12865.138888888889,20.0,33.657225553029114,23.56005788712038,200.0
2030-11-18 06:00:00,13098.796114441919,-0.0,-0.0,12865.138888888889,20.0,33.657225553029114,23.56005788712038,200.0
2030-11-18 07:00:00,13098.796114441919,-0.0,-0.0,12865.138888888889,20.0,33.657225553029114,23.56005788712038,200.0
2030-11-18 08:00:00,13098.796114441919,-0.0,-0.0,12865.138888888889,20.0,33.657225553029114,23.56005788712038,200.0
2030-11-18 09:00:00,13098.796114441919,-0.0,-0.0,12865.138888888889,20.0,33.657225553029114,23.56005788712038,200.0
2030-11-18 10:00:00,12046.306153396146,1052.4899610457724,-0.0,12865.138888888889,20.0,33.657225553029114,23.56005788712038,200.0
2030-11-18 11:00:00,-0.0,13098.796114441919,-0.0,12865.138888888889,20.0,33.657225553029114,23.56005788712038,200.0
2030-11-18 12:00:00,-0.0,13098.796114441919,-0.0,12865.138888888889,20.0,33.657225553029114,23.56005788712038,200.0
2030-11-18 13:00:00,-0.0,13098.796114441919,-0.0,12865.138888888889,20.0,33.657225553029114,23.56005788712038,200.0
2030-11-18 14:00:00,-0.0,13098.796114441919,-0.0,12865.138888888889,20.0,33.657225553029114,23.56005788712038,200.0
2030-11-18 15:00:00,-0.0,13098.796114441919,-0.0,12865.138888888889,20.0,33.657225553029114,23.56005788712038,200.0
2030-11-18 16:00:00,-0.0,13098.796114441919,-0.0,12865.138888888889,20.0,33.657225553029114,23.56005788712038,200.0
2030-11-18 17:00:00,-0.0,13098.796114441919,-0.0,12865.138888888889,20.0,33.657225553029114,23.56005788712038,200.0
2030-11-18 18:00:00,-0.0,13098.796114441919,-0.0,12865.138888888889,20.0,33.657225553029114,23.56005788712038,200.0
2030-11-18 19:00:00,-0.0,13098.796114441919,-0.0,12865.138888888889,20.0,33.657225553029114,23.56005788712038,200.0
2030-11-18 20:00:00,-0.0,13098.796114441919,-0.0,12865.138888888889,20.0,33.657225553029114,23.56005788712038,200.0
2030-11-18 21:00:00,-0.0,13098.796114441919,-0.0,12865.138888888889,20.0,33.657225553029114,23.56005788712038,200.0
2030-11-18 22:00:00,-0.0,13098.796114441919,-0.0,12865.138888888889,20.0,33.657225553029114,23.56005788712038,200.0
2030-11-18 23:00:00,-0.0,13098.796114441919,-0.0,12865.138888888889,20.0,33.657225553029114,23.56005788712038,200.0
2030-11-19 00:00:00,-0.0,13098.796114441919,-0.0,12865.138888888889,20.0,33.657225553029114,23.56005788712038,200.0
2030-11-19 01:00:00,-0.0,13098.796114441919,-0.0,12865.138888888889,20.0,33.657225553029114,23.56005788712038,200.0
2030-11-19 02:00:00,-0.0,13098.796114441919,-0.0,12865.138888888889,20.0,33.657225553029114,23.56005788712038,200.0
2030-11-19 03:00:00,-0.0,13098.796114441919,-0.0,12865.138888888889,20.0,33.657225553029114,23.56005788712038,200.0
2030-11-19 04:00:00,13098.796114441919,-0.0,-0.0,12865.138888888889,20.0,33.657225553029114,23.56005788712038,200.0
2030-11-19 05:00:00,13098.796114441919,-0.0,-0.0,12865.138888888889,20.0,33.657225553029114,23.56005788712038,200.0
2030-11-19 06:00:00,13098.796114441919,-0.0,-0.0,12865.138888888889,20.0,33.657225553029114,23.56005788712038,200.0
2030-11-19 07:00:00,13098.796114441919,-0.0,-0.0,12865.138888888889,20.0,33.657225553029114,23.56005788712038,200.0
2030-11-19 08:00:00,13098.796114441919,-0.0,-0.0,12865.138888888889,20.0,33.657225553029114,23.56005788712038,200.0
2030-11-19 09:00:00,-0.0,13098.796114441919,-0.0,12865.138888888889,20.0,33.657225553029114,23.56005788712038,200.0
2030-11-19 10:00:00,-0.0,13098.796114441919,-0.0,12865.138888888889,20.0,33.657225553029114,23.56005788712038,200.0
2030-11-19 11:00:00,-0.0,13098.796114441919,-0.0,12865.138888888889,20.0,33.657225553029114,23.56005788712038,200.0
2030-11-19 12:00:00,-0.0,13098.796114441919,-0.0,12865.138888888889,20.0,33.657225553029114,23.56005788712038,200.0
2030-11-19 13:00:00,-0.0,13098.796114441919,-0.0,12865.138888888889,20.0,33.657225553029114,23.56005788712038,200.0
2030-11-19 14:00:00,-0.0,13098.796114441919,-0.0,12865.138888888889,20.0,33.657225553029114,23.56005788712038,200.0
2030-11-19 15:00:00,-0.0,13098.796114441919,-0.0,12865.138888888889,20.0,33.657225553029114,23.56005788712038,200.0
2030-11-19 16:00:00,-0.0,13098.796114441919,-0.0,12865.138888888889,20.0,33.657225553029114,23.56005788712038,200.0
2030-11-19 17:00:00,-0.0,13098.796114441919,-0.0,12865.138888888889,20.0,33.657225553029114,23.56005788712038,200.0
2030-11-19 18:00:00,-0.0,13098.796114441919,-0.0,12865.138888888889,20.0,33.657225553029114,23.56005788712038,200.0
2030-11-19 19:00:00,-0.0,13098.796114441919,-0.0,12865.138888888889,20.0,33.657225553029114,23.56005788712038,200.0
2030-11-19 20:00:00,-0.0,13098.796114441919,-0.0,12865.138888888889,20.0,33.657225553029114,23.56005788712038,200.0
2030-11-19 21:00:00,-0.0,13098.796114441919,-0.0,12865.138888888889,20.0,33.657225553029114,23.56005788712038,200.0
2030-11-19 22:00:00,-0.0,13098.796114441919,-0.0,12865.138888888889,20.0,33.657225553029114,23.56005788712038,200.0
2030-11-19 23:00:00,-0.0,13098.796114441919,-0.0,12865.138888888889,20.0,33.657225553029114,23.56005788712038,200.0
2030-11-20 00:00:00,-0.0,13098.796114441919,-0.0,12865.138888888889,20.0,33.657225553029114,23.56005788712038,200.0
2030-11-20 01:00:00,-0.0,13098.796114441919,-0.0,12865.138888888889,20.0,33.657225553029114,23.56005788712038,200.0
2030-11-20 02:00:00,-0.0,13098.796114441919,-0.0,12865.138888888889,20.0,33.657225553029114,23.56005788712038,200.0
2030-11-20 03:00:00,9341.736252232282,3757.059862209637,-0.0,12865.138888888889,20.0,33.657225553029114,23.56005788712038,200.0
2030-11-20 04:00:00,13098.796114441919,-0.0,-0.0,12865.138888888889,20.0,33.657225553029114,23.56005788712038,200.0
2030-11-20 05:00:00,6683.95821787056,6414.837896571359,-0.0,12865.138888888889,20.0,33.657225553029114,23.56005788712038,200.0
2030-11-20 06:00:00,13098.796114441919,-0.0,-0.0,12865.138888888889,20.0,33.657225553029114,23.56005788712038,200.0
2030-11-20 07:00:00,13098.796114441919,-0.0,-0.0,12865.138888888889,20.0,33.657225553029114,23.56005788712038,200.0
2030-11-20 08:00:00,13098.796114441919,-0.0,-0.0,12865.138888888889,20.0,33.657225553029114,23.56005788712038,200.0
2030-11-20 09:00:00,13098.796114441919,-0.0,-0.0,12865.138888888889,20.0,33.657225553029114,23.56005788712038,200.0
2030-11-20 10:00:00,13098.796114441919,-0.0,-0.0,12865.138888888889,20.0,33.657225553029114,23.56005788712038,200.0
2030-11-20 11:00:00,-0.0,13098.796114441919,-0.0,12865.138888888889,20.0,33.657225553029114,23.56005788712038,200.0
2030-11-20 12:00:00,-0.0,13098.796114441919,-0.0,12865.138888888889,20.0,33.657225553029114,23.56005788712038,200.0
2030-11-20 13:00:00,-0.0,13098.796114441919,-0.0,12865.138888888889,20.0,33.657225553029114,23.56005788712038,200.0
2030-11-20 14:00:00,-0.0,13098.796114441919,-0.0,12865.138888888889,20.0,33.657225553029114,23.56005788712038,200.0
2030-11-20 15:00:00,-0.0,13098.796114441919,-0.0,12865.138888888889,20.0,33.657225553029114,23.56005788712038,200.0
2030-11-20 16:00:00,-0.0,13098.796114441919,-0.0,12865.138888888889,20.0,33.657225553029114,23.56005788712038,200.0
2030-11-20 17:00:00,-0.0,13098.796114441919,-0.0,12865.138888888889,20.0,33.657225553029114,23.56005788712038,200.0
2030-11-20 18:00:00,-0.0,13098.796114441919,-0.0,12865.138888888889,20.0,33.657225553029114,23.56005788712038,200.0
2030-11-20 19:00:00,-0.0,13098.796114441919,-0.0,12865.138888888889,20.0,33.657225553029114,23.56005788712038,200.0
2030-11-20 20:00:00,-0.0,13098.796114441919,-0.0,12865.138888888889,20.0,33.657225553029114,23.56005788712038,200.0
2030-11-20 21:00:00,-0.0,13098.796114441919,-0.0,12865.138888888889,20.0,33.657225553029114,23.56005788712038,200.0
2030-11-20 22:00:00,-0.0,13098.796114441919,-0.0,12865.138888888889,20.0,33.657225553029114,23.56005788712038,200.0
2030-11-20 23:00:00,-0.0,13098.796114441919,-0.0,12865.138888888889,20.0,33.657225553029114,23.56005788712038,200.0
2030-11-21 00:00:00,-0.0,13098.796114441919,-0.0,12865.138888888889,20.0,33.657225553029114,23.56005788712038,200.0
2030-11-21 01:00:00,-0.0,13098.796114441919,-0.0,12865.138888888889,20.0,33.657225553029114,23.56005788712038,200.0
2030-11-21 02:00:00,-0.0,13098.796114441919,-0.0,12865.138888888889,20.0,33.657225553029114,23.56005788712038,200.0
2030-11-21 03:00:00,-0.0,13098.796114441919,-0.0,12865.138888888889,20.0,33.657225553029114,23.56005788712038,200.0
2030-11-21 04:00:00,13098.796114441919,-0.0,-0.0,12865.138888888889,20.0,33.657225553029114,23.56005788712038,200.0
2030-11-21 05:00:00,13098.796114441919,-0.0,-0.0,12865.138888888889,20.0,33.657225553029114,23.56005788712038,200.0
2030-11-21 06:00:00,13098.796114441919,-0.0,-0.0,12865.138888888889,20.0,33.657225553029114,23.56005788712038,200.0
2030-11-21 07:00:00,13098.796114441919,-0.0,-0.0,12865.138888888889,20.0,33.657225553029114,23.56005788712038,200.0
2030-11-21 08:00:00,13098.796114441919,-0.0,-0.0,12865.138888888889,20.0,33.657225553029114,23.56005788712038,200.0
2030-11-21 09:00:00,13098.796114441919,-0.0,-0.0,12865.138888888889,20.0,33.657225553029114,23.56005788712038,200.0
2030-11-21 10:00:00,13098.796114441919,-0.0,-0.0,12865.138888888889,20.0,33.657225553029114,23.56005788712038,200.0
2030-11-21 11:00:00,-0.0,13098.796114441919,-0.0,12865.138888888889,20.0,33.657225553029114,23.56005788712038,200.0
2030-11-21 12:00:00,-0.0,13098.796114441919,-0.0,12865.138888888889,20.0,33.657225553029114,23.56005788712038,200.0
2030-11-21 13:00:00,-0.0,13098.796114441919,-0.0,12865.138888888889,20.0,33.657225553029114,23.56005788712038,200.0
2030-11-21 14:00:00,-0.0,13098.796114441919,-0.0,12865.138888888889,20.0,33.657225553029114,23.56005788712038,200.0
2030-11-21 15:00:00,-0.0,13098.796114441919,-0.0,12865.138888888889,20.0,33.657225553029114,23.56005788712038,200.0
2030-11-21 16:00:00,-0.0,13098.796114441919,-0.0,12865.138888888889,20.0,33.657225553029114,23.56005788712038,200.0
2030-11-21 17:00:00,-0.0,13098.796114441919,-0.0,12865.138888888889,20.0,33.657225553029114,23.56005788712038,200.0
2030-11-21 18:00:00,-0.0,13098.796114441919,-0.0,12865.138888888889,20.0,33.657225553029114,23.56005788712038,200.0
2030-11-21 19:00:00,-0.0,13098.796114441919,-0.0,12865.138888888889,20.0,33.657225553029114,23.56005788712038,200.0
2030-11-21 20:00:00,-0.0,13098.796114441919,-0.0,12865.138888888889,20.0,33.657225553029114,23.56005788712038,200.0
2030-11-21 21:00:00,-0.0,13098.796114441919,-0.0,12865.138888888889,20.0,33.657225553029114,23.56005788712038,200.0
2030-11-21 22:00:00,-0.0,13098.796114441919,-0.0,12865.138888888889,20.0,33.657225553029114,23.56005788712038,200.0
2030-11-21 23:00:00,-0.0,13098.796114441919,-0.0,12865.138888888889,20.0,33.657225553029114,23.56005788712038,200.0
2030-11-22 00:00:00,-0.0,13098.796114441919,-0.0,12865.138888888889,20.0,33.657225553029114,23.56005788712038,200.0
2030-11-22 01:00:00,-0.0,13098.796114441919,-0.0,12865.138888888889,20.0,33.657225553029114,23.56005788712038,200.0
2030-11-22 02:00:00,-0.0,13098.796114441919,-0.0,12865.138888888889,20.0,33.657225553029114,23.56005788712038,200.0
2030-11-22 03:00:00,13098.796114441919,-0.0,-0.0,12865.138888888889,20.0,33.657225553029114,23.56005788712038,200.0
2030-11-22 04:00:00,13098.796114441919,-0.0,-0.0,12865.138888888889,20.0,33.657225553029114,23.56005788712038,200.0
2030-11-22 05:00:00,13098.796114441919,-0.0,-0.0,12865.138888888889,20.0,33.657225553029114,23.56005788712038,200.0
2030-11-22 06:00:00,13098.796114441919,-0.0,-0.0,12865.138888888889,20.0,33.657225553029114,23.56005788712038,200.0
2030-11-22 07:00:00,13098.796114441919,-0.0,-0.0,12865.138888888889,20.0,33.657225553029114,23.56005788712038,200.0
2030-11-22 08:00:00,13098.796114441919,-0.0,-0.0,12865.138888888889,20.0,33.657225553029114,23.56005788712038,200.0
2030-11-22 09:00:00,13098.796114441919,-0.0,-0.0,12865.138888888889,20.0,33.657225553029114,23.56005788712038,200.0
2030-11-22 10:00:00,13098.796114441919,-0.0,-0.0,12865.138888888889,20.0,33.657225553029114,23.56005788712038,200.0
2030-11-22 11:00:00,-0.0,13098.796114441919,-0.0,12865.138888888889,20.0,33.657225553029114,23.56005788712038,200.0
2030-11-22 12:00:00,-0.0,13098.796114441919,-0.0,12865.138888888889,20.0,33.657225553029114,23.56005788712038,200.0
2030-11-22 13:00:00,-0.0,13098.796114441919,-0.0,12865.138888888889,20.0,33.657225553029114,23.56005788712038,200.0
2030-11-22 14:00:00,-0.0,13098.796114441919,-0.0,12865.138888888889,20.0,33.657225553029114,23.56005788712038,200.0
2030-11-22 15:00:00,-0.0,13098.796114441919,-0.0,12865.138888888889,20.0,33.657225553029114,23.56005788712038,200.0
2030-11-22 16:00:00,-0.0,13098.796114441919,-0.0,12865.138888888889,20.0,33.657225553029114,23.56005788712038,200.0
2030-11-22 17:00:00,-0.0,13098.796114441919,-0.0,12865.138888888889,20.0,33.657225553029114,23.56005788712038,200.0
2030-11-22 18:00:00,-0.0,13098.796114441919,-0.0,12865.138888888889,20.0,33.657225553029114,23.56005788712038,200.0
2030-11-22 19:00:00,-0.0,13098.796114441919,-0.0,12865.138888888889,20.0,33.657225553029114,23.56005788712038,200.0
2030-11-22 20:00:00,-0.0,13098.796114441919,-0.0,12865.138888888889,20.0,33.657225553029114,23.56005788712038,200.0
2030-11-22 21:00:00,-0.0,13098.796114441919,-0.0,12865.138888888889,20.0,33.657225553029114,23.56005788712038,200.0
2030-11-22 22:00:00,-0.0,13098.796114441919,-0.0,12865.138888888889,20.0,33.657225553029114,23.56005788712038,200.0
2030-11-22 23:00:00,-0.0,13098.796114441919,-0.0,12865.138888888889,20.0,33.657225553029114,23.56005788712038,200.0
2030-11-23 00:00:00,-0.0,13098.796114441919,-0.0,12865.138888888889,20.0,33.657225553029114,23.56005788712038,200.0
2030-11-23 01:00:00,-0.0,13098.796114441919,-0.0,12865.138888888889,20.0,33.657225553029114,23.56005788712038,200.0
2030-11-23 02:00:00,-0.0,13098.796114441919,-0.0,12865.138888888889,20.0,33.657225553029114,23.56005788712038,200.0
2030-11-23 03:00:00,13098.796114441919,-0.0,-0.0,12865.138888888889,20.0,33.657225553029114,23.56005788712038,200.0
2030-11-23 04:00:00,13098.796114441919,-0.0,-0.0,12865.138888888889,20.0,33.657225553029114,23.56005788712038,200.0
2030-11-23 05:00:00,13098.796114441919,-0.0,-0.0,12865.138888888889,20.0,33.657225553029114,23.56005788712038,200.0
2030-11-23 06:00:00,13098.796114441919,-0.0,-0.0,12865.138888888889,20.0,33.657225553029114,23.56005788712038,200.0
2030-11-23 07:00:00,13098.796114441919,-0.0,-0.0,12865.138888888889,20.0,33.657225553029114,23.56005788712038,200.0
2030-11-23 08:00:00,13098.796114441919,-0.0,-0.0,12865.138888888889,20.0,33.657225553029114,23.56005788712038,200.0
2030-11-23 09:00:00,13098.796114441919,-0.0,-0.0,12865.138888888889,20.0,33.657225553029114,23.56005788712038,200.0
2030-11-23 10:00:00,13098.796114441919,-0.0,-0.0,12865.138888888889,20.0,33.657225553029114,23.56005788712038,200.0
2030-11-23 11:00:00,-0.0,13098.796114441919,-0.0,12865.138888888889,20.0,33.657225553029114,23.56005788712038,200.0
2030-11-23 12:00:00,-0.0,13098.796114441919,-0.0,12865.138888888889,20.0,33.657225553029114,23.56005788712038,200.0
2030-11-23 13:00:00,-0.0,13098.796114441919,-0.0,12865.138888888889,20.0,33.657225553029114,23.56005788712038,200.0
2030-11-23 14:00:00,-0.0,13098.796114441919,-0.0,12865.138888888889,20.0,33.657225553029114,23.56005788712038,200.0
2030-11-23 15:00:00,-0.0,13098.796114441919,-0.0,12865.138888888889,20.0,33.657225553029114,23.56005788712038,200.0
2030-11-23 16:00:00,-0.0,13098.796114441919,-0.0,12865.138888888889,20.0,33.657225553029114,23.56005788712038,200.0
2030-11-23 17:00:00,-0.0,13098.796114441919,-0.0,12865.138888888889,20.0,33.657225553029114,23.56005788712038,200.0
2030-11-23 18:00:00,-0.0,13098.796114441919,-0.0,12865.138888888889,20.0,33.657225553029114,23.56005788712038,200.0
2030-11-23 19:00:00,-0.0,13098.796114441919,-0.0,12865.138888888889,20.0,33.657225553029114,23.56005788712038,200.0
2030-11-23 20:00:00,-0.0,13098.796114441919,-0.0,12865.138888888889,20.0,33.657225553029114,23.56005788712038,200.0
2030-11-23 21:00:00,-0.0,13098.796114441919,-0.0,12865.138888888889,20.0,33.657225553029114,23.56005788712038,200.0
2030-11-23 22:00:00,-0.0,13098.796114441919,-0.0,12865.138888888889,20.0,33.657225553029114,23.56005788712038,200.0
2030-11-23 23:00:00,-0.0,13098.796114441919,-0.0,12865.138888888889,20.0,33.657225553029114,23.56005788712038,200.0
2030-11-24 00:00:00,-0.0,13098.796114441919,-0.0,12865.138888888889,20.0,33.657225553029114,23.56005788712038,200.0
2030-11-24 01:00:00,-0.0,13098.796114441919,-0.0,12865.138888888889,20.0,33.657225553029114,23.56005788712038,200.0
2030-11-24 02:00:00,-0.0,13098.796114441919,-0.0,12865.138888888889,20.0,33.657225553029114,23.56005788712038,200.0
2030-11-24 03:00:00,13098.796114441919,-0.0,-0.0,12865.138888888889,20.0,33.657225553029114,23.56005788712038,200.0
2030-11-24 04:00:00,13098.796114441919,-0.0,-0.0,12865.138888888889,20.0,33.657225553029114,23.56005788712038,200.0
2030-11-24 05:00:00,13098.796114441919,-0.0,-0.0,12865.138888888889,20.0,33.657225553029114,23.56005788712038,200.0
2030-11-24 06:00:00,13098.796114441919,-0.0,-0.0,12865.138888888889,20.0,33.657225553029114,23.56005788712038,200.0
2030-11-24 07:00:00,13098.796114441919,-0.0,-0.0,12865.138888888889,20.0,33.657225553029114,23.56005788712038,200.0
2030-11-24 08:00:00,13098.796114441919,-0.0,-0.0,12865.138888888889,20.0,33.657225553029114,23.56005788712038,200.0
2030-11-24 09:00:00,13098.796114441919,-0.0,-0.0,12865.138888888889,20.0,33.657225553029114,23.56005788712038,200.0
2030-11-24 10:00:00,13098.796114441919,-0.0,-0.0,12865.138888888889,20.0,33.657225553029114,23.56005788712038,200.0
2030-11-24 11:00:00,321.3041520413819,6511.96193176913,6031.872805078377,12865.138888888889,20.0,-0.0,-0.0,0.0
2030-11-24 12:00:00,-0.0,-0.0,12865.138888888889,12865.138888888889,20.0,-0.0,-0.0,0.0
2030-11-24 13:00:00,-0.0,-0.0,12865.138888888889,12865.138888888889,20.0,-0.0,-0.0,0.0
2030-11-24 14:00:00,-0.0,-0.0,12865.138888888889,12865.138888888889,20.0,-0.0,-0.0,0.0
2030-11-24 15:00:00,-0.0,-0.0,12865.138888888889,12865.138888888889,20.0,-0.0,-0.0,0.0
2030-11-24 16:00:00,-0.0,-0.0,12865.138888888889,12865.138888888889,20.0,-0.0,-0.0,0.0
2030-11-24 17:00:00,-0.0,-0.0,12865.138888888889,12865.138888888889,20.0,-0.0,-0.0,0.0
2030-11-24 18:00:00,-0.0,-0.0,12865.138888888889,12865.138888888889,20.0,-0.0,-0.0,0.0
2030-11-24 19:00:00,-0.0,-0.0,12865.138888888889,12865.138888888889,20.0,-0.0,-0.0,0.0
2030-11-24 20:00:00,-0.0,-0.0,12865.138888888889,12865.138888888889,20.0,-0.0,-0.0,0.0
2030-11-24 21:00:00,-0.0,-0.0,12865.138888888889,12865.138888888889,20.0,-0.0,-0.0,0.0
2030-11-24 22:00:00,-0.0,5094.791124388843,7770.347764500046,12865.138888888889,20.0,-0.0,-0.0,0.0
2030-11-24 23:00:00,-0.0,12180.645161290322,684.4937275985667,12865.138888888889,20.0,-0.0,-0.0,0.0
2030-11-25 00:00:00,-0.0,13098.796114441919,-0.0,12865.138888888889,20.0,33.657225553029114,23.56005788712038,200.0
2030-11-25 01:00:00,-0.0,13098.796114441919,-0.0,12865.138888888889,20.0,33.657225553029114,23.56005788712038,200.0
2030-11-25 02:00:00,-0.0,13098.796114441919,-0.0,12865.138888888889,20.0,33.657225553029114,23.56005788712038,200.0
2030-11-25 03:00:00,11253.963875546526,1844.832238895393,-0.0,12865.138888888889,20.0,33.657225553029114,23.56005788712038,200.0
2030-11-25 04:00:00,13098.796114441919,-0.0,-0.0,12865.138888888889,20.0,33.657225553029114,23.56005788712038,200.0
2030-11-25 05:00:00,13098.796114441919,-0.0,-0.0,12865.138888888889,20.0,33.657225553029114,23.56005788712038,200.0
2030-11-25 06:00:00,13098.796114441919,-0.0,-0.0,12865.138888888889,20.0,33.657225553029114,23.56005788712038,200.0
2030-11-25 07:00:00,13098.796114441919,-0.0,-0.0,12865.138888888889,20.0,33.657225553029114,23.56005788712038,200.0
2030-11-25 08:00:00,13098.796114441919,-0.0,-0.0,12865.138888888889,20.0,33.657225553029114,23.56005788712038,200.0
2030-11-25 09:00:00,13098.796114441919,-0.0,-0.0,12865.138888888889,20.0,33.657225553029114,23.56005788712038,200.0
2030-11-25 10:00:00,13098.796114441919,-0.0,-0.0,12865.138888888889,20.0,33.657225553029114,23.56005788712038,200.0
2030-11-25 11:00:00,284.91047786193735,-0.0,12580.228411026952,12865.138888888889,20.0,-0.0,-0.0,0.0
2030-11-25 12:00:00,-0.0,-0.0,12865.138888888889,12865.138888888889,20.0,-0.0,-0.0,0.0
2030-11-25 13:00:00,-0.0,-0.0,12865.138888888889,12865.138888888889,20.0,-0.0,-0.0,0.0
2030-11-25 14:00:00,-0.0,-0.0,12865.138888888889,12865.138888888889,20.0,-0.0,-0.0,0.0
2030-11-25 15:00:00,-0.0,-0.0,12865.138888888889,12865.138888888889,20.0,-0.0,-0.0,0.0
2030-11-25 16:00:00,-0.0,-0.0,12865.138888888889,12865.138888888889,20.0,-0.0,-0.0,0.0
2030-11-25 17:00:00,-0.0,5094.791124388843,7770.347764500046,12865.138888888889,20.0,-0.0,-0.0,0.0
2030-11-25 18:00:00,-0.0,13098.796114441919,-0.0,12865.138888888889,20.0,33.657225553029114,23.56005788712038,200.0
2030-11-25 19:00:00,-0.0,13098.796114441919,-0.0,12865.138888888889,20.0,33.657225553029114,23.56005788712038,200.0
2030-11-25 20:00:00,-0.0,13098.796114441919,-0.0,12865.138888888889,20.0,33.657225553029114,23.56005788712038,200.0
2030-11-25 21:00:00,-0.0,13098.796114441919,-0.0,12865.138888888889,20.0,33.657225553029114,23.56005788712038,200.0
2030-11-25 22:00:00,-0.0,13098.796114441919,-0.0,12865.138888888889,20.0,33.657225553029114,23.56005788712038,200.0
2030-11-25 23:00:00,-0.0,13098.796114441919,-0.0,12865.138888888889,20.0,33.657225553029114,23.56005788712038,200.0
2030-11-26 00:00:00,-0.0,13098.796114441919,-0.0,12865.138888888889,20.0,33.657225553029114,23.56005788712038,200.0
2030-11-26 01:00:00,-0.0,13098.796114441919,-0.0,12865.138888888889,20.0,33.657225553029114,23.56005788712038,200.0
2030-11-26 02:00:00,-0.0,13098.796114441919,-0.0,12865.138888888889,20.0,33.657225553029114,23.56005788712038,200.0
2030-11-26 03:00:00,13098.796114441919,-0.0,-0.0,12865.138888888889,20.0,33.657225553029114,23.56005788712038,200.0
2030-11-26 04:00:00,13098.796114441919,-0.0,-0.0,12865.138888888889,20.0,33.657225553029114,23.56005788712038,200.0
2030-11-26 05:00:00,13098.796114441919,-0.0,-0.0,12865.138888888889,20.0,33.657225553029114,23.56005788712038,200.0
2030-11-26 06:00:00,13098.796114441919,-0.0,-0.0,12865.138888888889,20.0,33.657225553029114,23.56005788712038,200.0
2030-11-26 07:00:00,13098.796114441919,-0.0,-0.0,12865.138888888889,20.0,33.657225553029114,23.56005788712038,200.0
2030-11-26 08:00:00,13098.796114441919,-0.0,-0.0,12865.138888888889,20.0,33.657225553029114,23.56005788712038,200.0
2030-11-26 09:00:00,13098.796114441919,-0.0,-0.0,12865.138888888889,20.0,33.657225553029114,23.56005788712038,200.0
2030-11-26 10:00:00,7593.800072356673,5504.996042085246,-0.0,12865.138888888889,20.0,33.657225553029114,23.56005788712038,200.0
2030-11-26 11:00:00,-0.0,13098.796114441919,-0.0,12865.138888888889,20.0,33.657225553029114,23.56005788712038,200.0
2030-11-26 12:00:00,-0.0,13098.796114441919,-0.0,12865.138888888889,20.0,33.657225553029114,23.56005788712038,200.0
2030-11-26 13:00:00,-0.0,13098.796114441919,-0.0,12865.138888888889,20.0,33.657225553029114,23.56005788712038,200.0
2030-11-26 14:00:00,-0.0,13098.796114441919,-0.0,12865.138888888889,20.0,33.657225553029114,23.56005788712038,200.0
2030-11-26 15:00:00,-0.0,13098.796114441919,-0.0,12865.138888888889,20.0,33.657225553029114,23.56005788712038,200.0
2030-11-26 16:00:00,-0.0,13098.796114441919,-0.0,12865.138888888889,20.0,33.657225553029114,23.56005788712038,200.0
2030-11-26 17:00:00,-0.0,13098.796114441919,-0.0,12865.138888888889,20.0,33.657225553029114,23.56005788712038,200.0
2030-11-26 18:00:00,-0.0,13098.796114441919,-0.0,12865.138888888889,20.0,33.657225553029114,23.56005788712038,200.0
2030-11-26 19:00:00,-0.0,-0.0,12865.138888888889,12865.138888888889,20.0,-0.0,-0.0,0.0
2030-11-26 20:00:00,-0.0,-0.0,12865.138888888889,12865.138888888889,20.0,-0.0,-0.0,0.0
2030-11-26 21:00:00,-0.0,-0.0,12865.138888888889,12865.138888888889,20.0,-0.0,-0.0,0.0
2030-11-26 22:00:00,-0.0,-0.0,12865.138888888889,12865.138888888889,20.0,-0.0,-0.0,0.0
2030-11-26 23:00:00,-0.0,-0.0,12865.138888888889,12865.138888888889,20.0,-0.0,-0.0,0.0
2030-11-27 00:00:00,-0.0,-0.0,12865.138888888889,12865.138888888889,20.0,-0.0,-0.0,0.0
2030-11-27 01:00:00,-0.0,-0.0,12865.138888888889,12865.138888888889,20.0,-0.0,-0.0,0.0
2030-11-27 02:00:00,144.53487745550837,-0.0,12720.604011433381,12865.138888888889,20.0,-0.0,-0.0,0.0
2030-11-27 03:00:00,13098.796114441919,-0.0,-0.0,12865.138888888889,20.0,33.657225553029114,23.56005788712038,200.0
2030-11-27 04:00:00,13098.796114441919,-0.0,-0.0,12865.138888888889,20.0,33.657225553029114,23.56005788712038,200.0
2030-11-27 05:00:00,13098.796114441919,-0.0,-0.0,12865.138888888889,20.0,33.657225553029114,23.56005788712038,200.0
2030-11-27 06:00:00,13098.796114441919,-0.0,-0.0,12865.138888888889,20.0,33.657225553029114,23.56005788712038,200.0
2030-11-27 07:00:00,13098.796114441919,-0.0,-0.0,12865.138888888889,20.0,33.657225553029114,23.56005788712038,200.0
2030-11-27 08:00:00,13098.796114441919,-0.0,-0.0,12865.138888888889,20.0,33.657225553029114,23.56005788712038,200.0
2030-11-27 09:00:00,13098.796114441919,-0.0,-0.0,12865.138888888889,20.0,33.657225553029114,23.56005788712038,200.0
2030-11-27 10:00:00,5801.151664203461,-0.0,7063.9872246854275,12865.138888888889,20.0,-0.0,-0.0,0.0
2030-11-27 11:00:00,227.72041843709593,-0.0,12637.418470451792,12865.138888888889,20.0,-0.0,-0.0,0.0
2030-11-27 12:00:00,-0.0,-0.0,12865.138888888889,12865.138888888889,20.0,-0.0,-0.0,0.0
2030-11-27 13:00:00,-0.0,1045.7316747308414,11819.407214158047,12865.138888888889,20.0,-0.0,-0.0,0.0
2030-11-27 14:00:00,-0.0,3677.6203170085287,9187.51857188036,12865.138888888889,20.0,-0.0,-0.0,0.0
2030-11-27 15:00:00,-0.0,6511.96193176913,6353.176957119758,12865.138888888889,20.0,-0.0,-0.0,0.0
2030-11-27 16:00:00,-0.0,5094.791124388843,7770.347764500046,12865.138888888889,20.0,-0.0,-0.0,0.0
2030-11-27 17:00:00,-0.0,10763.474353910022,2101.664534978867,12865.138888888889,20.0,-0.0,-0.0,0.0
2030-11-27 18:00:00,-0.0,13098.796114441919,-0.0,12865.138888888889,20.0,33.657225553029114,23.56005788712038,200.0
2030-11-27 19:00:00,-0.0,13098.796114441919,-0.0,12865.138888888889,20.0,33.657225553029114,23.56005788712038,200.0
2030-11-27 20:00:00,-0.0,13098.796114441919,-0.0,12865.138888888889,20.0,33.657225553029114,23.56005788712038,200.0
2030-11-27 21:00:00,-0.0,13098.796114441919,-0.0,12865.138888888889,20.0,33.657225553029114,23.56005788712038,200.0
2030-11-27 22:00:00,-0.0,13098.796114441919,-0.0,12865.138888888889,20.0,33.657225553029114,23.56005788712038,200.0
2030-11-27 23:00:00,-0.0,13098.796114441919,-0.0,12865.138888888889,20.0,33.657225553029114,23.56005788712038,200.0
2030-11-28 00:00:00,-0.0,13098.796114441919,-0.0,12865.138888888889,20.0,33.657225553029114,23.56005788712038,200.0
2030-11-28 01:00:00,-0.0,13098.796114441919,-0.0,12865.138888888889,20.0,33.657225553029114,23.56005788712038,200.0
2030-11-28 02:00:00,-0.0,13098.796114441919,-0.0,12865.138888888889,20.0,33.657225553029114,23.56005788712038,200.0
2030-11-28 03:00:00,-0.0,13098.796114441919,-0.0,12865.138888888889,20.0,33.657225553029114,23.56005788712038,200.0
2030-11-28 04:00:00,13098.796114441919,-0.0,-0.0,12865.138888888889,20.0,33.657225553029114,23.56005788712038,200.0
2030-11-28 05:00:00,13098.796114441919,-0.0,-0.0,12865.138888888889,20.0,33.657225553029114,23.56005788712038,200.0
2030-11-28 06:00:00,13098.796114441919,-0.0,-0.0,12865.138888888889,20.0,33.657225553029114,23.56005788712038,200.0
2030-11-28 07:00:00,13098.796114441919,-0.0,-0.0,12865.138888888889,20.0,33.657225553029114,23.56005788712038,200.0
2030-11-28 08:00:00,8532.756866186342,4566.039248255576,-0.0,12865.138888888889,20.0,33.657225553029114,23.56005788712038,200.0
2030-11-28 09:00:00,-0.0,13098.796114441919,-0.0,12865.138888888889,20.0,33.657225553029114,23.56005788712038,200.0
2030-11-28 10:00:00,-0.0,13098.796114441919,-0.0,12865.138888888889,20.0,33.657225553029114,23.56005788712038,200.0
2030-11-28 11:00:00,-0.0,13098.796114441919,-0.0,12865.138888888889,20.0,33.657225553029114,23.56005788712038,200.0
2030-11-28 12:00:00,-0.0,13098.796114441919,-0.0,12865.138888888889,20.0,33.657225553029114,23.56005788712038,200.0
2030-11-28 13:00:00,-0.0,13098.796114441919,-0.0,12865.138888888889,20.0,33.657225553029114,23.56005788712038,200.0
2030-11-28 14:00:00,-0.0,13098.796114441919,-0.0,12865.138888888889,20.0,33.657225553029114,23.56005788712038,200.0
2030-11-28 15:00:00,-0.0,12180.645161290322,684.4937275985667,12865.138888888889,20.0,-0.0,-0.0,0.0
2030-11-28 16:00:00,-0.0,9346.303546529733,3518.835342359156,12865.138888888889,20.0,-0.0,-0.0,0.0
2030-11-28 17:00:00,-0.0,7929.132739149419,4936.00614973947,12865.138888888889,20.0,-0.0,-0.0,0.0
2030-11-28 18:00:00,-0.0,1045.7316747308414,11819.407214158047,12865.138888888889,20.0,-0.0,-0.0,0.0
2030-11-28 19:00:00,-0.0,-0.0,12865.138888888889,12865.138888888889,20.0,-0.0,-0.0,0.0
2030-11-28 20:00:00,-0.0,-0.0,12865.138888888889,12865.138888888889,20.0,-0.0,-0.0,0.0
2030-11-28 21:00:00,-0.0,-0.0,12865.138888888889,12865.138888888889,20.0,-0.0,-0.0,0.0
2030-11-28 22:00:00,-0.0,-0.0,12865.138888888889,12865.138888888889,20.0,-0.0,-0.0,0.0
2030-11-28 23:00:00,-0.0,-0.0,12865.138888888889,12865.138888888889,20.0,-0.0,-0.0,0.0
2030-11-29 00:00:00,-0.0,5094.791124388843,7770.347764500046,12865.138888888889,20.0,-0.0,-0.0,0.0
2030-11-29 01:00:00,-0.0,13098.796114441919,-0.0,12865.138888888889,20.0,33.657225553029114,23.56005788712038,200.0
2030-11-29 02:00:00,-0.0,13098.796114441919,-0.0,12865.138888888889,20.0,33.657225553029114,23.56005788712038,200.0
2030-11-29 03:00:00,8077.316029312151,5021.480085129768,-0.0,12865.138888888889,20.0,33.657225553029114,23.56005788712038,200.0
2030-11-29 04:00:00,13098.796114441919,-0.0,-0.0,12865.138888888889,20.0,33.657225553029114,23.56005788712038,200.0
2030-11-29 05:00:00,13098.796114441919,-0.0,-0.0,12865.138888888889,20.0,33.657225553029114,23.56005788712038,200.0
2030-11-29 06:00:00,13098.796114441919,-0.0,-0.0,12865.138888888889,20.0,33.657225553029114,23.56005788712038,200.0
2030-11-29 07:00:00,13098.796114441919,-0.0,-0.0,12865.138888888889,20.0,33.657225553029114,23.56005788712038,200.0
2030-11-29 08:00:00,13098.796114441919,-0.0,-0.0,12865.138888888889,20.0,33.657225553029114,23.56005788712038,200.0
2030-11-29 09:00:00,13098.796114441919,-0.0,-0.0,12865.138888888889,20.0,33.657225553029114,23.56005788712038,200.0
2030-11-29 10:00:00,13098.796114441919,-0.0,-0.0,12865.138888888889,20.0,33.657225553029114,23.56005788712038,200.0
2030-11-29 11:00:00,-0.0,13098.796114441919,-0.0,12865.138888888889,20.0,33.657225553029114,23.56005788712038,200.0
2030-11-29 12:00:00,-0.0,13098.796114441919,-0.0,12865.138888888889,20.0,33.657225553029114,23.56005788712038,200.0
2030-11-29 13:00:00,-0.0,13098.796114441919,-0.0,12865.138888888889,20.0,33.657225553029114,23.56005788712038,200.0
2030-11-29 14:00:00,-0.0,13098.796114441919,-0.0,12865.138888888889,20.0,33.657225553029114,23.56005788712038,200.0
2030-11-29 15:00:00,-0.0,13098.796114441919,-0.0,12865.138888888889,20.0,33.657225553029114,23.56005788712038,200.0
2030-11-29 16:00:00,-0.0,13098.796114441919,-0.0,12865.138888888889,20.0,33.657225553029114,23.56005788712038,200.0
2030-11-29 17:00:00,-0.0,13098.796114441919,-0.0,12865.138888888889,20.0,33.657225553029114,23.56005788712038,200.0
2030-11-29 18:00:00,-0.0,13098.796114441919,-0.0,12865.138888888889,20.0,33.657225553029114,23.56005788712038,200.0
2030-11-29 19:00:00,-0.0,13098.796114441919,-0.0,12865.138888888889,20.0,33.657225553029114,23.56005788712038,200.0
2030-11-29 20:00:00,-0.0,13098.796114441919,-0.0,12865.138888888889,20.0,33.657225553029114,23.56005788712038,200.0
2030-11-29 21:00:00,-0.0,13098.796114441919,-0.0,12865.138888888889,20.0,33.657225553029114,23.56005788712038,200.0
2030-11-29 22:00:00,-0.0,13098.796114441919,-0.0,12865.138888888889,20.0,33.657225553029114,23.56005788712038,200.0
2030-11-29 23:00:00,-0.0,13098.796114441919,-0.0,12865.138888888889,20.0,33.657225553029114,23.56005788712038,200.0
2030-11-30 00:00:00,-0.0,13098.796114441919,-0.0,12865.138888888889,20.0,33.657225553029114,23.56005788712038,200.0
2030-11-30 01:00:00,-0.0,13098.796114441919,-0.0,12865.138888888889,20.0,33.657225553029114,23.56005788712038,200.0
2030-11-30 02:00:00,-0.0,13098.796114441919,-0.0,12865.138888888889,20.0,33.657225553029114,23.56005788712038,200.0
2030-11-30 03:00:00,11288.27791120143,1810.5182032404882,-0.0,12865.138888888889,20.0,33.657225553029114,23.56005788712038,200.0
2030-11-30 04:00:00,13098.796114441919,-0.0,-0.0,12865.138888888889,20.0,33.657225553029114,23.56005788712038,200.0
2030-11-30 05:00:00,13098.796114441919,-0.0,-0.0,12865.138888888889,20.0,33.657225553029114,23.56005788712038,200.0
2030-11-30 06:00:00,13098.796114441919,-0.0,-0.0,12865.138888888889,20.0,33.657225553029114,23.56005788712038,200.0
2030-11-30 07:00:00,13098.796114441919,-0.0,-0.0,12865.138888888889,20.0,33.657225553029114,23.56005788712038,200.0
2030-11-30 08:00:00,13098.796114441919,-0.0,-0.0,12865.138888888889,20.0,33.657225553029114,23.56005788712038,200.0
2030-11-30 09:00:00,13098.796114441919,-0.0,-0.0,12865.138888888889,20.0,33.657225553029114,23.56005788712038,200.0
2030-11-30 10:00:00,13098.796114441919,-0.0,-0.0,12865.138888888889,20.0,33.657225553029114,23.56005788712038,200.0
2030-11-30 11:00:00,-0.0,13098.796114441919,-0.0,12865.138888888889,20.0,33.657225553029114,23.56005788712038,200.0
2030-11-30 12:00:00,-0.0,13098.796114441919,-0.0,12865.138888888889,20.0,33.657225553029114,23.56005788712038,200.0
2030-11-30 13:00:00,-0.0,13098.796114441919,-0.0,12865.138888888889,20.0,33.657225553029114,23.56005788712038,200.0
2030-11-30 14:00:00,-0.0,13098.796114441919,-0.0,12865.138888888889,20.0,33.657225553029114,23.56005788712038,200.0
2030-11-30 15:00:00,-0.0,13098.796114441919,-0.0,12865.138888888889,20.0,33.657225553029114,23.56005788712038,200.0
2030-11-30 16:00:00,-0.0,13098.796114441919,-0.0,12865.138888888889,20.0,33.657225553029114,23.56005788712038,200.0
2030-11-30 17:00:00,-0.0,13098.796114441919,-0.0,12865.138888888889,20.0,33.657225553029114,23.56005788712038,200.0
2030-11-30 18:00:00,-0.0,13098.796114441919,-0.0,12865.138888888889,20.0,33.657225553029114,23.56005788712038,200.0
2030-11-30 19:00:00,-0.0,13098.796114441919,-0.0,12865.138888888889,20.0,33.657225553029114,23.56005788712038,200.0
2030-11-30 20:00:00,-0.0,13098.796114441919,-0.0,12865.138888888889,20.0,33.657225553029114,23.56005788712038,200.0
2030-11-30 21:00:00,-0.0,13098.796114441919,-0.0,12865.138888888889,20.0,33.657225553029114,23.56005788712038,200.0
2030-11-30 22:00:00,-0.0,13098.796114441919,-0.0,12865.138888888889,20.0,33.657225553029114,23.56005788712038,200.0
2030-11-30 23:00:00,-0.0,13098.796114441919,-0.0,12865.138888888889,20.0,33.657225553029114,23.56005788712038,200.0
2030-12-01 00:00:00,-0.0,13669.678730929374,-0.0,13436.021505376344,20.0,33.657225553029114,23.56005788712038,200.0
2030-12-01 01:00:00,-0.0,13669.678730929374,-0.0,13436.021505376344,20.0,33.657225553029114,23.56005788712038,200.0
2030-12-01 02:00:00,-0.0,13669.678730929374,-0.0,13436.021505376344,20.0,33.657225553029114,23.56005788712038,200.0
2030-12-01 03:00:00,-0.0,13669.678730929374,-0.0,13436.021505376344,20.0,33.657225553029114,23.56005788712038,200.0
2030-12-01 04:00:00,13669.678730929374,-0.0,-0.0,13436.021505376344,20.0,33.657225553029114,23.56005788712038,200.0
2030-12-01 05:00:00,13669.678730929374,-0.0,-0.0,13436.021505376344,20.0,33.657225553029114,23.56005788712038,200.0
2030-12-01 06:00:00,13669.678730929374,-0.0,-0.0,13436.021505376344,20.0,33.657225553029114,23.56005788712038,200.0
2030-12-01 07:00:00,13669.678730929374,-0.0,-0.0,13436.021505376344,20.0,33.657225553029114,23.56005788712038,200.0
2030-12-01 08:00:00,13669.678730929374,-0.0,-0.0,13436.021505376344,20.0,33.657225553029114,23.56005788712038,200.0
2030-12-01 09:00:00,13669.678730929374,-0.0,-0.0,13436.021505376344,20.0,33.657225553029114,23.56005788712038,200.0
2030-12-01 10:00:00,13669.678730929374,-0.0,-0.0,13436.021505376344,20.0,33.657225553029114,23.56005788712038,200.0
2030-12-01 11:00:00,-0.0,13669.678730929374,-0.0,13436.021505376344,20.0,33.657225553029114,23.56005788712038,200.0
2030-12-01 12:00:00,-0.0,13669.678730929374,-0.0,13436.021505376344,20.0,33.657225553029114,23.56005788712038,200.0
2030-12-01 13:00:00,-0.0,13669.678730929374,-0.0,13436.021505376344,20.0,33.657225553029114,23.56005788712038,200.0
2030-12-01 14:00:00,-0.0,13669.678730929374,-0.0,13436.021505376344,20.0,33.657225553029114,23.56005788712038,200.0
2030-12-01 15:00:00,-0.0,13669.678730929374,-0.0,13436.021505376344,20.0,33.657225553029114,23.56005788712038,200.0
2030-12-01 16:00:00,-0.0,13669.678730929374,-0.0,13436.021505376344,20.0,33.657225553029114,23.56005788712038,200.0
2030-12-01 17:00:00,-0.0,13669.678730929374,-0.0,13436.021505376344,20.0,33.657225553029114,23.56005788712038,200.0
2030-12-01 18:00:00,-0.0,13669.678730929374,-0.0,13436.021505376344,20.0,33.657225553029114,23.56005788712038,200.0
2030-12-01 19:00:00,-0.0,13669.678730929374,-0.0,13436.021505376344,20.0,33.657225553029114,23.56005788712038,200.0
2030-12-01 20:00:00,-0.0,13669.678730929374,-0.0,13436.021505376344,20.0,33.657225553029114,23.56005788712038,200.0
2030-12-01 21:00:00,-0.0,13669.678730929374,-0.0,13436.021505376344,20.0,33.657225553029114,23.56005788712038,200.0
2030-12-01 22:00:00,-0.0,13669.678730929374,-0.0,13436.021505376344,20.0,33.657225553029114,23.56005788712038,200.0
2030-12-01 23:00:00,-0.0,13669.678730929374,-0.0,13436.021505376344,20.0,33.657225553029114,23.56005788712038,200.0
2030-12-02 00:00:00,-0.0,13669.678730929374,-0.0,13436.021505376344,20.0,33.657225553029114,23.56005788712038,200.0
2030-12-02 01:00:00,-0.0,13669.678730929374,-0.0,13436.021505376344,20.0,33.657225553029114,23.56005788712038,200.0
2030-12-02 02:00:00,-0.0,13669.678730929374,-0.0,13436.021505376344,20.0,33.657225553029114,23.56005788712038,200.0
2030-12-02 03:00:00,-0.0,13669.678730929374,-0.0,13436.021505376344,20.0,33.657225553029114,23.56005788712038,200.0
2030-12-02 04:00:00,13669.678730929374,-0.0,-0.0,13436.021505376344,20.0,33.657225553029114,23.56005788712038,200.0
2030-12-02 05:00:00,13669.678730929374,-0.0,-0.0,13436.021505376344,20.0,33.657225553029114,23.56005788712038,200.0
2030-12-02 06:00:00,13669.678730929374,-0.0,-0.0,13436.021505376344,20.0,33.657225553029114,23.56005788712038,200.0
2030-12-02 07:00:00,13669.678730929374,-0.0,-0.0,13436.021505376344,20.0,33.657225553029114,23.56005788712038,200.0
2030-12-02 08:00:00,13669.678730929374,-0.0,-0.0,13436.021505376344,20.0,33.657225553029114,23.56005788712038,200.0
2030-12-02 09:00:00,13669.678730929374,-0.0,-0.0,13436.021505376344,20.0,33.657225553029114,23.56005788712038,200.0
2030-12-02 10:00:00,13669.678730929374,-0.0,-0.0,13436.021505376344,20.0,33.657225553029114,23.56005788712038,200.0
2030-12-02 11:00:00,-0.0,13669.678730929374,-0.0,13436.021505376344,20.0,33.657225553029114,23.56005788712038,200.0
2030-12-02 12:00:00,-0.0,13669.678730929374,-0.0,13436.021505376344,20.0,33.657225553029114,23.56005788712038,200.0
2030-12-02 13:00:00,-0.0,13669.678730929374,-0.0,13436.021505376344,20.0,33.657225553029114,23.56005788712038,200.0
2030-12-02 14:00:00,-0.0,13669.678730929374,-0.0,13436.021505376344,20.0,33.657225553029114,23.56005788712038,200.0
2030-12-02 15:00:00,-0.0,13669.678730929374,-0.0,13436.021505376344,20.0,33.657225553029114,23.56005788712038,200.0
2030-12-02 16:00:00,-0.0,13669.678730929374,-0.0,13436.021505376344,20.0,33.657225553029114,23.56005788712038,200.0
2030-12-02 17:00:00,-0.0,13669.678730929374,-0.0,13436.021505376344,20.0,33.657225553029114,23.56005788712038,200.0
2030-12-02 18:00:00,-0.0,13669.678730929374,-0.0,13436.021505376344,20.0,33.657225553029114,23.56005788712038,200.0
2030-12-02 19:00:00,-0.0,13669.678730929374,-0.0,13436.021505376344,20.0,33.657225553029114,23.56005788712038,200.0
2030-12-02 20:00:00,-0.0,13669.678730929374,-0.0,13436.021505376344,20.0,33.657225553029114,23.56005788712038,200.0
2030-12-02 21:00:00,-0.0,13669.678730929374,-0.0,13436.021505376344,20.0,33.657225553029114,23.56005788712038,200.0
2030-12-02 22:00:00,-0.0,13669.678730929374,-0.0,13436.021505376344,20.0,33.657225553029114,23.56005788712038,200.0
2030-12-02 23:00:00,-0.0,13669.678730929374,-0.0,13436.021505376344,20.0,33.657225553029114,23.56005788712038,200.0
2030-12-03 00:00:00,-0.0,13669.678730929374,-0.0,13436.021505376344,20.0,33.657225553029114,23.56005788712038,200.0
2030-12-03 01:00:00,-0.0,13669.678730929374,-0.0,13436.021505376344,20.0,33.657225553029114,23.56005788712038,200.0
2030-12-03 02:00:00,-0.0,13669.678730929374,-0.0,13436.021505376344,20.0,33.657225553029114,23.56005788712038,200.0
2030-12-03 03:00:00,-0.0,13669.678730929374,-0.0,13436.021505376344,20.0,33.657225553029114,23.56005788712038,200.0
2030-12-03 04:00:00,13669.678730929374,-0.0,-0.0,13436.021505376344,20.0,33.657225553029114,23.56005788712038,200.0
2030-12-03 05:00:00,13669.678730929374,-0.0,-0.0,13436.021505376344,20.0,33.657225553029114,23.56005788712038,200.0
2030-12-03 06:00:00,13669.678730929374,-0.0,-0.0,13436.021505376344,20.0,33.657225553029114,23.56005788712038,200.0
2030-12-03 07:00:00,13669.678730929374,-0.0,-0.0,13436.021505376344,20.0,33.657225553029114,23.56005788712038,200.0
2030-12-03 08:00:00,13669.678730929374,-0.0,-0.0,13436.021505376344,20.0,33.657225553029114,23.56005788712038,200.0
2030-12-03 09:00:00,13669.678730929374,-0.0,-0.0,13436.021505376344,20.0,33.657225553029114,23.56005788712038,200.0
2030-12-03 10:00:00,13669.678730929374,-0.0,-0.0,13436.021505376344,20.0,33.657225553029114,23.56005788712038,200.0
2030-12-03 11:00:00,-0.0,13669.678730929374,-0.0,13436.021505376344,20.0,33.657225553029114,23.56005788712038,200.0
2030-12-03 12:00:00,-0.0,13669.678730929374,-0.0,13436.021505376344,20.0,33.657225553029114,23.56005788712038,200.0
2030-12-03 13:00:00,-0.0,13669.678730929374,-0.0,13436.021505376344,20.0,33.657225553029114,23.56005788712038,200.0
2030-12-03 14:00:00,-0.0,13669.678730929374,-0.0,13436.021505376344,20.0,33.657225553029114,23.56005788712038,200.0
2030-12-03 15:00:00,-0.0,13669.678730929374,-0.0,13436.021505376344,20.0,33.657225553029114,23.56005788712038,200.0
2030-12-03 16:00:00,-0.0,13669.678730929374,-0.0,13436.021505376344,20.0,33.657225553029114,23.56005788712038,200.0
2030-12-03 17:00:00,-0.0,13669.678730929374,-0.0,13436.021505376344,20.0,33.657225553029114,23.56005788712038,200.0
2030-12-03 18:00:00,-0.0,13669.678730929374,-0.0,13436.021505376344,20.0,33.657225553029114,23.56005788712038,200.0
2030-12-03 19:00:00,-0.0,13669.678730929374,-0.0,13436.021505376344,20.0,33.657225553029114,23.56005788712038,200.0
2030-12-03 20:00:00,-0.0,13669.678730929374,-0.0,13436.021505376344,20.0,33.657225553029114,23.56005788712038,200.0
2030-12-03 21:00:00,-0.0,13669.678730929374,-0.0,13436.021505376344,20.0,33.657225553029114,23.56005788712038,200.0
2030-12-03 22:00:00,-0.0,13669.678730929374,-0.0,13436.021505376344,20.0,33.657225553029114,23.56005788712038,200.0
2030-12-03 23:00:00,-0.0,13597.815968670624,-0.0,13436.021505376344,20.0,33.657225553029114,23.56005788712038,128.13723774124992
2030-12-04 00:00:00,-0.0,13597.815968670624,-0.0,13436.021505376344,20.0,33.657225553029114,23.56005788712038,128.13723774124992
2030-12-04 01:00:00,-0.0,13597.815968670624,-0.0,13436.021505376344,20.0,33.657225553029114,23.56005788712038,128.13723774124992
2030-12-04 02:00:00,-0.0,13669.678730929374,-0.0,13436.021505376344,20.0,33.657225553029114,23.56005788712038,200.0
2030-12-04 03:00:00,12335.375908307164,1334.3028226222104,-0.0,13436.021505376344,20.0,33.657225553029114,23.56005788712038,200.0
2030-12-04 04:00:00,13669.678730929374,-0.0,-0.0,13436.021505376344,20.0,33.657225553029114,23.56005788712038,200.0
2030-12-04 05:00:00,13669.678730929374,-0.0,-0.0,13436.021505376344,20.0,33.657225553029114,23.56005788712038,200.0
2030-12-04 06:00:00,13669.678730929374,-0.0,-0.0,13436.021505376344,20.0,33.657225553029114,23.56005788712038,200.0
2030-12-04 07:00:00,13669.678730929374,-0.0,-0.0,13436.021505376344,20.0,33.657225553029114,23.56005788712038,200.0
2030-12-04 08:00:00,13669.678730929374,-0.0,-0.0,13436.021505376344,20.0,33.657225553029114,23.56005788712038,200.0
2030-12-04 09:00:00,13669.678730929374,-0.0,-0.0,13436.021505376344,20.0,33.657225553029114,23.56005788712038,200.0
2030-12-04 10:00:00,13669.678730929374,-0.0,-0.0,13436.021505376344,20.0,33.657225553029114,23.56005788712038,200.0
2030-12-04 11:00:00,-0.0,13669.678730929374,-0.0,13436.021505376344,20.0,33.657225553029114,23.56005788712038,200.0
2030-12-04 12:00:00,-0.0,13669.678730929374,-0.0,13436.021505376344,20.0,33.657225553029114,23.56005788712038,200.0
2030-12-04 13:00:00,-0.0,13669.678730929374,-0.0,13436.021505376344,20.0,33.657225553029114,23.56005788712038,200.0
2030-12-04 14:00:00,-0.0,13669.678730929374,-0.0,13436.021505376344,20.0,33.657225553029114,23.56005788712038,200.0
2030-12-04 15:00:00,-0.0,13669.678730929374,-0.0,13436.021505376344,20.0,33.657225553029114,23.56005788712038,200.0
2030-12-04 16:00:00,-0.0,13669.678730929374,-0.0,13436.021505376344,20.0,33.657225553029114,23.56005788712038,200.0
2030-12-04 17:00:00,-0.0,7929.132739149419,5506.888766226925,13436.021505376344,20.0,-0.0,-0.0,0.0
2030-12-04 18:00:00,-0.0,2462.9024821111293,10973.119023265215,13436.021505376344,20.0,-0.0,-0.0,0.0
2030-12-04 19:00:00,-0.0,2462.9024821111293,10973.119023265215,13436.021505376344,20.0,-0.0,-0.0,0.0
2030-12-04 20:00:00,-0.0,1045.7316747308414,12390.289830645503,13436.021505376344,20.0,-0.0,-0.0,0.0
2030-12-04 21:00:00,-0.0,1045.7316747308414,12390.289830645503,13436.021505376344,20.0,-0.0,-0.0,0.0
2030-12-04 22:00:00,-0.0,-0.0,13436.021505376344,13436.021505376344,20.0,-0.0,-0.0,0.0
2030-12-04 23:00:00,-0.0,-0.0,13436.021505376344,13436.021505376344,20.0,-0.0,-0.0,0.0
2030-12-05 00:00:00,-0.0,-0.0,13436.021505376344,13436.021505376344,20.0,-0.0,-0.0,0.0
2030-12-05 01:00:00,-0.0,-0.0,13436.021505376344,13436.021505376344,20.0,-0.0,-0.0,0.0
2030-12-05 02:00:00,-0.0,-0.0,13436.021505376344,13436.021505376344,20.0,-0.0,-0.0,0.0
2030-12-05 03:00:00,5890.576120758668,1045.7316747308414,6499.713709886834,13436.021505376344,20.0,-0.0,-0.0,0.0
2030-12-05 04:00:00,13669.678730929374,-0.0,-0.0,13436.021505376344,20.0,33.657225553029114,23.56005788712038,200.0
2030-12-05 05:00:00,13669.678730929374,-0.0,-0.0,13436.021505376344,20.0,33.657225553029114,23.56005788712038,200.0
2030-12-05 06:00:00,13669.678730929374,-0.0,-0.0,13436.021505376344,20.0,33.657225553029114,23.56005788712038,200.0
2030-12-05 07:00:00,13669.678730929374,-0.0,-0.0,13436.021505376344,20.0,33.657225553029114,23.56005788712038,200.0
2030-12-05 08:00:00,13669.678730929374,-0.0,-0.0,13436.021505376344,20.0,33.657225553029114,23.56005788712038,200.0
2030-12-05 09:00:00,13669.678730929374,-0.0,-0.0,13436.021505376344,20.0,33.657225553029114,23.56005788712038,200.0
2030-12-05 10:00:00,-0.0,13669.678730929374,-0.0,13436.021505376344,20.0,33.657225553029114,23.56005788712038,200.0
2030-12-05 11:00:00,-0.0,13669.678730929374,-0.0,13436.021505376344,20.0,33.657225553029114,23.56005788712038,200.0
2030-12-05 12:00:00,-0.0,13669.678730929374,-0.0,13436.021505376344,20.0,33.657225553029114,23.56005788712038,200.0
2030-12-05 13:00:00,-0.0,13669.678730929374,-0.0,13436.021505376344,20.0,33.657225553029114,23.56005788712038,200.0
2030-12-05 14:00:00,-0.0,13669.678730929374,-0.0,13436.021505376344,20.0,33.657225553029114,23.56005788712038,200.0
2030-12-05 15:00:00,-0.0,13669.678730929374,-0.0,13436.021505376344,20.0,33.657225553029114,23.56005788712038,200.0
2030-12-05 16:00:00,-0.0,13669.678730929374,-0.0,13436.021505376344,20.0,33.657225553029114,23.56005788712038,200.0
2030-12-05 17:00:00,-0.0,13669.678730929374,-0.0,13436.021505376344,20.0,33.657225553029114,23.56005788712038,200.0
2030-12-05 18:00:00,-0.0,10763.474353910022,2672.5471514663222,13436.021505376344,20.0,-0.0,-0.0,0.0
2030-12-05 19:00:00,-0.0,13597.815968670624,-0.0,13436.021505376344,20.0,33.657225553029114,23.56005788712038,128.13723774124992
2030-12-05 20:00:00,-0.0,9346.303546529733,4089.7179588466115,13436.021505376344,20.0,-0.0,-0.0,0.0
2030-12-05 21:00:00,-0.0,2462.9024821111293,10973.119023265215,13436.021505376344,20.0,-0.0,-0.0,0.0
2030-12-05 22:00:00,-0.0,1045.7316747308414,12390.289830645503,13436.021505376344,20.0,-0.0,-0.0,0.0
2030-12-05 23:00:00,-0.0,1045.7316747308414,12390.289830645503,13436.021505376344,20.0,-0.0,-0.0,0.0
2030-12-06 00:00:00,-0.0,3677.6203170085287,9758.401188367816,13436.021505376344,20.0,-0.0,-0.0,0.0
2030-12-06 01:00:00,-0.0,1045.7316747308414,12390.289830645503,13436.021505376344,20.0,-0.0,-0.0,0.0
2030-12-06 02:00:00,-0.0,-0.0,13436.021505376344,13436.021505376344,20.0,-0.0,-0.0,0.0
2030-12-06 03:00:00,13224.421377547878,-0.0,211.6001278284657,13436.021505376344,20.0,-0.0,-0.0,0.0
2030-12-06 04:00:00,13669.678730929374,-0.0,-0.0,13436.021505376344,20.0,33.657225553029114,23.56005788712038,200.0
2030-12-06 05:00:00,13669.678730929374,-0.0,-0.0,13436.021505376344,20.0,33.657225553029114,23.56005788712038,200.0
2030-12-06 06:00:00,13669.678730929374,-0.0,-0.0,13436.021505376344,20.0,33.657225553029114,23.56005788712038,200.0
2030-12-06 07:00:00,13669.678730929374,-0.0,-0.0,13436.021505376344,20.0,33.657225553029114,23.56005788712038,200.0
2030-12-06 08:00:00,13669.678730929374,-0.0,-0.0,13436.021505376344,20.0,33.657225553029114,23.56005788712038,200.0
2030-12-06 09:00:00,13669.678730929374,-0.0,-0.0,13436.021505376344,20.0,33.657225553029114,23.56005788712038,200.0
2030-12-06 10:00:00,13140.196017304024,529.4827136253498,-0.0,13436.021505376344,20.0,33.657225553029114,23.56005788712038,200.0
2030-12-06 11:00:00,-0.0,13669.678730929374,-0.0,13436.021505376344,20.0,33.657225553029114,23.56005788712038,200.0
2030-12-06 12:00:00,-0.0,13669.678730929374,-0.0,13436.021505376344,20.0,33.657225553029114,23.56005788712038,200.0
2030-12-06 13:00:00,-0.0,13669.678730929374,-0.0,13436.021505376344,20.0,33.657225553029114,23.56005788712038,200.0
2030-12-06 14:00:00,-0.0,13669.678730929374,-0.0,13436.021505376344,20.0,33.657225553029114,23.56005788712038,200.0
2030-12-06 15:00:00,-0.0,13669.678730929374,-0.0,13436.021505376344,20.0,33.657225553029114,23.56005788712038,200.0
2030-12-06 16:00:00,-0.0,13669.678730929374,-0.0,13436.021505376344,20.0,33.657225553029114,23.56005788712038,200.0
2030-12-06 17:00:00,-0.0,13669.678730929374,-0.0,13436.021505376344,20.0,33.657225553029114,23.56005788712038,200.0
2030-12-06 18:00:00,-0.0,13669.678730929374,-0.0,13436.021505376344,20.0,33.657225553029114,23.56005788712038,200.0
2030-12-06 19:00:00,-0.0,13669.678730929374,-0.0,13436.021505376344,20.0,33.657225553029114,23.56005788712038,200.0
2030-12-06 20:00:00,-0.0,13669.678730929374,-0.0,13436.021505376344,20.0,33.657225553029114,23.56005788712038,200.0
2030-12-06 21:00:00,-0.0,13669.678730929374,-0.0,13436.021505376344,20.0,33.657225553029114,23.56005788712038,200.0
2030-12-06 22:00:00,-0.0,13669.678730929374,-0.0,13436.021505376344,20.0,33.657225553029114,23.56005788712038,200.0
2030-12-06 23:00:00,-0.0,13669.678730929374,-0.0,13436.021505376344,20.0,33.657225553029114,23.56005788712038,200.0
2030-12-07 00:00:00,-0.0,13669.678730929374,-0.0,13436.021505376344,20.0,33.657225553029114,23.56005788712038,200.0
2030-12-07 01:00:00,-0.0,13669.678730929374,-0.0,13436.021505376344,20.0,33.657225553029114,23.56005788712038,200.0
2030-12-07 02:00:00,-0.0,13669.678730929374,-0.0,13436.021505376344,20.0,33.657225553029114,23.56005788712038,200.0
2030-12-07 03:00:00,13126.678366894514,543.0003640348605,-0.0,13436.021505376344,20.0,33.657225553029114,23.56005788712038,200.0
2030-12-07 04:00:00,13669.678730929374,-0.0,-0.0,13436.021505376344,20.0,33.657225553029114,23.56005788712038,200.0
2030-12-07 05:00:00,13669.678730929374,-0.0,-0.0,13436.021505376344,20.0,33.657225553029114,23.56005788712038,200.0
2030-12-07 06:00:00,13669.678730929374,-0.0,-0.0,13436.021505376344,20.0,33.657225553029114,23.56005788712038,200.0
2030-12-07 07:00:00,13669.678730929374,-0.0,-0.0,13436.021505376344,20.0,33.657225553029114,23.56005788712038,200.0
2030-12-07 08:00:00,13669.678730929374,-0.0,-0.0,13436.021505376344,20.0,33.657225553029114,23.56005788712038,200.0
2030-12-07 09:00:00,13669.678730929374,-0.0,-0.0,13436.021505376344,20.0,33.657225553029114,23.56005788712038,200.0
2030-12-07 10:00:00,13669.678730929374,-0.0,-0.0,13436.021505376344,20.0,33.657225553029114,23.56005788712038,200.0
2030-12-07 11:00:00,-0.0,13669.678730929374,-0.0,13436.021505376344,20.0,33.657225553029114,23.56005788712038,200.0
2030-12-07 12:00:00,-0.0,13669.678730929374,-0.0,13436.021505376344,20.0,33.657225553029114,23.56005788712038,200.0
2030-12-07 13:00:00,-0.0,13669.678730929374,-0.0,13436.021505376344,20.0,33.657225553029114,23.56005788712038,200.0
2030-12-07 14:00:00,-0.0,13669.678730929374,-0.0,13436.021505376344,20.0,33.657225553029114,23.56005788712038,200.0
2030-12-07 15:00:00,-0.0,13669.678730929374,-0.0,13436.021505376344,20.0,33.657225553029114,23.56005788712038,200.0
2030-12-07 16:00:00,-0.0,13669.678730929374,-0.0,13436.021505376344,20.0,33.657225553029114,23.56005788712038,200.0
2030-12-07 17:00:00,-0.0,13669.678730929374,-0.0,13436.021505376344,20.0,33.657225553029114,23.56005788712038,200.0
2030-12-07 18:00:00,-0.0,13669.678730929374,-0.0,13436.021505376344,20.0,33.657225553029114,23.56005788712038,200.0
2030-12-07 19:00:00,-0.0,13669.678730929374,-0.0,13436.021505376344,20.0,33.657225553029114,23.56005788712038,200.0
2030-12-07 20:00:00,-0.0,13669.678730929374,-0.0,13436.021505376344,20.0,33.657225553029114,23.56005788712038,200.0
2030-12-07 21:00:00,-0.0,13669.678730929374,-0.0,13436.021505376344,20.0,33.657225553029114,23.56005788712038,200.0
2030-12-07 22:00:00,-0.0,13669.678730929374,-0.0,13436.021505376344,20.0,33.657225553029114,23.56005788712038,200.0
2030-12-07 23:00:00,-0.0,13669.678730929374,-0.0,13436.021505376344,20.0,33.657225553029114,23.56005788712038,200.0
2030-12-08 00:00:00,-0.0,13669.678730929374,-0.0,13436.021505376344,20.0,33.657225553029114,23.56005788712038,200.0
2030-12-08 01:00:00,-0.0,13669.678730929374,-0.0,13436.021505376344,20.0,33.657225553029114,23.56005788712038,200.0
2030-12-08 02:00:00,-0.0,13669.678730929374,-0.0,13436.021505376344,20.0,33.657225553029114,23.56005788712038,200.0
2030-12-08 03:00:00,7275.615378102101,6394.063352827273,-0.0,13436.021505376344,20.0,33.657225553029114,23.56005788712038,200.0
2030-12-08 04:00:00,11796.749530451383,1872.929200477991,-0.0,13436.021505376344,20.0,33.657225553029114,23.56005788712038,200.0
2030-12-08 05:00:00,13669.678730929374,-0.0,-0.0,13436.021505376344,20.0,33.657225553029114,23.56005788712038,200.0
2030-12-08 06:00:00,13669.678730929374,-0.0,-0.0,13436.021505376344,20.0,33.657225553029114,23.56005788712038,200.0
2030-12-08 07:00:00,13669.678730929374,-0.0,-0.0,13436.021505376344,20.0,33.657225553029114,23.56005788712038,200.0
2030-12-08 08:00:00,13669.678730929374,-0.0,-0.0,13436.021505376344,20.0,33.657225553029114,23.56005788712038,200.0
2030-12-08 09:00:00,13669.678730929374,-0.0,-0.0,13436.021505376344,20.0,33.657225553029114,23.56005788712038,200.0
2030-12-08 10:00:00,13669.678730929374,-0.0,-0.0,13436.021505376344,20.0,33.657225553029114,23.56005788712038,200.0
2030-12-08 11:00:00,-0.0,13669.678730929374,-0.0,13436.021505376344,20.0,33.657225553029114,23.56005788712038,200.0
2030-12-08 12:00:00,-0.0,13669.678730929374,-0.0,13436.021505376344,20.0,33.657225553029114,23.56005788712038,200.0
2030-12-08 13:00:00,-0.0,13669.678730929374,-0.0,13436.021505376344,20.0,33.657225553029114,23.56005788712038,200.0
2030-12-08 14:00:00,-0.0,13669.678730929374,-0.0,13436.021505376344,20.0,33.657225553029114,23.56005788712038,200.0
2030-12-08 15:00:00,-0.0,13669.678730929374,-0.0,13436.021505376344,20.0,33.657225553029114,23.56005788712038,200.0
2030-12-08 16:00:00,-0.0,13669.678730929374,-0.0,13436.021505376344,20.0,33.657225553029114,23.56005788712038,200.0
2030-12-08 17:00:00,-0.0,13669.678730929374,-0.0,13436.021505376344,20.0,33.657225553029114,23.56005788712038,200.0
2030-12-08 18:00:00,-0.0,13597.815968670624,-0.0,13436.021505376344,20.0,33.657225553029114,23.56005788712038,128.13723774124992
2030-12-08 19:00:00,-0.0,13597.815968670624,-0.0,13436.021505376344,20.0,33.657225553029114,23.56005788712038,128.13723774124992
2030-12-08 20:00:00,-0.0,13597.815968670624,-0.0,13436.021505376344,20.0,33.657225553029114,23.56005788712038,128.13723774124992
2030-12-08 21:00:00,-0.0,13669.678730929374,-0.0,13436.021505376344,20.0,33.657225553029114,23.56005788712038,200.0
2030-12-08 22:00:00,-0.0,13669.678730929374,-0.0,13436.021505376344,20.0,33.657225553029114,23.56005788712038,200.0
2030-12-08 23:00:00,-0.0,13669.678730929374,-0.0,13436.021505376344,20.0,33.657225553029114,23.56005788712038,200.0
2030-12-09 00:00:00,-0.0,13669.678730929374,-0.0,13436.021505376344,20.0,33.657225553029114,23.56005788712038,200.0
2030-12-09 01:00:00,-0.0,13669.678730929374,-0.0,13436.021505376344,20.0,33.657225553029114,23.56005788712038,200.0
2030-12-09 02:00:00,-0.0,13669.678730929374,-0.0,13436.021505376344,20.0,33.657225553029114,23.56005788712038,200.0
2030-12-09 03:00:00,13669.678730929374,-0.0,-0.0,13436.021505376344,20.0,33.657225553029114,23.56005788712038,200.0
2030-12-09 04:00:00,13669.678730929374,-0.0,-0.0,13436.021505376344,20.0,33.657225553029114,23.56005788712038,200.0
2030-12-09 05:00:00,13669.678730929374,-0.0,-0.0,13436.021505376344,20.0,33.657225553029114,23.56005788712038,200.0
2030-12-09 06:00:00,13669.678730929374,-0.0,-0.0,13436.021505376344,20.0,33.657225553029114,23.56005788712038,200.0
2030-12-09 07:00:00,13669.678730929374,-0.0,-0.0,13436.021505376344,20.0,33.657225553029114,23.56005788712038,200.0
2030-12-09 08:00:00,13669.678730929374,-0.0,-0.0,13436.021505376344,20.0,33.657225553029114,23.56005788712038,200.0
2030-12-09 09:00:00,13669.678730929374,-0.0,-0.0,13436.021505376344,20.0,33.657225553029114,23.56005788712038,200.0
2030-12-09 10:00:00,13669.678730929374,-0.0,-0.0,13436.021505376344,20.0,33.657225553029114,23.56005788712038,200.0
2030-12-09 11:00:00,-0.0,13669.678730929374,-0.0,13436.021505376344,20.0,33.657225553029114,23.56005788712038,200.0
2030-12-09 12:00:00,-0.0,13669.678730929374,-0.0,13436.021505376344,20.0,33.657225553029114,23.56005788712038,200.0
2030-12-09 13:00:00,-0.0,13669.678730929374,-0.0,13436.021505376344,20.0,33.657225553029114,23.56005788712038,200.0
2030-12-09 14:00:00,-0.0,13669.678730929374,-0.0,13436.021505376344,20.0,33.657225553029114,23.56005788712038,200.0
2030-12-09 15:00:00,-0.0,13669.678730929374,-0.0,13436.021505376344,20.0,33.657225553029114,23.56005788712038,200.0
2030-12-09 16:00:00,-0.0,13669.678730929374,-0.0,13436.021505376344,20.0,33.657225553029114,23.56005788712038,200.0
2030-12-09 17:00:00,-0.0,13669.678730929374,-0.0,13436.021505376344,20.0,33.657225553029114,23.56005788712038,200.0
2030-12-09 18:00:00,-0.0,9346.303546529733,4089.7179588466115,13436.021505376344,20.0,-0.0,-0.0,0.0
2030-12-09 19:00:00,-0.0,13597.815968670624,-0.0,13436.021505376344,20.0,33.657225553029114,23.56005788712038,128.13723774124992
2030-12-09 20:00:00,-0.0,6511.96193176913,6924.059573607214,13436.021505376344,20.0,-0.0,-0.0,0.0
2030-12-09 21:00:00,-0.0,2462.9024821111293,10973.119023265215,13436.021505376344,20.0,-0.0,-0.0,0.0
2030-12-09 22:00:00,-0.0,1045.7316747308414,12390.289830645503,13436.021505376344,20.0,-0.0,-0.0,0.0
2030-12-09 23:00:00,-0.0,2462.9024821111293,10973.119023265215,13436.021505376344,20.0,-0.0,-0.0,0.0
2030-12-10 00:00:00,-0.0,1045.7316747308414,12390.289830645503,13436.021505376344,20.0,-0.0,-0.0,0.0
2030-12-10 01:00:00,-0.0,2462.9024821111293,10973.119023265215,13436.021505376344,20.0,-0.0,-0.0,0.0
2030-12-10 02:00:00,-0.0,2462.9024821111293,10973.119023265215,13436.021505376344,20.0,-0.0,-0.0,0.0
2030-12-10 03:00:00,13669.678730929374,-0.0,-0.0,13436.021505376344,20.0,33.657225553029114,23.56005788712038,200.0
2030-12-10 04:00:00,13669.678730929374,-0.0,-0.0,13436.021505376344,20.0,33.657225553029114,23.56005788712038,200.0
2030-12-10 05:00:00,13669.678730929374,-0.0,-0.0,13436.021505376344,20.0,33.657225553029114,23.56005788712038,200.0
2030-12-10 06:00:00,13669.678730929374,-0.0,-0.0,13436.021505376344,20.0,33.657225553029114,23.56005788712038,200.0
2030-12-10 07:00:00,13669.678730929374,-0.0,-0.0,13436.021505376344,20.0,33.657225553029114,23.56005788712038,200.0
2030-12-10 08:00:00,13669.678730929374,-0.0,-0.0,13436.021505376344,20.0,33.657225553029114,23.56005788712038,200.0
2030-12-10 09:00:00,13669.678730929374,-0.0,-0.0,13436.021505376344,20.0,33.657225553029114,23.56005788712038,200.0
2030-12-10 10:00:00,13669.678730929374,-0.0,-0.0,13436.021505376344,20.0,33.657225553029114,23.56005788712038,200.0
2030-12-10 11:00:00,62.38915573619065,1045.7316747308414,12327.900674909311,13436.021505376344,20.0,-0.0,-0.0,0.0
2030-12-10 12:00:00,-0.0,1045.7316747308414,12390.289830645503,13436.021505376344,20.0,-0.0,-0.0,0.0
2030-12-10 13:00:00,-0.0,1045.7316747308414,12390.289830645503,13436.021505376344,20.0,-0.0,-0.0,0.0
2030-12-10 14:00:00,-0.0,1045.7316747308414,12390.289830645503,13436.021505376344,20.0,-0.0,-0.0,0.0
2030-12-10 15:00:00,-0.0,-0.0,13436.021505376344,13436.021505376344,20.0,-0.0,-0.0,0.0
2030-12-10 16:00:00,-0.0,-0.0,13436.021505376344,13436.021505376344,20.0,-0.0,-0.0,0.0
2030-12-10 17:00:00,-0.0,-0.0,13436.021505376344,13436.021505376344,20.0,-0.0,-0.0,0.0
2030-12-10 18:00:00,-0.0,-0.0,13436.021505376344,13436.021505376344,20.0,-0.0,-0.0,0.0
2030-12-10 19:00:00,-0.0,-0.0,13436.021505376344,13436.021505376344,20.0,-0.0,-0.0,0.0
2030-12-10 20:00:00,-0.0,-0.0,13436.021505376344,13436.021505376344,20.0,-0.0,-0.0,0.0
2030-12-10 21:00:00,-0.0,-0.0,13436.021505376344,13436.021505376344,20.0,-0.0,-0.0,0.0
2030-12-10 22:00:00,-0.0,-0.0,13436.021505376344,13436.021505376344,20.0,-0.0,-0.0,0.0
2030-12-10 23:00:00,-0.0,-0.0,13436.021505376344,13436.021505376344,20.0,-0.0,-0.0,0.0
2030-12-11 00:00:00,-0.0,-0.0,13436.021505376344,13436.021505376344,20.0,-0.0,-0.0,0.0
2030-12-11 01:00:00,-0.0,-0.0,13436.021505376344,13436.021505376344,20.0,-0.0,-0.0,0.0
2030-12-11 02:00:00,-0.0,-0.0,13436.021505376344,13436.021505376344,20.0,-0.0,-0.0,0.0
2030-12-11 03:00:00,13669.678730929374,-0.0,-0.0,13436.021505376344,20.0,33.657225553029114,23.56005788712038,200.0
2030-12-11 04:00:00,13669.678730929374,-0.0,-0.0,13436.021505376344,20.0,33.657225553029114,23.56005788712038,200.0
2030-12-11 05:00:00,13669.678730929374,-0.0,-0.0,13436.021505376344,20.0,33.657225553029114,23.56005788712038,200.0
2030-12-11 06:00:00,13669.678730929374,-0.0,-0.0,13436.021505376344,20.0,33.657225553029114,23.56005788712038,200.0
2030-12-11 07:00:00,13669.678730929374,-0.0,-0.0,13436.021505376344,20.0,33.657225553029114,23.56005788712038,200.0
2030-12-11 08:00:00,13669.678730929374,-0.0,-0.0,13436.021505376344,20.0,33.657225553029114,23.56005788712038,200.0
2030-12-11 09:00:00,13669.678730929374,-0.0,-0.0,13436.021505376344,20.0,33.657225553029114,23.56005788712038,200.0
2030-12-11 10:00:00,13669.678730929374,-0.0,-0.0,13436.021505376344,20.0,33.657225553029114,23.56005788712038,200.0
2030-12-11 11:00:00,92.54391434201614,-0.0,13343.477591034329,13436.021505376344,20.0,-0.0,-0.0,0.0
2030-12-11 12:00:00,-0.0,-0.0,13436.021505376344,13436.021505376344,20.0,-0.0,-0.0,0.0
2030-12-11 13:00:00,-0.0,-0.0,13436.021505376344,13436.021505376344,20.0,-0.0,-0.0,0.0
2030-12-11 14:00:00,-0.0,-0.0,13436.021505376344,13436.021505376344,20.0,-0.0,-0.0,0.0
2030-12-11 15:00:00,-0.0,-0.0,13436.021505376344,13436.021505376344,20.0,-0.0,-0.0,0.0
2030-12-11 16:00:00,-0.0,-0.0,13436.021505376344,13436.021505376344,20.0,-0.0,-0.0,0.0
2030-12-11 17:00:00,-0.0,-0.0,13436.021505376344,13436.021505376344,20.0,-0.0,-0.0,0.0
2030-12-11 18:00:00,-0.0,-0.0,13436.021505376344,13436.021505376344,20.0,-0.0,-0.0,0.0
2030-12-11 19:00:00,-0.0,-0.0,13436.021505376344,13436.021505376344,20.0,-0.0,-0.0,0.0
2030-12-11 20:00:00,-0.0,-0.0,13436.021505376344,13436.021505376344,20.0,-0.0,-0.0,0.0
2030-12-11 21:00:00,-0.0,-0.0,13436.021505376344,13436.021505376344,20.0,-0.0,-0.0,0.0
2030-12-11 22:00:00,-0.0,-0.0,13436.021505376344,13436.021505376344,20.0,-0.0,-0.0,0.0
2030-12-11 23:00:00,-0.0,2462.9024821111293,10973.119023265215,13436.021505376344,20.0,-0.0,-0.0,0.0
2030-12-12 00:00:00,-0.0,-0.0,13436.021505376344,13436.021505376344,20.0,-0.0,-0.0,0.0
2030-12-12 01:00:00,-0.0,-0.0,13436.021505376344,13436.021505376344,20.0,-0.0,-0.0,0.0
2030-12-12 02:00:00,-0.0,-0.0,13436.021505376344,13436.021505376344,20.0,-0.0,-0.0,0.0
2030-12-12 03:00:00,13208.824088613834,-0.0,227.19741676251033,13436.021505376344,20.0,-0.0,-0.0,0.0
2030-12-12 04:00:00,13669.678730929374,-0.0,-0.0,13436.021505376344,20.0,33.657225553029114,23.56005788712038,200.0
2030-12-12 05:00:00,13669.678730929374,-0.0,-0.0,13436.021505376344,20.0,33.657225553029114,23.56005788712038,200.0
2030-12-12 06:00:00,13669.678730929374,-0.0,-0.0,13436.021505376344,20.0,33.657225553029114,23.56005788712038,200.0
2030-12-12 07:00:00,13669.678730929374,-0.0,-0.0,13436.021505376344,20.0,33.657225553029114,23.56005788712038,200.0
2030-12-12 08:00:00,13669.678730929374,-0.0,-0.0,13436.021505376344,20.0,33.657225553029114,23.56005788712038,200.0
2030-12-12 09:00:00,13669.678730929374,-0.0,-0.0,13436.021505376344,20.0,33.657225553029114,23.56005788712038,200.0
2030-12-12 10:00:00,13669.678730929374,-0.0,-0.0,13436.021505376344,20.0,33.657225553029114,23.56005788712038,200.0
2030-12-12 11:00:00,-0.0,13669.678730929374,-0.0,13436.021505376344,20.0,33.657225553029114,23.56005788712038,200.0
2030-12-12 12:00:00,-0.0,13669.678730929374,-0.0,13436.021505376344,20.0,33.657225553029114,23.56005788712038,200.0
2030-12-12 13:00:00,-0.0,13669.678730929374,-0.0,13436.021505376344,20.0,33.657225553029114,23.56005788712038,200.0
2030-12-12 14:00:00,-0.0,13669.678730929374,-0.0,13436.021505376344,20.0,33.657225553029114,23.56005788712038,200.0
2030-12-12 15:00:00,-0.0,13669.678730929374,-0.0,13436.021505376344,20.0,33.657225553029114,23.56005788712038,200.0
2030-12-12 16:00:00,-0.0,13669.678730929374,-0.0,13436.021505376344,20.0,33.657225553029114,23.56005788712038,200.0
2030-12-12 17:00:00,-0.0,13669.678730929374,-0.0,13436.021505376344,20.0,33.657225553029114,23.56005788712038,200.0
2030-12-12 18:00:00,-0.0,13669.678730929374,-0.0,13436.021505376344,20.0,33.657225553029114,23.56005788712038,200.0
2030-12-12 19:00:00,-0.0,13669.678730929374,-0.0,13436.021505376344,20.0,33.657225553029114,23.56005788712038,200.0
2030-12-12 20:00:00,-0.0,13669.678730929374,-0.0,13436.021505376344,20.0,33.657225553029114,23.56005788712038,200.0
2030-12-12 21:00:00,-0.0,13669.678730929374,-0.0,13436.021505376344,20.0,33.657225553029114,23.56005788712038,200.0
2030-12-12 22:00:00,-0.0,13669.678730929374,-0.0,13436.021505376344,20.0,33.657225553029114,23.56005788712038,200.0
2030-12-12 23:00:00,-0.0,13669.678730929374,-0.0,13436.021505376344,20.0,33.657225553029114,23.56005788712038,200.0
2030-12-13 00:00:00,-0.0,13669.678730929374,-0.0,13436.021505376344,20.0,33.657225553029114,23.56005788712038,200.0
2030-12-13 01:00:00,-0.0,13669.678730929374,-0.0,13436.021505376344,20.0,33.657225553029114,23.56005788712038,200.0
2030-12-13 02:00:00,-0.0,13669.678730929374,-0.0,13436.021505376344,20.0,33.657225553029114,23.56005788712038,200.0
2030-12-13 03:00:00,5288.520767904429,8381.157963024945,-0.0,13436.021505376344,20.0,33.657225553029114,23.56005788712038,200.0
2030-12-13 04:00:00,11922.567661186034,1747.1110697433396,-0.0,13436.021505376344,20.0,33.657225553029114,23.56005788712038,200.0
2030-12-13 05:00:00,13669.678730929374,-0.0,-0.0,13436.021505376344,20.0,33.657225553029114,23.56005788712038,200.0
2030-12-13 06:00:00,13669.678730929374,-0.0,-0.0,13436.021505376344,20.0,33.657225553029114,23.56005788712038,200.0
2030-12-13 07:00:00,13669.678730929374,-0.0,-0.0,13436.021505376344,20.0,33.657225553029114,23.56005788712038,200.0
2030-12-13 08:00:00,13669.678730929374,-0.0,-0.0,13436.021505376344,20.0,33.657225553029114,23.56005788712038,200.0
2030-12-13 09:00:00,13669.678730929374,-0.0,-0.0,13436.021505376344,20.0,33.657225553029114,23.56005788712038,200.0
2030-12-13 10:00:00,13669.678730929374,-0.0,-0.0,13436.021505376344,20.0,33.657225553029114,23.56005788712038,200.0
2030-12-13 11:00:00,-0.0,13669.678730929374,-0.0,13436.021505376344,20.0,33.657225553029114,23.56005788712038,200.0
2030-12-13 12:00:00,-0.0,13669.678730929374,-0.0,13436.021505376344,20.0,33.657225553029114,23.56005788712038,200.0
2030-12-13 13:00:00,-0.0,13669.678730929374,-0.0,13436.021505376344,20.0,33.657225553029114,23.56005788712038,200.0
2030-12-13 14:00:00,-0.0,13669.678730929374,-0.0,13436.021505376344,20.0,33.657225553029114,23.56005788712038,200.0
2030-12-13 15:00:00,-0.0,13669.678730929374,-0.0,13436.021505376344,20.0,33.657225553029114,23.56005788712038,200.0
2030-12-13 16:00:00,-0.0,13669.678730929374,-0.0,13436.021505376344,20.0,33.657225553029114,23.56005788712038,200.0
2030-12-13 17:00:00,-0.0,13669.678730929374,-0.0,13436.021505376344,20.0,33.657225553029114,23.56005788712038,200.0
2030-12-13 18:00:00,-0.0,13669.678730929374,-0.0,13436.021505376344,20.0,33.657225553029114,23.56005788712038,200.0
2030-12-13 19:00:00,-0.0,13669.678730929374,-0.0,13436.021505376344,20.0,33.657225553029114,23.56005788712038,200.0
2030-12-13 20:00:00,-0.0,13669.678730929374,-0.0,13436.021505376344,20.0,33.657225553029114,23.56005788712038,200.0
2030-12-13 21:00:00,-0.0,13669.678730929374,-0.0,13436.021505376344,20.0,33.657225553029114,23.56005788712038,200.0
2030-12-13 22:00:00,-0.0,13669.678730929374,-0.0,13436.021505376344,20.0,33.657225553029114,23.56005788712038,200.0
2030-12-13 23:00:00,-0.0,13669.678730929374,-0.0,13436.021505376344,20.0,33.657225553029114,23.56005788712038,200.0
2030-12-14 00:00:00,-0.0,13669.678730929374,-0.0,13436.021505376344,20.0,33.657225553029114,23.56005788712038,200.0
2030-12-14 01:00:00,-0.0,13669.678730929374,-0.0,13436.021505376344,20.0,33.657225553029114,23.56005788712038,200.0
2030-12-14 02:00:00,-0.0,13669.678730929374,-0.0,13436.021505376344,20.0,33.657225553029114,23.56005788712038,200.0
2030-12-14 03:00:00,-0.0,13669.678730929374,-0.0,13436.021505376344,20.0,33.657225553029114,23.56005788712038,200.0
2030-12-14 04:00:00,13669.678730929374,-0.0,-0.0,13436.021505376344,20.0,33.657225553029114,23.56005788712038,200.0
2030-12-14 05:00:00,13669.678730929374,-0.0,-0.0,13436.021505376344,20.0,33.657225553029114,23.56005788712038,200.0
2030-12-14 06:00:00,13669.678730929374,-0.0,-0.0,13436.021505376344,20.0,33.657225553029114,23.56005788712038,200.0
2030-12-14 07:00:00,13669.678730929374,-0.0,-0.0,13436.021505376344,20.0,33.657225553029114,23.56005788712038,200.0
2030-12-14 08:00:00,13669.678730929374,-0.0,-0.0,13436.021505376344,20.0,33.657225553029114,23.56005788712038,200.0
2030-12-14 09:00:00,13669.678730929374,-0.0,-0.0,13436.021505376344,20.0,33.657225553029114,23.56005788712038,200.0
2030-12-14 10:00:00,13669.678730929374,-0.0,-0.0,13436.021505376344,20.0,33.657225553029114,23.56005788712038,200.0
2030-12-14 11:00:00,-0.0,13669.678730929374,-0.0,13436.021505376344,20.0,33.657225553029114,23.56005788712038,200.0
2030-12-14 12:00:00,-0.0,13669.678730929374,-0.0,13436.021505376344,20.0,33.657225553029114,23.56005788712038,200.0
2030-12-14 13:00:00,-0.0,13669.678730929374,-0.0,13436.021505376344,20.0,33.657225553029114,23.56005788712038,200.0
2030-12-14 14:00:00,-0.0,13669.678730929374,-0.0,13436.021505376344,20.0,33.657225553029114,23.56005788712038,200.0
2030-12-14 15:00:00,-0.0,13669.678730929374,-0.0,13436.021505376344,20.0,33.657225553029114,23.56005788712038,200.0
2030-12-14 16:00:00,-0.0,13669.678730929374,-0.0,13436.021505376344,20.0,33.657225553029114,23.56005788712038,200.0
2030-12-14 17:00:00,-0.0,13669.678730929374,-0.0,13436.021505376344,20.0,33.657225553029114,23.56005788712038,200.0
2030-12-14 18:00:00,-0.0,13669.678730929374,-0.0,13436.021505376344,20.0,33.657225553029114,23.56005788712038,200.0
2030-12-14 19:00:00,-0.0,13669.678730929374,-0.0,13436.021505376344,20.0,33.657225553029114,23.56005788712038,200.0
2030-12-14 20:00:00,-0.0,13669.678730929374,-0.0,13436.021505376344,20.0,33.657225553029114,23.56005788712038,200.0
2030-12-14 21:00:00,-0.0,13669.678730929374,-0.0,13436.021505376344,20.0,33.657225553029114,23.56005788712038,200.0
2030-12-14 22:00:00,-0.0,13669.678730929374,-0.0,13436.021505376344,20.0,33.657225553029114,23.56005788712038,200.0
2030-12-14 23:00:00,-0.0,13669.678730929374,-0.0,13436.021505376344,20.0,33.657225553029114,23.56005788712038,200.0
2030-12-15 00:00:00,-0.0,13669.678730929374,-0.0,13436.021505376344,20.0,33.657225553029114,23.56005788712038,200.0
2030-12-15 01:00:00,-0.0,13669.678730929374,-0.0,13436.021505376344,20.0,33.657225553029114,23.56005788712038,200.0
2030-12-15 02:00:00,-0.0,13669.678730929374,-0.0,13436.021505376344,20.0,33.657225553029114,23.56005788712038,200.0
2030-12-15 03:00:00,13669.678730929374,-0.0,-0.0,13436.021505376344,20.0,33.657225553029114,23.56005788712038,200.0
2030-12-15 04:00:00,13669.678730929374,-0.0,-0.0,13436.021505376344,20.0,33.657225553029114,23.56005788712038,200.0
2030-12-15 05:00:00,13669.678730929374,-0.0,-0.0,13436.021505376344,20.0,33.657225553029114,23.56005788712038,200.0
2030-12-15 06:00:00,13669.678730929374,-0.0,-0.0,13436.021505376344,20.0,33.657225553029114,23.56005788712038,200.0
2030-12-15 07:00:00,13669.678730929374,-0.0,-0.0,13436.021505376344,20.0,33.657225553029114,23.56005788712038,200.0
2030-12-15 08:00:00,13669.678730929374,-0.0,-0.0,13436.021505376344,20.0,33.657225553029114,23.56005788712038,200.0
2030-12-15 09:00:00,13669.678730929374,-0.0,-0.0,13436.021505376344,20.0,33.657225553029114,23.56005788712038,200.0
2030-12-15 10:00:00,13669.678730929374,-0.0,-0.0,13436.021505376344,20.0,33.657225553029114,23.56005788712038,200.0
2030-12-15 11:00:00,-0.0,13669.678730929374,-0.0,13436.021505376344,20.0,33.657225553029114,23.56005788712038,200.0
2030-12-15 12:00:00,-0.0,13669.678730929374,-0.0,13436.021505376344,20.0,33.657225553029114,23.56005788712038,200.0
2030-12-15 13:00:00,-0.0,13669.678730929374,-0.0,13436.021505376344,20.0,33.657225553029114,23.56005788712038,200.0
2030-12-15 14:00:00,-0.0,13669.678730929374,-0.0,13436.021505376344,20.0,33.657225553029114,23.56005788712038,200.0
2030-12-15 15:00:00,-0.0,13669.678730929374,-0.0,13436.021505376344,20.0,33.657225553029114,23.56005788712038,200.0
2030-12-15 16:00:00,-0.0,13669.678730929374,-0.0,13436.021505376344,20.0,33.657225553029114,23.56005788712038,200.0
2030-12-15 17:00:00,-0.0,13669.678730929374,-0.0,13436.021505376344,20.0,33.657225553029114,23.56005788712038,200.0
2030-12-15 18:00:00,-0.0,13669.678730929374,-0.0,13436.021505376344,20.0,33.657225553029114,23.56005788712038,200.0
2030-12-15 19:00:00,-0.0,13669.678730929374,-0.0,13436.021505376344,20.0,33.657225553029114,23.56005788712038,200.0
2030-12-15 20:00:00,-0.0,13669.678730929374,-0.0,13436.021505376344,20.0,33.657225553029114,23.56005788712038,200.0
2030-12-15 21:00:00,-0.0,13669.678730929374,-0.0,13436.021505376344,20.0,33.657225553029114,23.56005788712038,200.0
2030-12-15 22:00:00,-0.0,13669.678730929374,-0.0,13436.021505376344,20.0,33.657225553029114,23.56005788712038,200.0
2030-12-15 23:00:00,-0.0,13669.678730929374,-0.0,13436.021505376344,20.0,33.657225553029114,23.56005788712038,200.0
2030-12-16 00:00:00,-0.0,13669.678730929374,-0.0,13436.021505376344,20.0,33.657225553029114,23.56005788712038,200.0
2030-12-16 01:00:00,-0.0,13669.678730929374,-0.0,13436.021505376344,20.0,33.657225553029114,23.56005788712038,200.0
2030-12-16 02:00:00,-0.0,13669.678730929374,-0.0,13436.021505376344,20.0,33.657225553029114,23.56005788712038,200.0
2030-12-16 03:00:00,-0.0,13669.678730929374,-0.0,13436.021505376344,20.0,33.657225553029114,23.56005788712038,200.0
2030-12-16 04:00:00,13669.678730929374,-0.0,-0.0,13436.021505376344,20.0,33.657225553029114,23.56005788712038,200.0
2030-12-16 05:00:00,13669.678730929374,-0.0,-0.0,13436.021505376344,20.0,33.657225553029114,23.56005788712038,200.0
2030-12-16 06:00:00,13669.678730929374,-0.0,-0.0,13436.021505376344,20.0,33.657225553029114,23.56005788712038,200.0
2030-12-16 07:00:00,13669.678730929374,-0.0,-0.0,13436.021505376344,20.0,33.657225553029114,23.56005788712038,200.0
2030-12-16 08:00:00,13669.678730929374,-0.0,-0.0,13436.021505376344,20.0,33.657225553029114,23.56005788712038,200.0
2030-12-16 09:00:00,-0.0,13669.678730929374,-0.0,13436.021505376344,20.0,33.657225553029114,23.56005788712038,200.0
2030-12-16 10:00:00,13669.678730929374,-0.0,-0.0,13436.021505376344,20.0,33.657225553029114,23.56005788712038,200.0
2030-12-16 11:00:00,-0.0,13669.678730929374,-0.0,13436.021505376344,20.0,33.657225553029114,23.56005788712038,200.0
2030-12-16 12:00:00,-0.0,13669.678730929374,-0.0,13436.021505376344,20.0,33.657225553029114,23.56005788712038,200.0
2030-12-16 13:00:00,-0.0,13669.678730929374,-0.0,13436.021505376344,20.0,33.657225553029114,23.56005788712038,200.0
2030-12-16 14:00:00,-0.0,13669.678730929374,-0.0,13436.021505376344,20.0,33.657225553029114,23.56005788712038,200.0
2030-12-16 15:00:00,-0.0,13669.678730929374,-0.0,13436.021505376344,20.0,33.657225553029114,23.56005788712038,200.0
2030-12-16 16:00:00,-0.0,13669.678730929374,-0.0,13436.021505376344,20.0,33.657225553029114,23.56005788712038,200.0
2030-12-16 17:00:00,-0.0,13669.678730929374,-0.0,13436.021505376344,20.0,33.657225553029114,23.56005788712038,200.0
2030-12-16 18:00:00,-0.0,13669.678730929374,-0.0,13436.021505376344,20.0,33.657225553029114,23.56005788712038,200.0
2030-12-16 19:00:00,-0.0,13669.678730929374,-0.0,13436.021505376344,20.0,33.657225553029114,23.56005788712038,200.0
2030-12-16 20:00:00,-0.0,13669.678730929374,-0.0,13436.021505376344,20.0,33.657225553029114,23.56005788712038,200.0
2030-12-16 21:00:00,-0.0,13669.678730929374,-0.0,13436.021505376344,20.0,33.657225553029114,23.56005788712038,200.0
2030-12-16 22:00:00,-0.0,13669.678730929374,-0.0,13436.021505376344,20.0,33.657225553029114,23.56005788712038,200.0
2030-12-16 23:00:00,-0.0,13669.678730929374,-0.0,13436.021505376344,20.0,33.657225553029114,23.56005788712038,200.0
2030-12-17 00:00:00,-0.0,13669.678730929374,-0.0,13436.021505376344,20.0,33.657225553029114,23.56005788712038,200.0
2030-12-17 01:00:00,-0.0,13669.678730929374,-0.0,13436.021505376344,20.0,33.657225553029114,23.56005788712038,200.0
2030-12-17 02:00:00,-0.0,13669.678730929374,-0.0,13436.021505376344,20.0,33.657225553029114,23.56005788712038,200.0
2030-12-17 03:00:00,13669.678730929374,-0.0,-0.0,13436.021505376344,20.0,33.657225553029114,23.56005788712038,200.0
2030-12-17 04:00:00,13669.678730929374,-0.0,-0.0,13436.021505376344,20.0,33.657225553029114,23.56005788712038,200.0
2030-12-17 05:00:00,-0.0,13669.678730929374,-0.0,13436.021505376344,20.0,33.657225553029114,23.56005788712038,200.0
2030-12-17 06:00:00,13669.678730929374,-0.0,-0.0,13436.021505376344,20.0,33.657225553029114,23.56005788712038,200.0
2030-12-17 07:00:00,13669.678730929374,-0.0,-0.0,13436.021505376344,20.0,33.657225553029114,23.56005788712038,200.0
2030-12-17 08:00:00,13669.678730929374,-0.0,-0.0,13436.021505376344,20.0,33.657225553029114,23.56005788712038,200.0
2030-12-17 09:00:00,-0.0,13669.678730929374,-0.0,13436.021505376344,20.0,33.657225553029114,23.56005788712038,200.0
2030-12-17 10:00:00,13669.678730929374,-0.0,-0.0,13436.021505376344,20.0,33.657225553029114,23.56005788712038,200.0
2030-12-17 11:00:00,-0.0,13669.678730929374,-0.0,13436.021505376344,20.0,33.657225553029114,23.56005788712038,200.0
2030-12-17 12:00:00,-0.0,13669.678730929374,-0.0,13436.021505376344,20.0,33.657225553029114,23.56005788712038,200.0
2030-12-17 13:00:00,-0.0,13669.678730929374,-0.0,13436.021505376344,20.0,33.657225553029114,23.56005788712038,200.0
2030-12-17 14:00:00,-0.0,13669.678730929374,-0.0,13436.021505376344,20.0,33.657225553029114,23.56005788712038,200.0
2030-12-17 15:00:00,-0.0,13669.678730929374,-0.0,13436.021505376344,20.0,33.657225553029114,23.56005788712038,200.0
2030-12-17 16:00:00,-0.0,13669.678730929374,-0.0,13436.021505376344,20.0,33.657225553029114,23.56005788712038,200.0
2030-12-17 17:00:00,-0.0,13669.678730929374,-0.0,13436.021505376344,20.0,33.657225553029114,23.56005788712038,200.0
2030-12-17 18:00:00,-0.0,13669.678730929374,-0.0,13436.021505376344,20.0,33.657225553029114,23.56005788712038,200.0
2030-12-17 19:00:00,-0.0,13669.678730929374,-0.0,13436.021505376344,20.0,33.657225553029114,23.56005788712038,200.0
2030-12-17 20:00:00,-0.0,13669.678730929374,-0.0,13436.021505376344,20.0,33.657225553029114,23.56005788712038,200.0
2030-12-17 21:00:00,-0.0,13669.678730929374,-0.0,13436.021505376344,20.0,33.657225553029114,23.56005788712038,200.0
2030-12-17 22:00:00,-0.0,13669.678730929374,-0.0,13436.021505376344,20.0,33.657225553029114,23.56005788712038,200.0
2030-12-17 23:00:00,-0.0,13669.678730929374,-0.0,13436.021505376344,20.0,33.657225553029114,23.56005788712038,200.0
2030-12-18 00:00:00,-0.0,13669.678730929374,-0.0,13436.021505376344,20.0,33.657225553029114,23.56005788712038,200.0
2030-12-18 01:00:00,-0.0,13669.678730929374,-0.0,13436.021505376344,20.0,33.657225553029114,23.56005788712038,200.0
2030-12-18 02:00:00,-0.0,13669.678730929374,-0.0,13436.021505376344,20.0,33.657225553029114,23.56005788712038,200.0
2030-12-18 03:00:00,13669.678730929374,-0.0,-0.0,13436.021505376344,20.0,33.657225553029114,23.56005788712038,200.0
2030-12-18 04:00:00,13669.678730929374,-0.0,-0.0,13436.021505376344,20.0,33.657225553029114,23.56005788712038,200.0
2030-12-18 05:00:00,13669.678730929374,-0.0,-0.0,13436.021505376344,20.0,33.657225553029114,23.56005788712038,200.0
2030-12-18 06:00:00,13669.678730929374,-0.0,-0.0,13436.021505376344,20.0,33.657225553029114,23.56005788712038,200.0
2030-12-18 07:00:00,13669.678730929374,-0.0,-0.0,13436.021505376344,20.0,33.657225553029114,23.56005788712038,200.0
2030-12-18 08:00:00,13669.678730929374,-0.0,-0.0,13436.021505376344,20.0,33.657225553029114,23.56005788712038,200.0
2030-12-18 09:00:00,13669.678730929374,-0.0,-0.0,13436.021505376344,20.0,33.657225553029114,23.56005788712038,200.0
2030-12-18 10:00:00,13669.678730929374,-0.0,-0.0,13436.021505376344,20.0,33.657225553029114,23.56005788712038,200.0
2030-12-18 11:00:00,-0.0,13669.678730929374,-0.0,13436.021505376344,20.0,33.657225553029114,23.56005788712038,200.0
2030-12-18 12:00:00,-0.0,13669.678730929374,-0.0,13436.021505376344,20.0,33.657225553029114,23.56005788712038,200.0
2030-12-18 13:00:00,-0.0,13669.678730929374,-0.0,13436.021505376344,20.0,33.657225553029114,23.56005788712038,200.0
2030-12-18 14:00:00,-0.0,13669.678730929374,-0.0,13436.021505376344,20.0,33.657225553029114,23.56005788712038,200.0
2030-12-18 15:00:00,-0.0,13669.678730929374,-0.0,13436.021505376344,20.0,33.657225553029114,23.56005788712038,200.0
2030-12-18 16:00:00,-0.0,13669.678730929374,-0.0,13436.021505376344,20.0,33.657225553029114,23.56005788712038,200.0
2030-12-18 17:00:00,-0.0,13597.815968670624,-0.0,13436.021505376344,20.0,33.657225553029114,23.56005788712038,128.13723774124992
2030-12-18 18:00:00,-0.0,9346.303546529733,4089.7179588466115,13436.021505376344,20.0,-0.0,-0.0,0.0
2030-12-18 19:00:00,-0.0,1045.7316747308414,12390.289830645503,13436.021505376344,20.0,-0.0,-0.0,0.0
2030-12-18 20:00:00,-0.0,-0.0,13436.021505376344,13436.021505376344,20.0,-0.0,-0.0,0.0
2030-12-18 21:00:00,-0.0,1045.7316747308414,12390.289830645503,13436.021505376344,20.0,-0.0,-0.0,0.0
2030-12-18 22:00:00,-0.0,3677.6203170085287,9758.401188367816,13436.021505376344,20.0,-0.0,-0.0,0.0
2030-12-18 23:00:00,-0.0,7929.132739149419,5506.888766226925,13436.021505376344,20.0,-0.0,-0.0,0.0
2030-12-19 00:00:00,-0.0,7929.132739149419,5506.888766226925,13436.021505376344,20.0,-0.0,-0.0,0.0
2030-12-19 01:00:00,-0.0,13669.678730929374,-0.0,13436.021505376344,20.0,33.657225553029114,23.56005788712038,200.0
2030-12-19 02:00:00,-0.0,13669.678730929374,-0.0,13436.021505376344,20.0,33.657225553029114,23.56005788712038,200.0
2030-12-19 03:00:00,13669.678730929374,-0.0,-0.0,13436.021505376344,20.0,33.657225553029114,23.56005788712038,200.0
2030-12-19 04:00:00,13669.678730929374,-0.0,-0.0,13436.021505376344,20.0,33.657225553029114,23.56005788712038,200.0
2030-12-19 05:00:00,13669.678730929374,-0.0,-0.0,13436.021505376344,20.0,33.657225553029114,23.56005788712038,200.0
2030-12-19 06:00:00,13669.678730929374,-0.0,-0.0,13436.021505376344,20.0,33.657225553029114,23.56005788712038,200.0
2030-12-19 07:00:00,13669.678730929374,-0.0,-0.0,13436.021505376344,20.0,33.657225553029114,23.56005788712038,200.0
2030-12-19 08:00:00,13669.678730929374,-0.0,-0.0,13436.021505376344,20.0,33.657225553029114,23.56005788712038,200.0
2030-12-19 09:00:00,13669.678730929374,-0.0,-0.0,13436.021505376344,20.0,33.657225553029114,23.56005788712038,200.0
2030-12-19 10:00:00,13669.678730929374,-0.0,-0.0,13436.021505376344,20.0,33.657225553029114,23.56005788712038,200.0
2030-12-19 11:00:00,-0.0,13669.678730929374,-0.0,13436.021505376344,20.0,33.657225553029114,23.56005788712038,200.0
2030-12-19 12:00:00,-0.0,13669.678730929374,-0.0,13436.021505376344,20.0,33.657225553029114,23.56005788712038,200.0
2030-12-19 13:00:00,-0.0,13669.678730929374,-0.0,13436.021505376344,20.0,33.657225553029114,23.56005788712038,200.0
2030-12-19 14:00:00,-0.0,13669.678730929374,-0.0,13436.021505376344,20.0,33.657225553029114,23.56005788712038,200.0
2030-12-19 15:00:00,-0.0,13669.678730929374,-0.0,13436.021505376344,20.0,33.657225553029114,23.56005788712038,200.0
2030-12-19 16:00:00,-0.0,13669.678730929374,-0.0,13436.021505376344,20.0,33.657225553029114,23.56005788712038,200.0
2030-12-19 17:00:00,-0.0,13669.678730929374,-0.0,13436.021505376344,20.0,33.657225553029114,23.56005788712038,200.0
2030-12-19 18:00:00,-0.0,13669.678730929374,-0.0,13436.021505376344,20.0,33.657225553029114,23.56005788712038,200.0
2030-12-19 19:00:00,-0.0,13669.678730929374,-0.0,13436.021505376344,20.0,33.657225553029114,23.56005788712038,200.0
2030-12-19 20:00:00,-0.0,13669.678730929374,-0.0,13436.021505376344,20.0,33.657225553029114,23.56005788712038,200.0
2030-12-19 21:00:00,-0.0,13669.678730929374,-0.0,13436.021505376344,20.0,33.657225553029114,23.56005788712038,200.0
2030-12-19 22:00:00,-0.0,13669.678730929374,-0.0,13436.021505376344,20.0,33.657225553029114,23.56005788712038,200.0
2030-12-19 23:00:00,-0.0,13669.678730929374,-0.0,13436.021505376344,20.0,33.657225553029114,23.56005788712038,200.0
2030-12-20 00:00:00,-0.0,13669.678730929374,-0.0,13436.021505376344,20.0,33.657225553029114,23.56005788712038,200.0
2030-12-20 01:00:00,-0.0,13669.678730929374,-0.0,13436.021505376344,20.0,33.657225553029114,23.56005788712038,200.0
2030-12-20 02:00:00,-0.0,13669.678730929374,-0.0,13436.021505376344,20.0,33.657225553029114,23.56005788712038,200.0
2030-12-20 03:00:00,8013.88705431369,5655.791676615684,-0.0,13436.021505376344,20.0,33.657225553029114,23.56005788712038,200.0
2030-12-20 04:00:00,-0.0,13669.678730929374,-0.0,13436.021505376344,20.0,33.657225553029114,23.56005788712038,200.0
2030-12-20 05:00:00,13669.678730929374,-0.0,-0.0,13436.021505376344,20.0,33.657225553029114,23.56005788712038,200.0
2030-12-20 06:00:00,13669.678730929374,-0.0,-0.0,13436.021505376344,20.0,33.657225553029114,23.56005788712038,200.0
2030-12-20 07:00:00,13669.678730929374,-0.0,-0.0,13436.021505376344,20.0,33.657225553029114,23.56005788712038,200.0
2030-12-20 08:00:00,13669.678730929374,-0.0,-0.0,13436.021505376344,20.0,33.657225553029114,23.56005788712038,200.0
2030-12-20 09:00:00,13669.678730929374,-0.0,-0.0,13436.021505376344,20.0,33.657225553029114,23.56005788712038,200.0
2030-12-20 10:00:00,7767.449889155738,5902.228841773636,-0.0,13436.021505376344,20.0,33.657225553029114,23.56005788712038,200.0
2030-12-20 11:00:00,-0.0,13669.678730929374,-0.0,13436.021505376344,20.0,33.657225553029114,23.56005788712038,200.0
2030-12-20 12:00:00,-0.0,13669.678730929374,-0.0,13436.021505376344,20.0,33.657225553029114,23.56005788712038,200.0
2030-12-20 13:00:00,-0.0,13669.678730929374,-0.0,13436.021505376344,20.0,33.657225553029114,23.56005788712038,200.0
2030-12-20 14:00:00,-0.0,6511.96193176913,6924.059573607214,13436.021505376344,20.0,-0.0,-0.0,0.0
2030-12-20 15:00:00,-0.0,1045.7316747308414,12390.289830645503,13436.021505376344,20.0,-0.0,-0.0,0.0
2030-12-20 16:00:00,-0.0,-0.0,13436.021505376344,13436.021505376344,20.0,-0.0,-0.0,0.0
2030-12-20 17:00:00,-0.0,-0.0,13436.021505376344,13436.021505376344,20.0,-0.0,-0.0,0.0
2030-12-20 18:00:00,-0.0,-0.0,13436.021505376344,13436.021505376344,20.0,-0.0,-0.0,0.0
2030-12-20 19:00:00,-0.0,-0.0,13436.021505376344,13436.021505376344,20.0,-0.0,-0.0,0.0
2030-12-20 20:00:00,-0.0,-0.0,13436.021505376344,13436.021505376344,20.0,-0.0,-0.0,0.0
2030-12-20 21:00:00,-0.0,-0.0,13436.021505376344,13436.021505376344,20.0,-0.0,-0.0,0.0
2030-12-20 22:00:00,-0.0,-0.0,13436.021505376344,13436.021505376344,20.0,-0.0,-0.0,0.0
2030-12-20 23:00:00,-0.0,-0.0,13436.021505376344,13436.021505376344,20.0,-0.0,-0.0,0.0
2030-12-21 00:00:00,-0.0,-0.0,13436.021505376344,13436.021505376344,20.0,-0.0,-0.0,0.0
2030-12-21 01:00:00,-0.0,-0.0,13436.021505376344,13436.021505376344,20.0,-0.0,-0.0,0.0
2030-12-21 02:00:00,-0.0,-0.0,13436.021505376344,13436.021505376344,20.0,-0.0,-0.0,0.0
2030-12-21 03:00:00,2888.6179105856277,-0.0,10547.403594790716,13436.021505376344,20.0,-0.0,-0.0,0.0
2030-12-21 04:00:00,8267.602954307533,-0.0,5168.418551068811,13436.021505376344,20.0,-0.0,-0.0,0.0
2030-12-21 05:00:00,13669.678730929374,-0.0,-0.0,13436.021505376344,20.0,33.657225553029114,23.56005788712038,200.0
2030-12-21 06:00:00,13669.678730929374,-0.0,-0.0,13436.021505376344,20.0,33.657225553029114,23.56005788712038,200.0
2030-12-21 07:00:00,13669.678730929374,-0.0,-0.0,13436.021505376344,20.0,33.657225553029114,23.56005788712038,200.0
2030-12-21 08:00:00,13669.678730929374,-0.0,-0.0,13436.021505376344,20.0,33.657225553029114,23.56005788712038,200.0
2030-12-21 09:00:00,13669.678730929374,-0.0,-0.0,13436.021505376344,20.0,33.657225553029114,23.56005788712038,200.0
2030-12-21 10:00:00,6849.289480571464,6820.38925035791,-0.0,13436.021505376344,20.0,33.657225553029114,23.56005788712038,200.0
2030-12-21 11:00:00,-0.0,13669.678730929374,-0.0,13436.021505376344,20.0,33.657225553029114,23.56005788712038,200.0
2030-12-21 12:00:00,-0.0,13669.678730929374,-0.0,13436.021505376344,20.0,33.657225553029114,23.56005788712038,200.0
2030-12-21 13:00:00,-0.0,13669.678730929374,-0.0,13436.021505376344,20.0,33.657225553029114,23.56005788712038,200.0
2030-12-21 14:00:00,-0.0,13669.678730929374,-0.0,13436.021505376344,20.0,33.657225553029114,23.56005788712038,200.0
2030-12-21 15:00:00,-0.0,13597.815968670624,-0.0,13436.021505376344,20.0,33.657225553029114,23.56005788712038,128.13723774124992
2030-12-21 16:00:00,-0.0,13597.815968670624,-0.0,13436.021505376344,20.0,33.657225553029114,23.56005788712038,128.13723774124992
2030-12-21 17:00:00,-0.0,13669.678730929374,-0.0,13436.021505376344,20.0,33.657225553029114,23.56005788712038,200.0
2030-12-21 18:00:00,-0.0,13669.678730929374,-0.0,13436.021505376344,20.0,33.657225553029114,23.56005788712038,200.0
2030-12-21 19:00:00,-0.0,13669.678730929374,-0.0,13436.021505376344,20.0,33.657225553029114,23.56005788712038,200.0
2030-12-21 20:00:00,-0.0,13669.678730929374,-0.0,13436.021505376344,20.0,33.657225553029114,23.56005788712038,200.0
2030-12-21 21:00:00,-0.0,13669.678730929374,-0.0,13436.021505376344,20.0,33.657225553029114,23.56005788712038,200.0
2030-12-21 22:00:00,-0.0,13669.678730929374,-0.0,13436.021505376344,20.0,33.657225553029114,23.56005788712038,200.0
2030-12-21 23:00:00,-0.0,13669.678730929374,-0.0,13436.021505376344,20.0,33.657225553029114,23.56005788712038,200.0
2030-12-22 00:00:00,-0.0,13669.678730929374,-0.0,13436.021505376344,20.0,33.657225553029114,23.56005788712038,200.0
2030-12-22 01:00:00,-0.0,13669.678730929374,-0.0,13436.021505376344,20.0,33.657225553029114,23.56005788712038,200.0
2030-12-22 02:00:00,-0.0,13669.678730929374,-0.0,13436.021505376344,20.0,33.657225553029114,23.56005788712038,200.0
2030-12-22 03:00:00,7255.858812118973,6413.819918810401,-0.0,13436.021505376344,20.0,33.657225553029114,23.56005788712038,200.0
2030-12-22 04:00:00,13669.678730929374,-0.0,-0.0,13436.021505376344,20.0,33.657225553029114,23.56005788712038,200.0
2030-12-22 05:00:00,13669.678730929374,-0.0,-0.0,13436.021505376344,20.0,33.657225553029114,23.56005788712038,200.0
2030-12-22 06:00:00,13669.678730929374,-0.0,-0.0,13436.021505376344,20.0,33.657225553029114,23.56005788712038,200.0
2030-12-22 07:00:00,13669.678730929374,-0.0,-0.0,13436.021505376344,20.0,33.657225553029114,23.56005788712038,200.0
2030-12-22 08:00:00,13669.678730929374,-0.0,-0.0,13436.021505376344,20.0,33.657225553029114,23.56005788712038,200.0
2030-12-22 09:00:00,13669.678730929374,-0.0,-0.0,13436.021505376344,20.0,33.657225553029114,23.56005788712038,200.0
2030-12-22 10:00:00,13669.678730929374,-0.0,-0.0,13436.021505376344,20.0,33.657225553029114,23.56005788712038,200.0
2030-12-22 11:00:00,-0.0,13669.678730929374,-0.0,13436.021505376344,20.0,33.657225553029114,23.56005788712038,200.0
2030-12-22 12:00:00,-0.0,13669.678730929374,-0.0,13436.021505376344,20.0,33.657225553029114,23.56005788712038,200.0
2030-12-22 13:00:00,-0.0,13669.678730929374,-0.0,13436.021505376344,20.0,33.657225553029114,23.56005788712038,200.0
2030-12-22 14:00:00,-0.0,13669.678730929374,-0.0,13436.021505376344,20.0,33.657225553029114,23.56005788712038,200.0
2030-12-22 15:00:00,-0.0,13669.678730929374,-0.0,13436.021505376344,20.0,33.657225553029114,23.56005788712038,200.0
2030-12-22 16:00:00,-0.0,13669.678730929374,-0.0,13436.021505376344,20.0,33.657225553029114,23.56005788712038,200.0
2030-12-22 17:00:00,-0.0,13669.678730929374,-0.0,13436.021505376344,20.0,33.657225553029114,23.56005788712038,200.0
2030-12-22 18:00:00,-0.0,13669.678730929374,-0.0,13436.021505376344,20.0,33.657225553029114,23.56005788712038,200.0
2030-12-22 19:00:00,-0.0,13669.678730929374,-0.0,13436.021505376344,20.0,33.657225553029114,23.56005788712038,200.0
2030-12-22 20:00:00,-0.0,13669.678730929374,-0.0,13436.021505376344,20.0,33.657225553029114,23.56005788712038,200.0
2030-12-22 21:00:00,-0.0,13669.678730929374,-0.0,13436.021505376344,20.0,33.657225553029114,23.56005788712038,200.0
2030-12-22 22:00:00,-0.0,13669.678730929374,-0.0,13436.021505376344,20.0,33.657225553029114,23.56005788712038,200.0
2030-12-22 23:00:00,-0.0,13669.678730929374,-0.0,13436.021505376344,20.0,33.657225553029114,23.56005788712038,200.0
2030-12-23 00:00:00,-0.0,13669.678730929374,-0.0,13436.021505376344,20.0,33.657225553029114,23.56005788712038,200.0
2030-12-23 01:00:00,-0.0,13669.678730929374,-0.0,13436.021505376344,20.0,33.657225553029114,23.56005788712038,200.0
2030-12-23 02:00:00,-0.0,13669.678730929374,-0.0,13436.021505376344,20.0,33.657225553029114,23.56005788712038,200.0
2030-12-23 03:00:00,12235.553259129258,1434.1254718001164,-0.0,13436.021505376344,20.0,33.657225553029114,23.56005788712038,200.0
2030-12-23 04:00:00,13669.678730929374,-0.0,-0.0,13436.021505376344,20.0,33.657225553029114,23.56005788712038,200.0
2030-12-23 05:00:00,13669.678730929374,-0.0,-0.0,13436.021505376344,20.0,33.657225553029114,23.56005788712038,200.0
2030-12-23 06:00:00,13669.678730929374,-0.0,-0.0,13436.021505376344,20.0,33.657225553029114,23.56005788712038,200.0
2030-12-23 07:00:00,13669.678730929374,-0.0,-0.0,13436.021505376344,20.0,33.657225553029114,23.56005788712038,200.0
2030-12-23 08:00:00,13669.678730929374,-0.0,-0.0,13436.021505376344,20.0,33.657225553029114,23.56005788712038,200.0
2030-12-23 09:00:00,13669.678730929374,-0.0,-0.0,13436.021505376344,20.0,33.657225553029114,23.56005788712038,200.0
2030-12-23 10:00:00,13669.678730929374,-0.0,-0.0,13436.021505376344,20.0,33.657225553029114,23.56005788712038,200.0
2030-12-23 11:00:00,-0.0,13669.678730929374,-0.0,13436.021505376344,20.0,33.657225553029114,23.56005788712038,200.0
2030-12-23 12:00:00,-0.0,13669.678730929374,-0.0,13436.021505376344,20.0,33.657225553029114,23.56005788712038,200.0
2030-12-23 13:00:00,-0.0,13669.678730929374,-0.0,13436.021505376344,20.0,33.657225553029114,23.56005788712038,200.0
2030-12-23 14:00:00,-0.0,13669.678730929374,-0.0,13436.021505376344,20.0,33.657225553029114,23.56005788712038,200.0
2030-12-23 15:00:00,-0.0,13669.678730929374,-0.0,13436.021505376344,20.0,33.657225553029114,23.56005788712038,200.0
2030-12-23 16:00:00,-0.0,13669.678730929374,-0.0,13436.021505376344,20.0,33.657225553029114,23.56005788712038,200.0
2030-12-23 17:00:00,-0.0,13669.678730929374,-0.0,13436.021505376344,20.0,33.657225553029114,23.56005788712038,200.0
2030-12-23 18:00:00,-0.0,13669.678730929374,-0.0,13436.021505376344,20.0,33.657225553029114,23.56005788712038,200.0
2030-12-23 19:00:00,-0.0,13669.678730929374,-0.0,13436.021505376344,20.0,33.657225553029114,23.56005788712038,200.0
2030-12-23 20:00:00,-0.0,13669.678730929374,-0.0,13436.021505376344,20.0,33.657225553029114,23.56005788712038,200.0
2030-12-23 21:00:00,-0.0,13669.678730929374,-0.0,13436.021505376344,20.0,33.657225553029114,23.56005788712038,200.0
2030-12-23 22:00:00,-0.0,13669.678730929374,-0.0,13436.021505376344,20.0,33.657225553029114,23.56005788712038,200.0
2030-12-23 23:00:00,-0.0,13669.678730929374,-0.0,13436.021505376344,20.0,33.657225553029114,23.56005788712038,200.0
2030-12-24 00:00:00,-0.0,13669.678730929374,-0.0,13436.021505376344,20.0,33.657225553029114,23.56005788712038,200.0
2030-12-24 01:00:00,-0.0,12180.645161290322,1255.376344086022,13436.021505376344,20.0,-0.0,-0.0,0.0
2030-12-24 02:00:00,-0.0,12180.645161290322,1255.376344086022,13436.021505376344,20.0,-0.0,-0.0,0.0
2030-12-24 03:00:00,5184.538841677444,8485.13988925193,-0.0,13436.021505376344,20.0,33.657225553029114,23.56005788712038,200.0
2030-12-24 04:00:00,13669.678730929374,-0.0,-0.0,13436.021505376344,20.0,33.657225553029114,23.56005788712038,200.0
2030-12-24 05:00:00,13669.678730929374,-0.0,-0.0,13436.021505376344,20.0,33.657225553029114,23.56005788712038,200.0
2030-12-24 06:00:00,13669.678730929374,-0.0,-0.0,13436.021505376344,20.0,33.657225553029114,23.56005788712038,200.0
2030-12-24 07:00:00,13669.678730929374,-0.0,-0.0,13436.021505376344,20.0,33.657225553029114,23.56005788712038,200.0
2030-12-24 08:00:00,13669.678730929374,-0.0,-0.0,13436.021505376344,20.0,33.657225553029114,23.56005788712038,200.0
2030-12-24 09:00:00,13669.678730929374,-0.0,-0.0,13436.021505376344,20.0,33.657225553029114,23.56005788712038,200.0
2030-12-24 10:00:00,13669.678730929374,-0.0,-0.0,13436.021505376344,20.0,33.657225553029114,23.56005788712038,200.0
2030-12-24 11:00:00,-0.0,13669.678730929374,-0.0,13436.021505376344,20.0,33.657225553029114,23.56005788712038,200.0
2030-12-24 12:00:00,-0.0,13669.678730929374,-0.0,13436.021505376344,20.0,33.657225553029114,23.56005788712038,200.0
2030-12-24 13:00:00,-0.0,13669.678730929374,-0.0,13436.021505376344,20.0,33.657225553029114,23.56005788712038,200.0
2030-12-24 14:00:00,-0.0,13669.678730929374,-0.0,13436.021505376344,20.0,33.657225553029114,23.56005788712038,200.0
2030-12-24 15:00:00,-0.0,13669.678730929374,-0.0,13436.021505376344,20.0,33.657225553029114,23.56005788712038,200.0
2030-12-24 16:00:00,-0.0,13669.678730929374,-0.0,13436.021505376344,20.0,33.657225553029114,23.56005788712038,200.0
2030-12-24 17:00:00,-0.0,13669.678730929374,-0.0,13436.021505376344,20.0,33.657225553029114,23.56005788712038,200.0
2030-12-24 18:00:00,-0.0,13669.678730929374,-0.0,13436.021505376344,20.0,33.657225553029114,23.56005788712038,200.0
2030-12-24 19:00:00,-0.0,13669.678730929374,-0.0,13436.021505376344,20.0,33.657225553029114,23.56005788712038,200.0
2030-12-24 20:00:00,-0.0,9346.303546529733,4089.7179588466115,13436.021505376344,20.0,-0.0,-0.0,0.0
2030-12-24 21:00:00,-0.0,3677.6203170085287,9758.401188367816,13436.021505376344,20.0,-0.0,-0.0,0.0
2030-12-24 22:00:00,-0.0,-0.0,13436.021505376344,13436.021505376344,20.0,-0.0,-0.0,0.0
2030-12-24 23:00:00,-0.0,-0.0,13436.021505376344,13436.021505376344,20.0,-0.0,-0.0,0.0
2030-12-25 00:00:00,-0.0,-0.0,13436.021505376344,13436.021505376344,20.0,-0.0,-0.0,0.0
2030-12-25 01:00:00,-0.0,-0.0,13436.021505376344,13436.021505376344,20.0,-0.0,-0.0,0.0
2030-12-25 02:00:00,-0.0,-0.0,13436.021505376344,13436.021505376344,20.0,-0.0,-0.0,0.0
2030-12-25 03:00:00,13669.678730929374,-0.0,-0.0,13436.021505376344,20.0,33.657225553029114,23.56005788712038,200.0
2030-12-25 04:00:00,13669.678730929374,-0.0,-0.0,13436.021505376344,20.0,33.657225553029114,23.56005788712038,200.0
2030-12-25 05:00:00,13669.678730929374,-0.0,-0.0,13436.021505376344,20.0,33.657225553029114,23.56005788712038,200.0
2030-12-25 06:00:00,13669.678730929374,-0.0,-0.0,13436.021505376344,20.0,33.657225553029114,23.56005788712038,200.0
2030-12-25 07:00:00,13669.678730929374,-0.0,-0.0,13436.021505376344,20.0,33.657225553029114,23.56005788712038,200.0
2030-12-25 08:00:00,13669.678730929374,-0.0,-0.0,13436.021505376344,20.0,33.657225553029114,23.56005788712038,200.0
2030-12-25 09:00:00,13669.678730929374,-0.0,-0.0,13436.021505376344,20.0,33.657225553029114,23.56005788712038,200.0
2030-12-25 10:00:00,13669.678730929374,-0.0,-0.0,13436.021505376344,20.0,33.657225553029114,23.56005788712038,200.0
2030-12-25 11:00:00,-0.0,13669.678730929374,-0.0,13436.021505376344,20.0,33.657225553029114,23.56005788712038,200.0
2030-12-25 12:00:00,-0.0,13669.678730929374,-0.0,13436.021505376344,20.0,33.657225553029114,23.56005788712038,200.0
2030-12-25 13:00:00,-0.0,13669.678730929374,-0.0,13436.021505376344,20.0,33.657225553029114,23.56005788712038,200.0
2030-12-25 14:00:00,-0.0,13669.678730929374,-0.0,13436.021505376344,20.0,33.657225553029114,23.56005788712038,200.0
2030-12-25 15:00:00,-0.0,13669.678730929374,-0.0,13436.021505376344,20.0,33.657225553029114,23.56005788712038,200.0
2030-12-25 16:00:00,-0.0,13669.678730929374,-0.0,13436.021505376344,20.0,33.657225553029114,23.56005788712038,200.0
2030-12-25 17:00:00,-0.0,13669.678730929374,-0.0,13436.021505376344,20.0,33.657225553029114,23.56005788712038,200.0
2030-12-25 18:00:00,-0.0,13597.815968670624,-0.0,13436.021505376344,20.0,33.657225553029114,23.56005788712038,128.13723774124992
2030-12-25 19:00:00,-0.0,7929.132739149419,5506.888766226925,13436.021505376344,20.0,-0.0,-0.0,0.0
2030-12-25 20:00:00,-0.0,5094.791124388843,8341.230380987501,13436.021505376344,20.0,-0.0,-0.0,0.0
2030-12-25 21:00:00,-0.0,10763.474353910022,2672.5471514663222,13436.021505376344,20.0,-0.0,-0.0,0.0
2030-12-25 22:00:00,-0.0,13669.678730929374,-0.0,13436.021505376344,20.0,33.657225553029114,23.56005788712038,200.0
2030-12-25 23:00:00,-0.0,13669.678730929374,-0.0,13436.021505376344,20.0,33.657225553029114,23.56005788712038,200.0
2030-12-26 00:00:00,-0.0,13669.678730929374,-0.0,13436.021505376344,20.0,33.657225553029114,23.56005788712038,200.0
2030-12-26 01:00:00,-0.0,13669.678730929374,-0.0,13436.021505376344,20.0,33.657225553029114,23.56005788712038,200.0
2030-12-26 02:00:00,-0.0,13597.815968670624,-0.0,13436.021505376344,20.0,33.657225553029114,23.56005788712038,128.13723774124992
2030-12-26 03:00:00,71.86276225875008,13597.815968670624,-0.0,13436.021505376344,20.0,33.657225553029114,23.56005788712038,200.0
2030-12-26 04:00:00,-0.0,13669.678730929374,-0.0,13436.021505376344,20.0,33.657225553029114,23.56005788712038,200.0
2030-12-26 05:00:00,6766.103939589867,6903.574791339507,-0.0,13436.021505376344,20.0,33.657225553029114,23.56005788712038,200.0
2030-12-26 06:00:00,13669.678730929374,-0.0,-0.0,13436.021505376344,20.0,33.657225553029114,23.56005788712038,200.0
2030-12-26 07:00:00,13669.678730929374,-0.0,-0.0,13436.021505376344,20.0,33.657225553029114,23.56005788712038,200.0
2030-12-26 08:00:00,13669.678730929374,-0.0,-0.0,13436.021505376344,20.0,33.657225553029114,23.56005788712038,200.0
2030-12-26 09:00:00,13669.678730929374,-0.0,-0.0,13436.021505376344,20.0,33.657225553029114,23.56005788712038,200.0
2030-12-26 10:00:00,13669.678730929374,-0.0,-0.0,13436.021505376344,20.0,33.657225553029114,23.56005788712038,200.0
2030-12-26 11:00:00,-0.0,13669.678730929374,-0.0,13436.021505376344,20.0,33.657225553029114,23.56005788712038,200.0
2030-12-26 12:00:00,-0.0,13669.678730929374,-0.0,13436.021505376344,20.0,33.657225553029114,23.56005788712038,200.0
2030-12-26 13:00:00,-0.0,2462.9024821111293,10973.119023265215,13436.021505376344,20.0,-0.0,-0.0,0.0
2030-12-26 14:00:00,-0.0,-0.0,13436.021505376344,13436.021505376344,20.0,-0.0,-0.0,0.0
2030-12-26 15:00:00,-0.0,-0.0,13436.021505376344,13436.021505376344,20.0,-0.0,-0.0,0.0
2030-12-26 16:00:00,-0.0,-0.0,13436.021505376344,13436.021505376344,20.0,-0.0,-0.0,0.0
2030-12-26 17:00:00,-0.0,-0.0,13436.021505376344,13436.021505376344,20.0,-0.0,-0.0,0.0
2030-12-26 18:00:00,-0.0,-0.0,13436.021505376344,13436.021505376344,20.0,-0.0,-0.0,0.0
2030-12-26 19:00:00,-0.0,-0.0,13436.021505376344,13436.021505376344,20.0,-0.0,-0.0,0.0
2030-12-26 20:00:00,-0.0,-0.0,13436.021505376344,13436.021505376344,20.0,-0.0,-0.0,0.0
2030-12-26 21:00:00,-0.0,-0.0,13436.021505376344,13436.021505376344,20.0,-0.0,-0.0,0.0
2030-12-26 22:00:00,-0.0,-0.0,13436.021505376344,13436.021505376344,20.0,-0.0,-0.0,0.0
2030-12-26 23:00:00,-0.0,-0.0,13436.021505376344,13436.021505376344,20.0,-0.0,-0.0,0.0
2030-12-27 00:00:00,-0.0,-0.0,13436.021505376344,13436.021505376344,20.0,-0.0,-0.0,0.0
2030-12-27 01:00:00,-0.0,-0.0,13436.021505376344,13436.021505376344,20.0,-0.0,-0.0,0.0
2030-12-27 02:00:00,-0.0,-0.0,13436.021505376344,13436.021505376344,20.0,-0.0,-0.0,0.0
2030-12-27 03:00:00,428.4055360551759,-0.0,13007.615969321168,13436.021505376344,20.0,-0.0,-0.0,0.0
2030-12-27 04:00:00,3387.7311564751526,7929.132739149419,2119.1576097517727,13436.021505376344,20.0,-0.0,-0.0,0.0
2030-12-27 05:00:00,7062.452429336782,6607.226301592592,-0.0,13436.021505376344,20.0,33.657225553029114,23.56005788712038,200.0
2030-12-27 06:00:00,13669.678730929374,-0.0,-0.0,13436.021505376344,20.0,33.657225553029114,23.56005788712038,200.0
2030-12-27 07:00:00,13669.678730929374,-0.0,-0.0,13436.021505376344,20.0,33.657225553029114,23.56005788712038,200.0
2030-12-27 08:00:00,13669.678730929374,-0.0,-0.0,13436.021505376344,20.0,33.657225553029114,23.56005788712038,200.0
2030-12-27 09:00:00,6736.989000246322,6932.689730683052,-0.0,13436.021505376344,20.0,33.657225553029114,23.56005788712038,200.0
2030-12-27 10:00:00,-0.0,13669.678730929374,-0.0,13436.021505376344,20.0,33.657225553029114,23.56005788712038,200.0
2030-12-27 11:00:00,-0.0,13669.678730929374,-0.0,13436.021505376344,20.0,33.657225553029114,23.56005788712038,200.0
2030-12-27 12:00:00,-0.0,13669.678730929374,-0.0,13436.021505376344,20.0,33.657225553029114,23.56005788712038,200.0
2030-12-27 13:00:00,-0.0,13669.678730929374,-0.0,13436.021505376344,20.0,33.657225553029114,23.56005788712038,200.0
2030-12-27 14:00:00,-0.0,13669.678730929374,-0.0,13436.021505376344,20.0,33.657225553029114,23.56005788712038,200.0
2030-12-27 15:00:00,-0.0,13669.678730929374,-0.0,13436.021505376344,20.0,33.657225553029114,23.56005788712038,200.0
2030-12-27 16:00:00,-0.0,13669.678730929374,-0.0,13436.021505376344,20.0,33.657225553029114,23.56005788712038,200.0
2030-12-27 17:00:00,-0.0,13669.678730929374,-0.0,13436.021505376344,20.0,33.657225553029114,23.56005788712038,200.0
2030-12-27 18:00:00,-0.0,13669.678730929374,-0.0,13436.021505376344,20.0,33.657225553029114,23.56005788712038,200.0
2030-12-27 19:00:00,-0.0,13669.678730929374,-0.0,13436.021505376344,20.0,33.657225553029114,23.56005788712038,200.0
2030-12-27 20:00:00,-0.0,13669.678730929374,-0.0,13436.021505376344,20.0,33.657225553029114,23.56005788712038,200.0
2030-12-27 21:00:00,-0.0,13669.678730929374,-0.0,13436.021505376344,20.0,33.657225553029114,23.56005788712038,200.0
2030-12-27 22:00:00,-0.0,13669.678730929374,-0.0,13436.021505376344,20.0,33.657225553029114,23.56005788712038,200.0
2030-12-27 23:00:00,-0.0,13669.678730929374,-0.0,13436.021505376344,20.0,33.657225553029114,23.56005788712038,200.0
2030-12-28 00:00:00,-0.0,13669.678730929374,-0.0,13436.021505376344,20.0,33.657225553029114,23.56005788712038,200.0
2030-12-28 01:00:00,-0.0,13669.678730929374,-0.0,13436.021505376344,20.0,33.657225553029114,23.56005788712038,200.0
2030-12-28 02:00:00,-0.0,13669.678730929374,-0.0,13436.021505376344,20.0,33.657225553029114,23.56005788712038,200.0
2030-12-28 03:00:00,-0.0,13669.678730929374,-0.0,13436.021505376344,20.0,33.657225553029114,23.56005788712038,200.0
2030-12-28 04:00:00,13669.678730929374,-0.0,-0.0,13436.021505376344,20.0,33.657225553029114,23.56005788712038,200.0
2030-12-28 05:00:00,13669.678730929374,-0.0,-0.0,13436.021505376344,20.0,33.657225553029114,23.56005788712038,200.0
2030-12-28 06:00:00,13669.678730929374,-0.0,-0.0,13436.021505376344,20.0,33.657225553029114,23.56005788712038,200.0
2030-12-28 07:00:00,13669.678730929374,-0.0,-0.0,13436.021505376344,20.0,33.657225553029114,23.56005788712038,200.0
2030-12-28 08:00:00,13669.678730929374,-0.0,-0.0,13436.021505376344,20.0,33.657225553029114,23.56005788712038,200.0
2030-12-28 09:00:00,13669.678730929374,-0.0,-0.0,13436.021505376344,20.0,33.657225553029114,23.56005788712038,200.0
2030-12-28 10:00:00,10968.013578422318,2701.6651525070556,-0.0,13436.021505376344,20.0,33.657225553029114,23.56005788712038,200.0
2030-12-28 11:00:00,-0.0,13669.678730929374,-0.0,13436.021505376344,20.0,33.657225553029114,23.56005788712038,200.0
2030-12-28 12:00:00,-0.0,13669.678730929374,-0.0,13436.021505376344,20.0,33.657225553029114,23.56005788712038,200.0
2030-12-28 13:00:00,-0.0,13669.678730929374,-0.0,13436.021505376344,20.0,33.657225553029114,23.56005788712038,200.0
2030-12-28 14:00:00,-0.0,13669.678730929374,-0.0,13436.021505376344,20.0,33.657225553029114,23.56005788712038,200.0
2030-12-28 15:00:00,-0.0,13669.678730929374,-0.0,13436.021505376344,20.0,33.657225553029114,23.56005788712038,200.0
2030-12-28 16:00:00,-0.0,13669.678730929374,-0.0,13436.021505376344,20.0,33.657225553029114,23.56005788712038,200.0
2030-12-28 17:00:00,-0.0,13669.678730929374,-0.0,13436.021505376344,20.0,33.657225553029114,23.56005788712038,200.0
2030-12-28 18:00:00,-0.0,13669.678730929374,-0.0,13436.021505376344,20.0,33.657225553029114,23.56005788712038,200.0
2030-12-28 19:00:00,-0.0,13669.678730929374,-0.0,13436.021505376344,20.0,33.657225553029114,23.56005788712038,200.0
2030-12-28 20:00:00,-0.0,13669.678730929374,-0.0,13436.021505376344,20.0,33.657225553029114,23.56005788712038,200.0
2030-12-28 21:00:00,-0.0,13669.678730929374,-0.0,13436.021505376344,20.0,33.657225553029114,23.56005788712038,200.0
2030-12-28 22:00:00,-0.0,13669.678730929374,-0.0,13436.021505376344,20.0,33.657225553029114,23.56005788712038,200.0
2030-12-28 23:00:00,-0.0,13669.678730929374,-0.0,13436.021505376344,20.0,33.657225553029114,23.56005788712038,200.0
2030-12-29 00:00:00,-0.0,13669.678730929374,-0.0,13436.021505376344,20.0,33.657225553029114,23.56005788712038,200.0
2030-12-29 01:00:00,-0.0,13669.678730929374,-0.0,13436.021505376344,20.0,33.657225553029114,23.56005788712038,200.0
2030-12-29 02:00:00,-0.0,13669.678730929374,-0.0,13436.021505376344,20.0,33.657225553029114,23.56005788712038,200.0
2030-12-29 03:00:00,6245.154489192685,7424.524241736689,-0.0,13436.021505376344,20.0,33.657225553029114,23.56005788712038,200.0
2030-12-29 04:00:00,13669.678730929374,-0.0,-0.0,13436.021505376344,20.0,33.657225553029114,23.56005788712038,200.0
2030-12-29 05:00:00,13669.678730929374,-0.0,-0.0,13436.021505376344,20.0,33.657225553029114,23.56005788712038,200.0
2030-12-29 06:00:00,13669.678730929374,-0.0,-0.0,13436.021505376344,20.0,33.657225553029114,23.56005788712038,200.0
2030-12-29 07:00:00,13669.678730929374,-0.0,-0.0,13436.021505376344,20.0,33.657225553029114,23.56005788712038,200.0
2030-12-29 08:00:00,13669.678730929374,-0.0,-0.0,13436.021505376344,20.0,33.657225553029114,23.56005788712038,200.0
2030-12-29 09:00:00,13669.678730929374,-0.0,-0.0,13436.021505376344,20.0,33.657225553029114,23.56005788712038,200.0
2030-12-29 10:00:00,9045.387762485376,-0.0,4390.633742890968,13436.021505376344,20.0,-0.0,-0.0,0.0
2030-12-29 11:00:00,195.48602130673072,-0.0,13240.535484069613,13436.021505376344,20.0,-0.0,-0.0,0.0
2030-12-29 12:00:00,-0.0,-0.0,13436.021505376344,13436.021505376344,20.0,-0.0,-0.0,0.0
2030-12-29 13:00:00,-0.0,-0.0,13436.021505376344,13436.021505376344,20.0,-0.0,-0.0,0.0
2030-12-29 14:00:00,-0.0,-0.0,13436.021505376344,13436.021505376344,20.0,-0.0,-0.0,0.0
2030-12-29 15:00:00,-0.0,-0.0,13436.021505376344,13436.021505376344,20.0,-0.0,-0.0,0.0
2030-12-29 16:00:00,-0.0,-0.0,13436.021505376344,13436.021505376344,20.0,-0.0,-0.0,0.0
2030-12-29 17:00:00,-0.0,-0.0,13436.021505376344,13436.021505376344,20.0,-0.0,-0.0,0.0
2030-12-29 18:00:00,-0.0,-0.0,13436.021505376344,13436.021505376344,20.0,-0.0,-0.0,0.0
2030-12-29 19:00:00,-0.0,-0.0,13436.021505376344,13436.021505376344,20.0,-0.0,-0.0,0.0
2030-12-29 20:00:00,-0.0,-0.0,13436.021505376344,13436.021505376344,20.0,-0.0,-0.0,0.0
2030-12-29 21:00:00,-0.0,-0.0,13436.021505376344,13436.021505376344,20.0,-0.0,-0.0,0.0
2030-12-29 22:00:00,-0.0,-0.0,13436.021505376344,13436.021505376344,20.0,-0.0,-0.0,0.0
2030-12-29 23:00:00,-0.0,-0.0,13436.021505376344,13436.021505376344,20.0,-0.0,-0.0,0.0
2030-12-30 00:00:00,-0.0,-0.0,13436.021505376344,13436.021505376344,20.0,-0.0,-0.0,0.0
2030-12-30 01:00:00,-0.0,-0.0,13436.021505376344,13436.021505376344,20.0,-0.0,-0.0,0.0
2030-12-30 02:00:00,-0.0,-0.0,13436.021505376344,13436.021505376344,20.0,-0.0,-0.0,0.0
2030-12-30 03:00:00,13669.678730929374,-0.0,-0.0,13436.021505376344,20.0,33.657225553029114,23.56005788712038,200.0
2030-12-30 04:00:00,13669.678730929374,-0.0,-0.0,13436.021505376344,20.0,33.657225553029114,23.56005788712038,200.0
2030-12-30 05:00:00,13669.678730929374,-0.0,-0.0,13436.021505376344,20.0,33.657225553029114,23.56005788712038,200.0
2030-12-30 06:00:00,13669.678730929374,-0.0,-0.0,13436.021505376344,20.0,33.657225553029114,23.56005788712038,200.0
2030-12-30 07:00:00,13669.678730929374,-0.0,-0.0,13436.021505376344,20.0,33.657225553029114,23.56005788712038,200.0
2030-12-30 08:00:00,13669.678730929374,-0.0,-0.0,13436.021505376344,20.0,33.657225553029114,23.56005788712038,200.0
2030-12-30 09:00:00,13669.678730929374,-0.0,-0.0,13436.021505376344,20.0,33.657225553029114,23.56005788712038,200.0
2030-12-30 10:00:00,13669.678730929374,-0.0,-0.0,13436.021505376344,20.0,33.657225553029114,23.56005788712038,200.0
2030-12-30 11:00:00,300.50776679598505,10763.474353910022,2372.0393846703373,13436.021505376344,20.0,-0.0,-0.0,0.0
2030-12-30 12:00:00,-0.0,5094.791124388843,8341.230380987501,13436.021505376344,20.0,-0.0,-0.0,0.0
2030-12-30 13:00:00,-0.0,3677.6203170085287,9758.401188367816,13436.021505376344,20.0,-0.0,-0.0,0.0
2030-12-30 14:00:00,-0.0,1045.7316747308414,12390.289830645503,13436.021505376344,20.0,-0.0,-0.0,0.0
2030-12-30 15:00:00,-0.0,-0.0,13436.021505376344,13436.021505376344,20.0,-0.0,-0.0,0.0
2030-12-30 16:00:00,-0.0,-0.0,13436.021505376344,13436.021505376344,20.0,-0.0,-0.0,0.0
2030-12-30 17:00:00,-0.0,-0.0,13436.021505376344,13436.021505376344,20.0,-0.0,-0.0,0.0
2030-12-30 18:00:00,-0.0,-0.0,13436.021505376344,13436.021505376344,20.0,-0.0,-0.0,0.0
2030-12-30 19:00:00,-0.0,-0.0,13436.021505376344,13436.021505376344,20.0,-0.0,-0.0,0.0
2030-12-30 20:00:00,-0.0,-0.0,13436.021505376344,13436.021505376344,20.0,-0.0,-0.0,0.0
2030-12-30 21:00:00,-0.0,2462.9024821111293,10973.119023265215,13436.021505376344,20.0,-0.0,-0.0,0.0
2030-12-30 22:00:00,-0.0,7929.132739149419,5506.888766226925,13436.021505376344,20.0,-0.0,-0.0,0.0
2030-12-30 23:00:00,-0.0,10763.474353910022,2672.5471514663222,13436.021505376344,20.0,-0.0,-0.0,0.0
2030-12-31 00:00:00,-0.0,13669.678730929374,-0.0,13436.021505376344,20.0,33.657225553029114,23.56005788712038,200.0
2030-12-31 01:00:00,-0.0,13669.678730929374,-0.0,13436.021505376344,20.0,33.657225553029114,23.56005788712038,200.0
2030-12-31 02:00:00,-0.0,13669.678730929374,-0.0,13436.021505376344,20.0,33.657225553029114,23.56005788712038,200.0
2030-12-31 03:00:00,-0.0,13669.678730929374,-0.0,13436.021505376344,20.0,33.657225553029114,23.56005788712038,200.0
2030-12-31 04:00:00,11348.58742841308,2321.0913025162936,-0.0,13436.021505376344,20.0,33.657225553029114,23.56005788712038,200.0
2030-12-31 05:00:00,13669.678730929374,-0.0,-0.0,13436.021505376344,20.0,33.657225553029114,23.56005788712038,200.0
2030-12-31 06:00:00,13669.678730929374,-0.0,-0.0,13436.021505376344,20.0,33.657225553029114,23.56005788712038,200.0
2030-12-31 07:00:00,13669.678730929374,-0.0,-0.0,13436.021505376344,20.0,33.657225553029114,23.56005788712038,200.0
2030-12-31 08:00:00,13669.678730929374,-0.0,-0.0,13436.021505376344,20.0,33.657225553029114,23.56005788712038,200.0
2030-12-31 09:00:00,13669.678730929374,-0.0,-0.0,13436.021505376344,20.0,33.657225553029114,23.56005788712038,200.0
2030-12-31 10:00:00,8705.366863723137,4964.311867206237,-0.0,13436.021505376344,20.0,33.657225553029114,23.56005788712038,200.0
2030-12-31 11:00:00,71.86276225875008,13597.815968670624,-0.0,13436.021505376344,20.0,33.657225553029114,23.56005788712038,200.0
2030-12-31 12:00:00,-0.0,7929.132739149419,5506.888766226925,13436.021505376344,20.0,-0.0,-0.0,0.0
2030-12-31 13:00:00,-0.0,13669.678730929374,-0.0,13436.021505376344,20.0,33.657225553029114,23.56005788712038,200.0
2030-12-31 14:00:00,-0.0,13669.678730929374,-0.0,13436.021505376344,20.0,33.657225553029114,23.56005788712038,200.0
2030-12-31 15:00:00,-0.0,13669.678730929374,-0.0,13436.021505376344,20.0,33.657225553029114,23.56005788712038,200.0
2030-12-31 16:00:00,-0.0,13669.678730929374,-0.0,13436.021505376344,20.0,33.657225553029114,23.56005788712038,200.0
2030-12-31 17:00:00,-0.0,13669.678730929374,-0.0,13436.021505376344,20.0,33.657225553029114,23.56005788712038,200.0
2030-12-31 18:00:00,-0.0,13669.678730929374,-0.0,13436.021505376344,20.0,33.657225553029114,23.56005788712038,200.0
2030-12-31 19:00:00,-0.0,13669.678730929374,-0.0,13436.021505376344,20.0,33.657225553029114,23.56005788712038,200.0
2030-12-31 20:00:00,-0.0,13669.678730929374,-0.0,13436.021505376344,20.0,33.657225553029114,23.56005788712038,200.0
2030-12-31 21:00:00,-0.0,13669.678730929374,-0.0,13436.021505376344,20.0,33.657225553029114,23.56005788712038,200.0
2030-12-31 22:00:00,-0.0,13669.678730929374,-0.0,13436.021505376344,20.0,33.657225553029114,23.56005788712038,200.0
2030-12-31 23:00:00,-0.0,13669.678730929374,-0.0,13436.021505376344,20.0,33.657225553029114,23.56005788712038,200.0
