snapshot,hydrogen_storage_soc_mwh
2045-01-01 00:00:00,693.1783681224568
2045-01-01 01:00:00,693.9658444032905
2045-01-01 02:00:00,694.7533206841241
2045-01-01 03:00:00,695.5407969649577
2045-01-01 04:00:00,696.3282732457914
2045-01-01 05:00:00,697.115749526625
2045-01-01 06:00:00,697.9032258074586
2045-01-01 07:00:00,698.6907020882923
2045-01-01 08:00:00,699.4781783691259
2045-01-01 09:00:00,700.2656546499595
2045-01-01 10:00:00,701.0531309307931
2045-01-01 11:00:00,701.8406072116268
2045-01-01 12:00:00,681.8406072116268
2045-01-01 13:00:00,661.8406072116268
2045-01-01 14:00:00,641.8406072116268
2045-01-01 15:00:00,621.8406072116268
2045-01-01 16:00:00,601.8406072116268
2045-01-01 17:00:00,581.8406072116268
2045-01-01 18:00:00,561.8406072116268
2045-01-01 19:00:00,541.8406072116268
2045-01-01 20:00:00,521.8406072116268
2045-01-01 21:00:00,501.8406072116268
2045-01-01 22:00:00,481.8406072116268
2045-01-01 23:00:00,461.8406072116268
2045-01-02 00:00:00,441.8406072116268
2045-01-02 01:00:00,421.8406072116268
2045-01-02 02:00:00,401.8406072116268
2045-01-02 03:00:00,402.62808349246916
2045-01-02 04:00:00,403.41555977330427
2045-01-02 05:00:00,404.2030360541394
2045-01-02 06:00:00,404.9905123349745
2045-01-02 07:00:00,405.7779886158096
2045-01-02 08:00:00,406.5654648966374
2045-01-02 09:00:00,407.35294117747253
2045-01-02 10:00:00,408.14041745830764
2045-01-02 11:00:00,408.92789373914275
2045-01-02 12:00:00,409.71537001997785
2045-01-02 13:00:00,410.50284630081296
2045-01-02 14:00:00,411.29032258164807
2045-01-02 15:00:00,412.0777988624832
2045-01-02 16:00:00,412.8652751433183
2045-01-02 17:00:00,413.6527514241534
2045-01-02 18:00:00,414.4402277049885
2045-01-02 19:00:00,415.2277039858236
2045-01-02 20:00:00,416.0151802666587
2045-01-02 21:00:00,416.8026565474938
2045-01-02 22:00:00,417.59013282832893
2045-01-02 23:00:00,418.37760910916404
2045-01-03 00:00:00,419.16508538999915
2045-01-03 01:00:00,419.95256167083426
2045-01-03 02:00:00,420.74003795166936
2045-01-03 03:00:00,421.5275142325045
2045-01-03 04:00:00,422.3149905133396
2045-01-03 05:00:00,423.1024667941747
2045-01-03 06:00:00,423.8899430750098
2045-01-03 07:00:00,424.6774193558449
2045-01-03 08:00:00,425.46489563668
2045-01-03 09:00:00,426.2523719175151
2045-01-03 10:00:00,427.0398481983502
2045-01-03 11:00:00,427.82732447918534
2045-01-03 12:00:00,428.61480076002044
2045-01-03 13:00:00,429.40227704085555
2045-01-03 14:00:00,430.18975332169066
2045-01-03 15:00:00,430.97722960252577
2045-01-03 16:00:00,431.7647058833609
2045-01-03 17:00:00,432.552182164196
2045-01-03 18:00:00,433.3396584450311
2045-01-03 19:00:00,434.1271347258662
2045-01-03 20:00:00,434.9146110067013
2045-01-03 21:00:00,435.7020872875364
2045-01-03 22:00:00,436.4895635683715
2045-01-03 23:00:00,437.27703984920663
2045-01-04 00:00:00,438.06451613004174
2045-01-04 01:00:00,438.85199241087685
2045-01-04 02:00:00,439.63946869171195
2045-01-04 03:00:00,440.42694497254706
2045-01-04 04:00:00,441.21442125338217
2045-01-04 05:00:00,442.0018975342173
2045-01-04 06:00:00,442.7893738150524
2045-01-04 07:00:00,443.5768500958875
2045-01-04 08:00:00,444.3643263767226
2045-01-04 09:00:00,445.1518026575577
2045-01-04 10:00:00,445.9392789383928
2045-01-04 11:00:00,446.7267552192279
2045-01-04 12:00:00,447.51423150006303
2045-01-04 13:00:00,448.30170778089087
2045-01-04 14:00:00,449.089184061726
2045-01-04 15:00:00,449.8766603425611
2045-01-04 16:00:00,450.6641366233962
2045-01-04 17:00:00,451.4516129042313
2045-01-04 18:00:00,452.2390891850664
2045-01-04 19:00:00,453.0265654659015
2045-01-04 20:00:00,453.8140417467366
2045-01-04 21:00:00,454.60151802757173
2045-01-04 22:00:00,455.38899430840684
2045-01-04 23:00:00,456.17647058924194
2045-01-05 00:00:00,456.96394687007705
2045-01-05 01:00:00,457.75142315091216
2045-01-05 02:00:00,458.53889943174727
2045-01-05 03:00:00,459.3263757125824
2045-01-05 04:00:00,460.1138519934175
2045-01-05 05:00:00,460.9013282742526
2045-01-05 06:00:00,461.6888045550877
2045-01-05 07:00:00,462.4762808359228
2045-01-05 08:00:00,463.2637571167579
2045-01-05 09:00:00,464.051233397593
2045-01-05 10:00:00,464.83870967842813
2045-01-05 11:00:00,465.62618595926324
2045-01-05 12:00:00,466.41366224009835
2045-01-05 13:00:00,467.20113852093345
2045-01-05 14:00:00,467.98861480176856
2045-01-05 15:00:00,468.77609108260367
2045-01-05 16:00:00,469.5635673634388
2045-01-05 17:00:00,470.3510436442739
2045-01-05 18:00:00,471.138519925109
2045-01-05 19:00:00,471.9259962059441
2045-01-05 20:00:00,472.7134724867792
2045-01-05 21:00:00,473.5009487676143
2045-01-05 22:00:00,474.2884250484494
2045-01-05 23:00:00,475.07590132928453
2045-01-06 00:00:00,475.86337761011964
2045-01-06 01:00:00,476.65085389095475
2045-01-06 02:00:00,477.43833017178986
2045-01-06 03:00:00,478.22580645262497
2045-01-06 04:00:00,479.0132827334601
2045-01-06 05:00:00,479.8007590142952
2045-01-06 06:00:00,480.5882352951303
2045-01-06 07:00:00,481.3757115759654
2045-01-06 08:00:00,482.1631878568005
2045-01-06 09:00:00,482.9506641376356
2045-01-06 10:00:00,483.7381404184707
2045-01-06 11:00:00,484.52561669930583
2045-01-06 12:00:00,485.31309298014094
2045-01-06 13:00:00,486.10056926097604
2045-01-06 14:00:00,486.88804554181115
2045-01-06 15:00:00,487.67552182264626
2045-01-06 16:00:00,488.46299810348137
2045-01-06 17:00:00,489.2504743843165
2045-01-06 18:00:00,490.0379506651443
2045-01-06 19:00:00,490.8254269459794
2045-01-06 20:00:00,491.6129032268145
2045-01-06 21:00:00,492.40037950764963
2045-01-06 22:00:00,493.18785578848474
2045-01-06 23:00:00,493.97533206931985
2045-01-07 00:00:00,494.76280835015496
2045-01-07 01:00:00,495.55028463099006
2045-01-07 02:00:00,496.33776091182517
2045-01-07 03:00:00,497.1252371926603
2045-01-07 04:00:00,497.9127134734954
2045-01-07 05:00:00,498.7001897543305
2045-01-07 06:00:00,499.4876660351656
2045-01-07 07:00:00,500.2751423160007
2045-01-07 08:00:00,501.0626185968358
2045-01-07 09:00:00,501.8500948776709
2045-01-07 10:00:00,502.63757115850603
2045-01-07 11:00:00,503.42504743934114
2045-01-07 12:00:00,504.21252372017625
2045-01-07 13:00:00,505.00000000101136
2045-01-07 14:00:00,505.78747628184647
2045-01-07 15:00:00,506.5749525626816
2045-01-07 16:00:00,507.3624288435167
2045-01-07 17:00:00,508.1499051243518
2045-01-07 18:00:00,508.9373814051869
2045-01-07 19:00:00,509.724857686022
2045-01-07 20:00:00,510.5123339668571
2045-01-07 21:00:00,511.2998102476922
2045-01-07 22:00:00,512.0872865285273
2045-01-07 23:00:00,512.8747628093624
2045-01-08 00:00:00,513.6622390901975
2045-01-08 01:00:00,514.4497153710327
2045-01-08 02:00:00,515.2371916518678
2045-01-08 03:00:00,516.0246679327029
2045-01-08 04:00:00,516.812144213538
2045-01-08 05:00:00,517.5996204943731
2045-01-08 06:00:00,518.3870967752082
2045-01-08 07:00:00,519.1745730560433
2045-01-08 08:00:00,519.9620493368784
2045-01-08 09:00:00,520.7495256177135
2045-01-08 10:00:00,521.5370018985486
2045-01-08 11:00:00,522.3244781793837
2045-01-08 12:00:00,523.1119544602188
2045-01-08 13:00:00,523.899430741054
2045-01-08 14:00:00,524.686907021889
2045-01-08 15:00:00,525.4743833027242
2045-01-08 16:00:00,526.2618595835593
2045-01-08 17:00:00,527.0493358643944
2045-01-08 18:00:00,527.8368121452295
2045-01-08 19:00:00,528.6242884260646
2045-01-08 20:00:00,529.4117647068997
2045-01-08 21:00:00,530.1992409877348
2045-01-08 22:00:00,530.9867172685699
2045-01-08 23:00:00,531.7741935493978
2045-01-09 00:00:00,532.5616698302329
2045-01-09 01:00:00,533.349146111068
2045-01-09 02:00:00,534.1366223919031
2045-01-09 03:00:00,534.9240986727382
2045-01-09 04:00:00,535.7115749535733
2045-01-09 05:00:00,536.4990512344084
2045-01-09 06:00:00,537.2865275152435
2045-01-09 07:00:00,538.0740037960786
2045-01-09 08:00:00,538.8614800769137
2045-01-09 09:00:00,539.6489563577488
2045-01-09 10:00:00,540.4364326385839
2045-01-09 11:00:00,541.223908919419
2045-01-09 12:00:00,542.0113852002542
2045-01-09 13:00:00,542.7988614810893
2045-01-09 14:00:00,543.5863377619244
2045-01-09 15:00:00,544.3738140427595
2045-01-09 16:00:00,545.1612903235946
2045-01-09 17:00:00,545.9487666044297
2045-01-09 18:00:00,546.7362428852648
2045-01-09 19:00:00,547.5237191660999
2045-01-09 20:00:00,548.311195446935
2045-01-09 21:00:00,549.0986717277701
2045-01-09 22:00:00,549.8861480086052
2045-01-09 23:00:00,550.6736242894403
2045-01-10 00:00:00,551.4611005702754
2045-01-10 01:00:00,552.2485768511106
2045-01-10 02:00:00,553.0360531319457
2045-01-10 03:00:00,553.8235294127808
2045-01-10 04:00:00,554.6110056936159
2045-01-10 05:00:00,555.398481974451
2045-01-10 06:00:00,556.1859582552861
2045-01-10 07:00:00,556.9734345361212
2045-01-10 08:00:00,557.7609108169563
2045-01-10 09:00:00,558.5483870977914
2045-01-10 10:00:00,559.3358633786265
2045-01-10 11:00:00,560.1233396594616
2045-01-10 12:00:00,560.9108159402967
2045-01-10 13:00:00,561.6982922211319
2045-01-10 14:00:00,562.485768501967
2045-01-10 15:00:00,563.2732447828021
2045-01-10 16:00:00,564.0607210636372
2045-01-10 17:00:00,564.8481973444723
2045-01-10 18:00:00,565.6356736253074
2045-01-10 19:00:00,566.4231499061425
2045-01-10 20:00:00,567.2106261869776
2045-01-10 21:00:00,567.9981024678127
2045-01-10 22:00:00,568.7855787486478
2045-01-10 23:00:00,569.5730550294829
2045-01-11 00:00:00,570.360531310318
2045-01-11 01:00:00,571.1480075911531
2045-01-11 02:00:00,571.9354838719883
2045-01-11 03:00:00,572.7229601528234
2045-01-11 04:00:00,573.5104364336585
2045-01-11 05:00:00,574.2979127144863
2045-01-11 06:00:00,575.0853889953214
2045-01-11 07:00:00,575.8728652761565
2045-01-11 08:00:00,576.6603415569916
2045-01-11 09:00:00,577.4478178378267
2045-01-11 10:00:00,578.2352941186618
2045-01-11 11:00:00,558.2352941186618
2045-01-11 12:00:00,559.022770399497
2045-01-11 13:00:00,559.810246680332
2045-01-11 14:00:00,560.5977229611672
2045-01-11 15:00:00,561.3851992420023
2045-01-11 16:00:00,562.1726755228374
2045-01-11 17:00:00,562.9601518036725
2045-01-11 18:00:00,563.7476280845076
2045-01-11 19:00:00,564.5351043653427
2045-01-11 20:00:00,565.3225806461778
2045-01-11 21:00:00,545.3225806461778
2045-01-11 22:00:00,525.3225806461778
2045-01-11 23:00:00,526.1100569270129
2045-01-12 00:00:00,526.897533207848
2045-01-12 01:00:00,527.6850094886831
2045-01-12 02:00:00,528.4724857695182
2045-01-12 03:00:00,529.2599620503534
2045-01-12 04:00:00,530.0474383311885
2045-01-12 05:00:00,530.8349146120236
2045-01-12 06:00:00,531.6223908928587
2045-01-12 07:00:00,532.4098671736938
2045-01-12 08:00:00,533.1973434545289
2045-01-12 09:00:00,533.984819735364
2045-01-12 10:00:00,534.7722960161991
2045-01-12 11:00:00,535.5597722970342
2045-01-12 12:00:00,536.3472485778693
2045-01-12 13:00:00,537.1347248587044
2045-01-12 14:00:00,537.9222011395395
2045-01-12 15:00:00,538.7096774203746
2045-01-12 16:00:00,539.4971537012098
2045-01-12 17:00:00,540.2846299820449
2045-01-12 18:00:00,541.07210626288
2045-01-12 19:00:00,541.8595825437151
2045-01-12 20:00:00,542.6470588245502
2045-01-12 21:00:00,543.4345351053853
2045-01-12 22:00:00,544.2220113862204
2045-01-12 23:00:00,545.0094876670555
2045-01-13 00:00:00,545.7969639478906
2045-01-13 01:00:00,546.5844402287257
2045-01-13 02:00:00,526.5844402287257
2045-01-13 03:00:00,527.3719165095608
2045-01-13 04:00:00,528.1593927903959
2045-01-13 05:00:00,528.946869071231
2045-01-13 06:00:00,529.7343453520662
2045-01-13 07:00:00,530.5218216329013
2045-01-13 08:00:00,531.3092979137364
2045-01-13 09:00:00,532.0967741945715
2045-01-13 10:00:00,532.8842504754066
2045-01-13 11:00:00,533.6717267562417
2045-01-13 12:00:00,534.4592030370768
2045-01-13 13:00:00,535.2466793179119
2045-01-13 14:00:00,536.0341555987397
2045-01-13 15:00:00,536.8216318795749
2045-01-13 16:00:00,537.60910816041
2045-01-13 17:00:00,538.3965844412451
2045-01-13 18:00:00,539.1840607220802
2045-01-13 19:00:00,539.9715370029153
2045-01-13 20:00:00,540.7590132837504
2045-01-13 21:00:00,541.5464895645855
2045-01-13 22:00:00,542.3339658454206
2045-01-13 23:00:00,543.1214421262557
2045-01-14 00:00:00,543.9089184070908
2045-01-14 01:00:00,544.6963946879259
2045-01-14 02:00:00,545.483870968761
2045-01-14 03:00:00,546.2713472495961
2045-01-14 04:00:00,547.0588235304313
2045-01-14 05:00:00,547.8462998112664
2045-01-14 06:00:00,548.6337760921015
2045-01-14 07:00:00,549.4212523729366
2045-01-14 08:00:00,550.2087286537717
2045-01-14 09:00:00,550.9962049346068
2045-01-14 10:00:00,551.7836812154419
2045-01-14 11:00:00,552.571157496277
2045-01-14 12:00:00,553.3586337771121
2045-01-14 13:00:00,554.1461100579472
2045-01-14 14:00:00,554.9335863387823
2045-01-14 15:00:00,555.7210626196174
2045-01-14 16:00:00,556.5085389004525
2045-01-14 17:00:00,557.2960151812877
2045-01-14 18:00:00,558.0834914621228
2045-01-14 19:00:00,558.8709677429579
2045-01-14 20:00:00,538.8709677429579
2045-01-14 21:00:00,518.8709677429579
2045-01-14 22:00:00,519.658444023793
2045-01-14 23:00:00,520.4459203046281
2045-01-15 00:00:00,521.2333965854632
2045-01-15 01:00:00,522.0208728662983
2045-01-15 02:00:00,522.8083491471334
2045-01-15 03:00:00,523.5958254279685
2045-01-15 04:00:00,524.3833017088036
2045-01-15 05:00:00,525.1707779896387
2045-01-15 06:00:00,525.9582542704738
2045-01-15 07:00:00,526.745730551309
2045-01-15 08:00:00,527.5332068321441
2045-01-15 09:00:00,528.3206831129792
2045-01-15 10:00:00,529.1081593938143
2045-01-15 11:00:00,529.8956356746494
2045-01-15 12:00:00,530.6831119554845
2045-01-15 13:00:00,531.4705882363196
2045-01-15 14:00:00,532.2580645171547
2045-01-15 15:00:00,533.0455407979898
2045-01-15 16:00:00,533.8330170788249
2045-01-15 17:00:00,534.62049335966
2045-01-15 18:00:00,535.4079696404951
2045-01-15 19:00:00,536.1954459213302
2045-01-15 20:00:00,536.9829222021654
2045-01-15 21:00:00,537.7703984829932
2045-01-15 22:00:00,538.5578747638283
2045-01-15 23:00:00,539.3453510446634
2045-01-16 00:00:00,540.1328273254985
2045-01-16 01:00:00,540.9203036063336
2045-01-16 02:00:00,541.7077798871687
2045-01-16 03:00:00,542.4952561680038
2045-01-16 04:00:00,543.2827324488389
2045-01-16 05:00:00,544.070208729674
2045-01-16 06:00:00,544.8576850105092
2045-01-16 07:00:00,545.6451612913443
2045-01-16 08:00:00,546.4326375721794
2045-01-16 09:00:00,547.2201138530145
2045-01-16 10:00:00,548.0075901338496
2045-01-16 11:00:00,548.7950664146847
2045-01-16 12:00:00,549.5825426955198
2045-01-16 13:00:00,550.3700189763549
2045-01-16 14:00:00,551.15749525719
2045-01-16 15:00:00,551.9449715380251
2045-01-16 16:00:00,552.7324478188602
2045-01-16 17:00:00,553.5199240996953
2045-01-16 18:00:00,554.3074003805305
2045-01-16 19:00:00,555.0948766613656
2045-01-16 20:00:00,555.8823529422007
2045-01-16 21:00:00,556.6698292230358
2045-01-16 22:00:00,557.4573055038709
2045-01-16 23:00:00,558.244781784706
2045-01-17 00:00:00,559.0322580655411
2045-01-17 01:00:00,559.8197343463762
2045-01-17 02:00:00,560.6072106272113
2045-01-17 03:00:00,561.3946869080464
2045-01-17 04:00:00,562.1821631888815
2045-01-17 05:00:00,562.9696394697166
2045-01-17 06:00:00,563.7571157505517
2045-01-17 07:00:00,564.5445920313869
2045-01-17 08:00:00,565.332068312222
2045-01-17 09:00:00,566.1195445930571
2045-01-17 10:00:00,566.9070208738922
2045-01-17 11:00:00,567.6944971547273
2045-01-17 12:00:00,568.4819734355624
2045-01-17 13:00:00,569.2694497163975
2045-01-17 14:00:00,570.0569259972326
2045-01-17 15:00:00,570.8444022780677
2045-01-17 16:00:00,571.6318785589028
2045-01-17 17:00:00,572.4193548397379
2045-01-17 18:00:00,573.206831120573
2045-01-17 19:00:00,573.9943074014082
2045-01-17 20:00:00,574.7817836822433
2045-01-17 21:00:00,575.5692599630784
2045-01-17 22:00:00,576.3567362439135
2045-01-17 23:00:00,577.1442125247486
2045-01-18 00:00:00,577.9316888055837
2045-01-18 01:00:00,578.7191650864188
2045-01-18 02:00:00,579.5066413672466
2045-01-18 03:00:00,580.2941176480817
2045-01-18 04:00:00,581.0815939289168
2045-01-18 05:00:00,581.869070209752
2045-01-18 06:00:00,582.6565464905871
2045-01-18 07:00:00,583.4440227714222
2045-01-18 08:00:00,584.2314990522573
2045-01-18 09:00:00,585.0189753330924
2045-01-18 10:00:00,585.8064516139275
2045-01-18 11:00:00,586.5939278947626
2045-01-18 12:00:00,587.3814041755977
2045-01-18 13:00:00,588.1688804564328
2045-01-18 14:00:00,588.9563567372679
2045-01-18 15:00:00,589.743833018103
2045-01-18 16:00:00,590.5313092989381
2045-01-18 17:00:00,591.3187855797732
2045-01-18 18:00:00,592.1062618606084
2045-01-18 19:00:00,592.8937381414435
2045-01-18 20:00:00,593.6812144222786
2045-01-18 21:00:00,594.4686907031137
2045-01-18 22:00:00,595.2561669839488
2045-01-18 23:00:00,596.0436432647839
2045-01-19 00:00:00,596.831119545619
2045-01-19 01:00:00,597.6185958264541
2045-01-19 02:00:00,598.4060721072892
2045-01-19 03:00:00,599.1935483881243
2045-01-19 04:00:00,599.9810246689594
2045-01-19 05:00:00,600.7685009497945
2045-01-19 06:00:00,601.5559772306297
2045-01-19 07:00:00,602.3434535114648
2045-01-19 08:00:00,603.1309297922999
2045-01-19 09:00:00,603.918406073135
2045-01-19 10:00:00,604.7058823539701
2045-01-19 11:00:00,605.4933586348052
2045-01-19 12:00:00,606.2808349156403
2045-01-19 13:00:00,607.0683111964754
2045-01-19 14:00:00,607.8557874773105
2045-01-19 15:00:00,608.6432637581456
2045-01-19 16:00:00,609.4307400389807
2045-01-19 17:00:00,610.2182163198158
2045-01-19 18:00:00,611.005692600651
2045-01-19 19:00:00,611.793168881486
2045-01-19 20:00:00,612.5806451623212
2045-01-19 21:00:00,613.3681214431563
2045-01-19 22:00:00,614.1555977239914
2045-01-19 23:00:00,614.9430740048265
2045-01-20 00:00:00,615.7305502856616
2045-01-20 01:00:00,616.5180265664967
2045-01-20 02:00:00,617.3055028473318
2045-01-20 03:00:00,618.0929791281669
2045-01-20 04:00:00,618.880455409002
2045-01-20 05:00:00,619.6679316898371
2045-01-20 06:00:00,620.4554079706722
2045-01-20 07:00:00,621.2428842515001
2045-01-20 08:00:00,622.0303605323352
2045-01-20 09:00:00,622.8178368131703
2045-01-20 10:00:00,623.6053130940054
2045-01-20 11:00:00,624.3927893748405
2045-01-20 12:00:00,625.1802656556756
2045-01-20 13:00:00,625.9677419365107
2045-01-20 14:00:00,626.7552182173458
2045-01-20 15:00:00,606.7552182173458
2045-01-20 16:00:00,586.7552182173458
2045-01-20 17:00:00,566.7552182173458
2045-01-20 18:00:00,546.7552182173458
2045-01-20 19:00:00,526.7552182173458
2045-01-20 20:00:00,506.7552182173458
2045-01-20 21:00:00,486.7552182173458
2045-01-20 22:00:00,466.7552182173458
2045-01-20 23:00:00,446.7552182173458
2045-01-21 00:00:00,426.7552182173458
2045-01-21 01:00:00,406.7552182173458
2045-01-21 02:00:00,386.7552182173458
2045-01-21 03:00:00,387.54269449818094
2045-01-21 04:00:00,388.33017077901604
2045-01-21 05:00:00,389.11764705985115
2045-01-21 06:00:00,389.90512334068626
2045-01-21 07:00:00,390.69259962152137
2045-01-21 08:00:00,391.4800759023565
2045-01-21 09:00:00,392.2675521831916
2045-01-21 10:00:00,393.0550284640267
2045-01-21 11:00:00,393.8425047448618
2045-01-21 12:00:00,394.6299810256969
2045-01-21 13:00:00,395.417457306532
2045-01-21 14:00:00,396.2049335873671
2045-01-21 15:00:00,396.99240986820223
2045-01-21 16:00:00,397.77988614903734
2045-01-21 17:00:00,398.56736242987245
2045-01-21 18:00:00,399.35483871070755
2045-01-21 19:00:00,400.14231499154266
2045-01-21 20:00:00,400.92979127237777
2045-01-21 21:00:00,401.7172675532129
2045-01-21 22:00:00,402.504743834048
2045-01-21 23:00:00,403.2922201148831
2045-01-22 00:00:00,404.0796963957182
2045-01-22 01:00:00,404.8671726765533
2045-01-22 02:00:00,405.6546489573884
2045-01-22 03:00:00,406.4421252382235
2045-01-22 04:00:00,407.22960151905863
2045-01-22 05:00:00,408.01707779989374
2045-01-22 06:00:00,408.80455408072885
2045-01-22 07:00:00,409.59203036156396
2045-01-22 08:00:00,410.37950664239906
2045-01-22 09:00:00,411.1669829232342
2045-01-22 10:00:00,411.9544592040693
2045-01-22 11:00:00,412.7419354849044
2045-01-22 12:00:00,413.5294117657395
2045-01-22 13:00:00,414.3168880465746
2045-01-22 14:00:00,415.1043643274097
2045-01-22 15:00:00,415.8918406082448
2045-01-22 16:00:00,416.6793168890799
2045-01-22 17:00:00,417.46679316991504
2045-01-22 18:00:00,418.25426945075014
2045-01-22 19:00:00,419.04174573158525
2045-01-22 20:00:00,419.82922201242036
2045-01-22 21:00:00,420.61669829325547
2045-01-22 22:00:00,421.4041745740906
2045-01-22 23:00:00,422.1916508549257
2045-01-23 00:00:00,422.9791271357608
2045-01-23 01:00:00,423.7666034165886
2045-01-23 02:00:00,424.55407969742373
2045-01-23 03:00:00,425.34155597825884
2045-01-23 04:00:00,426.12903225909395
2045-01-23 05:00:00,426.91650853992905
2045-01-23 06:00:00,427.70398482076416
2045-01-23 07:00:00,428.49146110159927
2045-01-23 08:00:00,429.2789373824344
2045-01-23 09:00:00,430.0664136632695
2045-01-23 10:00:00,430.8538899441046
2045-01-23 11:00:00,431.6413662249397
2045-01-23 12:00:00,432.4288425057748
2045-01-23 13:00:00,433.2163187866099
2045-01-23 14:00:00,434.003795067445
2045-01-23 15:00:00,434.79127134828013
2045-01-23 16:00:00,435.57874762911524
2045-01-23 17:00:00,436.36622390995035
2045-01-23 18:00:00,437.15370019078546
2045-01-23 19:00:00,437.94117647162057
2045-01-23 20:00:00,438.7286527524557
2045-01-23 21:00:00,439.5161290332908
2045-01-23 22:00:00,440.3036053141259
2045-01-23 23:00:00,441.091081594961
2045-01-24 00:00:00,441.8785578757961
2045-01-24 01:00:00,442.6660341566312
2045-01-24 02:00:00,443.4535104374663
2045-01-24 03:00:00,444.24098671830143
2045-01-24 04:00:00,445.02846299913654
2045-01-24 05:00:00,445.81593927997164
2045-01-24 06:00:00,446.60341556080675
2045-01-24 07:00:00,447.39089184164186
2045-01-24 08:00:00,448.17836812247697
2045-01-24 09:00:00,448.9658444033121
2045-01-24 10:00:00,449.7533206841472
2045-01-24 11:00:00,450.5407969649823
2045-01-24 12:00:00,451.3282732458174
2045-01-24 13:00:00,452.1157495266525
2045-01-24 14:00:00,452.9032258074876
2045-01-24 15:00:00,453.6907020883227
2045-01-24 16:00:00,454.47817836915783
2045-01-24 17:00:00,455.26565464999294
2045-01-24 18:00:00,456.05313093082805
2045-01-24 19:00:00,456.84060721166315
2045-01-24 20:00:00,457.62808349249826
2045-01-24 21:00:00,458.41555977333337
2045-01-24 22:00:00,459.2030360541685
2045-01-24 23:00:00,459.9905123350036
2045-01-25 00:00:00,460.7779886158387
2045-01-25 01:00:00,461.5654648966738
2045-01-25 02:00:00,441.5654648966738
2045-01-25 03:00:00,442.3529411775089
2045-01-25 04:00:00,443.140417458344
2045-01-25 05:00:00,443.9278937391791
2045-01-25 06:00:00,444.71537002001423
2045-01-25 07:00:00,445.50284630084207
2045-01-25 08:00:00,446.2903225816772
2045-01-25 09:00:00,447.0777988625123
2045-01-25 10:00:00,447.8652751433474
2045-01-25 11:00:00,448.6527514241825
2045-01-25 12:00:00,449.4402277050176
2045-01-25 13:00:00,450.2277039858527
2045-01-25 14:00:00,451.0151802666878
2045-01-25 15:00:00,451.80265654752293
2045-01-25 16:00:00,452.59013282835804
2045-01-25 17:00:00,453.37760910919314
2045-01-25 18:00:00,454.16508539002825
2045-01-25 19:00:00,454.95256167086336
2045-01-25 20:00:00,455.74003795169847
2045-01-25 21:00:00,456.5275142325336
2045-01-25 22:00:00,457.3149905133687
2045-01-25 23:00:00,458.1024667942038
2045-01-26 00:00:00,458.8899430750389
2045-01-26 01:00:00,459.677419355874
2045-01-26 02:00:00,460.4648956367091
2045-01-26 03:00:00,461.2523719175442
2045-01-26 04:00:00,462.03984819837933
2045-01-26 05:00:00,462.82732447921444
2045-01-26 06:00:00,463.61480076004955
2045-01-26 07:00:00,464.40227704088466
2045-01-26 08:00:00,465.18975332171976
2045-01-26 09:00:00,465.97722960255487
2045-01-26 10:00:00,466.76470588339
2045-01-26 11:00:00,467.5521821642251
2045-01-26 12:00:00,468.3396584450602
2045-01-26 13:00:00,469.1271347258953
2045-01-26 14:00:00,469.9146110067304
2045-01-26 15:00:00,470.7020872875655
2045-01-26 16:00:00,471.4895635684006
2045-01-26 17:00:00,472.27703984923573
2045-01-26 18:00:00,473.06451613007084
2045-01-26 19:00:00,473.85199241090595
2045-01-26 20:00:00,474.63946869174106
2045-01-26 21:00:00,475.42694497257617
2045-01-26 22:00:00,476.2144212534113
2045-01-26 23:00:00,477.0018975342464
2045-01-27 00:00:00,477.7893738150815
2045-01-27 01:00:00,478.5768500959166
2045-01-27 02:00:00,479.3643263767517
2045-01-27 03:00:00,480.1518026575868
2045-01-27 04:00:00,480.9392789384219
2045-01-27 05:00:00,481.72675521925703
2045-01-27 06:00:00,482.51423150009214
2045-01-27 07:00:00,483.30170778092725
2045-01-27 08:00:00,484.08918406176235
2045-01-27 09:00:00,484.87666034259746
2045-01-27 10:00:00,485.66413662343257
2045-01-27 11:00:00,486.4516129042677
2045-01-27 12:00:00,487.2390891850955
2045-01-27 13:00:00,488.0265654659306
2045-01-27 14:00:00,488.8140417467657
2045-01-27 15:00:00,489.60151802760083
2045-01-27 16:00:00,490.38899430843594
2045-01-27 17:00:00,491.17647058927105
2045-01-27 18:00:00,491.96394687010616
2045-01-27 19:00:00,492.75142315094126
2045-01-27 20:00:00,493.5388994317764
2045-01-27 21:00:00,494.3263757126115
2045-01-27 22:00:00,495.1138519934466
2045-01-27 23:00:00,495.9013282742817
2045-01-28 00:00:00,496.6888045551168
2045-01-28 01:00:00,476.6888045551168
2045-01-28 02:00:00,456.6888045551168
2045-01-28 03:00:00,457.4762808359519
2045-01-28 04:00:00,458.263757116787
2045-01-28 05:00:00,459.0512333976221
2045-01-28 06:00:00,459.83870967845723
2045-01-28 07:00:00,460.62618595929234
2045-01-28 08:00:00,461.41366224012745
2045-01-28 09:00:00,462.20113852096256
2045-01-28 10:00:00,462.98861480179767
2045-01-28 11:00:00,463.7760910826328
2045-01-28 12:00:00,464.5635673634679
2045-01-28 13:00:00,465.351043644303
2045-01-28 14:00:00,466.1385199251381
2045-01-28 15:00:00,466.9259962059732
2045-01-28 16:00:00,467.7134724868083
2045-01-28 17:00:00,468.5009487676434
2045-01-28 18:00:00,469.28842504847853
2045-01-28 19:00:00,470.07590132931364
2045-01-28 20:00:00,470.86337761014875
2045-01-28 21:00:00,471.65085389098385
2045-01-28 22:00:00,472.43833017181896
2045-01-28 23:00:00,473.22580645265407
2045-01-29 00:00:00,474.0132827334892
2045-01-29 01:00:00,474.8007590143243
2045-01-29 02:00:00,475.5882352951594
2045-01-29 03:00:00,476.3757115759945
2045-01-29 04:00:00,477.1631878568296
2045-01-29 05:00:00,477.9506641376647
2045-01-29 06:00:00,478.7381404184998
2045-01-29 07:00:00,479.52561669933493
2045-01-29 08:00:00,480.31309298017004
2045-01-29 09:00:00,481.10056926100515
2045-01-29 10:00:00,481.88804554184026
2045-01-29 11:00:00,482.67552182267536
2045-01-29 12:00:00,483.4629981035105
2045-01-29 13:00:00,484.2504743843456
2045-01-29 14:00:00,485.0379506651807
2045-01-29 15:00:00,485.8254269460158
2045-01-29 16:00:00,486.6129032268509
2045-01-29 17:00:00,487.400379507686
2045-01-29 18:00:00,488.1878557885211
2045-01-29 19:00:00,488.97533206934895
2045-01-29 20:00:00,489.76280835018406
2045-01-29 21:00:00,490.55028463101917
2045-01-29 22:00:00,491.3377609118543
2045-01-29 23:00:00,492.1252371926894
2045-01-30 00:00:00,492.9127134735245
2045-01-30 01:00:00,493.7001897543596
2045-01-30 02:00:00,494.4876660351947
2045-01-30 03:00:00,495.2751423160298
2045-01-30 04:00:00,496.0626185968649
2045-01-30 05:00:00,496.85009487770003
2045-01-30 06:00:00,497.63757115853514
2045-01-30 07:00:00,498.42504743937025
2045-01-30 08:00:00,499.21252372020535
2045-01-30 09:00:00,500.00000000104046
2045-01-30 10:00:00,500.78747628187557
2045-01-30 11:00:00,501.5749525627107
2045-01-30 12:00:00,502.3624288435458
2045-01-30 13:00:00,503.1499051243809
2045-01-30 14:00:00,503.937381405216
2045-01-30 15:00:00,504.7248576860511
2045-01-30 16:00:00,505.5123339668862
2045-01-30 17:00:00,506.2998102477213
2045-01-30 18:00:00,507.08728652855643
2045-01-30 19:00:00,507.87476280939154
2045-01-30 20:00:00,508.66223909022665
2045-01-30 21:00:00,509.44971537106176
2045-01-30 22:00:00,510.23719165189686
2045-01-30 23:00:00,511.024667932732
2045-01-31 00:00:00,511.8121442135671
2045-01-31 01:00:00,512.5996204944022
2045-01-31 02:00:00,513.3870967752373
2045-01-31 03:00:00,514.1745730560724
2045-01-31 04:00:00,514.9620493369075
2045-01-31 05:00:00,515.7495256177426
2045-01-31 06:00:00,516.5370018985777
2045-01-31 07:00:00,517.3244781794128
2045-01-31 08:00:00,518.111954460248
2045-01-31 09:00:00,518.899430741083
2045-01-31 10:00:00,519.6869070219182
2045-01-31 11:00:00,520.4743833027533
2045-01-31 12:00:00,521.2618595835884
2045-01-31 13:00:00,522.0493358644235
2045-01-31 14:00:00,522.8368121452586
2045-01-31 15:00:00,523.6242884260937
2045-01-31 16:00:00,524.4117647069288
2045-01-31 17:00:00,525.1992409877639
2045-01-31 18:00:00,525.986717268599
2045-01-31 19:00:00,505.986717268599
2045-01-31 20:00:00,485.986717268599
2045-01-31 21:00:00,465.986717268599
2045-01-31 22:00:00,466.77419354943413
2045-01-31 23:00:00,467.56166983026924
2045-02-01 00:00:00,468.34914611110435
2045-02-01 01:00:00,469.13662239193945
2045-02-01 02:00:00,469.92409867277456
2045-02-01 03:00:00,470.7115749536024
2045-02-01 04:00:00,471.4990512344375
2045-02-01 05:00:00,472.2865275152726
2045-02-01 06:00:00,473.0740037961077
2045-02-01 07:00:00,473.8614800769428
2045-02-01 08:00:00,474.64895635777793
2045-02-01 09:00:00,475.43643263861304
2045-02-01 10:00:00,476.22390891944815
2045-02-01 11:00:00,477.01138520028326
2045-02-01 12:00:00,477.79886148111837
2045-02-01 13:00:00,478.5863377619535
2045-02-01 14:00:00,479.3738140427886
2045-02-01 15:00:00,480.1612903236237
2045-02-01 16:00:00,480.9487666044588
2045-02-01 17:00:00,481.7362428852939
2045-02-01 18:00:00,482.523719166129
2045-02-01 19:00:00,483.3111954469641
2045-02-01 20:00:00,484.0986717277992
2045-02-01 21:00:00,484.88614800863434
2045-02-01 22:00:00,485.67362428946944
2045-02-01 23:00:00,486.46110057030455
2045-02-02 00:00:00,487.24857685113966
2045-02-02 01:00:00,488.03605313197477
2045-02-02 02:00:00,488.8235294128099
2045-02-02 03:00:00,489.611005693645
2045-02-02 04:00:00,490.3984819744801
2045-02-02 05:00:00,491.1859582553152
2045-02-02 06:00:00,491.9734345361503
2045-02-02 07:00:00,492.7609108169854
2045-02-02 08:00:00,493.5483870978205
2045-02-02 09:00:00,494.33586337865563
2045-02-02 10:00:00,495.12333965949074
2045-02-02 11:00:00,495.91081594032585
2045-02-02 12:00:00,496.69829222116095
2045-02-02 13:00:00,497.48576850199606
2045-02-02 14:00:00,498.27324478283117
2045-02-02 15:00:00,499.0607210636663
2045-02-02 16:00:00,479.0607210636663
2045-02-02 17:00:00,459.0607210636663
2045-02-02 18:00:00,439.0607210636663
2045-02-02 19:00:00,419.0607210636663
2045-02-02 20:00:00,399.0607210636663
2045-02-02 21:00:00,379.0607210636663
2045-02-02 22:00:00,379.8481973445014
2045-02-02 23:00:00,380.6356736253365
2045-02-03 00:00:00,381.4231499061716
2045-02-03 01:00:00,382.2106261870067
2045-02-03 02:00:00,382.9981024678418
2045-02-03 03:00:00,383.7855787486769
2045-02-03 04:00:00,384.57305502951203
2045-02-03 05:00:00,385.36053131034714
2045-02-03 06:00:00,386.14800759118225
2045-02-03 07:00:00,386.93548387201736
2045-02-03 08:00:00,387.72296015285247
2045-02-03 09:00:00,388.5104364336876
2045-02-03 10:00:00,389.2979127145227
2045-02-03 11:00:00,390.0853889953578
2045-02-03 12:00:00,390.8728652761929
2045-02-03 13:00:00,391.660341557028
2045-02-03 14:00:00,392.4478178378631
2045-02-03 15:00:00,393.23529411869094
2045-02-03 16:00:00,394.02277039952605
2045-02-03 17:00:00,394.81024668036116
2045-02-03 18:00:00,395.59772296119627
2045-02-03 19:00:00,396.3851992420314
2045-02-03 20:00:00,397.1726755228665
2045-02-03 21:00:00,397.9601518037016
2045-02-03 22:00:00,398.7476280845367
2045-02-03 23:00:00,399.5351043653718
2045-02-04 00:00:00,400.3225806462069
2045-02-04 01:00:00,401.110056927042
2045-02-04 02:00:00,401.89753320787713
2045-02-04 03:00:00,402.68500948871224
2045-02-04 04:00:00,403.47248576954735
2045-02-04 05:00:00,404.25996205038246
2045-02-04 06:00:00,405.04743833121756
2045-02-04 07:00:00,405.83491461205267
2045-02-04 08:00:00,406.6223908928878
2045-02-04 09:00:00,407.4098671737229
2045-02-04 10:00:00,408.197343454558
2045-02-04 11:00:00,408.9848197353931
2045-02-04 12:00:00,409.7722960162282
2045-02-04 13:00:00,410.5597722970633
2045-02-04 14:00:00,411.3472485778984
2045-02-04 15:00:00,412.13472485873353
2045-02-04 16:00:00,412.92220113956864
2045-02-04 17:00:00,413.70967742040375
2045-02-04 18:00:00,414.49715370123886
2045-02-04 19:00:00,415.28462998207397
2045-02-04 20:00:00,416.0721062629091
2045-02-04 21:00:00,416.8595825437442
2045-02-04 22:00:00,417.6470588245793
2045-02-04 23:00:00,418.4345351054144
2045-02-05 00:00:00,419.2220113862495
2045-02-05 01:00:00,420.0094876670846
2045-02-05 02:00:00,420.7969639479197
2045-02-05 03:00:00,421.58444022875483
2045-02-05 04:00:00,422.37191650958994
2045-02-05 05:00:00,423.15939279042504
2045-02-05 06:00:00,423.94686907126015
2045-02-05 07:00:00,424.73434535209526
2045-02-05 08:00:00,425.52182163293037
2045-02-05 09:00:00,426.3092979137655
2045-02-05 10:00:00,427.0967741946006
2045-02-05 11:00:00,427.8842504754357
2045-02-05 12:00:00,428.6717267562708
2045-02-05 13:00:00,429.4592030371059
2045-02-05 14:00:00,430.246679317941
2045-02-05 15:00:00,431.0341555987761
2045-02-05 16:00:00,431.82163187961123
2045-02-05 17:00:00,432.60910816044634
2045-02-05 18:00:00,433.39658444128145
2045-02-05 19:00:00,434.18406072211656
2045-02-05 20:00:00,434.9715370029444
2045-02-05 21:00:00,435.7590132837795
2045-02-05 22:00:00,436.5464895646146
2045-02-05 23:00:00,437.3339658454497
2045-02-06 00:00:00,438.1214421262848
2045-02-06 01:00:00,438.9089184071199
2045-02-06 02:00:00,439.69639468795503
2045-02-06 03:00:00,440.48387096879014
2045-02-06 04:00:00,441.27134724962525
2045-02-06 05:00:00,442.05882353046036
2045-02-06 06:00:00,442.84629981129547
2045-02-06 07:00:00,443.6337760921306
2045-02-06 08:00:00,444.4212523729657
2045-02-06 09:00:00,445.2087286538008
2045-02-06 10:00:00,445.9962049346359
2045-02-06 11:00:00,446.783681215471
2045-02-06 12:00:00,447.5711574963061
2045-02-06 13:00:00,448.3586337771412
2045-02-06 14:00:00,449.14611005797633
2045-02-06 15:00:00,449.93358633881144
2045-02-06 16:00:00,450.72106261964655
2045-02-06 17:00:00,451.50853890048165
2045-02-06 18:00:00,452.29601518131676
2045-02-06 19:00:00,453.08349146215187
2045-02-06 20:00:00,453.870967742987
2045-02-06 21:00:00,454.6584440238221
2045-02-06 22:00:00,455.4459203046572
2045-02-06 23:00:00,456.2333965854923
2045-02-07 00:00:00,457.0208728663274
2045-02-07 01:00:00,457.8083491471625
2045-02-07 02:00:00,437.8083491471625
2045-02-07 03:00:00,438.5958254279976
2045-02-07 04:00:00,439.38330170883273
2045-02-07 05:00:00,440.17077798966784
2045-02-07 06:00:00,440.95825427050295
2045-02-07 07:00:00,441.74573055133806
2045-02-07 08:00:00,442.53320683217316
2045-02-07 09:00:00,443.3206831130083
2045-02-07 10:00:00,444.1081593938434
2045-02-07 11:00:00,444.8956356746785
2045-02-07 12:00:00,445.6831119555136
2045-02-07 13:00:00,446.4705882363487
2045-02-07 14:00:00,447.2580645171838
2045-02-07 15:00:00,448.0455407980189
2045-02-07 16:00:00,448.833017078854
2045-02-07 17:00:00,449.62049335968914
2045-02-07 18:00:00,450.40796964052424
2045-02-07 19:00:00,451.19544592135935
2045-02-07 20:00:00,451.98292220219446
2045-02-07 21:00:00,452.77039848302957
2045-02-07 22:00:00,453.5578747638647
2045-02-07 23:00:00,454.3453510446998
2045-02-08 00:00:00,455.1328273255349
2045-02-08 01:00:00,455.92030360637
2045-02-08 02:00:00,456.70777988719783
2045-02-08 03:00:00,457.49525616803294
2045-02-08 04:00:00,458.28273244886805
2045-02-08 05:00:00,459.07020872970315
2045-02-08 06:00:00,459.85768501053826
2045-02-08 07:00:00,460.64516129137337
2045-02-08 08:00:00,461.4326375722085
2045-02-08 09:00:00,462.2201138530436
2045-02-08 10:00:00,463.0075901338787
2045-02-08 11:00:00,463.7950664147138
2045-02-08 12:00:00,464.5825426955489
2045-02-08 13:00:00,465.370018976384
2045-02-08 14:00:00,466.1574952572191
2045-02-08 15:00:00,466.94497153805423
2045-02-08 16:00:00,467.73244781888934
2045-02-08 17:00:00,468.51992409972445
2045-02-08 18:00:00,469.30740038055956
2045-02-08 19:00:00,470.09487666139466
2045-02-08 20:00:00,470.8823529422298
2045-02-08 21:00:00,471.6698292230649
2045-02-08 22:00:00,472.4573055039
2045-02-08 23:00:00,473.2447817847351
2045-02-09 00:00:00,474.0322580655702
2045-02-09 01:00:00,474.8197343464053
2045-02-09 02:00:00,475.6072106272404
2045-02-09 03:00:00,476.3946869080755
2045-02-09 04:00:00,477.18216318891064
2045-02-09 05:00:00,477.96963946974574
2045-02-09 06:00:00,478.75711575058085
2045-02-09 07:00:00,479.54459203141596
2045-02-09 08:00:00,480.33206831225107
2045-02-09 09:00:00,481.1195445930862
2045-02-09 10:00:00,481.9070208739213
2045-02-09 11:00:00,482.6944971547564
2045-02-09 12:00:00,483.4819734355915
2045-02-09 13:00:00,484.2694497164266
2045-02-09 14:00:00,485.0569259972617
2045-02-09 15:00:00,485.8444022780968
2045-02-09 16:00:00,486.63187855893193
2045-02-09 17:00:00,487.41935483976704
2045-02-09 18:00:00,488.20683112060215
2045-02-09 19:00:00,488.99430740143725
2045-02-09 20:00:00,489.78178368227236
2045-02-09 21:00:00,490.56925996310747
2045-02-09 22:00:00,491.3567362439426
2045-02-09 23:00:00,492.1442125247777
2045-02-10 00:00:00,492.9316888056128
2045-02-10 01:00:00,493.7191650864479
2045-02-10 02:00:00,494.506641367283
2045-02-10 03:00:00,495.2941176481181
2045-02-10 04:00:00,496.0815939289532
2045-02-10 05:00:00,496.86907020978833
2045-02-10 06:00:00,497.65654649062344
2045-02-10 07:00:00,498.4440227714513
2045-02-10 08:00:00,499.2314990522864
2045-02-10 09:00:00,500.0189753331215
2045-02-10 10:00:00,500.8064516139566
2045-02-10 11:00:00,501.5939278947917
2045-02-10 12:00:00,502.3814041756268
2045-02-10 13:00:00,503.1688804564619
2045-02-10 14:00:00,503.956356737297
2045-02-10 15:00:00,504.74383301813214
2045-02-10 16:00:00,505.53130929896724
2045-02-10 17:00:00,506.31878557980235
2045-02-10 18:00:00,507.10626186063746
2045-02-10 19:00:00,507.89373814147257
2045-02-10 20:00:00,508.6812144223077
2045-02-10 21:00:00,509.4686907031428
2045-02-10 22:00:00,510.2561669839779
2045-02-10 23:00:00,511.043643264813
2045-02-11 00:00:00,511.8311195456481
2045-02-11 01:00:00,512.6185958264832
2045-02-11 02:00:00,513.4060721073183
2045-02-11 03:00:00,514.1935483881534
2045-02-11 04:00:00,514.9810246689885
2045-02-11 05:00:00,515.7685009498236
2045-02-11 06:00:00,516.5559772306588
2045-02-11 07:00:00,517.3434535114939
2045-02-11 08:00:00,518.130929792329
2045-02-11 09:00:00,518.9184060731641
2045-02-11 10:00:00,519.7058823539992
2045-02-11 11:00:00,520.4933586348343
2045-02-11 12:00:00,521.2808349156694
2045-02-11 13:00:00,522.0683111965045
2045-02-11 14:00:00,522.8557874773396
2045-02-11 15:00:00,523.6432637581747
2045-02-11 16:00:00,524.4307400390098
2045-02-11 17:00:00,525.2182163198449
2045-02-11 18:00:00,526.00569260068
2045-02-11 19:00:00,526.7931688815152
2045-02-11 20:00:00,527.5806451623503
2045-02-11 21:00:00,528.3681214431854
2045-02-11 22:00:00,529.1555977240205
2045-02-11 23:00:00,529.9430740048556
2045-02-12 00:00:00,530.7305502856907
2045-02-12 01:00:00,531.5180265665258
2045-02-12 02:00:00,532.3055028473609
2045-02-12 03:00:00,533.092979128196
2045-02-12 04:00:00,533.8804554090311
2045-02-12 05:00:00,534.6679316898662
2045-02-12 06:00:00,535.4554079707013
2045-02-12 07:00:00,536.2428842515365
2045-02-12 08:00:00,537.0303605323716
2045-02-12 09:00:00,537.8178368132067
2045-02-12 10:00:00,538.6053130940418
2045-02-12 11:00:00,539.3927893748769
2045-02-12 12:00:00,540.180265655712
2045-02-12 13:00:00,540.9677419365398
2045-02-12 14:00:00,541.7552182173749
2045-02-12 15:00:00,542.54269449821
2045-02-12 16:00:00,543.3301707790451
2045-02-12 17:00:00,544.1176470598803
2045-02-12 18:00:00,544.9051233407154
2045-02-12 19:00:00,545.6925996215505
2045-02-12 20:00:00,546.4800759023856
2045-02-12 21:00:00,547.2675521832207
2045-02-12 22:00:00,548.0550284640558
2045-02-12 23:00:00,528.0550284640558
2045-02-13 00:00:00,528.8425047448909
2045-02-13 01:00:00,529.629981025726
2045-02-13 02:00:00,530.4174573065611
2045-02-13 03:00:00,531.2049335873962
2045-02-13 04:00:00,531.9924098682313
2045-02-13 05:00:00,532.7798861490664
2045-02-13 06:00:00,533.5673624299016
2045-02-13 07:00:00,534.3548387107367
2045-02-13 08:00:00,535.1423149915718
2045-02-13 09:00:00,535.9297912724069
2045-02-13 10:00:00,536.717267553242
2045-02-13 11:00:00,537.5047438340771
2045-02-13 12:00:00,517.5047438340771
2045-02-13 13:00:00,497.5047438340771
2045-02-13 14:00:00,477.5047438340771
2045-02-13 15:00:00,478.2922201149122
2045-02-13 16:00:00,479.0796963957473
2045-02-13 17:00:00,479.8671726765824
2045-02-13 18:00:00,480.6546489574175
2045-02-13 19:00:00,481.44212523825263
2045-02-13 20:00:00,482.22960151908774
2045-02-13 21:00:00,483.01707779992284
2045-02-13 22:00:00,463.01707779992284
2045-02-13 23:00:00,443.01707779992284
2045-02-14 00:00:00,423.01707779992284
2045-02-14 01:00:00,403.01707779992284
2045-02-14 02:00:00,403.80455408075795
2045-02-14 03:00:00,404.59203036159306
2045-02-14 04:00:00,405.37950664242817
2045-02-14 05:00:00,406.1669829232633
2045-02-14 06:00:00,406.9544592040984
2045-02-14 07:00:00,407.7419354849335
2045-02-14 08:00:00,408.5294117657686
2045-02-14 09:00:00,409.3168880466037
2045-02-14 10:00:00,410.1043643274388
2045-02-14 11:00:00,410.8918406082739
2045-02-14 12:00:00,411.67931688910903
2045-02-14 13:00:00,412.46679316994414
2045-02-14 14:00:00,413.25426945077925
2045-02-14 15:00:00,414.04174573161436
2045-02-14 16:00:00,414.82922201244946
2045-02-14 17:00:00,415.61669829328457
2045-02-14 18:00:00,416.4041745741197
2045-02-14 19:00:00,417.1916508549548
2045-02-14 20:00:00,417.9791271357899
2045-02-14 21:00:00,418.766603416625
2045-02-14 22:00:00,419.5540796974601
2045-02-14 23:00:00,420.3415559782952
2045-02-15 00:00:00,421.1290322591303
2045-02-15 01:00:00,421.91650853996543
2045-02-15 02:00:00,422.70398482079327
2045-02-15 03:00:00,423.4914611016284
2045-02-15 04:00:00,424.2789373824635
2045-02-15 05:00:00,425.0664136632986
2045-02-15 06:00:00,425.8538899441337
2045-02-15 07:00:00,426.6413662249688
2045-02-15 08:00:00,427.4288425058039
2045-02-15 09:00:00,428.216318786639
2045-02-15 10:00:00,429.00379506747413
2045-02-15 11:00:00,429.79127134830924
2045-02-15 12:00:00,409.79127134830924
2045-02-15 13:00:00,410.57874762914435
2045-02-15 14:00:00,411.36622390997945
2045-02-15 15:00:00,412.15370019081456
2045-02-15 16:00:00,412.94117647164967
2045-02-15 17:00:00,413.7286527524848
2045-02-15 18:00:00,414.5161290333199
2045-02-15 19:00:00,415.303605314155
2045-02-15 20:00:00,416.0910815949901
2045-02-15 21:00:00,416.8785578758252
2045-02-15 22:00:00,417.6660341566603
2045-02-15 23:00:00,418.4535104374954
2045-02-16 00:00:00,419.24098671833053
2045-02-16 01:00:00,420.02846299916564
2045-02-16 02:00:00,420.81593928000075
2045-02-16 03:00:00,421.60341556083586
2045-02-16 04:00:00,422.39089184167096
2045-02-16 05:00:00,423.1783681225061
2045-02-16 06:00:00,423.9658444033412
2045-02-16 07:00:00,424.7533206841763
2045-02-16 08:00:00,425.5407969650114
2045-02-16 09:00:00,426.3282732458465
2045-02-16 10:00:00,427.1157495266816
2045-02-16 11:00:00,427.9032258075167
2045-02-16 12:00:00,428.6907020883518
2045-02-16 13:00:00,429.47817836918694
2045-02-16 14:00:00,430.26565465002204
2045-02-16 15:00:00,431.05313093085715
2045-02-16 16:00:00,431.84060721169226
2045-02-16 17:00:00,432.62808349252737
2045-02-16 18:00:00,433.4155597733625
2045-02-16 19:00:00,434.2030360541976
2045-02-16 20:00:00,434.9905123350327
2045-02-16 21:00:00,435.7779886158678
2045-02-16 22:00:00,436.5654648967029
2045-02-16 23:00:00,437.352941177538
2045-02-17 00:00:00,438.1404174583731
2045-02-17 01:00:00,438.92789373920823
2045-02-17 02:00:00,439.71537002004334
2045-02-17 03:00:00,440.50284630087845
2045-02-17 04:00:00,441.29032258171355
2045-02-17 05:00:00,442.07779886254866
2045-02-17 06:00:00,442.86527514338377
2045-02-17 07:00:00,443.6527514242189
2045-02-17 08:00:00,444.4402277050467
2045-02-17 09:00:00,445.2277039858818
2045-02-17 10:00:00,446.0151802667169
2045-02-17 11:00:00,446.80265654755203
2045-02-17 12:00:00,447.59013282838714
2045-02-17 13:00:00,448.37760910922225
2045-02-17 14:00:00,449.16508539005736
2045-02-17 15:00:00,449.95256167089246
2045-02-17 16:00:00,450.7400379517276
2045-02-17 17:00:00,451.5275142325627
2045-02-17 18:00:00,452.3149905133978
2045-02-17 19:00:00,453.1024667942329
2045-02-17 20:00:00,453.889943075068
2045-02-17 21:00:00,454.6774193559031
2045-02-17 22:00:00,455.4648956367382
2045-02-17 23:00:00,456.2523719175733
2045-02-18 00:00:00,457.03984819840844
2045-02-18 01:00:00,457.82732447924354
2045-02-18 02:00:00,458.61480076007865
2045-02-18 03:00:00,459.40227704091376
2045-02-18 04:00:00,460.18975332174887
2045-02-18 05:00:00,460.977229602584
2045-02-18 06:00:00,461.7647058834191
2045-02-18 07:00:00,462.5521821642542
2045-02-18 08:00:00,463.3396584450893
2045-02-18 09:00:00,464.1271347259244
2045-02-18 10:00:00,464.9146110067595
2045-02-18 11:00:00,465.7020872875946
2045-02-18 12:00:00,466.48956356842973
2045-02-18 13:00:00,467.27703984926484
2045-02-18 14:00:00,468.06451613009995
2045-02-18 15:00:00,468.85199241093505
2045-02-18 16:00:00,469.63946869177016
2045-02-18 17:00:00,470.42694497260527
2045-02-18 18:00:00,471.2144212534404
2045-02-18 19:00:00,472.0018975342755
2045-02-18 20:00:00,472.7893738151106
2045-02-18 21:00:00,473.5768500959457
2045-02-18 22:00:00,474.3643263767808
2045-02-18 23:00:00,475.1518026576159
2045-02-19 00:00:00,475.939278938451
2045-02-19 01:00:00,476.72675521928613
2045-02-19 02:00:00,477.51423150012124
2045-02-19 03:00:00,478.30170778095635
2045-02-19 04:00:00,479.08918406179146
2045-02-19 05:00:00,479.87666034262656
2045-02-19 06:00:00,480.6641366234617
2045-02-19 07:00:00,481.4516129042968
2045-02-19 08:00:00,482.2390891851319
2045-02-19 09:00:00,483.026565465967
2045-02-19 10:00:00,483.8140417468021
2045-02-19 11:00:00,484.6015180276372
2045-02-19 12:00:00,485.3889943084723
2045-02-19 13:00:00,486.17647058930015
2045-02-19 14:00:00,486.96394687013526
2045-02-19 15:00:00,487.75142315097037
2045-02-19 16:00:00,488.5388994318055
2045-02-19 17:00:00,489.3263757126406
2045-02-19 18:00:00,490.1138519934757
2045-02-19 19:00:00,490.9013282743108
2045-02-19 20:00:00,491.6888045551459
2045-02-19 21:00:00,492.476280835981
2045-02-19 22:00:00,493.2637571168161
2045-02-19 23:00:00,494.05123339765123
2045-02-20 00:00:00,494.83870967848634
2045-02-20 01:00:00,495.62618595932145
2045-02-20 02:00:00,496.41366224015655
2045-02-20 03:00:00,497.20113852099166
2045-02-20 04:00:00,497.98861480182677
2045-02-20 05:00:00,498.7760910826619
2045-02-20 06:00:00,499.563567363497
2045-02-20 07:00:00,500.3510436443321
2045-02-20 08:00:00,501.1385199251672
2045-02-20 09:00:00,501.9259962060023
2045-02-20 10:00:00,502.7134724868374
2045-02-20 11:00:00,503.5009487676725
2045-02-20 12:00:00,504.28842504850763
2045-02-20 13:00:00,505.07590132934274
2045-02-20 14:00:00,485.07590132934274
2045-02-20 15:00:00,485.86337761017785
2045-02-20 16:00:00,486.65085389101296
2045-02-20 17:00:00,487.43833017184807
2045-02-20 18:00:00,488.2258064526832
2045-02-20 19:00:00,489.0132827335183
2045-02-20 20:00:00,489.8007590143534
2045-02-20 21:00:00,490.5882352951885
2045-02-20 22:00:00,491.3757115760236
2045-02-20 23:00:00,492.1631878568587
2045-02-21 00:00:00,492.9506641376938
2045-02-21 01:00:00,493.7381404185289
2045-02-21 02:00:00,494.52561669936404
2045-02-21 03:00:00,495.31309298019914
2045-02-21 04:00:00,496.10056926103425
2045-02-21 05:00:00,496.88804554186936
2045-02-21 06:00:00,497.67552182270447
2045-02-21 07:00:00,498.4629981035396
2045-02-21 08:00:00,499.2504743843747
2045-02-21 09:00:00,500.0379506652098
2045-02-21 10:00:00,500.8254269460449
2045-02-21 11:00:00,501.61290322688
2045-02-21 12:00:00,502.4003795077151
2045-02-21 13:00:00,503.1878557885502
2045-02-21 14:00:00,503.97533206938533
2045-02-21 15:00:00,504.76280835022044
2045-02-21 16:00:00,505.55028463105555
2045-02-21 17:00:00,506.33776091189065
2045-02-21 18:00:00,507.12523719272576
2045-02-21 19:00:00,507.9127134735536
2045-02-21 20:00:00,508.7001897543887
2045-02-21 21:00:00,509.4876660352238
2045-02-21 22:00:00,510.2751423160589
2045-02-21 23:00:00,511.062618596894
2045-02-22 00:00:00,511.85009487772913
2045-02-22 01:00:00,512.6375711585642
2045-02-22 02:00:00,513.4250474393993
2045-02-22 03:00:00,514.2125237202345
2045-02-22 04:00:00,515.0000000010696
2045-02-22 05:00:00,515.7874762819047
2045-02-22 06:00:00,516.5749525627398
2045-02-22 07:00:00,517.3624288435749
2045-02-22 08:00:00,518.14990512441
2045-02-22 09:00:00,518.9373814052451
2045-02-22 10:00:00,519.7248576860802
2045-02-22 11:00:00,520.5123339669153
2045-02-22 12:00:00,521.2998102477504
2045-02-22 13:00:00,501.29981024775043
2045-02-22 14:00:00,481.29981024775043
2045-02-22 15:00:00,461.29981024775043
2045-02-22 16:00:00,441.29981024775043
2045-02-22 17:00:00,442.08728652858554
2045-02-22 18:00:00,442.87476280942064
2045-02-22 19:00:00,443.66223909025575
2045-02-22 20:00:00,444.44971537109086
2045-02-22 21:00:00,445.23719165192597
2045-02-22 22:00:00,446.0246679327611
2045-02-22 23:00:00,446.8121442135962
2045-02-23 00:00:00,447.5996204944313
2045-02-23 01:00:00,448.3870967752664
2045-02-23 02:00:00,449.1745730561015
2045-02-23 03:00:00,449.9620493369366
2045-02-23 04:00:00,450.7495256177717
2045-02-23 05:00:00,451.53700189860683
2045-02-23 06:00:00,452.32447817944194
2045-02-23 07:00:00,453.11195446027705
2045-02-23 08:00:00,453.89943074111216
2045-02-23 09:00:00,454.68690702194726
2045-02-23 10:00:00,455.47438330278237
2045-02-23 11:00:00,456.2618595836175
2045-02-23 12:00:00,457.0493358644526
2045-02-23 13:00:00,437.0493358644526
2045-02-23 14:00:00,417.0493358644526
2045-02-23 15:00:00,417.8368121452877
2045-02-23 16:00:00,418.6242884261228
2045-02-23 17:00:00,419.4117647069543
2045-02-23 18:00:00,420.1992409877894
2045-02-23 19:00:00,420.9867172686245
2045-02-23 20:00:00,421.7741935494596
2045-02-23 21:00:00,422.5616698302947
2045-02-23 22:00:00,423.3491461111298
2045-02-23 23:00:00,424.1366223919649
2045-02-24 00:00:00,424.9240986728
2045-02-24 01:00:00,425.71157495363514
2045-02-24 02:00:00,426.49905123447024
2045-02-24 03:00:00,427.28652751530535
2045-02-24 04:00:00,428.07400379614046
2045-02-24 05:00:00,428.86148007697557
2045-02-24 06:00:00,429.6489563578107
2045-02-24 07:00:00,430.4364326386458
2045-02-24 08:00:00,431.2239089194809
2045-02-24 09:00:00,432.011385200316
2045-02-24 10:00:00,432.7988614811511
2045-02-24 11:00:00,433.5863377619862
2045-02-24 12:00:00,434.3738140428213
2045-02-24 13:00:00,435.16129032365643
2045-02-24 14:00:00,435.94876660449154
2045-02-24 15:00:00,436.73624288532665
2045-02-24 16:00:00,437.52371916616175
2045-02-24 17:00:00,438.31119544699686
2045-02-24 18:00:00,439.09867172783197
2045-02-24 19:00:00,439.8861480086671
2045-02-24 20:00:00,440.67362428949855
2045-02-24 21:00:00,441.46110057033366
2045-02-24 22:00:00,442.24857685116876
2045-02-24 23:00:00,443.0360531320039
2045-02-25 00:00:00,443.823529412839
2045-02-25 01:00:00,444.6110056936741
2045-02-25 02:00:00,445.3984819745092
2045-02-25 03:00:00,446.1859582553443
2045-02-25 04:00:00,446.9734345361794
2045-02-25 05:00:00,447.7609108170145
2045-02-25 06:00:00,448.5483870978496
2045-02-25 07:00:00,449.33586337868473
2045-02-25 08:00:00,450.12333965951984
2045-02-25 09:00:00,450.91081594035495
2045-02-25 10:00:00,451.69829222119006
2045-02-25 11:00:00,452.48576850202517
2045-02-25 12:00:00,453.2732447828603
2045-02-25 13:00:00,454.0607210636954
2045-02-25 14:00:00,454.8481973445305
2045-02-25 15:00:00,455.6356736253656
2045-02-25 16:00:00,456.4231499062007
2045-02-25 17:00:00,457.2106261870358
2045-02-25 18:00:00,457.9981024678709
2045-02-25 19:00:00,458.78557874870603
2045-02-25 20:00:00,459.57305502954114
2045-02-25 21:00:00,460.36053131037625
2045-02-25 22:00:00,461.1480075912077
2045-02-25 23:00:00,461.9354838720428
2045-02-26 00:00:00,462.72296015287793
2045-02-26 01:00:00,463.51043643371304
2045-02-26 02:00:00,464.29791271454815
2045-02-26 03:00:00,465.08538899538325
2045-02-26 04:00:00,465.87286527621836
2045-02-26 05:00:00,466.66034155705347
2045-02-26 06:00:00,467.4478178378886
2045-02-26 07:00:00,468.2352941187237
2045-02-26 08:00:00,469.0227703995588
2045-02-26 09:00:00,469.8102466803939
2045-02-26 10:00:00,470.597722961229
2045-02-26 11:00:00,471.3851992420641
2045-02-26 12:00:00,472.1726755228992
2045-02-26 13:00:00,472.96015180373433
2045-02-26 14:00:00,473.74762808456944
2045-02-26 15:00:00,474.53510436540455
2045-02-26 16:00:00,475.32258064623966
2045-02-26 17:00:00,476.11005692707477
2045-02-26 18:00:00,476.8975332079099
2045-02-26 19:00:00,477.685009488745
2045-02-26 20:00:00,478.4724857695801
2045-02-26 21:00:00,479.2599620504152
2045-02-26 22:00:00,480.0474383312503
2045-02-26 23:00:00,480.8349146120854
2045-02-27 00:00:00,481.6223908929205
2045-02-27 01:00:00,482.409867173752
2045-02-27 02:00:00,483.1973434545871
2045-02-27 03:00:00,483.9848197354222
2045-02-27 04:00:00,484.7722960162573
2045-02-27 05:00:00,485.5597722970924
2045-02-27 06:00:00,486.34724857792753
2045-02-27 07:00:00,487.13472485876264
2045-02-27 08:00:00,487.92220113959775
2045-02-27 09:00:00,488.70967742043285
2045-02-27 10:00:00,489.49715370126796
2045-02-27 11:00:00,490.28462998210307
2045-02-27 12:00:00,491.0721062629382
2045-02-27 13:00:00,491.8595825437733
2045-02-27 14:00:00,492.6470588246084
2045-02-27 15:00:00,493.4345351054435
2045-02-27 16:00:00,494.2220113862786
2045-02-27 17:00:00,495.0094876671137
2045-02-27 18:00:00,495.7969639479488
2045-02-27 19:00:00,496.58444022878393
2045-02-27 20:00:00,497.37191650961904
2045-02-27 21:00:00,498.15939279045415
2045-02-27 22:00:00,498.94686907128926
2045-02-27 23:00:00,499.73434535212436
2045-02-28 00:00:00,500.5218216329595
2045-02-28 01:00:00,501.3092979137946
2045-02-28 02:00:00,502.0967741946297
2045-02-28 03:00:00,502.8842504754648
2045-02-28 04:00:00,503.67172675629627
2045-02-28 05:00:00,504.4592030371314
2045-02-28 06:00:00,505.2466793179665
2045-02-28 07:00:00,506.0341555988016
2045-02-28 08:00:00,506.8216318796367
2045-02-28 09:00:00,507.6091081604718
2045-02-28 10:00:00,508.3965844413069
2045-02-28 11:00:00,509.184060722142
2045-02-28 12:00:00,509.97153700297713
2045-02-28 13:00:00,510.75901328381224
2045-02-28 14:00:00,511.54648956464735
2045-02-28 15:00:00,512.3339658454825
2045-02-28 16:00:00,513.1214421263176
2045-02-28 17:00:00,513.9089184071527
2045-02-28 18:00:00,514.6963946879878
2045-02-28 19:00:00,515.4838709688229
2045-02-28 20:00:00,516.271347249658
2045-02-28 21:00:00,517.0588235304931
2045-02-28 22:00:00,517.8462998113282
2045-02-28 23:00:00,518.6337760921633
2045-03-01 00:00:00,519.4212523729984
2045-03-01 01:00:00,520.2087286538335
2045-03-01 02:00:00,520.9962049346686
2045-03-01 03:00:00,521.7836812155037
2045-03-01 04:00:00,522.5711574963389
2045-03-01 05:00:00,523.358633777174
2045-03-01 06:00:00,524.1461100580054
2045-03-01 07:00:00,524.9335863388405
2045-03-01 08:00:00,525.7210626196756
2045-03-01 09:00:00,526.5085389005108
2045-03-01 10:00:00,527.2960151813459
2045-03-01 11:00:00,528.083491462181
2045-03-01 12:00:00,528.8709677430161
2045-03-01 13:00:00,529.6584440238512
2045-03-01 14:00:00,530.4459203046863
2045-03-01 15:00:00,531.2333965855214
2045-03-01 16:00:00,532.0208728663565
2045-03-01 17:00:00,532.8083491471916
2045-03-01 18:00:00,533.5958254280267
2045-03-01 19:00:00,534.3833017088618
2045-03-01 20:00:00,535.170777989697
2045-03-01 21:00:00,535.958254270532
2045-03-01 22:00:00,536.7457305513672
2045-03-01 23:00:00,537.5332068322023
2045-03-02 00:00:00,538.3206831130374
2045-03-02 01:00:00,539.1081593938725
2045-03-02 02:00:00,539.8956356747076
2045-03-02 03:00:00,540.6831119555427
2045-03-02 04:00:00,541.4705882363778
2045-03-02 05:00:00,542.2580645172129
2045-03-02 06:00:00,543.045540798048
2045-03-02 07:00:00,543.8330170788831
2045-03-02 08:00:00,544.6204933597182
2045-03-02 09:00:00,545.4079696405497
2045-03-02 10:00:00,546.1954459213848
2045-03-02 11:00:00,546.9829222022199
2045-03-02 12:00:00,547.770398483055
2045-03-02 13:00:00,548.5578747638901
2045-03-02 14:00:00,549.3453510447252
2045-03-02 15:00:00,550.1328273255604
2045-03-02 16:00:00,550.9203036063955
2045-03-02 17:00:00,551.7077798872306
2045-03-02 18:00:00,552.4952561680657
2045-03-02 19:00:00,553.2827324489008
2045-03-02 20:00:00,554.0702087297359
2045-03-02 21:00:00,554.857685010571
2045-03-02 22:00:00,555.6451612914061
2045-03-02 23:00:00,556.4326375722412
2045-03-03 00:00:00,557.2201138530763
2045-03-03 01:00:00,558.0075901339114
2045-03-03 02:00:00,558.7950664147465
2045-03-03 03:00:00,559.5825426955817
2045-03-03 04:00:00,560.3700189764168
2045-03-03 05:00:00,561.1574952572519
2045-03-03 06:00:00,561.944971538087
2045-03-03 07:00:00,562.7324478189221
2045-03-03 08:00:00,563.5199240997572
2045-03-03 09:00:00,564.3074003805923
2045-03-03 10:00:00,565.0948766614274
2045-03-03 11:00:00,565.8823529422625
2045-03-03 12:00:00,566.669829223094
2045-03-03 13:00:00,567.4573055039291
2045-03-03 14:00:00,568.2447817847642
2045-03-03 15:00:00,569.0322580655993
2045-03-03 16:00:00,569.8197343464344
2045-03-03 17:00:00,570.6072106272695
2045-03-03 18:00:00,571.3946869081046
2045-03-03 19:00:00,572.1821631889397
2045-03-03 20:00:00,572.9696394697748
2045-03-03 21:00:00,573.75711575061
2045-03-03 22:00:00,574.5445920314451
2045-03-03 23:00:00,575.3320683122802
2045-03-04 00:00:00,576.1195445931153
2045-03-04 01:00:00,576.9070208739504
2045-03-04 02:00:00,577.6944971547855
2045-03-04 03:00:00,578.4819734356206
2045-03-04 04:00:00,579.2694497164557
2045-03-04 05:00:00,580.0569259972908
2045-03-04 06:00:00,580.8444022781259
2045-03-04 07:00:00,581.631878558961
2045-03-04 08:00:00,582.4193548397961
2045-03-04 09:00:00,583.2068311206313
2045-03-04 10:00:00,583.9943074014664
2045-03-04 11:00:00,584.7817836823015
2045-03-04 12:00:00,585.5692599631366
2045-03-04 13:00:00,586.3567362439717
2045-03-04 14:00:00,587.1442125248032
2045-03-04 15:00:00,587.9316888056383
2045-03-04 16:00:00,588.7191650864734
2045-03-04 17:00:00,568.7191650864734
2045-03-04 18:00:00,548.7191650864734
2045-03-04 19:00:00,528.7191650864734
2045-03-04 20:00:00,508.71916508647337
2045-03-04 21:00:00,488.71916508647337
2045-03-04 22:00:00,468.71916508647337
2045-03-04 23:00:00,448.71916508647337
2045-03-05 00:00:00,449.5066413673085
2045-03-05 01:00:00,450.2941176481436
2045-03-05 02:00:00,451.0815939289787
2045-03-05 03:00:00,451.8690702098138
2045-03-05 04:00:00,452.6565464906489
2045-03-05 05:00:00,453.444022771484
2045-03-05 06:00:00,454.2314990523191
2045-03-05 07:00:00,455.01897533315423
2045-03-05 08:00:00,455.80645161398934
2045-03-05 09:00:00,456.59392789482445
2045-03-05 10:00:00,457.38140417565955
2045-03-05 11:00:00,458.16888045649466
2045-03-05 12:00:00,458.95635673732977
2045-03-05 13:00:00,459.7438330181649
2045-03-05 14:00:00,460.531309299
2045-03-05 15:00:00,461.3187855798351
2045-03-05 16:00:00,462.1062618606702
2045-03-05 17:00:00,462.8937381415053
2045-03-05 18:00:00,463.6812144223404
2045-03-05 19:00:00,464.4686907031755
2045-03-05 20:00:00,465.25616698401063
2045-03-05 21:00:00,466.04364326484574
2045-03-05 22:00:00,466.83111954568085
2045-03-05 23:00:00,467.61859582651596
2045-03-06 00:00:00,468.4060721073474
2045-03-06 01:00:00,469.19354838818253
2045-03-06 02:00:00,469.98102466901764
2045-03-06 03:00:00,470.76850094985275
2045-03-06 04:00:00,471.55597723068786
2045-03-06 05:00:00,472.34345351152297
2045-03-06 06:00:00,473.1309297923581
2045-03-06 07:00:00,473.9184060731932
2045-03-06 08:00:00,474.7058823540283
2045-03-06 09:00:00,475.4933586348634
2045-03-06 10:00:00,476.2808349156985
2045-03-06 11:00:00,477.0683111965336
2045-03-06 12:00:00,477.8557874773687
2045-03-06 13:00:00,478.64326375820383
2045-03-06 14:00:00,479.43074003903894
2045-03-06 15:00:00,480.21821631987405
2045-03-06 16:00:00,481.00569260070915
2045-03-06 17:00:00,481.79316888154426
2045-03-06 18:00:00,482.58064516237937
2045-03-06 19:00:00,483.3681214432145
2045-03-06 20:00:00,484.1555977240496
2045-03-06 21:00:00,484.9430740048847
2045-03-06 22:00:00,485.7305502857198
2045-03-06 23:00:00,486.5180265665549
2045-03-07 00:00:00,487.30550284739
2045-03-07 01:00:00,488.0929791282251
2045-03-07 02:00:00,488.8804554090566
2045-03-07 03:00:00,489.6679316898917
2045-03-07 04:00:00,490.4554079707268
2045-03-07 05:00:00,491.2428842515619
2045-03-07 06:00:00,492.030360532397
2045-03-07 07:00:00,492.81783681323213
2045-03-07 08:00:00,493.60531309406724
2045-03-07 09:00:00,494.39278937490235
2045-03-07 10:00:00,495.18026565573746
2045-03-07 11:00:00,495.96774193657257
2045-03-07 12:00:00,496.7552182174077
2045-03-07 13:00:00,497.5426944982428
2045-03-07 14:00:00,498.3301707790779
2045-03-07 15:00:00,499.117647059913
2045-03-07 16:00:00,499.9051233407481
2045-03-07 17:00:00,500.6925996215832
2045-03-07 18:00:00,501.4800759024183
2045-03-07 19:00:00,502.26755218325343
2045-03-07 20:00:00,503.05502846408854
2045-03-07 21:00:00,503.84250474492364
2045-03-07 22:00:00,504.62998102575875
2045-03-07 23:00:00,505.41745730659386
2045-03-08 00:00:00,506.20493358742897
2045-03-08 01:00:00,506.9924098682641
2045-03-08 02:00:00,507.7798861490992
2045-03-08 03:00:00,508.5673624299343
2045-03-08 04:00:00,509.3548387107694
2045-03-08 05:00:00,510.14231499160087
2045-03-08 06:00:00,510.929791272436
2045-03-08 07:00:00,511.7172675532711
2045-03-08 08:00:00,512.5047438341062
2045-03-08 09:00:00,513.2922201149413
2045-03-08 10:00:00,514.0796963957764
2045-03-08 11:00:00,514.8671726766115
2045-03-08 12:00:00,515.6546489574466
2045-03-08 13:00:00,516.4421252382817
2045-03-08 14:00:00,517.2296015191168
2045-03-08 15:00:00,518.017077799952
2045-03-08 16:00:00,518.804554080787
2045-03-08 17:00:00,519.5920303616222
2045-03-08 18:00:00,520.3795066424573
2045-03-08 19:00:00,521.1669829232924
2045-03-08 20:00:00,521.9544592041275
2045-03-08 21:00:00,522.7419354849626
2045-03-08 22:00:00,523.5294117657977
2045-03-08 23:00:00,524.3168880466328
2045-03-09 00:00:00,525.1043643274679
2045-03-09 01:00:00,525.891840608303
2045-03-09 02:00:00,526.6793168891381
2045-03-09 03:00:00,527.4667931699732
2045-03-09 04:00:00,528.2542694508084
2045-03-09 05:00:00,529.0417457316435
2045-03-09 06:00:00,529.8292220124786
2045-03-09 07:00:00,530.6166982933137
2045-03-09 08:00:00,531.4041745741451
2045-03-09 09:00:00,532.1916508549803
2045-03-09 10:00:00,532.9791271358154
2045-03-09 11:00:00,533.7666034166505
2045-03-09 12:00:00,534.5540796974856
2045-03-09 13:00:00,535.3415559783207
2045-03-09 14:00:00,536.1290322591558
2045-03-09 15:00:00,536.9165085399909
2045-03-09 16:00:00,537.703984820826
2045-03-09 17:00:00,538.4914611016611
2045-03-09 18:00:00,539.2789373824962
2045-03-09 19:00:00,540.0664136633313
2045-03-09 20:00:00,540.8538899441664
2045-03-09 21:00:00,541.6413662250015
2045-03-09 22:00:00,542.4288425058367
2045-03-09 23:00:00,543.2163187866718
2045-03-10 00:00:00,544.0037950675069
2045-03-10 01:00:00,544.791271348342
2045-03-10 02:00:00,545.5787476291771
2045-03-10 03:00:00,546.3662239100122
2045-03-10 04:00:00,547.1537001908473
2045-03-10 05:00:00,547.9411764716824
2045-03-10 06:00:00,548.7286527525175
2045-03-10 07:00:00,549.5161290333526
2045-03-10 08:00:00,550.3036053141877
2045-03-10 09:00:00,551.0910815950228
2045-03-10 10:00:00,551.8785578758543
2045-03-10 11:00:00,552.6660341566894
2045-03-10 12:00:00,553.4535104375245
2045-03-10 13:00:00,554.2409867183596
2045-03-10 14:00:00,555.0284629991947
2045-03-10 15:00:00,555.8159392800299
2045-03-10 16:00:00,556.603415560865
2045-03-10 17:00:00,557.3908918417001
2045-03-10 18:00:00,558.1783681225352
2045-03-10 19:00:00,558.9658444033703
2045-03-10 20:00:00,559.7533206842054
2045-03-10 21:00:00,560.5407969650405
2045-03-10 22:00:00,561.3282732458756
2045-03-10 23:00:00,562.1157495267107
2045-03-11 00:00:00,562.9032258075458
2045-03-11 01:00:00,563.6907020883809
2045-03-11 02:00:00,564.478178369216
2045-03-11 03:00:00,565.2656546500511
2045-03-11 04:00:00,566.0531309308863
2045-03-11 05:00:00,566.8406072117214
2045-03-11 06:00:00,567.6280834925565
2045-03-11 07:00:00,568.4155597733916
2045-03-11 08:00:00,569.2030360542267
2045-03-11 09:00:00,569.9905123350618
2045-03-11 10:00:00,570.7779886158969
2045-03-11 11:00:00,571.565464896732
2045-03-11 12:00:00,572.3529411775671
2045-03-11 13:00:00,573.1404174583986
2045-03-11 14:00:00,573.9278937392337
2045-03-11 15:00:00,574.7153700200688
2045-03-11 16:00:00,575.5028463009039
2045-03-11 17:00:00,576.290322581739
2045-03-11 18:00:00,577.0777988625741
2045-03-11 19:00:00,577.8652751434092
2045-03-11 20:00:00,578.6527514242443
2045-03-11 21:00:00,579.4402277050795
2045-03-11 22:00:00,580.2277039859146
2045-03-11 23:00:00,581.0151802667497
2045-03-12 00:00:00,581.8026565475848
2045-03-12 01:00:00,582.5901328284199
2045-03-12 02:00:00,583.377609109255
2045-03-12 03:00:00,584.1650853900901
2045-03-12 04:00:00,584.9525616709252
2045-03-12 05:00:00,585.7400379517603
2045-03-12 06:00:00,586.5275142325954
2045-03-12 07:00:00,587.3149905134305
2045-03-12 08:00:00,588.1024667942656
2045-03-12 09:00:00,588.8899430751007
2045-03-12 10:00:00,589.6774193559359
2045-03-12 11:00:00,590.464895636771
2045-03-12 12:00:00,591.2523719176061
2045-03-12 13:00:00,592.0398481984412
2045-03-12 14:00:00,592.8273244792763
2045-03-12 15:00:00,593.6148007601078
2045-03-12 16:00:00,594.4022770409429
2045-03-12 17:00:00,595.189753321778
2045-03-12 18:00:00,595.9772296026131
2045-03-12 19:00:00,596.7647058834482
2045-03-12 20:00:00,597.5521821642833
2045-03-12 21:00:00,598.3396584451184
2045-03-12 22:00:00,599.1271347259535
2045-03-12 23:00:00,599.9146110067886
2045-03-13 00:00:00,579.9146110067886
2045-03-13 01:00:00,559.9146110067886
2045-03-13 02:00:00,560.7020872876237
2045-03-13 03:00:00,561.4895635684588
2045-03-13 04:00:00,562.2770398492939
2045-03-13 05:00:00,563.064516130129
2045-03-13 06:00:00,563.8519924109642
2045-03-13 07:00:00,564.6394686917993
2045-03-13 08:00:00,565.4269449726344
2045-03-13 09:00:00,566.2144212534695
2045-03-13 10:00:00,567.0018975343046
2045-03-13 11:00:00,567.7893738151397
2045-03-13 12:00:00,568.5768500959748
2045-03-13 13:00:00,548.5768500959748
2045-03-13 14:00:00,528.5768500959748
2045-03-13 15:00:00,508.5768500959748
2045-03-13 16:00:00,488.5768500959748
2045-03-13 17:00:00,468.5768500959748
2045-03-13 18:00:00,448.5768500959748
2045-03-13 19:00:00,428.5768500959748
2045-03-13 20:00:00,408.5768500959748
2045-03-13 21:00:00,409.3643263768099
2045-03-13 22:00:00,410.151802657645
2045-03-13 23:00:00,410.93927893848013
2045-03-14 00:00:00,411.72675521931524
2045-03-14 01:00:00,412.51423150015034
2045-03-14 02:00:00,413.30170778098545
2045-03-14 03:00:00,414.08918406182056
2045-03-14 04:00:00,414.87666034265203
2045-03-14 05:00:00,415.66413662348714
2045-03-14 06:00:00,416.45161290432225
2045-03-14 07:00:00,417.23908918515735
2045-03-14 08:00:00,418.02656546599246
2045-03-14 09:00:00,418.81404174682757
2045-03-14 10:00:00,419.6015180276627
2045-03-14 11:00:00,420.3889943084978
2045-03-14 12:00:00,421.1764705893329
2045-03-14 13:00:00,421.963946870168
2045-03-14 14:00:00,422.7514231510031
2045-03-14 15:00:00,423.5388994318382
2045-03-14 16:00:00,403.5388994318382
2045-03-14 17:00:00,383.5388994318382
2045-03-14 18:00:00,363.5388994318382
2045-03-14 19:00:00,364.3263757126733
2045-03-14 20:00:00,365.11385199350843
2045-03-14 21:00:00,365.90132827434354
2045-03-14 22:00:00,366.68880455517865
2045-03-14 23:00:00,367.47628083601376
2045-03-15 00:00:00,368.26375711684886
2045-03-15 01:00:00,369.051233397684
2045-03-15 02:00:00,369.8387096785191
2045-03-15 03:00:00,370.6261859593542
2045-03-15 04:00:00,371.4136622401893
2045-03-15 05:00:00,372.2011385210244
2045-03-15 06:00:00,372.9886148018595
2045-03-15 07:00:00,373.7760910826946
2045-03-15 08:00:00,374.5635673635297
2045-03-15 09:00:00,375.35104364436484
2045-03-15 10:00:00,376.1385199251963
2045-03-15 11:00:00,376.9259962060314
2045-03-15 12:00:00,377.7134724868665
2045-03-15 13:00:00,378.50094876770163
2045-03-15 14:00:00,379.28842504853674
2045-03-15 15:00:00,380.07590132937185
2045-03-15 16:00:00,380.86337761020695
2045-03-15 17:00:00,381.65085389104206
2045-03-15 18:00:00,382.43833017187717
2045-03-15 19:00:00,383.2258064527123
2045-03-15 20:00:00,384.0132827335474
2045-03-15 21:00:00,384.8007590143825
2045-03-15 22:00:00,385.5882352952176
2045-03-15 23:00:00,386.3757115760527
2045-03-16 00:00:00,387.1631878568878
2045-03-16 01:00:00,387.9506641377229
2045-03-16 02:00:00,388.73814041855803
2045-03-16 03:00:00,389.52561669939314
2045-03-16 04:00:00,390.31309298022825
2045-03-16 05:00:00,391.10056926106336
2045-03-16 06:00:00,391.88804554189846
2045-03-16 07:00:00,392.6755218227336
2045-03-16 08:00:00,393.4629981035687
2045-03-16 09:00:00,394.2504743844038
2045-03-16 10:00:00,395.0379506652389
2045-03-16 11:00:00,395.825426946074
2045-03-16 12:00:00,396.6129032269055
2045-03-16 13:00:00,397.4003795077406
2045-03-16 14:00:00,398.1878557885757
2045-03-16 15:00:00,398.9753320694108
2045-03-16 16:00:00,399.7628083502459
2045-03-16 17:00:00,400.550284631081
2045-03-16 18:00:00,401.3377609119161
2045-03-16 19:00:00,402.12523719275123
2045-03-16 20:00:00,402.91271347358634
2045-03-16 21:00:00,403.70018975442144
2045-03-16 22:00:00,404.48766603525655
2045-03-16 23:00:00,405.27514231609166
2045-03-17 00:00:00,406.06261859692677
2045-03-17 01:00:00,406.8500948777619
2045-03-17 02:00:00,407.637571158597
2045-03-17 03:00:00,408.4250474394321
2045-03-17 04:00:00,409.2125237202672
2045-03-17 05:00:00,410.0000000011023
2045-03-17 06:00:00,410.7874762819374
2045-03-17 07:00:00,411.5749525627725
2045-03-17 08:00:00,412.36242884360763
2045-03-17 09:00:00,413.14990512444274
2045-03-17 10:00:00,413.93738140527785
2045-03-17 11:00:00,414.72485768611295
2045-03-17 12:00:00,415.51233396694806
2045-03-17 13:00:00,416.29981024778317
2045-03-17 14:00:00,417.0872865286183
2045-03-17 15:00:00,417.87476280944975
2045-03-17 16:00:00,418.66223909028486
2045-03-17 17:00:00,419.44971537111996
2045-03-17 18:00:00,420.2371916519551
2045-03-17 19:00:00,421.0246679327902
2045-03-17 20:00:00,421.8121442136253
2045-03-17 21:00:00,422.5996204944604
2045-03-17 22:00:00,423.3870967752955
2045-03-17 23:00:00,424.1745730561306
2045-03-18 00:00:00,424.9620493369657
2045-03-18 01:00:00,425.7495256178008
2045-03-18 02:00:00,426.53700189863594
2045-03-18 03:00:00,427.32447817947104
2045-03-18 04:00:00,428.11195446030615
2045-03-18 05:00:00,428.89943074114126
2045-03-18 06:00:00,429.68690702197637
2045-03-18 07:00:00,430.4743833028115
2045-03-18 08:00:00,431.2618595836466
2045-03-18 09:00:00,432.0493358644817
2045-03-18 10:00:00,432.8368121453168
2045-03-18 11:00:00,433.6242884261519
2045-03-18 12:00:00,434.411764706987
2045-03-18 13:00:00,435.1992409878221
2045-03-18 14:00:00,435.98671726865723
2045-03-18 15:00:00,436.77419354949234
2045-03-18 16:00:00,437.56166983032745
2045-03-18 17:00:00,438.3491461111589
2045-03-18 18:00:00,439.136622391994
2045-03-18 19:00:00,439.92409867282913
2045-03-18 20:00:00,440.71157495366424
2045-03-18 21:00:00,441.49905123449935
2045-03-18 22:00:00,442.28652751533446
2045-03-18 23:00:00,443.07400379616956
2045-03-19 00:00:00,443.86148007700467
2045-03-19 01:00:00,444.6489563578398
2045-03-19 02:00:00,445.4364326386749
2045-03-19 03:00:00,446.22390891951
2045-03-19 04:00:00,447.0113852003451
2045-03-19 05:00:00,447.7988614811802
2045-03-19 06:00:00,448.5863377620153
2045-03-19 07:00:00,449.3738140428504
2045-03-19 08:00:00,450.16129032368553
2045-03-19 09:00:00,450.94876660452064
2045-03-19 10:00:00,451.73624288535575
2045-03-19 11:00:00,452.52371916619086
2045-03-19 12:00:00,453.31119544702597
2045-03-19 13:00:00,454.0986717278611
2045-03-19 14:00:00,454.8861480086962
2045-03-19 15:00:00,455.6736242895313
2045-03-19 16:00:00,456.4611005703664
2045-03-19 17:00:00,457.2485768512015
2045-03-19 18:00:00,458.0360531320366
2045-03-19 19:00:00,458.8235294128717
2045-03-19 20:00:00,459.6110056937032
2045-03-19 21:00:00,460.3984819745383
2045-03-19 22:00:00,461.1859582553734
2045-03-19 23:00:00,461.9734345362085
2045-03-20 00:00:00,462.7609108170436
2045-03-20 01:00:00,463.54838709787873
2045-03-20 02:00:00,464.33586337871384
2045-03-20 03:00:00,465.12333965954895
2045-03-20 04:00:00,465.91081594038405
2045-03-20 05:00:00,466.69829222121916
2045-03-20 06:00:00,467.48576850205427
2045-03-20 07:00:00,468.2732447828894
2045-03-20 08:00:00,469.0607210637245
2045-03-20 09:00:00,469.8481973445596
2045-03-20 10:00:00,470.6356736253947
2045-03-20 11:00:00,471.4231499062298
2045-03-20 12:00:00,472.2106261870649
2045-03-20 13:00:00,472.9981024679
2045-03-20 14:00:00,473.78557874873513
2045-03-20 15:00:00,474.57305502957024
2045-03-20 16:00:00,475.36053131040535
2045-03-20 17:00:00,476.14800759124046
2045-03-20 18:00:00,476.93548387207557
2045-03-20 19:00:00,477.7229601529107
2045-03-20 20:00:00,478.5104364337458
2045-03-20 21:00:00,479.2979127145809
2045-03-20 22:00:00,480.085388995416
2045-03-20 23:00:00,480.87286527624747
2045-03-21 00:00:00,481.6603415570826
2045-03-21 01:00:00,482.4478178379177
2045-03-21 02:00:00,483.2352941187528
2045-03-21 03:00:00,484.0227703995879
2045-03-21 04:00:00,484.810246680423
2045-03-21 05:00:00,485.5977229612581
2045-03-21 06:00:00,486.3851992420932
2045-03-21 07:00:00,487.17267552292833
2045-03-21 08:00:00,487.96015180376344
2045-03-21 09:00:00,488.74762808459855
2045-03-21 10:00:00,489.53510436543365
2045-03-21 11:00:00,490.32258064626876
2045-03-21 12:00:00,491.11005692710387
2045-03-21 13:00:00,491.897533207939
2045-03-21 14:00:00,492.6850094887741
2045-03-21 15:00:00,493.4724857696092
2045-03-21 16:00:00,494.2599620504443
2045-03-21 17:00:00,495.0474383312794
2045-03-21 18:00:00,495.8349146121145
2045-03-21 19:00:00,496.6223908929496
2045-03-21 20:00:00,497.40986717378473
2045-03-21 21:00:00,498.19734345461984
2045-03-21 22:00:00,498.98481973545495
2045-03-21 23:00:00,499.77229601629006
2045-03-22 00:00:00,500.55977229712516
2045-03-22 01:00:00,501.34724857795663
2045-03-22 02:00:00,502.13472485879174
2045-03-22 03:00:00,502.92220113962685
2045-03-22 04:00:00,503.70967742046196
2045-03-22 05:00:00,504.49715370129707
2045-03-22 06:00:00,505.2846299821322
2045-03-22 07:00:00,506.0721062629673
2045-03-22 08:00:00,506.8595825438024
2045-03-22 09:00:00,507.6470588246375
2045-03-22 10:00:00,508.4345351054726
2045-03-22 11:00:00,509.2220113863077
2045-03-22 12:00:00,510.0094876671428
2045-03-22 13:00:00,510.79696394797793
2045-03-22 14:00:00,511.58444022881304
2045-03-22 15:00:00,512.3719165096481
2045-03-22 16:00:00,513.1593927904833
2045-03-22 17:00:00,513.9468690713184
2045-03-22 18:00:00,514.7343453521535
2045-03-22 19:00:00,515.5218216329886
2045-03-22 20:00:00,516.3092979138237
2045-03-22 21:00:00,517.0967741946588
2045-03-22 22:00:00,517.8842504754939
2045-03-22 23:00:00,518.671726756329
2045-03-23 00:00:00,519.4592030371641
2045-03-23 01:00:00,520.2466793179992
2045-03-23 02:00:00,521.0341555988343
2045-03-23 03:00:00,521.8216318796694
2045-03-23 04:00:00,522.6091081605009
2045-03-23 05:00:00,523.396584441336
2045-03-23 06:00:00,524.1840607221711
2045-03-23 07:00:00,524.9715370030062
2045-03-23 08:00:00,525.7590132838413
2045-03-23 09:00:00,526.5464895646764
2045-03-23 10:00:00,527.3339658455116
2045-03-23 11:00:00,528.1214421263467
2045-03-23 12:00:00,528.9089184071818
2045-03-23 13:00:00,529.6963946880169
2045-03-23 14:00:00,530.483870968852
2045-03-23 15:00:00,531.2713472496871
2045-03-23 16:00:00,532.0588235305222
2045-03-23 17:00:00,532.8462998113573
2045-03-23 18:00:00,533.6337760921924
2045-03-23 19:00:00,534.4212523730275
2045-03-23 20:00:00,535.2087286538626
2045-03-23 21:00:00,535.9962049346977
2045-03-23 22:00:00,536.7836812155329
2045-03-23 23:00:00,537.571157496368
2045-03-24 00:00:00,538.3586337772031
2045-03-24 01:00:00,539.1461100580382
2045-03-24 02:00:00,539.9335863388733
2045-03-24 03:00:00,540.7210626197084
2045-03-24 04:00:00,541.5085389005435
2045-03-24 05:00:00,542.2960151813786
2045-03-24 06:00:00,543.0834914622101
2045-03-24 07:00:00,543.8709677430452
2045-03-24 08:00:00,544.6584440238803
2045-03-24 09:00:00,545.4459203047154
2045-03-24 10:00:00,546.2333965855505
2045-03-24 11:00:00,547.0208728663856
2045-03-24 12:00:00,547.8083491472207
2045-03-24 13:00:00,527.8083491472207
2045-03-24 14:00:00,507.8083491472207
2045-03-24 15:00:00,487.8083491472207
2045-03-24 16:00:00,488.59582542805583
2045-03-24 17:00:00,489.38330170889094
2045-03-24 18:00:00,490.17077798972605
2045-03-24 19:00:00,490.95825427056116
2045-03-24 20:00:00,491.74573055139626
2045-03-24 21:00:00,492.5332068322314
2045-03-24 22:00:00,493.3206831130665
2045-03-24 23:00:00,494.1081593939016
2045-03-25 00:00:00,494.8956356747367
2045-03-25 01:00:00,495.6831119555718
2045-03-25 02:00:00,496.4705882364069
2045-03-25 03:00:00,497.258064517242
2045-03-25 04:00:00,498.0455407980771
2045-03-25 05:00:00,498.83301707891223
2045-03-25 06:00:00,499.62049335974734
2045-03-25 07:00:00,500.40796964058245
2045-03-25 08:00:00,501.19544592141756
2045-03-25 09:00:00,501.98292220225267
2045-03-25 10:00:00,502.7703984830878
2045-03-25 11:00:00,503.5578747639229
2045-03-25 12:00:00,504.34535104475435
2045-03-25 13:00:00,505.13282732558946
2045-03-25 14:00:00,485.13282732558946
2045-03-25 15:00:00,465.13282732558946
2045-03-25 16:00:00,445.13282732558946
2045-03-25 17:00:00,445.92030360642457
2045-03-25 18:00:00,446.7077798872597
2045-03-25 19:00:00,447.4952561680948
2045-03-25 20:00:00,448.2827324489299
2045-03-25 21:00:00,449.070208729765
2045-03-25 22:00:00,449.8576850106001
2045-03-25 23:00:00,450.6451612914352
2045-03-26 00:00:00,451.4326375722703
2045-03-26 01:00:00,452.22011385310543
2045-03-26 02:00:00,453.00759013394054
2045-03-26 03:00:00,453.79506641477565
2045-03-26 04:00:00,454.58254269561075
2045-03-26 05:00:00,455.37001897644586
2045-03-26 06:00:00,456.15749525728097
2045-03-26 07:00:00,456.9449715381161
2045-03-26 08:00:00,457.7324478189512
2045-03-26 09:00:00,458.5199240997863
2045-03-26 10:00:00,459.3074003806214
2045-03-26 11:00:00,460.0948766614565
2045-03-26 12:00:00,460.8823529422916
2045-03-26 13:00:00,461.6698292231267
2045-03-26 14:00:00,441.6698292231267
2045-03-26 15:00:00,442.45730550396183
2045-03-26 16:00:00,443.24478178479694
2045-03-26 17:00:00,444.03225806563205
2045-03-26 18:00:00,444.81973434646716
2045-03-26 19:00:00,445.6072106272986
2045-03-26 20:00:00,446.39468690813374
2045-03-26 21:00:00,447.18216318896884
2045-03-26 22:00:00,447.96963946980395
2045-03-26 23:00:00,448.75711575063906
2045-03-27 00:00:00,449.54459203147417
2045-03-27 01:00:00,450.3320683123093
2045-03-27 02:00:00,451.1195445931444
2045-03-27 03:00:00,451.9070208739795
2045-03-27 04:00:00,452.6944971548146
2045-03-27 05:00:00,453.4819734356497
2045-03-27 06:00:00,454.2694497164848
2045-03-27 07:00:00,455.0569259973199
2045-03-27 08:00:00,455.84440227815503
2045-03-27 09:00:00,456.63187855899014
2045-03-27 10:00:00,457.41935483982525
2045-03-27 11:00:00,458.20683112066035
2045-03-27 12:00:00,458.99430740149546
2045-03-27 13:00:00,438.99430740149546
2045-03-27 14:00:00,418.99430740149546
2045-03-27 15:00:00,419.78178368233057
2045-03-27 16:00:00,420.5692599631657
2045-03-27 17:00:00,400.5692599631657
2045-03-27 18:00:00,380.5692599631657
2045-03-27 19:00:00,381.3567362440008
2045-03-27 20:00:00,382.1442125248359
2045-03-27 21:00:00,382.931688805671
2045-03-27 22:00:00,383.7191650865061
2045-03-27 23:00:00,384.5066413673412
2045-03-28 00:00:00,385.2941176481763
2045-03-28 01:00:00,386.0815939290078
2045-03-28 02:00:00,386.8690702098429
2045-03-28 03:00:00,387.656546490678
2045-03-28 04:00:00,388.4440227715131
2045-03-28 05:00:00,389.2314990523482
2045-03-28 06:00:00,390.01897533318333
2045-03-28 07:00:00,390.80645161401844
2045-03-28 08:00:00,391.59392789485355
2045-03-28 09:00:00,392.38140417568866
2045-03-28 10:00:00,393.16888045652377
2045-03-28 11:00:00,393.9563567373589
2045-03-28 12:00:00,394.743833018194
2045-03-28 13:00:00,395.5313092990291
2045-03-28 14:00:00,396.3187855798642
2045-03-28 15:00:00,397.1062618606993
2045-03-28 16:00:00,397.8937381415344
2045-03-28 17:00:00,398.6812144223695
2045-03-28 18:00:00,399.46869070320463
2045-03-28 19:00:00,400.25616698403974
2045-03-28 20:00:00,401.04364326487485
2045-03-28 21:00:00,401.83111954570813
2045-03-28 22:00:00,402.61859582654324
2045-03-28 23:00:00,403.40607210737835
2045-03-29 00:00:00,404.19354838821346
2045-03-29 01:00:00,404.98102466904857
2045-03-29 02:00:00,405.7685009498837
2045-03-29 03:00:00,406.5559772307188
2045-03-29 04:00:00,407.3434535115539
2045-03-29 05:00:00,408.130929792389
2045-03-29 06:00:00,408.9184060732241
2045-03-29 07:00:00,409.7058823540592
2045-03-29 08:00:00,410.4933586348943
2045-03-29 09:00:00,411.28083491572943
2045-03-29 10:00:00,412.06831119656454
2045-03-29 11:00:00,412.8557874773978
2045-03-29 12:00:00,413.64326375823293
2045-03-29 13:00:00,414.43074003906804
2045-03-29 14:00:00,415.21821631990315
2045-03-29 15:00:00,416.00569260073826
2045-03-29 16:00:00,416.79316888157337
2045-03-29 17:00:00,417.5806451624085
2045-03-29 18:00:00,418.3681214432436
2045-03-29 19:00:00,419.1555977240787
2045-03-29 20:00:00,419.9430740049138
2045-03-29 21:00:00,420.7305502857489
2045-03-29 22:00:00,421.518026566584
2045-03-29 23:00:00,422.3055028474191
2045-03-30 00:00:00,423.0929791282524
2045-03-30 01:00:00,423.8804554090875
2045-03-30 02:00:00,424.6679316899226
2045-03-30 03:00:00,425.45540797075773
2045-03-30 04:00:00,426.24288425159284
2045-03-30 05:00:00,427.03036053242795
2045-03-30 06:00:00,427.81783681326306
2045-03-30 07:00:00,428.60531309409816
2045-03-30 08:00:00,429.3927893749333
2045-03-30 09:00:00,430.1802656557684
2045-03-30 10:00:00,430.9677419366035
2045-03-30 11:00:00,431.7552182174386
2045-03-30 12:00:00,432.5426944982737
2045-03-30 13:00:00,433.330170779107
2045-03-30 14:00:00,434.1176470599421
2045-03-30 15:00:00,434.9051233407772
2045-03-30 16:00:00,435.6925996216123
2045-03-30 17:00:00,436.4800759024474
2045-03-30 18:00:00,437.26755218328253
2045-03-30 19:00:00,438.05502846411764
2045-03-30 20:00:00,438.84250474495275
2045-03-30 21:00:00,439.62998102578786
2045-03-30 22:00:00,440.41745730662296
2045-03-30 23:00:00,441.2049335874581
2045-03-31 00:00:00,441.9924098682932
2045-03-31 01:00:00,442.7798861491283
2045-03-31 02:00:00,443.5673624299616
2045-03-31 03:00:00,444.3548387107967
2045-03-31 04:00:00,445.14231499163
2045-03-31 05:00:00,445.92979127246326
2045-03-31 06:00:00,446.71726755329655
2045-03-31 07:00:00,447.50474383412984
2045-03-31 08:00:00,448.29222011496313
2045-03-31 09:00:00,449.0796963957964
2045-03-31 10:00:00,449.8671726766297
2045-03-31 11:00:00,450.654648957463
2045-03-31 12:00:00,451.4421252382963
2045-03-31 13:00:00,452.2296015191296
2045-03-31 14:00:00,432.2296015191296
2045-03-31 15:00:00,412.2296015191296
2045-03-31 16:00:00,392.2296015191296
2045-03-31 17:00:00,372.2296015191296
2045-03-31 18:00:00,352.2296015191296
2045-03-31 19:00:00,332.2296015191296
2045-03-31 20:00:00,312.2296015191296
2045-03-31 21:00:00,292.2296015191296
2045-03-31 22:00:00,293.01707779996286
2045-03-31 23:00:00,293.80455408079615
2045-04-01 00:00:00,294.59203036162944
2045-04-01 01:00:00,295.37950664246273
2045-04-01 02:00:00,296.166982923296
2045-04-01 03:00:00,296.9544592041293
2045-04-01 04:00:00,297.7419354849626
2045-04-01 05:00:00,298.5294117657959
2045-04-01 06:00:00,299.3168880466292
2045-04-01 07:00:00,300.10436432746246
2045-04-01 08:00:00,300.89184060829575
2045-04-01 09:00:00,301.67931688912904
2045-04-01 10:00:00,302.46679316996233
2045-04-01 11:00:00,303.2542694507956
2045-04-01 12:00:00,304.0417457316289
2045-04-01 13:00:00,304.8292220124622
2045-04-01 14:00:00,305.6166982932955
2045-04-01 15:00:00,306.4041745741288
2045-04-01 16:00:00,307.19165085496206
2045-04-01 17:00:00,307.97912713579535
2045-04-01 18:00:00,308.76660341662864
2045-04-01 19:00:00,309.55407969746193
2045-04-01 20:00:00,310.3415559782952
2045-04-01 21:00:00,311.1290322591285
2045-04-01 22:00:00,311.9165085399618
2045-04-01 23:00:00,312.7039848207951
2045-04-02 00:00:00,313.4914611016284
2045-04-02 01:00:00,314.27893738246166
2045-04-02 02:00:00,315.06641366329495
2045-04-02 03:00:00,315.85388994412824
2045-04-02 04:00:00,316.64136622496153
2045-04-02 05:00:00,317.4288425057948
2045-04-02 06:00:00,318.2163187866281
2045-04-02 07:00:00,319.0037950674614
2045-04-02 08:00:00,319.7912713482947
2045-04-02 09:00:00,320.578747629128
2045-04-02 10:00:00,321.36622390996126
2045-04-02 11:00:00,322.15370019079455
2045-04-02 12:00:00,322.94117647162784
2045-04-02 13:00:00,323.72865275246113
2045-04-02 14:00:00,324.5161290332944
2045-04-02 15:00:00,325.3036053141277
2045-04-02 16:00:00,326.091081594961
2045-04-02 17:00:00,306.091081594961
2045-04-02 18:00:00,286.091081594961
2045-04-02 19:00:00,266.091081594961
2045-04-02 20:00:00,246.091081594961
2045-04-02 21:00:00,226.091081594961
2045-04-02 22:00:00,226.8785578757943
2045-04-02 23:00:00,227.66603415662757
2045-04-03 00:00:00,228.45351043746086
2045-04-03 01:00:00,229.24098671829415
2045-04-03 02:00:00,230.02846299912744
2045-04-03 03:00:00,230.81593927996073
2045-04-03 04:00:00,231.60341556079402
2045-04-03 05:00:00,232.3908918416273
2045-04-03 06:00:00,233.1783681224606
2045-04-03 07:00:00,233.9658444032939
2045-04-03 08:00:00,234.75332068412717
2045-04-03 09:00:00,235.54079696496046
2045-04-03 10:00:00,236.32827324579375
2045-04-03 11:00:00,237.11574952662704
2045-04-03 12:00:00,237.90322580746033
2045-04-03 13:00:00,238.69070208829362
2045-04-03 14:00:00,239.4781783691269
2045-04-03 15:00:00,240.2656546499602
2045-04-03 16:00:00,241.0531309307935
2045-04-03 17:00:00,241.84060721162678
2045-04-03 18:00:00,242.62808349246006
2045-04-03 19:00:00,243.41555977329335
2045-04-03 20:00:00,244.20303605412664
2045-04-03 21:00:00,244.99051233495993
2045-04-03 22:00:00,245.77798861579322
2045-04-03 23:00:00,246.5654648966265
2045-04-04 00:00:00,247.3529411774598
2045-04-04 01:00:00,248.1404174582931
2045-04-04 02:00:00,248.92789373912638
2045-04-04 03:00:00,249.71537001995966
2045-04-04 04:00:00,250.50284630079295
2045-04-04 05:00:00,251.29032258162624
2045-04-04 06:00:00,252.07779886245953
2045-04-04 07:00:00,252.86527514329282
2045-04-04 08:00:00,253.6527514241261
2045-04-04 09:00:00,254.4402277049594
2045-04-04 10:00:00,255.2277039857927
2045-04-04 11:00:00,256.015180266626
2045-04-04 12:00:00,256.80265654745926
2045-04-04 13:00:00,257.59013282829255
2045-04-04 14:00:00,258.37760910912584
2045-04-04 15:00:00,259.16508538995913
2045-04-04 16:00:00,259.9525616707924
2045-04-04 17:00:00,260.7400379516257
2045-04-04 18:00:00,261.527514232459
2045-04-04 19:00:00,262.3149905132923
2045-04-04 20:00:00,263.1024667941256
2045-04-04 21:00:00,263.88994307495886
2045-04-04 22:00:00,264.67741935579215
2045-04-04 23:00:00,265.46489563662544
2045-04-05 00:00:00,266.25237191745873
2045-04-05 01:00:00,267.039848198292
2045-04-05 02:00:00,267.8273244791253
2045-04-05 03:00:00,268.6148007599586
2045-04-05 04:00:00,269.4022770407919
2045-04-05 05:00:00,270.1897533216252
2045-04-05 06:00:00,270.97722960245846
2045-04-05 07:00:00,271.76470588329175
2045-04-05 08:00:00,272.55218216412504
2045-04-05 09:00:00,273.33965844495833
2045-04-05 10:00:00,274.1271347257916
2045-04-05 11:00:00,274.9146110066249
2045-04-05 12:00:00,275.7020872874582
2045-04-05 13:00:00,276.4895635682915
2045-04-05 14:00:00,277.2770398491248
2045-04-05 15:00:00,278.06451612995806
2045-04-05 16:00:00,278.85199241079135
2045-04-05 17:00:00,279.63946869162464
2045-04-05 18:00:00,280.42694497245793
2045-04-05 19:00:00,281.2144212532912
2045-04-05 20:00:00,282.0018975341245
2045-04-05 21:00:00,282.7893738149578
2045-04-05 22:00:00,283.5768500957911
2045-04-05 23:00:00,284.3643263766244
2045-04-06 00:00:00,285.15180265745767
2045-04-06 01:00:00,285.93927893829095
2045-04-06 02:00:00,286.72675521912424
2045-04-06 03:00:00,287.51423149995753
2045-04-06 04:00:00,288.3017077807908
2045-04-06 05:00:00,289.0891840616241
2045-04-06 06:00:00,289.8766603424574
2045-04-06 07:00:00,290.6641366232907
2045-04-06 08:00:00,291.451612904124
2045-04-06 09:00:00,292.23908918495727
2045-04-06 10:00:00,293.02656546579055
2045-04-06 11:00:00,293.81404174662384
2045-04-06 12:00:00,294.60151802745713
2045-04-06 13:00:00,295.3889943082904
2045-04-06 14:00:00,275.3889943082904
2045-04-06 15:00:00,255.38899430829042
2045-04-06 16:00:00,256.1764705891237
2045-04-06 17:00:00,236.1764705891237
2045-04-06 18:00:00,216.1764705891237
2045-04-06 19:00:00,196.1764705891237
2045-04-06 20:00:00,176.1764705891237
2045-04-06 21:00:00,156.1764705891237
2045-04-06 22:00:00,136.1764705891237
2045-04-06 23:00:00,116.17647058912371
2045-04-07 00:00:00,96.17647058912371
2045-04-07 01:00:00,96.963946869957
2045-04-07 02:00:00,97.75142315079029
2045-04-07 03:00:00,98.53889943162358
2045-04-07 04:00:00,99.32637571245687
2045-04-07 05:00:00,100.11385199329015
2045-04-07 06:00:00,100.90132827412344
2045-04-07 07:00:00,101.68880455495673
2045-04-07 08:00:00,102.47628083579002
2045-04-07 09:00:00,103.26375711662331
2045-04-07 10:00:00,104.0512333974566
2045-04-07 11:00:00,104.83870967828989
2045-04-07 12:00:00,105.62618595912318
2045-04-07 13:00:00,106.41366223995647
2045-04-07 14:00:00,107.20113852078975
2045-04-07 15:00:00,107.98861480162304
2045-04-07 16:00:00,108.77609108245633
2045-04-07 17:00:00,109.56356736328962
2045-04-07 18:00:00,110.35104364412291
2045-04-07 19:00:00,111.1385199249562
2045-04-07 20:00:00,111.92599620578949
2045-04-07 21:00:00,112.71347248662278
2045-04-07 22:00:00,113.50094876745607
2045-04-07 23:00:00,114.28842504828935
2045-04-08 00:00:00,115.07590132912264
2045-04-08 01:00:00,115.86337760995593
2045-04-08 02:00:00,116.65085389078922
2045-04-08 03:00:00,117.43833017162251
2045-04-08 04:00:00,118.2258064524558
2045-04-08 05:00:00,119.01328273328909
2045-04-08 06:00:00,119.80075901412238
2045-04-08 07:00:00,120.58823529495567
2045-04-08 08:00:00,121.37571157578896
2045-04-08 09:00:00,122.16318785662224
2045-04-08 10:00:00,122.95066413745553
2045-04-08 11:00:00,123.73814041828882
2045-04-08 12:00:00,124.52561669912211
2045-04-08 13:00:00,125.3130929799554
2045-04-08 14:00:00,126.10056926078869
2045-04-08 15:00:00,126.88804554162198
2045-04-08 16:00:00,127.67552182245527
2045-04-08 17:00:00,128.46299810328856
2045-04-08 18:00:00,129.25047438412184
2045-04-08 19:00:00,130.03795066495513
2045-04-08 20:00:00,130.82542694578842
2045-04-08 21:00:00,131.6129032266217
2045-04-08 22:00:00,132.400379507455
2045-04-08 23:00:00,133.1878557882883
2045-04-09 00:00:00,133.97533206912158
2045-04-09 01:00:00,134.76280834995487
2045-04-09 02:00:00,135.55028463078816
2045-04-09 03:00:00,136.33776091162144
2045-04-09 04:00:00,137.12523719245473
2045-04-09 05:00:00,137.91271347328802
2045-04-09 06:00:00,138.7001897541213
2045-04-09 07:00:00,139.4876660349546
2045-04-09 08:00:00,140.2751423157879
2045-04-09 09:00:00,141.06261859662118
2045-04-09 10:00:00,141.85009487745447
2045-04-09 11:00:00,142.63757115828776
2045-04-09 12:00:00,143.42504743912104
2045-04-09 13:00:00,144.21252371995433
2045-04-09 14:00:00,145.00000000078762
2045-04-09 15:00:00,145.7874762816209
2045-04-09 16:00:00,146.5749525624542
2045-04-09 17:00:00,147.3624288432875
2045-04-09 18:00:00,148.14990512412078
2045-04-09 19:00:00,148.93738140495407
2045-04-09 20:00:00,149.72485768578736
2045-04-09 21:00:00,150.51233396662064
2045-04-09 22:00:00,151.29981024745393
2045-04-09 23:00:00,152.08728652828722
2045-04-10 00:00:00,152.8747628091205
2045-04-10 01:00:00,153.6622390899538
2045-04-10 02:00:00,154.4497153707871
2045-04-10 03:00:00,155.23719165162038
2045-04-10 04:00:00,156.02466793245367
2045-04-10 05:00:00,156.81214421328696
2045-04-10 06:00:00,157.59962049412024
2045-04-10 07:00:00,158.38709677495353
2045-04-10 08:00:00,159.17457305578682
2045-04-10 09:00:00,159.9620493366201
2045-04-10 10:00:00,160.7495256174534
2045-04-10 11:00:00,161.5370018982867
2045-04-10 12:00:00,162.32447817911998
2045-04-10 13:00:00,163.11195445995327
2045-04-10 14:00:00,163.89943074078656
2045-04-10 15:00:00,164.68690702161985
2045-04-10 16:00:00,165.47438330245313
2045-04-10 17:00:00,166.26185958328642
2045-04-10 18:00:00,167.0493358641197
2045-04-10 19:00:00,167.836812144953
2045-04-10 20:00:00,168.6242884257863
2045-04-10 21:00:00,169.41176470661958
2045-04-10 22:00:00,170.19924098745287
2045-04-10 23:00:00,170.98671726828616
2045-04-11 00:00:00,171.77419354911945
2045-04-11 01:00:00,172.56166982995273
2045-04-11 02:00:00,173.34914611078602
2045-04-11 03:00:00,174.1366223916193
2045-04-11 04:00:00,174.9240986724526
2045-04-11 05:00:00,175.7115749532859
2045-04-11 06:00:00,176.49905123411918
2045-04-11 07:00:00,177.28652751495247
2045-04-11 08:00:00,178.07400379578576
2045-04-11 09:00:00,178.86148007661905
2045-04-11 10:00:00,179.64895635745233
2045-04-11 11:00:00,180.43643263828562
2045-04-11 12:00:00,181.2239089191189
2045-04-11 13:00:00,182.0113851999522
2045-04-11 14:00:00,182.7988614807855
2045-04-11 15:00:00,183.58633776161878
2045-04-11 16:00:00,184.37381404245207
2045-04-11 17:00:00,185.16129032328536
2045-04-11 18:00:00,185.94876660411865
2045-04-11 19:00:00,186.73624288495193
2045-04-11 20:00:00,187.52371916578522
2045-04-11 21:00:00,188.3111954466185
2045-04-11 22:00:00,189.0986717274518
2045-04-11 23:00:00,169.0986717274518
2045-04-12 00:00:00,149.0986717274518
2045-04-12 01:00:00,149.8861480082851
2045-04-12 02:00:00,150.67362428911838
2045-04-12 03:00:00,151.46110056995167
2045-04-12 04:00:00,152.24857685078496
2045-04-12 05:00:00,153.03605313161825
2045-04-12 06:00:00,153.82352941245153
2045-04-12 07:00:00,154.61100569328482
2045-04-12 08:00:00,155.3984819741181
2045-04-12 09:00:00,156.1859582549514
2045-04-12 10:00:00,156.9734345357847
2045-04-12 11:00:00,157.76091081661798
2045-04-12 12:00:00,158.54838709745127
2045-04-12 13:00:00,159.33586337828456
2045-04-12 14:00:00,160.12333965911785
2045-04-12 15:00:00,160.91081593995114
2045-04-12 16:00:00,161.69829222078442
2045-04-12 17:00:00,162.4857685016177
2045-04-12 18:00:00,163.273244782451
2045-04-12 19:00:00,164.0607210632843
2045-04-12 20:00:00,164.84819734411758
2045-04-12 21:00:00,165.63567362495087
2045-04-12 22:00:00,166.42314990578416
2045-04-12 23:00:00,167.21062618661745
2045-04-13 00:00:00,167.99810246745074
2045-04-13 01:00:00,168.78557874828402
2045-04-13 02:00:00,169.5730550291173
2045-04-13 03:00:00,170.3605313099506
2045-04-13 04:00:00,171.1480075907839
2045-04-13 05:00:00,171.93548387161718
2045-04-13 06:00:00,172.72296015244865
2045-04-13 07:00:00,173.51043643328194
2045-04-13 08:00:00,174.29791271411523
2045-04-13 09:00:00,175.08538899494852
2045-04-13 10:00:00,175.8728652757818
2045-04-13 11:00:00,176.6603415566151
2045-04-13 12:00:00,177.44781783744838
2045-04-13 13:00:00,178.23529411828167
2045-04-13 14:00:00,179.02277039911496
2045-04-13 15:00:00,179.81024667994825
2045-04-13 16:00:00,180.59772296078154
2045-04-13 17:00:00,181.38519924161483
2045-04-13 18:00:00,182.17267552244812
2045-04-13 19:00:00,182.9601518032814
2045-04-13 20:00:00,183.7476280841147
2045-04-13 21:00:00,184.53510436494798
2045-04-13 22:00:00,185.32258064578127
2045-04-13 23:00:00,186.11005692661456
2045-04-14 00:00:00,186.89753320744785
2045-04-14 01:00:00,187.68500948828114
2045-04-14 02:00:00,188.47248576911443
2045-04-14 03:00:00,189.25996204994772
2045-04-14 04:00:00,190.047438330781
2045-04-14 05:00:00,190.8349146116143
2045-04-14 06:00:00,191.62239089244758
2045-04-14 07:00:00,192.40986717328087
2045-04-14 08:00:00,193.19734345411416
2045-04-14 09:00:00,193.98481973494745
2045-04-14 10:00:00,194.77229601578074
2045-04-14 11:00:00,195.55977229661403
2045-04-14 12:00:00,196.34724857744732
2045-04-14 13:00:00,197.1347248582806
2045-04-14 14:00:00,197.9222011391139
2045-04-14 15:00:00,198.70967741994718
2045-04-14 16:00:00,199.49715370078047
2045-04-14 17:00:00,200.28462998161376
2045-04-14 18:00:00,201.07210626244705
2045-04-14 19:00:00,201.85958254328034
2045-04-14 20:00:00,202.64705882411363
2045-04-14 21:00:00,203.43453510494692
2045-04-14 22:00:00,204.2220113857802
2045-04-14 23:00:00,205.0094876666135
2045-04-15 00:00:00,205.79696394744678
2045-04-15 01:00:00,206.58444022828007
2045-04-15 02:00:00,207.37191650911336
2045-04-15 03:00:00,208.15939278994665
2045-04-15 04:00:00,208.94686907077994
2045-04-15 05:00:00,209.73434535161414
2045-04-15 06:00:00,210.52182163244743
2045-04-15 07:00:00,211.30929791328072
2045-04-15 08:00:00,212.096774194114
2045-04-15 09:00:00,212.8842504749473
2045-04-15 10:00:00,213.67172675578058
2045-04-15 11:00:00,214.45920303661387
2045-04-15 12:00:00,215.24667931744716
2045-04-15 13:00:00,216.03415559828045
2045-04-15 14:00:00,216.82163187911374
2045-04-15 15:00:00,217.60910815994703
2045-04-15 16:00:00,218.39658444078032
2045-04-15 17:00:00,219.1840607216136
2045-04-15 18:00:00,219.9715370024469
2045-04-15 19:00:00,220.75901328328018
2045-04-15 20:00:00,221.54648956411347
2045-04-15 21:00:00,222.33396584494676
2045-04-15 22:00:00,223.12144212578005
2045-04-15 23:00:00,223.90891840661334
2045-04-16 00:00:00,224.69639468744663
2045-04-16 01:00:00,225.48387096827992
2045-04-16 02:00:00,226.2713472491132
2045-04-16 03:00:00,227.0588235299465
2045-04-16 04:00:00,227.84629981077978
2045-04-16 05:00:00,228.63377609161307
2045-04-16 06:00:00,229.42125237244636
2045-04-16 07:00:00,230.20872865327965
2045-04-16 08:00:00,230.99620493411294
2045-04-16 09:00:00,231.78368121494623
2045-04-16 10:00:00,232.57115749577952
2045-04-16 11:00:00,233.3586337766128
2045-04-16 12:00:00,234.1461100574461
2045-04-16 13:00:00,234.93358633827847
2045-04-16 14:00:00,235.72106261911176
2045-04-16 15:00:00,236.50853889994505
2045-04-16 16:00:00,237.29601518077834
2045-04-16 17:00:00,238.08349146161163
2045-04-16 18:00:00,238.87096774244492
2045-04-16 19:00:00,239.6584440232782
2045-04-16 20:00:00,240.4459203041115
2045-04-16 21:00:00,241.23339658494478
2045-04-16 22:00:00,242.02087286577807
2045-04-16 23:00:00,242.80834914661136
2045-04-17 00:00:00,243.59582542744465
2045-04-17 01:00:00,244.38330170827794
2045-04-17 02:00:00,245.17077798911123
2045-04-17 03:00:00,245.95825426994452
2045-04-17 04:00:00,246.7457305507778
2045-04-17 05:00:00,247.5332068316111
2045-04-17 06:00:00,248.32068311244439
2045-04-17 07:00:00,249.10815939327767
2045-04-17 08:00:00,249.89563567411096
2045-04-17 09:00:00,250.68311195494425
2045-04-17 10:00:00,251.47058823577754
2045-04-17 11:00:00,252.25806451661083
2045-04-17 12:00:00,253.04554079744412
2045-04-17 13:00:00,253.8330170782774
2045-04-17 14:00:00,254.6204933591107
2045-04-17 15:00:00,255.40796963994399
2045-04-17 16:00:00,256.1954459207773
2045-04-17 17:00:00,256.98292220161056
2045-04-17 18:00:00,257.77039848244385
2045-04-17 19:00:00,258.55787476327714
2045-04-17 20:00:00,259.34535104411043
2045-04-17 21:00:00,260.1328273249437
2045-04-17 22:00:00,260.920303605777
2045-04-17 23:00:00,261.7077798866103
2045-04-18 00:00:00,262.4952561674436
2045-04-18 01:00:00,263.2827324482769
2045-04-18 02:00:00,264.07020872911016
2045-04-18 03:00:00,264.85768500994345
2045-04-18 04:00:00,265.64516129077674
2045-04-18 05:00:00,266.43263757161003
2045-04-18 06:00:00,267.2201138524433
2045-04-18 07:00:00,268.0075901332766
2045-04-18 08:00:00,268.7950664141099
2045-04-18 09:00:00,269.5825426949432
2045-04-18 10:00:00,270.3700189757765
2045-04-18 11:00:00,271.15749525660976
2045-04-18 12:00:00,271.94497153744305
2045-04-18 13:00:00,272.73244781827634
2045-04-18 14:00:00,273.51992409910963
2045-04-18 15:00:00,274.3074003799429
2045-04-18 16:00:00,275.0948766607762
2045-04-18 17:00:00,275.8823529416095
2045-04-18 18:00:00,276.6698292224428
2045-04-18 19:00:00,277.4573055032761
2045-04-18 20:00:00,278.24478178410936
2045-04-18 21:00:00,279.03225806494265
2045-04-18 22:00:00,279.81973434577594
2045-04-18 23:00:00,280.60721062660923
2045-04-19 00:00:00,281.3946869074425
2045-04-19 01:00:00,282.1821631882758
2045-04-19 02:00:00,282.9696394691091
2045-04-19 03:00:00,283.7571157499424
2045-04-19 04:00:00,284.5445920307757
2045-04-19 05:00:00,285.33206831160896
2045-04-19 06:00:00,286.11954459244225
2045-04-19 07:00:00,286.90702087327554
2045-04-19 08:00:00,287.69449715410883
2045-04-19 09:00:00,288.4819734349421
2045-04-19 10:00:00,289.2694497157754
2045-04-19 11:00:00,290.0569259966087
2045-04-19 12:00:00,290.844402277442
2045-04-19 13:00:00,291.6318785582753
2045-04-19 14:00:00,292.41935483910856
2045-04-19 15:00:00,293.20683111994185
2045-04-19 16:00:00,273.20683111994185
2045-04-19 17:00:00,253.20683111994185
2045-04-19 18:00:00,233.20683111994185
2045-04-19 19:00:00,213.20683111994185
2045-04-19 20:00:00,193.20683111994185
2045-04-19 21:00:00,173.20683111994185
2045-04-19 22:00:00,153.20683111994185
2045-04-19 23:00:00,153.99430740077514
2045-04-20 00:00:00,154.78178368160843
2045-04-20 01:00:00,155.56925996244172
2045-04-20 02:00:00,156.356736243275
2045-04-20 03:00:00,157.1442125241083
2045-04-20 04:00:00,157.9316888049416
2045-04-20 05:00:00,158.71916508577488
2045-04-20 06:00:00,159.50664136660816
2045-04-20 07:00:00,160.29411764744145
2045-04-20 08:00:00,161.08159392827474
2045-04-20 09:00:00,161.86907020910803
2045-04-20 10:00:00,162.65654648994132
2045-04-20 11:00:00,163.4440227707746
2045-04-20 12:00:00,164.2314990516079
2045-04-20 13:00:00,165.0189753324412
2045-04-20 14:00:00,165.80645161327448
2045-04-20 15:00:00,166.59392789410776
2045-04-20 16:00:00,167.38140417494105
2045-04-20 17:00:00,168.16888045577434
2045-04-20 18:00:00,168.95635673660763
2045-04-20 19:00:00,169.74383301744092
2045-04-20 20:00:00,170.5313092982742
2045-04-20 21:00:00,150.5313092982742
2045-04-20 22:00:00,130.5313092982742
2045-04-20 23:00:00,110.53130929827421
2045-04-21 00:00:00,90.53130929827421
2045-04-21 01:00:00,91.3187855791075
2045-04-21 02:00:00,92.10626185994079
2045-04-21 03:00:00,92.89373814077408
2045-04-21 04:00:00,93.68121442160736
2045-04-21 05:00:00,94.46869070244065
2045-04-21 06:00:00,95.25616698327394
2045-04-21 07:00:00,96.04364326410723
2045-04-21 08:00:00,96.83111954494052
2045-04-21 09:00:00,97.61859582577381
2045-04-21 10:00:00,98.4060721066071
2045-04-21 11:00:00,99.19354838744039
2045-04-21 12:00:00,99.98102466827368
2045-04-21 13:00:00,100.76850094910696
2045-04-21 14:00:00,101.55597722994025
2045-04-21 15:00:00,102.34345351077354
2045-04-21 16:00:00,103.13092979160683
2045-04-21 17:00:00,103.91840607244012
2045-04-21 18:00:00,104.70588235327341
2045-04-21 19:00:00,105.4933586341067
2045-04-21 20:00:00,106.28083491493999
2045-04-21 21:00:00,107.06831119577328
2045-04-21 22:00:00,107.85578747660657
2045-04-21 23:00:00,108.64326375743985
2045-04-22 00:00:00,109.43074003827314
2045-04-22 01:00:00,110.21821631910643
2045-04-22 02:00:00,111.00569259993972
2045-04-22 03:00:00,111.79316888077301
2045-04-22 04:00:00,112.5806451616063
2045-04-22 05:00:00,113.36812144243959
2045-04-22 06:00:00,114.15559772327288
2045-04-22 07:00:00,114.94307400410617
2045-04-22 08:00:00,115.73055028493945
2045-04-22 09:00:00,116.51802656577274
2045-04-22 10:00:00,117.30550284660603
2045-04-22 11:00:00,118.09297912743932
2045-04-22 12:00:00,118.88045540827261
2045-04-22 13:00:00,119.6679316891059
2045-04-22 14:00:00,120.45540796993919
2045-04-22 15:00:00,121.24288425077248
2045-04-22 16:00:00,122.03036053160577
2045-04-22 17:00:00,122.81783681243905
2045-04-22 18:00:00,123.60531309327234
2045-04-22 19:00:00,124.39278937410563
2045-04-22 20:00:00,125.18026565493892
2045-04-22 21:00:00,125.96774193577221
2045-04-22 22:00:00,126.7552182166055
2045-04-22 23:00:00,127.54269449743879
2045-04-23 00:00:00,128.33017077827208
2045-04-23 01:00:00,129.11764705910537
2045-04-23 02:00:00,129.90512333993865
2045-04-23 03:00:00,130.69259962077194
2045-04-23 04:00:00,131.48007590160523
2045-04-23 05:00:00,132.26755218243852
2045-04-23 06:00:00,133.0550284632718
2045-04-23 07:00:00,133.8425047441051
2045-04-23 08:00:00,134.6299810249384
2045-04-23 09:00:00,135.41745730577168
2045-04-23 10:00:00,136.20493358660497
2045-04-23 11:00:00,136.99240986743825
2045-04-23 12:00:00,137.77988614827154
2045-04-23 13:00:00,138.56736242910392
2045-04-23 14:00:00,139.3548387099372
2045-04-23 15:00:00,140.1423149907705
2045-04-23 16:00:00,140.9297912716038
2045-04-23 17:00:00,141.71726755243708
2045-04-23 18:00:00,142.50474383327037
2045-04-23 19:00:00,143.29222011410366
2045-04-23 20:00:00,144.07969639493695
2045-04-23 21:00:00,124.07969639493695
2045-04-23 22:00:00,104.07969639493695
2045-04-23 23:00:00,84.07969639493695
2045-04-24 00:00:00,84.86717267577069
2045-04-24 01:00:00,85.65464895660398
2045-04-24 02:00:00,86.44212523743727
2045-04-24 03:00:00,87.22960151827056
2045-04-24 04:00:00,88.01707779910384
2045-04-24 05:00:00,88.80455407993713
2045-04-24 06:00:00,89.59203036077042
2045-04-24 07:00:00,90.37950664160371
2045-04-24 08:00:00,91.166982922437
2045-04-24 09:00:00,91.95445920327029
2045-04-24 10:00:00,92.74193548410358
2045-04-24 11:00:00,93.52941176493687
2045-04-24 12:00:00,94.31688804577016
2045-04-24 13:00:00,95.10436432660345
2045-04-24 14:00:00,95.89184060743673
2045-04-24 15:00:00,96.67931688827048
2045-04-24 16:00:00,97.46679316910422
2045-04-24 17:00:00,98.25426944993751
2045-04-24 18:00:00,99.04174573077125
2045-04-24 19:00:00,99.829222011605
2045-04-24 20:00:00,100.61669829243874
2045-04-24 21:00:00,101.40417457327248
2045-04-24 22:00:00,102.19165085410623
2045-04-24 23:00:00,102.97912713493997
2045-04-25 00:00:00,103.76660341577372
2045-04-25 01:00:00,104.55407969660746
2045-04-25 02:00:00,105.3415559774412
2045-04-25 03:00:00,106.12903225827495
2045-04-25 04:00:00,106.91650853910869
2045-04-25 05:00:00,107.70398481994198
2045-04-25 06:00:00,108.49146110077572
2045-04-25 07:00:00,109.27893738160947
2045-04-25 08:00:00,110.06641366244321
2045-04-25 09:00:00,110.85388994327695
2045-04-25 10:00:00,111.6413662241107
2045-04-25 11:00:00,112.42884250494444
2045-04-25 12:00:00,113.21631878577818
2045-04-25 13:00:00,114.00379506661193
2045-04-25 14:00:00,114.79127134744567
2045-04-25 15:00:00,115.57874762827942
2045-04-25 16:00:00,116.36622390911316
2045-04-25 17:00:00,117.15370018994645
2045-04-25 18:00:00,117.94117647078019
2045-04-25 19:00:00,97.94117647078019
2045-04-25 20:00:00,77.94117647078019
2045-04-25 21:00:00,57.94117647078019
2045-04-25 22:00:00,37.94117647078019
2045-04-25 23:00:00,38.728652751613936
2045-04-26 00:00:00,39.51612903244768
2045-04-26 01:00:00,40.30360531328142
2045-04-26 02:00:00,41.09108159411517
2045-04-26 03:00:00,41.87855787494891
2045-04-26 04:00:00,42.666034155782654
2045-04-26 05:00:00,43.4535104366164
2045-04-26 06:00:00,44.24098671745014
2045-04-26 07:00:00,45.028462998283885
2045-04-26 08:00:00,45.815939279117174
2045-04-26 09:00:00,46.60341555995092
2045-04-26 10:00:00,47.39089184078466
2045-04-26 11:00:00,48.178368121618405
2045-04-26 12:00:00,48.96584440245215
2045-04-26 13:00:00,49.75332068328589
2045-04-26 14:00:00,50.540796964119636
2045-04-26 15:00:00,51.32827324495338
2045-04-26 16:00:00,52.11574952578712
2045-04-26 17:00:00,52.90322580662087
2045-04-26 18:00:00,53.69070208745461
2045-04-26 19:00:00,54.478178368288354
2045-04-26 20:00:00,55.26565464912164
2045-04-26 21:00:00,56.05313092995539
2045-04-26 22:00:00,56.84060721078913
2045-04-26 23:00:00,57.628083491622874
2045-04-27 00:00:00,58.41555977245662
2045-04-27 01:00:00,59.20303605329036
2045-04-27 02:00:00,59.990512334124105
2045-04-27 03:00:00,60.77798861495785
2045-04-27 04:00:00,61.56546489579159
2045-04-27 05:00:00,62.352941176625336
2045-04-27 06:00:00,63.14041745745908
2045-04-27 07:00:00,63.92789373829282
2045-04-27 08:00:00,64.71537001912611
2045-04-27 09:00:00,65.50284629995986
2045-04-27 10:00:00,66.2903225807936
2045-04-27 11:00:00,67.07779886162734
2045-04-27 12:00:00,67.86527514246109
2045-04-27 13:00:00,68.65275142329483
2045-04-27 14:00:00,69.44022770412857
2045-04-27 15:00:00,70.22770398496232
2045-04-27 16:00:00,71.01518026579606
2045-04-27 17:00:00,71.8026565466298
2045-04-27 18:00:00,72.59013282746355
2045-04-27 19:00:00,73.37760910829729
2045-04-27 20:00:00,74.16508538913058
2045-04-27 21:00:00,74.95256166996433
2045-04-27 22:00:00,75.74003795079807
2045-04-27 23:00:00,76.52751423163181
2045-04-28 00:00:00,77.31499051246556
2045-04-28 01:00:00,78.1024667932993
2045-04-28 02:00:00,78.88994307413304
2045-04-28 03:00:00,79.67741935496679
2045-04-28 04:00:00,80.46489563580053
2045-04-28 05:00:00,81.25237191663427
2045-04-28 06:00:00,82.03984819746802
2045-04-28 07:00:00,82.82732447830153
2045-04-28 08:00:00,83.61480075913528
2045-04-28 09:00:00,84.40227703996902
2045-04-28 10:00:00,85.18975332080277
2045-04-28 11:00:00,85.97722960163628
2045-04-28 12:00:00,86.76470588247003
2045-04-28 13:00:00,87.55218216330377
2045-04-28 14:00:00,88.33965844413729
2045-04-28 15:00:00,89.12713472497103
2045-04-28 16:00:00,89.91461100580477
2045-04-28 17:00:00,90.70208728663829
2045-04-28 18:00:00,91.48956356747203
2045-04-28 19:00:00,92.27703984830578
2045-04-28 20:00:00,93.06451612913952
2045-04-28 21:00:00,93.85199240997326
2045-04-28 22:00:00,94.639468690807
2045-04-28 23:00:00,74.639468690807
2045-04-29 00:00:00,75.42694497164052
2045-04-29 01:00:00,76.21442125247427
2045-04-29 02:00:00,77.00189753330801
2045-04-29 03:00:00,77.78937381414175
2045-04-29 04:00:00,78.5768500949755
2045-04-29 05:00:00,79.36432637580924
2045-04-29 06:00:00,80.15180265664276
2045-04-29 07:00:00,80.9392789374765
2045-04-29 08:00:00,81.72675521831025
2045-04-29 09:00:00,82.51423149914399
2045-04-29 10:00:00,83.30170777997773
2045-04-29 11:00:00,84.08918406081148
2045-04-29 12:00:00,84.87666034164499
2045-04-29 13:00:00,85.66413662247874
2045-04-29 14:00:00,86.45161290331248
2045-04-29 15:00:00,87.23908918414622
2045-04-29 16:00:00,88.02656546497997
2045-04-29 17:00:00,88.81404174581371
2045-04-29 18:00:00,89.60151802664723
2045-04-29 19:00:00,90.38899430748097
2045-04-29 20:00:00,91.17647058831471
2045-04-29 21:00:00,91.96394686914846
2045-04-29 22:00:00,92.7514231499822
2045-04-29 23:00:00,93.53889943081572
2045-04-30 00:00:00,94.32637571164946
2045-04-30 01:00:00,95.1138519924832
2045-04-30 02:00:00,95.90132827331695
2045-04-30 03:00:00,96.68880455415069
2045-04-30 04:00:00,97.47628083498444
2045-04-30 05:00:00,98.26375711581795
2045-04-30 06:00:00,99.0512333966517
2045-04-30 07:00:00,99.83870967748544
2045-04-30 08:00:00,100.62618595831918
2045-04-30 09:00:00,101.41366223915293
2045-04-30 10:00:00,102.20113851998656
2045-04-30 11:00:00,102.9886148008203
2045-04-30 12:00:00,103.77609108165404
2045-04-30 13:00:00,104.56356736248767
2045-04-30 14:00:00,105.3510436433213
2045-04-30 15:00:00,106.13851992415493
2045-04-30 16:00:00,106.92599620498845
2045-04-30 17:00:00,107.71347248582208
2045-04-30 18:00:00,87.71347248582208
2045-04-30 19:00:00,67.71347248582208
2045-04-30 20:00:00,47.71347248582208
2045-04-30 21:00:00,27.71347248582208
2045-04-30 22:00:00,7.713472485822081
2045-04-30 23:00:00,8.50094876665571
2045-05-01 00:00:00,9.28842504748934
2045-05-01 01:00:00,10.075901328322857
2045-05-01 02:00:00,10.863377609156487
2045-05-01 03:00:00,11.650853889990117
2045-05-01 04:00:00,12.438330170823747
2045-05-01 05:00:00,13.225806451657263
2045-05-01 06:00:00,14.013282732490893
2045-05-01 07:00:00,14.800759013324523
2045-05-01 08:00:00,15.58823529415804
2045-05-01 09:00:00,16.37571157499167
2045-05-01 10:00:00,17.1631878558253
2045-05-01 11:00:00,17.95066413665893
2045-05-01 12:00:00,18.738140417492446
2045-05-01 13:00:00,19.525616698326075
2045-05-01 14:00:00,20.313092979159705
2045-05-01 15:00:00,21.10056925999328
2045-05-01 16:00:00,21.88804554082691
2045-05-01 17:00:00,22.67552182166054
2045-05-01 18:00:00,23.46299810249417
2045-05-01 19:00:00,24.25047438332774
2045-05-01 20:00:00,25.03795066416137
2045-05-01 21:00:00,25.825426944994945
2045-05-01 22:00:00,26.612903225828518
2045-05-01 23:00:00,27.400379506662148
2045-05-02 00:00:00,28.18785578749572
2045-05-02 01:00:00,28.97533206832935
2045-05-02 02:00:00,29.762808349162924
2045-05-02 03:00:00,30.550284629996554
2045-05-02 04:00:00,31.337760910830127
2045-05-02 05:00:00,32.12523719166376
2045-05-02 06:00:00,32.91271347249739
2045-05-02 07:00:00,33.70018975333102
2045-05-02 08:00:00,34.48766603416465
2045-05-02 09:00:00,35.27514231499828
2045-05-02 10:00:00,36.06261859583189
2045-05-02 11:00:00,36.85009487666552
2045-05-02 12:00:00,37.637571157499146
2045-05-02 13:00:00,38.42504743833276
2045-05-02 14:00:00,39.212523719166384
2045-05-02 15:00:00,40.0
2045-05-02 16:00:00,20.0
2045-05-02 17:00:00,-0.0
2045-05-02 18:00:00,-0.0
2045-05-02 19:00:00,-0.0
2045-05-02 20:00:00,0.7874762808336193
2045-05-02 21:00:00,-0.0
2045-05-02 22:00:00,-0.0
2045-05-02 23:00:00,-0.0
2045-05-03 00:00:00,0.7874762808336193
2045-05-03 01:00:00,1.5749525616672386
2045-05-03 02:00:00,2.362428842500858
2045-05-03 03:00:00,3.1499051233344773
2045-05-03 04:00:00,3.9373814041680966
2045-05-03 05:00:00,4.724857685001716
2045-05-03 06:00:00,5.512333965835335
2045-05-03 07:00:00,6.2998102466689545
2045-05-03 08:00:00,7.087286527502574
2045-05-03 09:00:00,7.874762808336193
2045-05-03 10:00:00,8.662239089169812
2045-05-03 11:00:00,9.449715370003432
2045-05-03 12:00:00,10.237191650837051
2045-05-03 13:00:00,11.02466793167067
2045-05-03 14:00:00,2.201138519986273
2045-05-03 15:00:00,2.9886148008198923
2045-05-03 16:00:00,3.7760910816535116
2045-05-03 17:00:00,4.563567362487131
2045-05-03 18:00:00,5.35104364332075
2045-05-03 19:00:00,6.1385199241543695
2045-05-03 20:00:00,6.925996204987989
2045-05-03 21:00:00,7.713472485821608
2045-05-03 22:00:00,8.500948766655227
2045-05-03 23:00:00,9.288425047488847
2045-05-04 00:00:00,10.075901328322466
2045-05-04 01:00:00,10.863377609156085
2045-05-04 02:00:00,11.650853889989705
2045-05-04 03:00:00,12.438330170823324
2045-05-04 04:00:00,13.225806451656943
2045-05-04 05:00:00,14.013282732490563
2045-05-04 06:00:00,14.800759013324182
2045-05-04 07:00:00,15.588235294157801
2045-05-04 08:00:00,16.37571157499142
2045-05-04 09:00:00,17.16318785582504
2045-05-04 10:00:00,17.95066413665866
2045-05-04 11:00:00,18.73814041749228
2045-05-04 12:00:00,19.525616698325898
2045-05-04 13:00:00,20.313092979159517
2045-05-04 14:00:00,21.100569259993136
2045-05-04 15:00:00,1.1005692599931365
2045-05-04 16:00:00,1.8880455408267558
2045-05-04 17:00:00,2.675521821660375
2045-05-04 18:00:00,3.4629981024939944
2045-05-04 19:00:00,4.250474383327614
2045-05-04 20:00:00,5.037950664161233
2045-05-04 21:00:00,5.825426944994852
2045-05-04 22:00:00,6.612903225828472
2045-05-04 23:00:00,7.400379506662091
2045-05-05 00:00:00,8.18785578749571
2045-05-05 01:00:00,8.97533206832933
2045-05-05 02:00:00,9.762808349162949
2045-05-05 03:00:00,10.550284629996568
2045-05-05 04:00:00,11.337760910830188
2045-05-05 05:00:00,12.125237191663807
2045-05-05 06:00:00,12.912713472497426
2045-05-05 07:00:00,13.700189753331045
2045-05-05 08:00:00,14.487666034164665
2045-05-05 09:00:00,15.275142314998284
2045-05-05 10:00:00,16.062618595831903
2045-05-05 11:00:00,16.850094876665523
2045-05-05 12:00:00,17.637571157499142
2045-05-05 13:00:00,18.42504743833276
2045-05-05 14:00:00,19.21252371916638
2045-05-05 15:00:00,20.0
2045-05-05 16:00:00,-0.0
2045-05-05 17:00:00,-0.0
2045-05-05 18:00:00,-0.0
2045-05-05 19:00:00,-0.0
2045-05-05 20:00:00,0.7874762808336193
2045-05-05 21:00:00,-0.0
2045-05-05 22:00:00,-0.0
2045-05-05 23:00:00,-0.0
2045-05-06 00:00:00,0.7874762808336193
2045-05-06 01:00:00,1.5749525616672386
2045-05-06 02:00:00,2.362428842500858
2045-05-06 03:00:00,3.1499051233344773
2045-05-06 04:00:00,3.9373814041680966
2045-05-06 05:00:00,4.724857685001716
2045-05-06 06:00:00,5.512333965835335
2045-05-06 07:00:00,6.2998102466689545
2045-05-06 08:00:00,7.087286527502574
2045-05-06 09:00:00,7.874762808336193
2045-05-06 10:00:00,8.662239089169812
2045-05-06 11:00:00,9.449715370003432
2045-05-06 12:00:00,10.237191650837051
2045-05-06 13:00:00,11.02466793167067
2045-05-06 14:00:00,-0.0
2045-05-06 15:00:00,-0.0
2045-05-06 16:00:00,-0.0
2045-05-06 17:00:00,-0.0
2045-05-06 18:00:00,-0.0
2045-05-06 19:00:00,0.7874762808336193
2045-05-06 20:00:00,-0.0
2045-05-06 21:00:00,-0.0
2045-05-06 22:00:00,-0.0
2045-05-06 23:00:00,-0.0
2045-05-07 00:00:00,0.7874762808336193
2045-05-07 01:00:00,1.5749525616672386
2045-05-07 02:00:00,2.362428842500858
2045-05-07 03:00:00,3.1499051233344773
2045-05-07 04:00:00,3.9373814041680966
2045-05-07 05:00:00,4.724857685001716
2045-05-07 06:00:00,5.512333965835335
2045-05-07 07:00:00,6.2998102466689545
2045-05-07 08:00:00,7.087286527502574
2045-05-07 09:00:00,7.874762808336193
2045-05-07 10:00:00,8.662239089169812
2045-05-07 11:00:00,9.449715370003432
2045-05-07 12:00:00,10.237191650837051
2045-05-07 13:00:00,11.02466793167067
2045-05-07 14:00:00,-0.0
2045-05-07 15:00:00,-0.0
2045-05-07 16:00:00,-0.0
2045-05-07 17:00:00,0.7874762808336193
2045-05-07 18:00:00,-0.0
2045-05-07 19:00:00,0.31309297915951717
2045-05-07 20:00:00,1.1005692599931365
2045-05-07 21:00:00,1.8880455408267558
2045-05-07 22:00:00,2.675521821660375
2045-05-07 23:00:00,3.4629981024939944
2045-05-08 00:00:00,4.250474383327614
2045-05-08 01:00:00,5.037950664161233
2045-05-08 02:00:00,5.825426944994852
2045-05-08 03:00:00,6.612903225828472
2045-05-08 04:00:00,7.400379506662091
2045-05-08 05:00:00,8.18785578749571
2045-05-08 06:00:00,8.97533206832933
2045-05-08 07:00:00,9.762808349162949
2045-05-08 08:00:00,10.550284629996568
2045-05-08 09:00:00,11.337760910830188
2045-05-08 10:00:00,12.125237191663807
2045-05-08 11:00:00,12.912713472497426
2045-05-08 12:00:00,13.700189753331045
2045-05-08 13:00:00,14.487666034164665
2045-05-08 14:00:00,15.275142314998284
2045-05-08 15:00:00,16.062618595831903
2045-05-08 16:00:00,16.850094876665523
2045-05-08 17:00:00,17.637571157499142
2045-05-08 18:00:00,18.42504743833276
2045-05-08 19:00:00,19.21252371916638
2045-05-08 20:00:00,20.0
2045-05-08 21:00:00,-0.0
2045-05-08 22:00:00,-0.0
2045-05-08 23:00:00,-0.0
2045-05-09 00:00:00,0.7874762808336193
2045-05-09 01:00:00,1.5749525616672386
2045-05-09 02:00:00,2.362428842500858
2045-05-09 03:00:00,3.1499051233344773
2045-05-09 04:00:00,3.9373814041680966
2045-05-09 05:00:00,4.724857685001716
2045-05-09 06:00:00,5.512333965835335
2045-05-09 07:00:00,6.2998102466689545
2045-05-09 08:00:00,7.087286527502574
2045-05-09 09:00:00,7.874762808336193
2045-05-09 10:00:00,8.662239089169812
2045-05-09 11:00:00,9.449715370003432
2045-05-09 12:00:00,10.237191650837051
2045-05-09 13:00:00,11.02466793167067
2045-05-09 14:00:00,9.838709681704241
2045-05-09 15:00:00,10.62618596253786
2045-05-09 16:00:00,11.41366224337148
2045-05-09 17:00:00,12.2011385242051
2045-05-09 18:00:00,12.988614805038718
2045-05-09 19:00:00,13.776091085872338
2045-05-09 20:00:00,14.563567366705957
2045-05-09 21:00:00,15.351043647539576
2045-05-09 22:00:00,16.138519928373196
2045-05-09 23:00:00,16.925996209206815
2045-05-10 00:00:00,17.713472490040434
2045-05-10 01:00:00,18.500948770874054
2045-05-10 02:00:00,19.288425051707673
2045-05-10 03:00:00,20.075901332541292
2045-05-10 04:00:00,20.86337761337491
2045-05-10 05:00:00,21.65085389420853
2045-05-10 06:00:00,22.43833017504215
2045-05-10 07:00:00,23.22580645587577
2045-05-10 08:00:00,24.01328273670939
2045-05-10 09:00:00,24.800759017543008
2045-05-10 10:00:00,25.588235298376627
2045-05-10 11:00:00,26.375711579210247
2045-05-10 12:00:00,27.163187860043866
2045-05-10 13:00:00,27.950664140877485
2045-05-10 14:00:00,28.738140421711105
2045-05-10 15:00:00,29.525616702544724
2045-05-10 16:00:00,30.313092983378343
2045-05-10 17:00:00,31.100569264211963
2045-05-10 18:00:00,31.888045545045582
2045-05-10 19:00:00,32.6755218258792
2045-05-10 20:00:00,33.46299810671282
2045-05-10 21:00:00,34.25047438754643
2045-05-10 22:00:00,35.03795066838005
2045-05-10 23:00:00,35.825426949213664
2045-05-11 00:00:00,36.61290323004728
2045-05-11 01:00:00,37.400379510880896
2045-05-11 02:00:00,38.18785579171451
2045-05-11 03:00:00,38.97533207254813
2045-05-11 04:00:00,39.76280835338174
2045-05-11 05:00:00,40.55028463421536
2045-05-11 06:00:00,41.337760915048975
2045-05-11 07:00:00,42.12523719588259
2045-05-11 08:00:00,42.912713476716206
2045-05-11 09:00:00,43.70018975754982
2045-05-11 10:00:00,44.48766603838344
2045-05-11 11:00:00,45.27514231921705
2045-05-11 12:00:00,46.06261860005067
2045-05-11 13:00:00,46.850094880884285
2045-05-11 14:00:00,47.6375711617179
2045-05-11 15:00:00,48.42504744255152
2045-05-11 16:00:00,49.21252372338513
2045-05-11 17:00:00,50.00000000421875
2045-05-11 18:00:00,50.787476285052364
2045-05-11 19:00:00,51.57495256588598
2045-05-11 20:00:00,52.362428846719595
2045-05-11 21:00:00,53.14990512755321
2045-05-11 22:00:00,53.93738140838683
2045-05-11 23:00:00,54.72485768922044
2045-05-12 00:00:00,55.51233397005406
2045-05-12 01:00:00,56.299810250887674
2045-05-12 02:00:00,57.08728653172129
2045-05-12 03:00:00,57.874762812554906
2045-05-12 04:00:00,58.66223909338852
2045-05-12 05:00:00,59.44971537422214
2045-05-12 06:00:00,60.23719165505575
2045-05-12 07:00:00,61.02466793588937
2045-05-12 08:00:00,61.812144216722984
2045-05-12 09:00:00,62.5996204975566
2045-05-12 10:00:00,63.387096778390216
2045-05-12 11:00:00,64.17457305922383
2045-05-12 12:00:00,64.96204934005745
2045-05-12 13:00:00,65.74952562089106
2045-05-12 14:00:00,66.53700190172468
2045-05-12 15:00:00,67.3244781825583
2045-05-12 16:00:00,68.11195446339191
2045-05-12 17:00:00,68.89943074422553
2045-05-12 18:00:00,69.68690702505914
2045-05-12 19:00:00,70.47438330589276
2045-05-12 20:00:00,71.26185958672637
2045-05-12 21:00:00,72.04933586755999
2045-05-12 22:00:00,72.8368121483936
2045-05-12 23:00:00,73.62428842922722
2045-05-13 00:00:00,74.41176471006084
2045-05-13 01:00:00,75.19924099089445
2045-05-13 02:00:00,75.98671727172807
2045-05-13 03:00:00,76.77419355256168
2045-05-13 04:00:00,77.5616698333953
2045-05-13 05:00:00,78.34914611422892
2045-05-13 06:00:00,79.13662239506253
2045-05-13 07:00:00,79.92409867589615
2045-05-13 08:00:00,80.71157495672976
2045-05-13 09:00:00,81.49905123756338
2045-05-13 10:00:00,82.286527518397
2045-05-13 11:00:00,83.07400379923061
2045-05-13 12:00:00,83.86148008006423
2045-05-13 13:00:00,84.64895636089784
2045-05-13 14:00:00,85.43643264173146
2045-05-13 15:00:00,86.22390892256507
2045-05-13 16:00:00,87.01138520339869
2045-05-13 17:00:00,87.7988614842323
2045-05-13 18:00:00,88.58633776506592
2045-05-13 19:00:00,89.37381404589954
2045-05-13 20:00:00,90.16129032673315
2045-05-13 21:00:00,90.94876660756677
2045-05-13 22:00:00,91.73624288840038
2045-05-13 23:00:00,92.523719169234
2045-05-14 00:00:00,93.31119545006761
2045-05-14 01:00:00,94.09867173090123
2045-05-14 02:00:00,94.88614801173485
2045-05-14 03:00:00,95.67362429256846
2045-05-14 04:00:00,96.46110057340208
2045-05-14 05:00:00,97.2485768542357
2045-05-14 06:00:00,98.03605313506931
2045-05-14 07:00:00,98.82352941590293
2045-05-14 08:00:00,99.61100569673654
2045-05-14 09:00:00,100.39848197757016
2045-05-14 10:00:00,101.18595825840377
2045-05-14 11:00:00,101.97343453923739
2045-05-14 12:00:00,102.760910820071
2045-05-14 13:00:00,103.54838710090462
2045-05-14 14:00:00,104.33586338173824
2045-05-14 15:00:00,105.12333966257185
2045-05-14 16:00:00,105.91081594340547
2045-05-14 17:00:00,106.69829222423908
2045-05-14 18:00:00,107.4857685050727
2045-05-14 19:00:00,108.27324478590631
2045-05-14 20:00:00,109.06072106673993
2045-05-14 21:00:00,109.84819734757355
2045-05-14 22:00:00,110.63567362840716
2045-05-14 23:00:00,111.42314990924078
2045-05-15 00:00:00,112.2106261900744
2045-05-15 01:00:00,112.99810247090801
2045-05-15 02:00:00,113.78557875174162
2045-05-15 03:00:00,114.57305503257524
2045-05-15 04:00:00,115.36053131340886
2045-05-15 05:00:00,116.14800759424247
2045-05-15 06:00:00,116.93548387507609
2045-05-15 07:00:00,117.7229601559097
2045-05-15 08:00:00,118.51043643674332
2045-05-15 09:00:00,119.29791271757693
2045-05-15 10:00:00,120.08538899841055
2045-05-15 11:00:00,120.87286527924417
2045-05-15 12:00:00,121.66034156007778
2045-05-15 13:00:00,122.4478178409114
2045-05-15 14:00:00,123.23529412174501
2045-05-15 15:00:00,124.02277040257863
2045-05-15 16:00:00,124.81024668341225
2045-05-15 17:00:00,125.59772296424586
2045-05-15 18:00:00,126.38519924507948
2045-05-15 19:00:00,127.17267552591309
2045-05-15 20:00:00,127.96015180674671
2045-05-15 21:00:00,128.74762808758032
2045-05-15 22:00:00,129.53510436841395
2045-05-15 23:00:00,130.32258064924758
2045-05-16 00:00:00,131.1100569300812
2045-05-16 01:00:00,131.89753321091484
2045-05-16 02:00:00,132.68500949174847
2045-05-16 03:00:00,133.4724857725821
2045-05-16 04:00:00,134.25996205341573
2045-05-16 05:00:00,135.04743833424936
2045-05-16 06:00:00,135.834914615083
2045-05-16 07:00:00,136.62239089591662
2045-05-16 08:00:00,137.40986717675025
2045-05-16 09:00:00,138.19734345758388
2045-05-16 10:00:00,138.9848197384175
2045-05-16 11:00:00,139.77229601925114
2045-05-16 12:00:00,140.55977230008477
2045-05-16 13:00:00,141.3472485809184
2045-05-16 14:00:00,142.13472486175203
2045-05-16 15:00:00,142.92220114258566
2045-05-16 16:00:00,143.7096774234193
2045-05-16 17:00:00,144.49715370425292
2045-05-16 18:00:00,145.28462998508655
2045-05-16 19:00:00,146.07210626592018
2045-05-16 20:00:00,146.8595825467538
2045-05-16 21:00:00,147.64705882758744
2045-05-16 22:00:00,148.43453510842107
2045-05-16 23:00:00,149.2220113892547
2045-05-17 00:00:00,150.00948767008833
2045-05-17 01:00:00,150.79696395092196
2045-05-17 02:00:00,151.5844402317556
2045-05-17 03:00:00,152.37191651258922
2045-05-17 04:00:00,153.15939279342285
2045-05-17 05:00:00,153.94686907425648
2045-05-17 06:00:00,154.7343453550901
2045-05-17 07:00:00,155.52182163592374
2045-05-17 08:00:00,156.30929791675737
2045-05-17 09:00:00,157.096774197591
2045-05-17 10:00:00,157.88425047842463
2045-05-17 11:00:00,158.67172675925826
2045-05-17 12:00:00,159.4592030400919
2045-05-17 13:00:00,160.24667932092552
2045-05-17 14:00:00,161.03415560175915
2045-05-17 15:00:00,161.82163188259278
2045-05-17 16:00:00,162.6091081634264
2045-05-17 17:00:00,163.39658444426004
2045-05-17 18:00:00,164.18406072509367
2045-05-17 19:00:00,164.9715370059273
2045-05-17 20:00:00,165.75901328676093
2045-05-17 21:00:00,166.54648956759456
2045-05-17 22:00:00,167.3339658484282
2045-05-17 23:00:00,168.12144212926182
2045-05-18 00:00:00,168.90891841009545
2045-05-18 01:00:00,169.69639469092908
2045-05-18 02:00:00,170.4838709717627
2045-05-18 03:00:00,171.27134725259634
2045-05-18 04:00:00,172.05882353342997
2045-05-18 05:00:00,172.8462998142636
2045-05-18 06:00:00,173.63377609509723
2045-05-18 07:00:00,174.42125237593086
2045-05-18 08:00:00,175.2087286567645
2045-05-18 09:00:00,175.99620493759812
2045-05-18 10:00:00,176.78368121843175
2045-05-18 11:00:00,177.57115749926538
2045-05-18 12:00:00,178.358633780099
2045-05-18 13:00:00,179.14611006093264
2045-05-18 14:00:00,179.93358634176627
2045-05-18 15:00:00,180.7210626225999
2045-05-18 16:00:00,181.50853890343353
2045-05-18 17:00:00,182.29601518426716
2045-05-18 18:00:00,183.0834914651008
2045-05-18 19:00:00,183.87096774593442
2045-05-18 20:00:00,184.65844402676805
2045-05-18 21:00:00,185.44592030760168
2045-05-18 22:00:00,186.2333965884353
2045-05-18 23:00:00,187.02087286926894
2045-05-19 00:00:00,187.80834915010257
2045-05-19 01:00:00,188.5958254309362
2045-05-19 02:00:00,189.38330171176983
2045-05-19 03:00:00,190.17077799260346
2045-05-19 04:00:00,190.9582542734371
2045-05-19 05:00:00,191.74573055427072
2045-05-19 06:00:00,192.53320683510435
2045-05-19 07:00:00,193.32068311593798
2045-05-19 08:00:00,194.1081593967716
2045-05-19 09:00:00,194.89563567760524
2045-05-19 10:00:00,195.68311195843887
2045-05-19 11:00:00,196.4705882392725
2045-05-19 12:00:00,197.25806452010613
2045-05-19 13:00:00,198.04554080093976
2045-05-19 14:00:00,198.8330170817734
2045-05-19 15:00:00,199.62049336260702
2045-05-19 16:00:00,200.40796964344065
2045-05-19 17:00:00,201.19544592427428
2045-05-19 18:00:00,201.9829222051079
2045-05-19 19:00:00,202.77039848594154
2045-05-19 20:00:00,203.55787476677517
2045-05-19 21:00:00,204.3453510476088
2045-05-19 22:00:00,205.13282732844243
2045-05-19 23:00:00,205.92030360927606
2045-05-20 00:00:00,206.7077798901097
2045-05-20 01:00:00,207.49525617094332
2045-05-20 02:00:00,208.28273245177695
2045-05-20 03:00:00,209.07020873261058
2045-05-20 04:00:00,209.8576850134442
2045-05-20 05:00:00,210.64516129427784
2045-05-20 06:00:00,211.43263757511147
2045-05-20 07:00:00,212.2201138559451
2045-05-20 08:00:00,213.00759013677873
2045-05-20 09:00:00,213.79506641761236
2045-05-20 10:00:00,214.582542698446
2045-05-20 11:00:00,215.37001897927962
2045-05-20 12:00:00,216.15749526011325
2045-05-20 13:00:00,216.94497154094688
2045-05-20 14:00:00,217.7324478217805
2045-05-20 15:00:00,218.51992410261414
2045-05-20 16:00:00,219.30740038344777
2045-05-20 17:00:00,220.0948766642814
2045-05-20 18:00:00,220.88235294511503
2045-05-20 19:00:00,221.66982922594866
2045-05-20 20:00:00,222.4573055067823
2045-05-20 21:00:00,223.24478178761592
2045-05-20 22:00:00,224.03225806844955
2045-05-20 23:00:00,224.81973434928318
2045-05-21 00:00:00,225.6072106301168
2045-05-21 01:00:00,226.39468691095044
2045-05-21 02:00:00,227.18216319178407
2045-05-21 03:00:00,227.9696394726177
2045-05-21 04:00:00,228.75711575345133
2045-05-21 05:00:00,229.54459203428496
2045-05-21 06:00:00,230.3320683151186
2045-05-21 07:00:00,231.11954459595222
2045-05-21 08:00:00,231.90702087678585
2045-05-21 09:00:00,232.69449715761948
2045-05-21 10:00:00,233.4819734384531
2045-05-21 11:00:00,234.26944971928674
2045-05-21 12:00:00,235.05692600012037
2045-05-21 13:00:00,235.844402280954
2045-05-21 14:00:00,236.63187856178763
2045-05-21 15:00:00,237.41935484262126
2045-05-21 16:00:00,238.2068311234549
2045-05-21 17:00:00,238.99430740428852
2045-05-21 18:00:00,239.78178368512215
2045-05-21 19:00:00,240.56925996595578
2045-05-21 20:00:00,241.3567362467894
2045-05-21 21:00:00,242.14421252762304
2045-05-21 22:00:00,242.93168880845667
2045-05-21 23:00:00,243.7191650892903
2045-05-22 00:00:00,244.50664137012393
2045-05-22 01:00:00,245.29411765095756
2045-05-22 02:00:00,246.0815939317912
2045-05-22 03:00:00,246.86907021262482
2045-05-22 04:00:00,247.65654649345845
2045-05-22 05:00:00,248.44402277429208
2045-05-22 06:00:00,249.2314990551257
2045-05-22 07:00:00,250.01897533595934
2045-05-22 08:00:00,250.80645161679297
2045-05-22 09:00:00,251.5939278976266
2045-05-22 10:00:00,252.38140417846023
2045-05-22 11:00:00,253.16888045929386
2045-05-22 12:00:00,253.9563567401275
2045-05-22 13:00:00,254.74383302096112
2045-05-22 14:00:00,255.53130930179475
2045-05-22 15:00:00,256.3187855826284
2045-05-22 16:00:00,257.106261863462
2045-05-22 17:00:00,257.89373814429564
2045-05-22 18:00:00,258.68121442512927
2045-05-22 19:00:00,259.4686907059629
2045-05-22 20:00:00,260.25616698679653
2045-05-22 21:00:00,261.04364326763016
2045-05-22 22:00:00,261.8311195484638
2045-05-22 23:00:00,262.6185958292974
2045-05-23 00:00:00,263.40607211013105
2045-05-23 01:00:00,264.1935483909647
2045-05-23 02:00:00,264.9810246717983
2045-05-23 03:00:00,265.76850095263194
2045-05-23 04:00:00,266.55597723346557
2045-05-23 05:00:00,267.3434535142992
2045-05-23 06:00:00,268.13092979513283
2045-05-23 07:00:00,268.91840607596646
2045-05-23 08:00:00,269.7058823568001
2045-05-23 09:00:00,270.4933586376337
2045-05-23 10:00:00,271.28083491846735
2045-05-23 11:00:00,272.068311199301
2045-05-23 12:00:00,272.8557874801346
2045-05-23 13:00:00,273.64326376096824
2045-05-23 14:00:00,274.43074004180187
2045-05-23 15:00:00,275.2182163226355
2045-05-23 16:00:00,276.00569260346913
2045-05-23 17:00:00,276.79316888430276
2045-05-23 18:00:00,277.5806451651364
2045-05-23 19:00:00,278.36812144597
2045-05-23 20:00:00,279.15559772680365
2045-05-23 21:00:00,279.9430740076373
2045-05-23 22:00:00,280.7305502884709
2045-05-23 23:00:00,281.51802656930454
2045-05-24 00:00:00,282.30550285013817
2045-05-24 01:00:00,283.0929791309718
2045-05-24 02:00:00,283.8804554118054
2045-05-24 03:00:00,284.66793169263906
2045-05-24 04:00:00,285.4554079734727
2045-05-24 05:00:00,286.2428842543063
2045-05-24 06:00:00,287.03036053513995
2045-05-24 07:00:00,287.8178368159736
2045-05-24 08:00:00,288.6053130968072
2045-05-24 09:00:00,289.39278937764084
2045-05-24 10:00:00,290.18026565847447
2045-05-24 11:00:00,290.9677419393081
2045-05-24 12:00:00,291.7552182201417
2045-05-24 13:00:00,292.54269450097536
2045-05-24 14:00:00,293.330170781809
2045-05-24 15:00:00,294.1176470626426
2045-05-24 16:00:00,294.90512334347625
2045-05-24 17:00:00,295.6925996243099
2045-05-24 18:00:00,296.4800759051435
2045-05-24 19:00:00,297.26755218597714
2045-05-24 20:00:00,298.05502846681077
2045-05-24 21:00:00,298.8425047476444
2045-05-24 22:00:00,299.629981028478
2045-05-24 23:00:00,300.41745730931166
2045-05-25 00:00:00,301.2049335901453
2045-05-25 01:00:00,301.9924098709789
2045-05-25 02:00:00,302.77988615181255
2045-05-25 03:00:00,303.5673624326462
2045-05-25 04:00:00,304.3548387134798
2045-05-25 05:00:00,305.14231499431344
2045-05-25 06:00:00,305.92979127514707
2045-05-25 07:00:00,306.7172675559807
2045-05-25 08:00:00,307.5047438368143
2045-05-25 09:00:00,308.29222011764796
2045-05-25 10:00:00,309.0796963984816
2045-05-25 11:00:00,309.8671726793152
2045-05-25 12:00:00,310.65464896014885
2045-05-25 13:00:00,311.4421252409825
2045-05-25 14:00:00,312.2296015218161
2045-05-25 15:00:00,313.01707780264974
2045-05-25 16:00:00,313.80455408348337
2045-05-25 17:00:00,314.592030364317
2045-05-25 18:00:00,315.3795066451506
2045-05-25 19:00:00,316.16698292598426
2045-05-25 20:00:00,316.9544592068179
2045-05-25 21:00:00,317.7419354876515
2045-05-25 22:00:00,318.52941176848515
2045-05-25 23:00:00,319.3168880493188
2045-05-26 00:00:00,320.1043643301524
2045-05-26 01:00:00,320.89184061098604
2045-05-26 02:00:00,321.67931689181967
2045-05-26 03:00:00,322.4667931726533
2045-05-26 04:00:00,323.2542694534869
2045-05-26 05:00:00,324.04174573432056
2045-05-26 06:00:00,324.8292220151542
2045-05-26 07:00:00,325.6166982959878
2045-05-26 08:00:00,326.40417457682145
2045-05-26 09:00:00,327.1916508576551
2045-05-26 10:00:00,327.9791271384887
2045-05-26 11:00:00,328.76660341932234
2045-05-26 12:00:00,329.55407970015597
2045-05-26 13:00:00,330.3415559809896
2045-05-26 14:00:00,331.1290322618232
2045-05-26 15:00:00,331.91650854265686
2045-05-26 16:00:00,332.7039848234905
2045-05-26 17:00:00,333.4914611043241
2045-05-26 18:00:00,334.27893738515775
2045-05-26 19:00:00,314.27893738515775
2045-05-26 20:00:00,315.0664136659914
2045-05-26 21:00:00,315.853889946825
2045-05-26 22:00:00,316.64136622765864
2045-05-26 23:00:00,317.42884250849227
2045-05-27 00:00:00,318.2163187893259
2045-05-27 01:00:00,319.0037950701595
2045-05-27 02:00:00,319.79127135099316
2045-05-27 03:00:00,320.5787476318268
2045-05-27 04:00:00,321.3662239126604
2045-05-27 05:00:00,322.15370019349405
2045-05-27 06:00:00,322.9411764743277
2045-05-27 07:00:00,323.7286527551613
2045-05-27 08:00:00,324.51612903599494
2045-05-27 09:00:00,325.30360531682857
2045-05-27 10:00:00,326.0910815976622
2045-05-27 11:00:00,326.8785578784958
2045-05-27 12:00:00,327.66603415932946
2045-05-27 13:00:00,328.4535104401631
2045-05-27 14:00:00,329.2409867209967
2045-05-27 15:00:00,330.02846300183035
2045-05-27 16:00:00,330.815939282664
2045-05-27 17:00:00,331.6034155634976
2045-05-27 18:00:00,332.39089184433124
2045-05-27 19:00:00,333.17836812516487
2045-05-27 20:00:00,333.9658444059985
2045-05-27 21:00:00,334.7533206868321
2045-05-27 22:00:00,335.54079696766576
2045-05-27 23:00:00,336.3282732484994
2045-05-28 00:00:00,337.115749529333
2045-05-28 01:00:00,337.90322581016665
2045-05-28 02:00:00,338.6907020910003
2045-05-28 03:00:00,339.4781783718339
2045-05-28 04:00:00,340.26565465266754
2045-05-28 05:00:00,341.05313093350117
2045-05-28 06:00:00,341.8406072143348
2045-05-28 07:00:00,342.6280834951684
2045-05-28 08:00:00,343.41555977600206
2045-05-28 09:00:00,344.2030360568357
2045-05-28 10:00:00,344.9905123376693
2045-05-28 11:00:00,345.77798861850295
2045-05-28 12:00:00,346.5654648993366
2045-05-28 13:00:00,347.3529411801702
2045-05-28 14:00:00,348.14041746100384
2045-05-28 15:00:00,348.92789374183747
2045-05-28 16:00:00,349.7153700226711
2045-05-28 17:00:00,350.5028463035047
2045-05-28 18:00:00,351.29032258433836
2045-05-28 19:00:00,352.077798865172
2045-05-28 20:00:00,352.8652751460056
2045-05-28 21:00:00,353.65275142683925
2045-05-28 22:00:00,354.4402277076729
2045-05-28 23:00:00,355.2277039885065
2045-05-29 00:00:00,356.01518026934014
2045-05-29 01:00:00,356.80265655017377
2045-05-29 02:00:00,357.5901328310074
2045-05-29 03:00:00,358.377609111841
2045-05-29 04:00:00,359.16508539267465
2045-05-29 05:00:00,359.9525616735083
2045-05-29 06:00:00,360.7400379543419
2045-05-29 07:00:00,361.52751423517554
2045-05-29 08:00:00,362.3149905160092
2045-05-29 09:00:00,363.1024667968428
2045-05-29 10:00:00,363.88994307767643
2045-05-29 11:00:00,364.67741935851006
2045-05-29 12:00:00,365.4648956393437
2045-05-29 13:00:00,366.2523719201773
2045-05-29 14:00:00,367.03984820101095
2045-05-29 15:00:00,367.8273244818446
2045-05-29 16:00:00,368.6148007626782
2045-05-29 17:00:00,369.40227704351184
2045-05-29 18:00:00,370.1897533243455
2045-05-29 19:00:00,370.9772296051791
2045-05-29 20:00:00,350.9772296051791
2045-05-29 21:00:00,330.9772296051791
2045-05-29 22:00:00,310.9772296051791
2045-05-29 23:00:00,290.9772296051791
2045-05-30 00:00:00,291.76470588601273
2045-05-30 01:00:00,292.55218216684636
2045-05-30 02:00:00,293.33965844768
2045-05-30 03:00:00,294.1271347285136
2045-05-30 04:00:00,294.91461100934725
2045-05-30 05:00:00,295.7020872901809
2045-05-30 06:00:00,296.4895635710145
2045-05-30 07:00:00,297.27703985184814
2045-05-30 08:00:00,298.0645161326818
2045-05-30 09:00:00,298.8519924135154
2045-05-30 10:00:00,299.63946869434903
2045-05-30 11:00:00,300.42694497518266
2045-05-30 12:00:00,301.2144212560163
2045-05-30 13:00:00,302.0018975368499
2045-05-30 14:00:00,302.78937381768355
2045-05-30 15:00:00,303.5768500985172
2045-05-30 16:00:00,304.3643263793508
2045-05-30 17:00:00,305.15180266018444
2045-05-30 18:00:00,305.9392789410181
2045-05-30 19:00:00,306.7267552218517
2045-05-30 20:00:00,307.51423150268533
2045-05-30 21:00:00,308.30170778351896
2045-05-30 22:00:00,309.0891840643526
2045-05-30 23:00:00,309.8766603451862
2045-05-31 00:00:00,310.66413662601985
2045-05-31 01:00:00,311.4516129068535
2045-05-31 02:00:00,312.2390891876871
2045-05-31 03:00:00,313.02656546852074
2045-05-31 04:00:00,313.8140417493544
2045-05-31 05:00:00,314.601518030188
2045-05-31 06:00:00,315.38899431102163
2045-05-31 07:00:00,316.17647059185526
2045-05-31 08:00:00,316.9639468726889
2045-05-31 09:00:00,317.7514231535225
2045-05-31 10:00:00,318.53889943435615
2045-05-31 11:00:00,319.3263757151898
2045-05-31 12:00:00,320.1138519960234
2045-05-31 13:00:00,320.90132827685704
2045-05-31 14:00:00,321.6888045576907
2045-05-31 15:00:00,322.4762808385243
2045-05-31 16:00:00,323.26375711935793
2045-05-31 17:00:00,324.05123340019156
2045-05-31 18:00:00,324.8387096810252
2045-05-31 19:00:00,325.6261859618588
2045-05-31 20:00:00,326.41366224269245
2045-05-31 21:00:00,327.2011385235261
2045-05-31 22:00:00,327.9886148043597
2045-05-31 23:00:00,328.77609108519334
2045-06-01 00:00:00,329.563567366027
2045-06-01 01:00:00,330.3510436468606
2045-06-01 02:00:00,331.13851992769423
2045-06-01 03:00:00,331.92599620852786
2045-06-01 04:00:00,332.7134724893615
2045-06-01 05:00:00,333.5009487701951
2045-06-01 06:00:00,334.28842505102875
2045-06-01 07:00:00,335.0759013318624
2045-06-01 08:00:00,335.863377612696
2045-06-01 09:00:00,336.65085389352964
2045-06-01 10:00:00,337.4383301743633
2045-06-01 11:00:00,338.2258064551969
2045-06-01 12:00:00,339.01328273603053
2045-06-01 13:00:00,339.80075901686416
2045-06-01 14:00:00,340.5882352976978
2045-06-01 15:00:00,341.3757115785314
2045-06-01 16:00:00,342.16318785936505
2045-06-01 17:00:00,342.9506641401987
2045-06-01 18:00:00,343.7381404210323
2045-06-01 19:00:00,344.52561670186594
2045-06-01 20:00:00,345.3130929826996
2045-06-01 21:00:00,346.1005692635332
2045-06-01 22:00:00,346.88804554436683
2045-06-01 23:00:00,347.67552182520046
2045-06-02 00:00:00,348.4629981060341
2045-06-02 01:00:00,349.2504743868677
2045-06-02 02:00:00,350.03795066770135
2045-06-02 03:00:00,350.825426948535
2045-06-02 04:00:00,351.6129032293686
2045-06-02 05:00:00,352.40037951020224
2045-06-02 06:00:00,353.1878557910359
2045-06-02 07:00:00,353.9753320718695
2045-06-02 08:00:00,354.76280835270313
2045-06-02 09:00:00,355.55028463353676
2045-06-02 10:00:00,356.3377609143704
2045-06-02 11:00:00,357.125237195204
2045-06-02 12:00:00,357.91271347603765
2045-06-02 13:00:00,358.7001897568713
2045-06-02 14:00:00,359.4876660377049
2045-06-02 15:00:00,360.27514231853854
2045-06-02 16:00:00,361.0626185993722
2045-06-02 17:00:00,361.8500948802058
2045-06-02 18:00:00,362.63757116103943
2045-06-02 19:00:00,363.42504744187306
2045-06-02 20:00:00,364.2125237227067
2045-06-02 21:00:00,365.0000000035403
2045-06-02 22:00:00,365.78747628437395
2045-06-02 23:00:00,366.5749525652076
2045-06-03 00:00:00,367.3624288460412
2045-06-03 01:00:00,368.14990512687484
2045-06-03 02:00:00,368.9373814077085
2045-06-03 03:00:00,369.7248576885421
2045-06-03 04:00:00,370.51233396937573
2045-06-03 05:00:00,371.29981025020936
2045-06-03 06:00:00,372.087286531043
2045-06-03 07:00:00,372.8747628118766
2045-06-03 08:00:00,373.66223909271025
2045-06-03 09:00:00,374.4497153735439
2045-06-03 10:00:00,375.2371916543775
2045-06-03 11:00:00,376.02466793521114
2045-06-03 12:00:00,376.81214421604477
2045-06-03 13:00:00,377.5996204968784
2045-06-03 14:00:00,378.38709677771203
2045-06-03 15:00:00,379.17457305854566
2045-06-03 16:00:00,379.9620493393793
2045-06-03 17:00:00,359.9620493393793
2045-06-03 18:00:00,339.9620493393793
2045-06-03 19:00:00,319.9620493393793
2045-06-03 20:00:00,299.9620493393793
2045-06-03 21:00:00,300.7495256202129
2045-06-03 22:00:00,301.53700190104655
2045-06-03 23:00:00,302.3244781818802
2045-06-04 00:00:00,303.1119544627138
2045-06-04 01:00:00,303.89943074354744
2045-06-04 02:00:00,304.68690702438107
2045-06-04 03:00:00,305.4743833052147
2045-06-04 04:00:00,306.26185958604833
2045-06-04 05:00:00,307.04933586688196
2045-06-04 06:00:00,307.8368121477156
2045-06-04 07:00:00,308.6242884285492
2045-06-04 08:00:00,309.41176470938285
2045-06-04 09:00:00,310.1992409902165
2045-06-04 10:00:00,310.9867172710501
2045-06-04 11:00:00,311.77419355188374
2045-06-04 12:00:00,312.56166983271737
2045-06-04 13:00:00,313.349146113551
2045-06-04 14:00:00,314.13662239438463
2045-06-04 15:00:00,314.92409867521826
2045-06-04 16:00:00,315.7115749560519
2045-06-04 17:00:00,316.4990512368855
2045-06-04 18:00:00,317.28652751771915
2045-06-04 19:00:00,318.0740037985528
2045-06-04 20:00:00,318.8614800793864
2045-06-04 21:00:00,319.64895636022004
2045-06-04 22:00:00,320.43643264105367
2045-06-04 23:00:00,321.2239089218873
2045-06-05 00:00:00,322.01138520272093
2045-06-05 01:00:00,322.79886148355456
2045-06-05 02:00:00,323.5863377643882
2045-06-05 03:00:00,324.3738140452218
2045-06-05 04:00:00,325.16129032605545
2045-06-05 05:00:00,325.9487666068891
2045-06-05 06:00:00,326.7362428877227
2045-06-05 07:00:00,327.52371916855634
2045-06-05 08:00:00,328.31119544938997
2045-06-05 09:00:00,329.0986717302236
2045-06-05 10:00:00,329.88614801105723
2045-06-05 11:00:00,330.67362429189086
2045-06-05 12:00:00,331.4611005727245
2045-06-05 13:00:00,332.2485768535581
2045-06-05 14:00:00,333.03605313439175
2045-06-05 15:00:00,333.8235294152254
2045-06-05 16:00:00,334.611005696059
2045-06-05 17:00:00,335.39848197689264
2045-06-05 18:00:00,336.18595825772627
2045-06-05 19:00:00,336.9734345385599
2045-06-05 20:00:00,337.76091081939353
2045-06-05 21:00:00,338.54838710022716
2045-06-05 22:00:00,339.3358633810608
2045-06-05 23:00:00,340.1233396618944
2045-06-06 00:00:00,340.91081594272805
2045-06-06 01:00:00,341.6982922235617
2045-06-06 02:00:00,342.4857685043953
2045-06-06 03:00:00,343.27324478522894
2045-06-06 04:00:00,344.06072106606257
2045-06-06 05:00:00,344.8481973468962
2045-06-06 06:00:00,345.63567362772983
2045-06-06 07:00:00,346.42314990856346
2045-06-06 08:00:00,347.2106261893971
2045-06-06 09:00:00,347.9981024702307
2045-06-06 10:00:00,348.78557875106435
2045-06-06 11:00:00,349.573055031898
2045-06-06 12:00:00,350.3605313127316
2045-06-06 13:00:00,351.14800759356524
2045-06-06 14:00:00,351.93548387439887
2045-06-06 15:00:00,352.7229601552325
2045-06-06 16:00:00,353.51043643606613
2045-06-06 17:00:00,354.29791271689976
2045-06-06 18:00:00,355.0853889977334
2045-06-06 19:00:00,355.872865278567
2045-06-06 20:00:00,356.66034155940065
2045-06-06 21:00:00,357.4478178402343
2045-06-06 22:00:00,358.2352941210679
2045-06-06 23:00:00,359.02277040190154
2045-06-07 00:00:00,359.81024668273517
2045-06-07 01:00:00,360.5977229635688
2045-06-07 02:00:00,361.38519924440243
2045-06-07 03:00:00,362.17267552523606
2045-06-07 04:00:00,362.9601518060697
2045-06-07 05:00:00,363.7476280869033
2045-06-07 06:00:00,364.53510436773695
2045-06-07 07:00:00,365.3225806485706
2045-06-07 08:00:00,366.1100569294042
2045-06-07 09:00:00,366.89753321023784
2045-06-07 10:00:00,367.68500949107147
2045-06-07 11:00:00,368.4724857719051
2045-06-07 12:00:00,369.25996205273873
2045-06-07 13:00:00,370.04743833357236
2045-06-07 14:00:00,370.834914614406
2045-06-07 15:00:00,371.6223908952396
2045-06-07 16:00:00,372.40986717607325
2045-06-07 17:00:00,373.1973434569069
2045-06-07 18:00:00,373.9848197377405
2045-06-07 19:00:00,374.77229601857414
2045-06-07 20:00:00,375.55977229940777
2045-06-07 21:00:00,376.3472485802414
2045-06-07 22:00:00,377.13472486107503
2045-06-07 23:00:00,377.92220114190866
2045-06-08 00:00:00,378.7096774227423
2045-06-08 01:00:00,379.4971537035759
2045-06-08 02:00:00,380.28462998440955
2045-06-08 03:00:00,381.0721062652432
2045-06-08 04:00:00,381.8595825460768
2045-06-08 05:00:00,382.64705882691044
2045-06-08 06:00:00,383.43453510774407
2045-06-08 07:00:00,384.2220113885777
2045-06-08 08:00:00,385.0094876694113
2045-06-08 09:00:00,385.79696395024496
2045-06-08 10:00:00,386.5844402310786
2045-06-08 11:00:00,387.3719165119122
2045-06-08 12:00:00,388.15939279274585
2045-06-08 13:00:00,388.9468690735795
2045-06-08 14:00:00,389.7343453544131
2045-06-08 15:00:00,390.52182163524674
2045-06-08 16:00:00,391.30929791608037
2045-06-08 17:00:00,392.096774196914
2045-06-08 18:00:00,392.8842504777476
2045-06-08 19:00:00,393.67172675858126
2045-06-08 20:00:00,394.4592030394149
2045-06-08 21:00:00,395.2466793202485
2045-06-08 22:00:00,396.03415560108215
2045-06-08 23:00:00,396.8216318819158
2045-06-09 00:00:00,397.6091081627494
2045-06-09 01:00:00,398.39658444358304
2045-06-09 02:00:00,399.18406072441667
2045-06-09 03:00:00,399.9715370052503
2045-06-09 04:00:00,400.7590132860839
2045-06-09 05:00:00,401.54648956691756
2045-06-09 06:00:00,402.3339658477512
2045-06-09 07:00:00,403.1214421285848
2045-06-09 08:00:00,403.90891840941845
2045-06-09 09:00:00,404.6963946902521
2045-06-09 10:00:00,405.4838709710857
2045-06-09 11:00:00,406.27134725191934
2045-06-09 12:00:00,407.05882353275297
2045-06-09 13:00:00,407.8462998135866
2045-06-09 14:00:00,408.6337760944202
2045-06-09 15:00:00,409.42125237525386
2045-06-09 16:00:00,410.2087286560875
2045-06-09 17:00:00,390.2087286560875
2045-06-09 18:00:00,370.2087286560875
2045-06-09 19:00:00,350.2087286560875
2045-06-09 20:00:00,330.2087286560875
2045-06-09 21:00:00,310.2087286560875
2045-06-09 22:00:00,290.2087286560875
2045-06-09 23:00:00,270.2087286560875
2045-06-10 00:00:00,270.9962049369211
2045-06-10 01:00:00,271.78368121775475
2045-06-10 02:00:00,272.5711574985884
2045-06-10 03:00:00,273.358633779422
2045-06-10 04:00:00,274.14611006025564
2045-06-10 05:00:00,274.93358634108927
2045-06-10 06:00:00,275.7210626219229
2045-06-10 07:00:00,276.5085389027565
2045-06-10 08:00:00,277.29601518359016
2045-06-10 09:00:00,278.0834914644238
2045-06-10 10:00:00,278.8709677452574
2045-06-10 11:00:00,279.65844402609105
2045-06-10 12:00:00,280.4459203069247
2045-06-10 13:00:00,281.2333965877583
2045-06-10 14:00:00,282.02087286859194
2045-06-10 15:00:00,282.80834914942557
2045-06-10 16:00:00,262.80834914942557
2045-06-10 17:00:00,242.80834914942557
2045-06-10 18:00:00,243.5958254302592
2045-06-10 19:00:00,244.38330171109283
2045-06-10 20:00:00,245.17077799192646
2045-06-10 21:00:00,245.9582542727601
2045-06-10 22:00:00,246.74573055359372
2045-06-10 23:00:00,247.53320683442735
2045-06-11 00:00:00,248.32068311526098
2045-06-11 01:00:00,249.1081593960946
2045-06-11 02:00:00,249.89563567692824
2045-06-11 03:00:00,250.68311195776187
2045-06-11 04:00:00,251.4705882385955
2045-06-11 05:00:00,252.25806451942913
2045-06-11 06:00:00,253.04554080026276
2045-06-11 07:00:00,253.8330170810964
2045-06-11 08:00:00,254.62049336193002
2045-06-11 09:00:00,255.40796964276365
2045-06-11 10:00:00,256.1954459235973
2045-06-11 11:00:00,256.9829222044309
2045-06-11 12:00:00,257.77039848526454
2045-06-11 13:00:00,258.55787476609817
2045-06-11 14:00:00,259.3453510469318
2045-06-11 15:00:00,260.1328273277654
2045-06-11 16:00:00,240.13282732776543
2045-06-11 17:00:00,220.13282732776543
2045-06-11 18:00:00,220.92030360859906
2045-06-11 19:00:00,221.7077798894327
2045-06-11 20:00:00,222.49525617026632
2045-06-11 21:00:00,223.28273245109995
2045-06-11 22:00:00,224.07020873193358
2045-06-11 23:00:00,224.8576850127672
2045-06-12 00:00:00,225.64516129360084
2045-06-12 01:00:00,226.43263757443447
2045-06-12 02:00:00,227.2201138552681
2045-06-12 03:00:00,228.00759013610173
2045-06-12 04:00:00,228.79506641693536
2045-06-12 05:00:00,229.582542697769
2045-06-12 06:00:00,230.37001897860262
2045-06-12 07:00:00,231.15749525943625
2045-06-12 08:00:00,231.94497154026988
2045-06-12 09:00:00,232.7324478211035
2045-06-12 10:00:00,233.51992410193714
2045-06-12 11:00:00,234.30740038277077
2045-06-12 12:00:00,235.0948766636044
2045-06-12 13:00:00,235.88235294443803
2045-06-12 14:00:00,236.66982922527166
2045-06-12 15:00:00,237.45730550610529
2045-06-12 16:00:00,217.45730550610529
2045-06-12 17:00:00,197.45730550610529
2045-06-12 18:00:00,198.24478178693892
2045-06-12 19:00:00,199.03225806777255
2045-06-12 20:00:00,199.81973434860618
2045-06-12 21:00:00,200.6072106294398
2045-06-12 22:00:00,201.39468691027344
2045-06-12 23:00:00,202.18216319110707
2045-06-13 00:00:00,202.9696394719407
2045-06-13 01:00:00,203.75711575277433
2045-06-13 02:00:00,204.54459203360796
2045-06-13 03:00:00,205.33206831444159
2045-06-13 04:00:00,206.11954459527522
2045-06-13 05:00:00,206.90702087610885
2045-06-13 06:00:00,207.69449715694248
2045-06-13 07:00:00,208.4819734377761
2045-06-13 08:00:00,209.26944971860974
2045-06-13 09:00:00,210.05692599944337
2045-06-13 10:00:00,210.844402280277
2045-06-13 11:00:00,211.63187856111063
2045-06-13 12:00:00,212.41935484194425
2045-06-13 13:00:00,213.20683112277788
2045-06-13 14:00:00,213.99430740361151
2045-06-13 15:00:00,214.78178368444514
2045-06-13 16:00:00,194.78178368444514
2045-06-13 17:00:00,195.56925996527877
2045-06-13 18:00:00,196.3567362461124
2045-06-13 19:00:00,197.14421252694603
2045-06-13 20:00:00,197.93168880777966
2045-06-13 21:00:00,198.7191650886133
2045-06-13 22:00:00,199.50664136944692
2045-06-13 23:00:00,200.29411765028055
2045-06-14 00:00:00,201.08159393111418
2045-06-14 01:00:00,201.86907021194781
2045-06-14 02:00:00,202.65654649278144
2045-06-14 03:00:00,203.44402277361507
2045-06-14 04:00:00,204.2314990544487
2045-06-14 05:00:00,205.01897533528233
2045-06-14 06:00:00,205.80645161611596
2045-06-14 07:00:00,206.5939278969496
2045-06-14 08:00:00,207.38140417778322
2045-06-14 09:00:00,208.16888045861685
2045-06-14 10:00:00,208.95635673945048
2045-06-14 11:00:00,209.74383302028411
2045-06-14 12:00:00,210.53130930111774
2045-06-14 13:00:00,211.31878558195137
2045-06-14 14:00:00,212.106261862785
2045-06-14 15:00:00,212.89373814361863
2045-06-14 16:00:00,213.68121442445226
2045-06-14 17:00:00,214.4686907052859
2045-06-14 18:00:00,215.25616698611952
2045-06-14 19:00:00,216.04364326695315
2045-06-14 20:00:00,216.83111954778678
2045-06-14 21:00:00,217.6185958286204
2045-06-14 22:00:00,218.40607210945404
2045-06-14 23:00:00,219.19354839028767
2045-06-15 00:00:00,219.9810246711213
2045-06-15 01:00:00,220.76850095195493
2045-06-15 02:00:00,221.55597723278856
2045-06-15 03:00:00,222.3434535136222
2045-06-15 04:00:00,223.13092979445582
2045-06-15 05:00:00,223.91840607528945
2045-06-15 06:00:00,224.70588235612308
2045-06-15 07:00:00,225.4933586369567
2045-06-15 08:00:00,226.28083491779034
2045-06-15 09:00:00,227.06831119862397
2045-06-15 10:00:00,227.8557874794576
2045-06-15 11:00:00,228.64326376029123
2045-06-15 12:00:00,229.43074004112486
2045-06-15 13:00:00,230.2182163219585
2045-06-15 14:00:00,231.00569260279212
2045-06-15 15:00:00,231.79316888362575
2045-06-15 16:00:00,232.58064516445938
2045-06-15 17:00:00,233.368121445293
2045-06-15 18:00:00,234.15559772612664
2045-06-15 19:00:00,234.94307400696027
2045-06-15 20:00:00,235.7305502877939
2045-06-15 21:00:00,236.51802656862753
2045-06-15 22:00:00,237.30550284946116
2045-06-15 23:00:00,238.0929791302948
2045-06-16 00:00:00,238.88045541112842
2045-06-16 01:00:00,239.66793169196205
2045-06-16 02:00:00,240.45540797279568
2045-06-16 03:00:00,241.2428842536293
2045-06-16 04:00:00,242.03036053446294
2045-06-16 05:00:00,242.81783681529657
2045-06-16 06:00:00,243.6053130961302
2045-06-16 07:00:00,244.39278937696383
2045-06-16 08:00:00,245.18026565779746
2045-06-16 09:00:00,245.9677419386311
2045-06-16 10:00:00,246.75521821946472
2045-06-16 11:00:00,247.54269450029835
2045-06-16 12:00:00,248.33017078113198
2045-06-16 13:00:00,249.1176470619656
2045-06-16 14:00:00,249.90512334279924
2045-06-16 15:00:00,250.69259962363287
2045-06-16 16:00:00,251.4800759044665
2045-06-16 17:00:00,252.26755218530013
2045-06-16 18:00:00,253.05502846613376
2045-06-16 19:00:00,253.8425047469674
2045-06-16 20:00:00,254.62998102780102
2045-06-16 21:00:00,255.41745730863465
2045-06-16 22:00:00,256.2049335894683
2045-06-16 23:00:00,256.9924098703019
2045-06-17 00:00:00,257.77988615113554
2045-06-17 01:00:00,258.5673624319692
2045-06-17 02:00:00,259.3548387128028
2045-06-17 03:00:00,260.14231499363643
2045-06-17 04:00:00,260.92979127447006
2045-06-17 05:00:00,261.7172675553037
2045-06-17 06:00:00,262.5047438361373
2045-06-17 07:00:00,263.29222011697095
2045-06-17 08:00:00,264.0796963978046
2045-06-17 09:00:00,264.8671726786382
2045-06-17 10:00:00,265.65464895947184
2045-06-17 11:00:00,266.4421252403055
2045-06-17 12:00:00,267.2296015211391
2045-06-17 13:00:00,268.01707780197273
2045-06-17 14:00:00,268.80455408280636
2045-06-17 15:00:00,269.59203036364
2045-06-17 16:00:00,270.3795066444736
2045-06-17 17:00:00,271.16698292530725
2045-06-17 18:00:00,271.9544592061409
2045-06-17 19:00:00,272.7419354869745
2045-06-17 20:00:00,273.52941176780814
2045-06-17 21:00:00,274.3168880486418
2045-06-17 22:00:00,275.1043643294754
2045-06-17 23:00:00,275.89184061030903
2045-06-18 00:00:00,276.67931689114266
2045-06-18 01:00:00,277.4667931719763
2045-06-18 02:00:00,278.2542694528099
2045-06-18 03:00:00,279.04174573364355
2045-06-18 04:00:00,279.8292220144772
2045-06-18 05:00:00,280.6166982953108
2045-06-18 06:00:00,281.40417457614444
2045-06-18 07:00:00,282.1916508569781
2045-06-18 08:00:00,282.9791271378117
2045-06-18 09:00:00,283.76660341864533
2045-06-18 10:00:00,284.55407969947896
2045-06-18 11:00:00,285.3415559803126
2045-06-18 12:00:00,286.1290322611462
2045-06-18 13:00:00,286.91650854197985
2045-06-18 14:00:00,287.7039848228135
2045-06-18 15:00:00,267.7039848228135
2045-06-18 16:00:00,268.4914611036471
2045-06-18 17:00:00,269.27893738448074
2045-06-18 18:00:00,270.06641366531437
2045-06-18 19:00:00,270.853889946148
2045-06-18 20:00:00,271.64136622698163
2045-06-18 21:00:00,272.42884250781526
2045-06-18 22:00:00,273.2163187886489
2045-06-18 23:00:00,274.0037950694825
2045-06-19 00:00:00,274.79127135031615
2045-06-19 01:00:00,275.5787476311498
2045-06-19 02:00:00,276.3662239119834
2045-06-19 03:00:00,277.15370019281704
2045-06-19 04:00:00,277.94117647365067
2045-06-19 05:00:00,278.7286527544843
2045-06-19 06:00:00,279.51612903531793
2045-06-19 07:00:00,280.30360531615156
2045-06-19 08:00:00,281.0910815969852
2045-06-19 09:00:00,281.8785578778188
2045-06-19 10:00:00,282.66603415865245
2045-06-19 11:00:00,283.4535104394861
2045-06-19 12:00:00,284.2409867203197
2045-06-19 13:00:00,285.02846300115334
2045-06-19 14:00:00,285.81593928198697
2045-06-19 15:00:00,265.81593928198697
2045-06-19 16:00:00,266.6034155628206
2045-06-19 17:00:00,267.39089184365423
2045-06-19 18:00:00,268.17836812448786
2045-06-19 19:00:00,268.9658444053215
2045-06-19 20:00:00,269.7533206861551
2045-06-19 21:00:00,270.54079696698875
2045-06-19 22:00:00,271.3282732478224
2045-06-19 23:00:00,272.115749528656
2045-06-20 00:00:00,272.90322580948964
2045-06-20 01:00:00,273.69070209032327
2045-06-20 02:00:00,274.4781783711569
2045-06-20 03:00:00,275.26565465199053
2045-06-20 04:00:00,276.05313093282416
2045-06-20 05:00:00,276.8406072136578
2045-06-20 06:00:00,277.6280834944914
2045-06-20 07:00:00,278.41555977532505
2045-06-20 08:00:00,279.2030360561587
2045-06-20 09:00:00,279.9905123369923
2045-06-20 10:00:00,280.77798861782594
2045-06-20 11:00:00,281.56546489865957
2045-06-20 12:00:00,282.3529411794932
2045-06-20 13:00:00,283.14041746032683
2045-06-20 14:00:00,283.92789374116046
2045-06-20 15:00:00,284.7153700219941
2045-06-20 16:00:00,285.5028463028277
2045-06-20 17:00:00,286.29032258366135
2045-06-20 18:00:00,287.077798864495
2045-06-20 19:00:00,287.8652751453286
2045-06-20 20:00:00,288.65275142616224
2045-06-20 21:00:00,289.44022770699587
2045-06-20 22:00:00,290.2277039878295
2045-06-20 23:00:00,291.01518026866313
2045-06-21 00:00:00,291.80265654949676
2045-06-21 01:00:00,292.5901328303304
2045-06-21 02:00:00,293.377609111164
2045-06-21 03:00:00,294.16508539199765
2045-06-21 04:00:00,294.9525616728313
2045-06-21 05:00:00,295.7400379536649
2045-06-21 06:00:00,296.52751423449854
2045-06-21 07:00:00,297.31499051533217
2045-06-21 08:00:00,298.1024667961658
2045-06-21 09:00:00,298.88994307699943
2045-06-21 10:00:00,299.67741935783306
2045-06-21 11:00:00,300.4648956386667
2045-06-21 12:00:00,301.2523719195003
2045-06-21 13:00:00,302.03984820033395
2045-06-21 14:00:00,302.8273244811676
2045-06-21 15:00:00,282.8273244811676
2045-06-21 16:00:00,283.6148007620012
2045-06-21 17:00:00,284.40227704283484
2045-06-21 18:00:00,285.18975332366847
2045-06-21 19:00:00,285.9772296045021
2045-06-21 20:00:00,286.76470588533573
2045-06-21 21:00:00,287.55218216616936
2045-06-21 22:00:00,288.339658447003
2045-06-21 23:00:00,289.1271347278366
2045-06-22 00:00:00,289.91461100867025
2045-06-22 01:00:00,290.7020872895039
2045-06-22 02:00:00,291.4895635703375
2045-06-22 03:00:00,292.27703985117114
2045-06-22 04:00:00,293.06451613200477
2045-06-22 05:00:00,293.8519924128384
2045-06-22 06:00:00,294.63946869367203
2045-06-22 07:00:00,295.42694497450566
2045-06-22 08:00:00,296.2144212553393
2045-06-22 09:00:00,297.0018975361729
2045-06-22 10:00:00,297.78937381700655
2045-06-22 11:00:00,298.5768500978402
2045-06-22 12:00:00,299.3643263786738
2045-06-22 13:00:00,300.15180265950744
2045-06-22 14:00:00,300.93927894034107
2045-06-22 15:00:00,301.7267552211747
2045-06-22 16:00:00,302.51423150200833
2045-06-22 17:00:00,303.30170778284196
2045-06-22 18:00:00,304.0891840636756
2045-06-22 19:00:00,304.8766603445092
2045-06-22 20:00:00,305.66413662534285
2045-06-22 21:00:00,306.4516129061765
2045-06-22 22:00:00,307.2390891870101
2045-06-22 23:00:00,308.02656546784374
2045-06-23 00:00:00,308.81404174867737
2045-06-23 01:00:00,309.601518029511
2045-06-23 02:00:00,310.38899431034463
2045-06-23 03:00:00,311.17647059117826
2045-06-23 04:00:00,311.9639468720119
2045-06-23 05:00:00,312.7514231528455
2045-06-23 06:00:00,313.53889943367915
2045-06-23 07:00:00,314.3263757145128
2045-06-23 08:00:00,315.1138519953464
2045-06-23 09:00:00,315.90132827618004
2045-06-23 10:00:00,316.68880455701367
2045-06-23 11:00:00,317.4762808378473
2045-06-23 12:00:00,318.2637571186809
2045-06-23 13:00:00,319.05123339951456
2045-06-23 14:00:00,319.8387096803482
2045-06-23 15:00:00,320.6261859611818
2045-06-23 16:00:00,321.41366224201545
2045-06-23 17:00:00,322.2011385228491
2045-06-23 18:00:00,322.9886148036827
2045-06-23 19:00:00,323.77609108451634
2045-06-23 20:00:00,324.56356736534997
2045-06-23 21:00:00,325.3510436461836
2045-06-23 22:00:00,326.1385199270172
2045-06-23 23:00:00,326.92599620785086
2045-06-24 00:00:00,327.7134724886845
2045-06-24 01:00:00,328.5009487695181
2045-06-24 02:00:00,329.28842505035175
2045-06-24 03:00:00,330.0759013311854
2045-06-24 04:00:00,330.863377612019
2045-06-24 05:00:00,331.65085389285264
2045-06-24 06:00:00,332.43833017368627
2045-06-24 07:00:00,333.2258064545199
2045-06-24 08:00:00,334.0132827353535
2045-06-24 09:00:00,334.80075901618716
2045-06-24 10:00:00,335.5882352970208
2045-06-24 11:00:00,336.3757115778544
2045-06-24 12:00:00,337.16318785868805
2045-06-24 13:00:00,337.9506641395217
2045-06-24 14:00:00,338.7381404203553
2045-06-24 15:00:00,339.52561670118894
2045-06-24 16:00:00,340.31309298202257
2045-06-24 17:00:00,341.1005692628562
2045-06-24 18:00:00,341.8880455436898
2045-06-24 19:00:00,342.67552182452346
2045-06-24 20:00:00,343.4629981053571
2045-06-24 21:00:00,344.2504743861907
2045-06-24 22:00:00,345.03795066702435
2045-06-24 23:00:00,345.825426947858
2045-06-25 00:00:00,346.6129032286916
2045-06-25 01:00:00,347.40037950952524
2045-06-25 02:00:00,348.18785579035887
2045-06-25 03:00:00,348.9753320711925
2045-06-25 04:00:00,349.7628083520261
2045-06-25 05:00:00,350.55028463285976
2045-06-25 06:00:00,351.3377609136934
2045-06-25 07:00:00,352.125237194527
2045-06-25 08:00:00,352.91271347536065
2045-06-25 09:00:00,353.7001897561943
2045-06-25 10:00:00,354.4876660370279
2045-06-25 11:00:00,355.27514231786154
2045-06-25 12:00:00,356.06261859869517
2045-06-25 13:00:00,356.8500948795288
2045-06-25 14:00:00,357.6375711603624
2045-06-25 15:00:00,358.42504744119606
2045-06-25 16:00:00,338.42504744119606
2045-06-25 17:00:00,318.42504744119606
2045-06-25 18:00:00,319.2125237220297
2045-06-25 19:00:00,320.0000000028633
2045-06-25 20:00:00,320.78747628369695
2045-06-25 21:00:00,321.5749525645306
2045-06-25 22:00:00,322.3624288453642
2045-06-25 23:00:00,323.14990512619784
2045-06-26 00:00:00,323.93738140703147
2045-06-26 01:00:00,324.7248576878651
2045-06-26 02:00:00,325.5123339686987
2045-06-26 03:00:00,326.29981024953236
2045-06-26 04:00:00,327.087286530366
2045-06-26 05:00:00,327.8747628111996
2045-06-26 06:00:00,328.66223909203325
2045-06-26 07:00:00,329.4497153728669
2045-06-26 08:00:00,330.2371916537005
2045-06-26 09:00:00,331.02466793453414
2045-06-26 10:00:00,331.81214421536777
2045-06-26 11:00:00,332.5996204962014
2045-06-26 12:00:00,333.387096777035
2045-06-26 13:00:00,334.17457305786866
2045-06-26 14:00:00,334.9620493387023
2045-06-26 15:00:00,335.7495256195359
2045-06-26 16:00:00,336.53700190036955
2045-06-26 17:00:00,337.3244781812032
2045-06-26 18:00:00,338.1119544620368
2045-06-26 19:00:00,338.89943074287044
2045-06-26 20:00:00,339.68690702370407
2045-06-26 21:00:00,340.4743833045377
2045-06-26 22:00:00,341.2618595853713
2045-06-26 23:00:00,342.04933586620496
2045-06-27 00:00:00,342.8368121470386
2045-06-27 01:00:00,343.6242884278722
2045-06-27 02:00:00,344.41176470870585
2045-06-27 03:00:00,345.1992409895395
2045-06-27 04:00:00,345.9867172703731
2045-06-27 05:00:00,346.77419355120674
2045-06-27 06:00:00,347.56166983204037
2045-06-27 07:00:00,348.349146112874
2045-06-27 08:00:00,349.1366223937076
2045-06-27 09:00:00,349.92409867454126
2045-06-27 10:00:00,350.7115749553749
2045-06-27 11:00:00,351.4990512362085
2045-06-27 12:00:00,352.28652751704215
2045-06-27 13:00:00,353.0740037978758
2045-06-27 14:00:00,353.8614800787094
2045-06-27 15:00:00,354.64895635954304
2045-06-27 16:00:00,355.43643264037667
2045-06-27 17:00:00,356.2239089212103
2045-06-27 18:00:00,357.0113852020439
2045-06-27 19:00:00,357.79886148287756
2045-06-27 20:00:00,358.5863377637112
2045-06-27 21:00:00,359.3738140445448
2045-06-27 22:00:00,360.16129032537845
2045-06-27 23:00:00,360.9487666062121
2045-06-28 00:00:00,361.7362428870457
2045-06-28 01:00:00,362.52371916787934
2045-06-28 02:00:00,363.31119544871297
2045-06-28 03:00:00,364.0986717295466
2045-06-28 04:00:00,364.8861480103802
2045-06-28 05:00:00,365.67362429121386
2045-06-28 06:00:00,366.4611005720475
2045-06-28 07:00:00,367.2485768528811
2045-06-28 08:00:00,368.03605313371474
2045-06-28 09:00:00,368.8235294145484
2045-06-28 10:00:00,369.611005695382
2045-06-28 11:00:00,370.39848197621563
2045-06-28 12:00:00,371.18595825704926
2045-06-28 13:00:00,371.9734345378829
2045-06-28 14:00:00,372.7609108187165
2045-06-28 15:00:00,373.54838709955015
2045-06-28 16:00:00,374.3358633803838
2045-06-28 17:00:00,375.1233396612174
2045-06-28 18:00:00,375.91081594205104
2045-06-28 19:00:00,376.6982922228847
2045-06-28 20:00:00,377.4857685037183
2045-06-28 21:00:00,378.27324478455193
2045-06-28 22:00:00,379.06072106538556
2045-06-28 23:00:00,379.8481973462192
2045-06-29 00:00:00,380.6356736270528
2045-06-29 01:00:00,381.42314990788645
2045-06-29 02:00:00,382.2106261887201
2045-06-29 03:00:00,382.9981024695537
2045-06-29 04:00:00,383.78557875038734
2045-06-29 05:00:00,384.573055031221
2045-06-29 06:00:00,385.3605313120546
2045-06-29 07:00:00,386.14800759288823
2045-06-29 08:00:00,386.93548387372186
2045-06-29 09:00:00,387.7229601545555
2045-06-29 10:00:00,388.5104364353891
2045-06-29 11:00:00,389.29791271622275
2045-06-29 12:00:00,390.0853889970564
2045-06-29 13:00:00,390.87286527789
2045-06-29 14:00:00,391.66034155872364
2045-06-29 15:00:00,392.4478178395573
2045-06-29 16:00:00,393.2352941203909
2045-06-29 17:00:00,394.02277040122453
2045-06-29 18:00:00,394.81024668205816
2045-06-29 19:00:00,395.5977229628918
2045-06-29 20:00:00,396.3851992437254
2045-06-29 21:00:00,397.17267552455905
2045-06-29 22:00:00,397.9601518053927
2045-06-29 23:00:00,398.7476280862263
2045-06-30 00:00:00,399.53510436705994
2045-06-30 01:00:00,400.3225806478936
2045-06-30 02:00:00,401.1100569287272
2045-06-30 03:00:00,401.89753320956083
2045-06-30 04:00:00,402.68500949039446
2045-06-30 05:00:00,403.4724857712281
2045-06-30 06:00:00,404.2599620520617
2045-06-30 07:00:00,405.04743833289535
2045-06-30 08:00:00,405.834914613729
2045-06-30 09:00:00,406.6223908945626
2045-06-30 10:00:00,407.40986717539624
2045-06-30 11:00:00,408.1973434562299
2045-06-30 12:00:00,408.9848197370635
2045-06-30 13:00:00,409.77229601789713
2045-06-30 14:00:00,410.55977229873076
2045-06-30 15:00:00,411.3472485795644
2045-06-30 16:00:00,412.134724860398
2045-06-30 17:00:00,412.92220114123165
2045-06-30 18:00:00,413.7096774220653
2045-06-30 19:00:00,414.4971537028989
2045-06-30 20:00:00,415.28462998373254
2045-06-30 21:00:00,416.0721062645662
2045-06-30 22:00:00,396.0721062645662
2045-06-30 23:00:00,376.0721062645662
2045-07-01 00:00:00,376.8595825453998
2045-07-01 01:00:00,377.64705882623343
2045-07-01 02:00:00,378.43453510706706
2045-07-01 03:00:00,379.2220113879007
2045-07-01 04:00:00,380.0094876687343
2045-07-01 05:00:00,380.79696394956795
2045-07-01 06:00:00,381.5844402304016
2045-07-01 07:00:00,382.3719165112352
2045-07-01 08:00:00,383.15939279206884
2045-07-01 09:00:00,383.9468690729025
2045-07-01 10:00:00,384.7343453537361
2045-07-01 11:00:00,385.52182163456973
2045-07-01 12:00:00,386.30929791540336
2045-07-01 13:00:00,387.096774196237
2045-07-01 14:00:00,387.8842504770706
2045-07-01 15:00:00,388.67172675790425
2045-07-01 16:00:00,389.4592030387379
2045-07-01 17:00:00,390.2466793195715
2045-07-01 18:00:00,391.03415560040514
2045-07-01 19:00:00,391.8216318812388
2045-07-01 20:00:00,392.6091081620724
2045-07-01 21:00:00,393.39658444290603
2045-07-01 22:00:00,394.18406072373966
2045-07-01 23:00:00,394.9715370045733
2045-07-02 00:00:00,395.7590132854069
2045-07-02 01:00:00,396.54648956624055
2045-07-02 02:00:00,397.3339658470742
2045-07-02 03:00:00,398.1214421279078
2045-07-02 04:00:00,398.90891840874144
2045-07-02 05:00:00,399.6963946895751
2045-07-02 06:00:00,400.4838709704087
2045-07-02 07:00:00,401.27134725124233
2045-07-02 08:00:00,402.05882353207596
2045-07-02 09:00:00,402.8462998129096
2045-07-02 10:00:00,403.6337760937432
2045-07-02 11:00:00,404.42125237457685
2045-07-02 12:00:00,405.2087286554105
2045-07-02 13:00:00,405.9962049362441
2045-07-02 14:00:00,406.78368121707774
2045-07-02 15:00:00,407.5711574979114
2045-07-02 16:00:00,408.358633778745
2045-07-02 17:00:00,409.14611005957863
2045-07-02 18:00:00,409.93358634041226
2045-07-02 19:00:00,410.7210626212459
2045-07-02 20:00:00,411.5085389020795
2045-07-02 21:00:00,412.29601518291315
2045-07-02 22:00:00,413.0834914637468
2045-07-02 23:00:00,413.8709677445804
2045-07-03 00:00:00,414.65844402541404
2045-07-03 01:00:00,415.4459203062477
2045-07-03 02:00:00,416.2333965870813
2045-07-03 03:00:00,417.02087286791493
2045-07-03 04:00:00,417.80834914874856
2045-07-03 05:00:00,418.5958254295822
2045-07-03 06:00:00,419.3833017104158
2045-07-03 07:00:00,420.17077799124945
2045-07-03 08:00:00,420.9582542720831
2045-07-03 09:00:00,421.7457305529167
2045-07-03 10:00:00,422.53320683375034
2045-07-03 11:00:00,423.32068311458397
2045-07-03 12:00:00,424.1081593954176
2045-07-03 13:00:00,424.89563567625123
2045-07-03 14:00:00,425.68311195708486
2045-07-03 15:00:00,426.4705882379185
2045-07-03 16:00:00,427.2580645187521
2045-07-03 17:00:00,428.04554079958575
2045-07-03 18:00:00,428.8330170804194
2045-07-03 19:00:00,429.620493361253
2045-07-03 20:00:00,430.40796964208664
2045-07-03 21:00:00,431.19544592292027
2045-07-03 22:00:00,431.9829222037539
2045-07-03 23:00:00,432.77039848458753
2045-07-04 00:00:00,433.55787476542116
2045-07-04 01:00:00,434.3453510462548
2045-07-04 02:00:00,435.1328273270884
2045-07-04 03:00:00,435.92030360792205
2045-07-04 04:00:00,436.7077798887557
2045-07-04 05:00:00,437.4952561695893
2045-07-04 06:00:00,438.28273245042294
2045-07-04 07:00:00,439.07020873125657
2045-07-04 08:00:00,439.8576850120902
2045-07-04 09:00:00,440.64516129292383
2045-07-04 10:00:00,441.43263757375746
2045-07-04 11:00:00,442.2201138545911
2045-07-04 12:00:00,443.0075901354247
2045-07-04 13:00:00,443.79506641625835
2045-07-04 14:00:00,444.582542697092
2045-07-04 15:00:00,445.3700189779256
2045-07-04 16:00:00,446.15749525875924
2045-07-04 17:00:00,426.15749525875924
2045-07-04 18:00:00,426.94497153959287
2045-07-04 19:00:00,427.7324478204265
2045-07-04 20:00:00,428.51992410126013
2045-07-04 21:00:00,429.30740038209376
2045-07-04 22:00:00,430.0948766629274
2045-07-04 23:00:00,430.882352943761
2045-07-05 00:00:00,431.66982922459465
2045-07-05 01:00:00,432.4573055054283
2045-07-05 02:00:00,433.2447817862619
2045-07-05 03:00:00,434.03225806709554
2045-07-05 04:00:00,434.81973434792917
2045-07-05 05:00:00,435.6072106287628
2045-07-05 06:00:00,436.39468690959643
2045-07-05 07:00:00,437.18216319043006
2045-07-05 08:00:00,437.9696394712637
2045-07-05 09:00:00,438.7571157520973
2045-07-05 10:00:00,439.54459203293095
2045-07-05 11:00:00,440.3320683137646
2045-07-05 12:00:00,441.1195445945982
2045-07-05 13:00:00,441.90702087543184
2045-07-05 14:00:00,442.69449715626547
2045-07-05 15:00:00,443.4819734370991
2045-07-05 16:00:00,444.26944971793273
2045-07-05 17:00:00,445.05692599876636
2045-07-05 18:00:00,445.8444022796
2045-07-05 19:00:00,446.6318785604336
2045-07-05 20:00:00,447.41935484126725
2045-07-05 21:00:00,448.2068311221009
2045-07-05 22:00:00,448.9943074029345
2045-07-05 23:00:00,449.78178368376814
2045-07-06 00:00:00,450.56925996460177
2045-07-06 01:00:00,451.3567362454354
2045-07-06 02:00:00,452.14421252626903
2045-07-06 03:00:00,452.93168880710266
2045-07-06 04:00:00,453.7191650879363
2045-07-06 05:00:00,454.5066413687699
2045-07-06 06:00:00,455.29411764960355
2045-07-06 07:00:00,456.0815939304372
2045-07-06 08:00:00,456.8690702112708
2045-07-06 09:00:00,457.65654649210444
2045-07-06 10:00:00,458.44402277293807
2045-07-06 11:00:00,459.2314990537717
2045-07-06 12:00:00,460.01897533460533
2045-07-06 13:00:00,460.80645161543896
2045-07-06 14:00:00,461.5939278962726
2045-07-06 15:00:00,462.3814041771062
2045-07-06 16:00:00,463.16888045793985
2045-07-06 17:00:00,463.9563567387735
2045-07-06 18:00:00,464.7438330196071
2045-07-06 19:00:00,465.53130930044074
2045-07-06 20:00:00,466.31878558127437
2045-07-06 21:00:00,467.106261862108
2045-07-06 22:00:00,467.89373814294163
2045-07-06 23:00:00,468.68121442377526
2045-07-07 00:00:00,469.4686907046089
2045-07-07 01:00:00,470.2561669854425
2045-07-07 02:00:00,471.04364326627615
2045-07-07 03:00:00,471.8311195471098
2045-07-07 04:00:00,472.6185958279434
2045-07-07 05:00:00,473.40607210877704
2045-07-07 06:00:00,474.19354838961067
2045-07-07 07:00:00,474.9810246704443
2045-07-07 08:00:00,475.76850095127793
2045-07-07 09:00:00,476.55597723211156
2045-07-07 10:00:00,477.3434535129452
2045-07-07 11:00:00,478.1309297937788
2045-07-07 12:00:00,478.91840607461245
2045-07-07 13:00:00,479.7058823554461
2045-07-07 14:00:00,480.4933586362797
2045-07-07 15:00:00,481.28083491711334
2045-07-07 16:00:00,482.06831119794697
2045-07-07 17:00:00,482.8557874787806
2045-07-07 18:00:00,483.64326375961423
2045-07-07 19:00:00,484.43074004044786
2045-07-07 20:00:00,485.2182163212815
2045-07-07 21:00:00,486.0056926021151
2045-07-07 22:00:00,486.79316888294875
2045-07-07 23:00:00,487.5806451637824
2045-07-08 00:00:00,488.368121444616
2045-07-08 01:00:00,489.15559772544964
2045-07-08 02:00:00,489.94307400628327
2045-07-08 03:00:00,490.7305502871169
2045-07-08 04:00:00,491.5180265679505
2045-07-08 05:00:00,492.30550284878416
2045-07-08 06:00:00,493.0929791296178
2045-07-08 07:00:00,493.8804554104514
2045-07-08 08:00:00,494.66793169128505
2045-07-08 09:00:00,495.4554079721187
2045-07-08 10:00:00,496.2428842529523
2045-07-08 11:00:00,497.03036053378594
2045-07-08 12:00:00,497.81783681461957
2045-07-08 13:00:00,498.6053130954532
2045-07-08 14:00:00,499.3927893762868
2045-07-08 15:00:00,500.18026565712046
2045-07-08 16:00:00,480.18026565712046
2045-07-08 17:00:00,460.18026565712046
2045-07-08 18:00:00,440.18026565712046
2045-07-08 19:00:00,440.9677419379541
2045-07-08 20:00:00,441.7552182187877
2045-07-08 21:00:00,442.54269449962135
2045-07-08 22:00:00,443.330170780455
2045-07-08 23:00:00,444.1176470612886
2045-07-09 00:00:00,444.90512334212224
2045-07-09 01:00:00,445.69259962295587
2045-07-09 02:00:00,446.4800759037895
2045-07-09 03:00:00,447.2675521846231
2045-07-09 04:00:00,448.05502846545676
2045-07-09 05:00:00,448.8425047462904
2045-07-09 06:00:00,449.629981027124
2045-07-09 07:00:00,450.41745730795765
2045-07-09 08:00:00,451.2049335887913
2045-07-09 09:00:00,451.9924098696249
2045-07-09 10:00:00,452.77988615045854
2045-07-09 11:00:00,453.56736243129217
2045-07-09 12:00:00,454.3548387121258
2045-07-09 13:00:00,455.1423149929594
2045-07-09 14:00:00,455.92979127379306
2045-07-09 15:00:00,456.7172675546267
2045-07-09 16:00:00,457.5047438354603
2045-07-09 17:00:00,458.29222011629395
2045-07-09 18:00:00,459.0796963971276
2045-07-09 19:00:00,459.8671726779612
2045-07-09 20:00:00,460.65464895879484
2045-07-09 21:00:00,461.44212523962847
2045-07-09 22:00:00,462.2296015204621
2045-07-09 23:00:00,463.0170778012957
2045-07-10 00:00:00,463.80455408212936
2045-07-10 01:00:00,464.592030362963
2045-07-10 02:00:00,465.3795066437966
2045-07-10 03:00:00,466.16698292463025
2045-07-10 04:00:00,466.9544592054639
2045-07-10 05:00:00,467.7419354862975
2045-07-10 06:00:00,468.52941176713114
2045-07-10 07:00:00,469.31688804796477
2045-07-10 08:00:00,470.1043643287984
2045-07-10 09:00:00,470.891840609632
2045-07-10 10:00:00,471.67931689046566
2045-07-10 11:00:00,472.4667931712993
2045-07-10 12:00:00,473.2542694521329
2045-07-10 13:00:00,474.04174573296655
2045-07-10 14:00:00,474.8292220138002
2045-07-10 15:00:00,475.6166982946338
2045-07-10 16:00:00,476.40417457546744
2045-07-10 17:00:00,477.19165085630107
2045-07-10 18:00:00,477.9791271371347
2045-07-10 19:00:00,478.7666034179683
2045-07-10 20:00:00,479.55407969880196
2045-07-10 21:00:00,480.3415559796356
2045-07-10 22:00:00,481.1290322604692
2045-07-10 23:00:00,481.91650854130285
2045-07-11 00:00:00,482.7039848221365
2045-07-11 01:00:00,483.4914611029701
2045-07-11 02:00:00,484.27893738380374
2045-07-11 03:00:00,485.06641366463737
2045-07-11 04:00:00,485.853889945471
2045-07-11 05:00:00,486.6413662263046
2045-07-11 06:00:00,487.42884250713826
2045-07-11 07:00:00,488.2163187879719
2045-07-11 08:00:00,489.0037950688055
2045-07-11 09:00:00,489.79127134963915
2045-07-11 10:00:00,490.5787476304728
2045-07-11 11:00:00,491.3662239113064
2045-07-11 12:00:00,492.15370019214004
2045-07-11 13:00:00,492.94117647297367
2045-07-11 14:00:00,493.7286527538073
2045-07-11 15:00:00,494.5161290346409
2045-07-11 16:00:00,495.30360531547456
2045-07-11 17:00:00,496.0910815963082
2045-07-11 18:00:00,496.8785578771418
2045-07-11 19:00:00,497.66603415797545
2045-07-11 20:00:00,498.4535104388091
2045-07-11 21:00:00,499.2409867196427
2045-07-11 22:00:00,500.02846300047634
2045-07-11 23:00:00,500.81593928130997
2045-07-12 00:00:00,501.6034155621436
2045-07-12 01:00:00,502.3908918429772
2045-07-12 02:00:00,503.17836812381086
2045-07-12 03:00:00,503.9658444046445
2045-07-12 04:00:00,504.7533206854781
2045-07-12 05:00:00,505.54079696631175
2045-07-12 06:00:00,506.3282732471454
2045-07-12 07:00:00,507.115749527979
2045-07-12 08:00:00,507.90322580881264
2045-07-12 09:00:00,508.69070208964627
2045-07-12 10:00:00,509.4781783704799
2045-07-12 11:00:00,510.2656546513135
2045-07-12 12:00:00,511.05313093214716
2045-07-12 13:00:00,511.8406072129808
2045-07-12 14:00:00,512.6280834938144
2045-07-12 15:00:00,513.415559774648
2045-07-12 16:00:00,514.2030360554817
2045-07-12 17:00:00,514.9905123363153
2045-07-12 18:00:00,515.7779886171489
2045-07-12 19:00:00,516.5654648979826
2045-07-12 20:00:00,517.3529411788162
2045-07-12 21:00:00,518.1404174596498
2045-07-12 22:00:00,518.9278937404835
2045-07-12 23:00:00,519.7153700213171
2045-07-13 00:00:00,520.5028463021507
2045-07-13 01:00:00,521.2903225829843
2045-07-13 02:00:00,522.077798863818
2045-07-13 03:00:00,522.8652751446516
2045-07-13 04:00:00,523.6527514254852
2045-07-13 05:00:00,524.4402277063189
2045-07-13 06:00:00,525.2277039871525
2045-07-13 07:00:00,526.0151802679861
2045-07-13 08:00:00,526.8026565488198
2045-07-13 09:00:00,527.5901328296534
2045-07-13 10:00:00,528.377609110487
2045-07-13 11:00:00,529.1650853913206
2045-07-13 12:00:00,529.9525616721543
2045-07-13 13:00:00,530.7400379529879
2045-07-13 14:00:00,531.5275142338215
2045-07-13 15:00:00,532.3149905146552
2045-07-13 16:00:00,533.1024667954888
2045-07-13 17:00:00,533.8899430763224
2045-07-13 18:00:00,534.677419357156
2045-07-13 19:00:00,535.4648956379897
2045-07-13 20:00:00,536.2523719188233
2045-07-13 21:00:00,537.039848199657
2045-07-13 22:00:00,517.039848199657
2045-07-13 23:00:00,497.03984819965694
2045-07-14 00:00:00,497.8273244804906
2045-07-14 01:00:00,498.6148007613242
2045-07-14 02:00:00,499.40227704215783
2045-07-14 03:00:00,500.18975332299146
2045-07-14 04:00:00,500.9772296038251
2045-07-14 05:00:00,501.7647058846587
2045-07-14 06:00:00,502.55218216549235
2045-07-14 07:00:00,503.339658446326
2045-07-14 08:00:00,504.1271347271596
2045-07-14 09:00:00,504.91461100799324
2045-07-14 10:00:00,505.7020872888269
2045-07-14 11:00:00,506.4895635696605
2045-07-14 12:00:00,507.27703985049413
2045-07-14 13:00:00,508.06451613132776
2045-07-14 14:00:00,508.8519924121614
2045-07-14 15:00:00,509.639468692995
2045-07-14 16:00:00,510.42694497382865
2045-07-14 17:00:00,511.2144212546623
2045-07-14 18:00:00,512.0018975354959
2045-07-14 19:00:00,512.7893738163295
2045-07-14 20:00:00,513.5768500971632
2045-07-14 21:00:00,493.5768500971632
2045-07-14 22:00:00,473.5768500971632
2045-07-14 23:00:00,453.5768500971632
2045-07-15 00:00:00,454.3643263779968
2045-07-15 01:00:00,455.15180265883043
2045-07-15 02:00:00,455.93927893966406
2045-07-15 03:00:00,456.7267552204977
2045-07-15 04:00:00,457.5142315013313
2045-07-15 05:00:00,458.30170778216495
2045-07-15 06:00:00,459.0891840629986
2045-07-15 07:00:00,459.8766603438322
2045-07-15 08:00:00,460.66413662466584
2045-07-15 09:00:00,461.4516129054995
2045-07-15 10:00:00,462.2390891863331
2045-07-15 11:00:00,463.02656546716673
2045-07-15 12:00:00,463.81404174800036
2045-07-15 13:00:00,464.601518028834
2045-07-15 14:00:00,465.3889943096676
2045-07-15 15:00:00,466.17647059050125
2045-07-15 16:00:00,466.9639468713349
2045-07-15 17:00:00,467.7514231521685
2045-07-15 18:00:00,468.53889943300214
2045-07-15 19:00:00,469.3263757138358
2045-07-15 20:00:00,470.1138519946694
2045-07-15 21:00:00,470.90132827550303
2045-07-15 22:00:00,471.68880455633666
2045-07-15 23:00:00,472.4762808371703
2045-07-16 00:00:00,473.2637571180039
2045-07-16 01:00:00,474.05123339883755
2045-07-16 02:00:00,474.8387096796712
2045-07-16 03:00:00,475.6261859605048
2045-07-16 04:00:00,476.41366224133844
2045-07-16 05:00:00,477.2011385221721
2045-07-16 06:00:00,477.9886148030057
2045-07-16 07:00:00,478.77609108383933
2045-07-16 08:00:00,479.56356736467296
2045-07-16 09:00:00,480.3510436455066
2045-07-16 10:00:00,481.1385199263402
2045-07-16 11:00:00,481.92599620717385
2045-07-16 12:00:00,482.7134724880075
2045-07-16 13:00:00,483.5009487688411
2045-07-16 14:00:00,484.28842504967474
2045-07-16 15:00:00,485.0759013305084
2045-07-16 16:00:00,485.863377611342
2045-07-16 17:00:00,486.65085389217563
2045-07-16 18:00:00,487.43833017300926
2045-07-16 19:00:00,488.2258064538429
2045-07-16 20:00:00,489.0132827346765
2045-07-16 21:00:00,489.80075901551015
2045-07-16 22:00:00,490.5882352963438
2045-07-16 23:00:00,491.3757115771774
2045-07-17 00:00:00,492.16318785801104
2045-07-17 01:00:00,492.9506641388447
2045-07-17 02:00:00,493.7381404196783
2045-07-17 03:00:00,494.52561670051193
2045-07-17 04:00:00,495.31309298134556
2045-07-17 05:00:00,496.1005692621792
2045-07-17 06:00:00,496.8880455430128
2045-07-17 07:00:00,497.67552182384645
2045-07-17 08:00:00,498.4629981046801
2045-07-17 09:00:00,499.2504743855137
2045-07-17 10:00:00,500.03795066634734
2045-07-17 11:00:00,500.825426947181
2045-07-17 12:00:00,501.6129032280146
2045-07-17 13:00:00,502.40037950884823
2045-07-17 14:00:00,503.18785578968186
2045-07-17 15:00:00,503.9753320705155
2045-07-17 16:00:00,504.7628083513491
2045-07-17 17:00:00,505.55028463218275
2045-07-17 18:00:00,506.3377609130164
2045-07-17 19:00:00,507.12523719385
2045-07-17 20:00:00,507.91271347468364
2045-07-17 21:00:00,508.7001897555173
2045-07-17 22:00:00,509.4876660363509
2045-07-17 23:00:00,510.27514231718453
2045-07-18 00:00:00,511.06261859801816
2045-07-18 01:00:00,511.8500948788518
2045-07-18 02:00:00,512.6375711596854
2045-07-18 03:00:00,513.425047440519
2045-07-18 04:00:00,514.2125237213527
2045-07-18 05:00:00,515.0000000021863
2045-07-18 06:00:00,515.7874762830199
2045-07-18 07:00:00,516.5749525638536
2045-07-18 08:00:00,517.3624288446872
2045-07-18 09:00:00,518.1499051255208
2045-07-18 10:00:00,518.9373814063545
2045-07-18 11:00:00,519.7248576871881
2045-07-18 12:00:00,520.5123339680217
2045-07-18 13:00:00,521.2998102488554
2045-07-18 14:00:00,522.087286529689
2045-07-18 15:00:00,522.8747628105226
2045-07-18 16:00:00,523.6622390913562
2045-07-18 17:00:00,524.4497153721899
2045-07-18 18:00:00,525.2371916530235
2045-07-18 19:00:00,526.0246679338571
2045-07-18 20:00:00,526.8121442146908
2045-07-18 21:00:00,527.5996204955244
2045-07-18 22:00:00,528.387096776358
2045-07-18 23:00:00,529.1745730571917
2045-07-19 00:00:00,529.9620493380253
2045-07-19 01:00:00,530.7495256188589
2045-07-19 02:00:00,531.5370018996925
2045-07-19 03:00:00,532.3244781805262
2045-07-19 04:00:00,533.1119544613598
2045-07-19 05:00:00,533.8994307421934
2045-07-19 06:00:00,534.6869070230271
2045-07-19 07:00:00,535.4743833038607
2045-07-19 08:00:00,536.2618595846943
2045-07-19 09:00:00,537.049335865528
2045-07-19 10:00:00,537.8368121463616
2045-07-19 11:00:00,538.6242884271952
2045-07-19 12:00:00,539.4117647080288
2045-07-19 13:00:00,540.1992409888625
2045-07-19 14:00:00,540.9867172696961
2045-07-19 15:00:00,541.7741935505297
2045-07-19 16:00:00,542.5616698313634
2045-07-19 17:00:00,543.349146112197
2045-07-19 18:00:00,544.1366223930306
2045-07-19 19:00:00,544.9240986738643
2045-07-19 20:00:00,545.7115749546979
2045-07-19 21:00:00,546.4990512355315
2045-07-19 22:00:00,547.2865275163651
2045-07-19 23:00:00,548.0740037971988
2045-07-20 00:00:00,548.8614800780324
2045-07-20 01:00:00,549.648956358866
2045-07-20 02:00:00,550.4364326396997
2045-07-20 03:00:00,551.2239089205333
2045-07-20 04:00:00,552.0113852013669
2045-07-20 05:00:00,552.7988614822006
2045-07-20 06:00:00,553.5863377630342
2045-07-20 07:00:00,554.3738140438678
2045-07-20 08:00:00,555.1612903247014
2045-07-20 09:00:00,555.9487666055351
2045-07-20 10:00:00,556.7362428863687
2045-07-20 11:00:00,557.5237191672023
2045-07-20 12:00:00,558.311195448036
2045-07-20 13:00:00,559.0986717288696
2045-07-20 14:00:00,559.8861480097032
2045-07-20 15:00:00,560.6736242905368
2045-07-20 16:00:00,561.4611005713705
2045-07-20 17:00:00,562.2485768522041
2045-07-20 18:00:00,563.0360531330377
2045-07-20 19:00:00,563.8235294138714
2045-07-20 20:00:00,564.611005694705
2045-07-20 21:00:00,565.3984819755386
2045-07-20 22:00:00,566.1859582563723
2045-07-20 23:00:00,566.9734345372059
2045-07-21 00:00:00,567.7609108180395
2045-07-21 01:00:00,568.5483870988731
2045-07-21 02:00:00,569.3358633797068
2045-07-21 03:00:00,570.1233396605404
2045-07-21 04:00:00,570.910815941374
2045-07-21 05:00:00,571.6982922222077
2045-07-21 06:00:00,572.4857685030413
2045-07-21 07:00:00,573.2732447838749
2045-07-21 08:00:00,574.0607210647086
2045-07-21 09:00:00,574.8481973455422
2045-07-21 10:00:00,575.6356736263758
2045-07-21 11:00:00,576.4231499072094
2045-07-21 12:00:00,577.2106261880431
2045-07-21 13:00:00,577.9981024688767
2045-07-21 14:00:00,578.7855787497103
2045-07-21 15:00:00,579.573055030544
2045-07-21 16:00:00,580.3605313113776
2045-07-21 17:00:00,560.3605313113776
2045-07-21 18:00:00,561.1480075922112
2045-07-21 19:00:00,561.9354838730449
2045-07-21 20:00:00,562.7229601538785
2045-07-21 21:00:00,542.7229601538785
2045-07-21 22:00:00,522.7229601538785
2045-07-21 23:00:00,523.5104364347121
2045-07-22 00:00:00,524.2979127155457
2045-07-22 01:00:00,525.0853889963794
2045-07-22 02:00:00,525.872865277213
2045-07-22 03:00:00,526.6603415580466
2045-07-22 04:00:00,527.4478178388803
2045-07-22 05:00:00,528.2352941197139
2045-07-22 06:00:00,529.0227704005475
2045-07-22 07:00:00,529.8102466813812
2045-07-22 08:00:00,530.5977229622148
2045-07-22 09:00:00,531.3851992430484
2045-07-22 10:00:00,532.172675523882
2045-07-22 11:00:00,532.9601518047157
2045-07-22 12:00:00,533.7476280855493
2045-07-22 13:00:00,534.5351043663829
2045-07-22 14:00:00,535.3225806472166
2045-07-22 15:00:00,536.1100569280502
2045-07-22 16:00:00,516.1100569280502
2045-07-22 17:00:00,516.8975332088838
2045-07-22 18:00:00,517.6850094897175
2045-07-22 19:00:00,518.4724857705511
2045-07-22 20:00:00,519.2599620513847
2045-07-22 21:00:00,520.0474383322183
2045-07-22 22:00:00,520.834914613052
2045-07-22 23:00:00,521.6223908938856
2045-07-23 00:00:00,522.4098671747192
2045-07-23 01:00:00,523.1973434555529
2045-07-23 02:00:00,523.9848197363865
2045-07-23 03:00:00,524.7722960172201
2045-07-23 04:00:00,525.5597722980538
2045-07-23 05:00:00,526.3472485788874
2045-07-23 06:00:00,527.134724859721
2045-07-23 07:00:00,527.9222011405546
2045-07-23 08:00:00,528.7096774213883
2045-07-23 09:00:00,529.4971537022219
2045-07-23 10:00:00,530.2846299830555
2045-07-23 11:00:00,531.0721062638892
2045-07-23 12:00:00,531.8595825447228
2045-07-23 13:00:00,532.6470588255564
2045-07-23 14:00:00,533.4345351063901
2045-07-23 15:00:00,534.2220113872237
2045-07-23 16:00:00,535.0094876680573
2045-07-23 17:00:00,535.796963948891
2045-07-23 18:00:00,536.5844402297246
2045-07-23 19:00:00,537.3719165105582
2045-07-23 20:00:00,538.1593927913918
2045-07-23 21:00:00,538.9468690722255
2045-07-23 22:00:00,539.7343453530591
2045-07-23 23:00:00,540.5218216338927
2045-07-24 00:00:00,541.3092979147264
2045-07-24 01:00:00,542.09677419556
2045-07-24 02:00:00,542.8842504763936
2045-07-24 03:00:00,543.6717267572272
2045-07-24 04:00:00,544.4592030380609
2045-07-24 05:00:00,545.2466793188945
2045-07-24 06:00:00,546.0341555997281
2045-07-24 07:00:00,546.8216318805618
2045-07-24 08:00:00,547.6091081613954
2045-07-24 09:00:00,548.396584442229
2045-07-24 10:00:00,549.1840607230627
2045-07-24 11:00:00,549.9715370038963
2045-07-24 12:00:00,550.7590132847299
2045-07-24 13:00:00,551.5464895655635
2045-07-24 14:00:00,552.3339658463972
2045-07-24 15:00:00,553.1214421272308
2045-07-24 16:00:00,553.9089184080644
2045-07-24 17:00:00,554.6963946888981
2045-07-24 18:00:00,555.4838709697317
2045-07-24 19:00:00,556.2713472505653
2045-07-24 20:00:00,557.058823531399
2045-07-24 21:00:00,557.8462998122326
2045-07-24 22:00:00,558.6337760930662
2045-07-24 23:00:00,538.6337760930662
2045-07-25 00:00:00,539.4212523738998
2045-07-25 01:00:00,540.2087286547335
2045-07-25 02:00:00,540.9962049355671
2045-07-25 03:00:00,541.7836812164007
2045-07-25 04:00:00,542.5711574972344
2045-07-25 05:00:00,543.358633778068
2045-07-25 06:00:00,544.1461100589016
2045-07-25 07:00:00,544.9335863397353
2045-07-25 08:00:00,545.7210626205689
2045-07-25 09:00:00,546.5085389014025
2045-07-25 10:00:00,547.2960151822361
2045-07-25 11:00:00,548.0834914630698
2045-07-25 12:00:00,548.8709677439034
2045-07-25 13:00:00,549.658444024737
2045-07-25 14:00:00,550.4459203055707
2045-07-25 15:00:00,551.2333965864043
2045-07-25 16:00:00,552.0208728672379
2045-07-25 17:00:00,552.8083491480716
2045-07-25 18:00:00,553.5958254289052
2045-07-25 19:00:00,554.3833017097388
2045-07-25 20:00:00,555.1707779905724
2045-07-25 21:00:00,555.9582542714061
2045-07-25 22:00:00,556.7457305522397
2045-07-25 23:00:00,557.5332068330733
2045-07-26 00:00:00,558.320683113907
2045-07-26 01:00:00,559.1081593947406
2045-07-26 02:00:00,559.8956356755742
2045-07-26 03:00:00,560.6831119564079
2045-07-26 04:00:00,561.4705882372415
2045-07-26 05:00:00,562.2580645180751
2045-07-26 06:00:00,563.0455407989087
2045-07-26 07:00:00,563.8330170797424
2045-07-26 08:00:00,564.620493360576
2045-07-26 09:00:00,565.4079696414096
2045-07-26 10:00:00,566.1954459222433
2045-07-26 11:00:00,566.9829222030769
2045-07-26 12:00:00,567.7703984839105
2045-07-26 13:00:00,568.5578747647442
2045-07-26 14:00:00,569.3453510455778
2045-07-26 15:00:00,549.3453510455778
2045-07-26 16:00:00,529.3453510455778
2045-07-26 17:00:00,509.3453510455778
2045-07-26 18:00:00,510.1328273264114
2045-07-26 19:00:00,510.92030360724505
2045-07-26 20:00:00,511.7077798880787
2045-07-26 21:00:00,512.4952561689123
2045-07-26 22:00:00,513.2827324497459
2045-07-26 23:00:00,514.0702087305796
2045-07-27 00:00:00,514.8576850114132
2045-07-27 01:00:00,515.6451612922468
2045-07-27 02:00:00,516.4326375730805
2045-07-27 03:00:00,517.2201138539141
2045-07-27 04:00:00,518.0075901347477
2045-07-27 05:00:00,518.7950664155813
2045-07-27 06:00:00,519.582542696415
2045-07-27 07:00:00,520.3700189772486
2045-07-27 08:00:00,521.1574952580822
2045-07-27 09:00:00,521.9449715389159
2045-07-27 10:00:00,522.7324478197495
2045-07-27 11:00:00,523.5199241005831
2045-07-27 12:00:00,524.3074003814168
2045-07-27 13:00:00,525.0948766622504
2045-07-27 14:00:00,525.882352943084
2045-07-27 15:00:00,526.6698292239176
2045-07-27 16:00:00,527.4573055047513
2045-07-27 17:00:00,528.2447817855849
2045-07-27 18:00:00,529.0322580664185
2045-07-27 19:00:00,529.8197343472522
2045-07-27 20:00:00,530.6072106280858
2045-07-27 21:00:00,531.3946869089194
2045-07-27 22:00:00,532.182163189753
2045-07-27 23:00:00,532.9696394705867
2045-07-28 00:00:00,533.7571157514203
2045-07-28 01:00:00,534.544592032254
2045-07-28 02:00:00,535.3320683130876
2045-07-28 03:00:00,536.1195445939212
2045-07-28 04:00:00,536.9070208747548
2045-07-28 05:00:00,537.6944971555885
2045-07-28 06:00:00,538.4819734364221
2045-07-28 07:00:00,539.2694497172557
2045-07-28 08:00:00,540.0569259980894
2045-07-28 09:00:00,540.844402278923
2045-07-28 10:00:00,541.6318785597566
2045-07-28 11:00:00,542.4193548405902
2045-07-28 12:00:00,543.2068311214239
2045-07-28 13:00:00,543.9943074022575
2045-07-28 14:00:00,544.7817836830911
2045-07-28 15:00:00,545.5692599639248
2045-07-28 16:00:00,546.3567362447584
2045-07-28 17:00:00,547.144212525592
2045-07-28 18:00:00,547.9316888064257
2045-07-28 19:00:00,548.7191650872593
2045-07-28 20:00:00,549.5066413680929
2045-07-28 21:00:00,550.2941176489265
2045-07-28 22:00:00,551.0815939297602
2045-07-28 23:00:00,551.8690702105938
2045-07-29 00:00:00,552.6565464914274
2045-07-29 01:00:00,553.4440227722611
2045-07-29 02:00:00,554.2314990530947
2045-07-29 03:00:00,555.0189753339283
2045-07-29 04:00:00,555.806451614762
2045-07-29 05:00:00,556.5939278955956
2045-07-29 06:00:00,557.3814041764292
2045-07-29 07:00:00,558.1688804572628
2045-07-29 08:00:00,558.9563567380965
2045-07-29 09:00:00,559.7438330189301
2045-07-29 10:00:00,560.5313092997637
2045-07-29 11:00:00,561.3187855805974
2045-07-29 12:00:00,562.106261861431
2045-07-29 13:00:00,562.8937381422646
2045-07-29 14:00:00,563.6812144230983
2045-07-29 15:00:00,564.4686907039319
2045-07-29 16:00:00,565.2561669847655
2045-07-29 17:00:00,566.0436432655991
2045-07-29 18:00:00,566.8311195464328
2045-07-29 19:00:00,567.6185958272664
2045-07-29 20:00:00,568.4060721081
2045-07-29 21:00:00,569.1935483889337
2045-07-29 22:00:00,569.9810246697673
2045-07-29 23:00:00,570.7685009506009
2045-07-30 00:00:00,571.5559772314346
2045-07-30 01:00:00,572.3434535122682
2045-07-30 02:00:00,573.1309297931018
2045-07-30 03:00:00,573.9184060739354
2045-07-30 04:00:00,574.7058823547691
2045-07-30 05:00:00,575.4933586356027
2045-07-30 06:00:00,576.2808349164363
2045-07-30 07:00:00,577.06831119727
2045-07-30 08:00:00,577.8557874781036
2045-07-30 09:00:00,578.6432637589372
2045-07-30 10:00:00,579.4307400397709
2045-07-30 11:00:00,580.2182163206045
2045-07-30 12:00:00,581.0056926014381
2045-07-30 13:00:00,581.7931688822717
2045-07-30 14:00:00,582.5806451631054
2045-07-30 15:00:00,583.368121443939
2045-07-30 16:00:00,563.368121443939
2045-07-30 17:00:00,543.368121443939
2045-07-30 18:00:00,523.368121443939
2045-07-30 19:00:00,524.1555977247726
2045-07-30 20:00:00,524.9430740056063
2045-07-30 21:00:00,525.7305502864399
2045-07-30 22:00:00,526.5180265672735
2045-07-30 23:00:00,527.3055028481072
2045-07-31 00:00:00,528.0929791289408
2045-07-31 01:00:00,528.8804554097744
2045-07-31 02:00:00,529.667931690608
2045-07-31 03:00:00,530.4554079714417
2045-07-31 04:00:00,531.2428842522753
2045-07-31 05:00:00,532.0303605331089
2045-07-31 06:00:00,532.8178368139426
2045-07-31 07:00:00,533.6053130947762
2045-07-31 08:00:00,534.3927893756098
2045-07-31 09:00:00,535.1802656564435
2045-07-31 10:00:00,535.9677419372771
2045-07-31 11:00:00,536.7552182181107
2045-07-31 12:00:00,537.5426944989443
2045-07-31 13:00:00,538.330170779778
2045-07-31 14:00:00,539.1176470606116
2045-07-31 15:00:00,539.9051233414452
2045-07-31 16:00:00,540.6925996222789
2045-07-31 17:00:00,541.4800759031125
2045-07-31 18:00:00,542.2675521839461
2045-07-31 19:00:00,543.0550284647798
2045-07-31 20:00:00,543.8425047456134
2045-07-31 21:00:00,544.629981026447
2045-07-31 22:00:00,524.629981026447
2045-07-31 23:00:00,504.629981026447
2045-08-01 00:00:00,505.41745730728064
2045-08-01 01:00:00,506.2049335881143
2045-08-01 02:00:00,506.9924098689479
2045-08-01 03:00:00,507.77988614978153
2045-08-01 04:00:00,508.56736243061516
2045-08-01 05:00:00,509.3548387114488
2045-08-01 06:00:00,510.1423149922824
2045-08-01 07:00:00,510.92979127311605
2045-08-01 08:00:00,511.7172675539497
2045-08-01 09:00:00,512.5047438347833
2045-08-01 10:00:00,513.2922201156169
2045-08-01 11:00:00,514.0796963964506
2045-08-01 12:00:00,514.8671726772842
2045-08-01 13:00:00,515.6546489581178
2045-08-01 14:00:00,516.4421252389515
2045-08-01 15:00:00,517.2296015197851
2045-08-01 16:00:00,518.0170778006187
2045-08-01 17:00:00,518.8045540814524
2045-08-01 18:00:00,519.592030362286
2045-08-01 19:00:00,499.592030362286
2045-08-01 20:00:00,479.592030362286
2045-08-01 21:00:00,459.592030362286
2045-08-01 22:00:00,460.3795066431196
2045-08-01 23:00:00,461.16698292395324
2045-08-02 00:00:00,461.9544592047869
2045-08-02 01:00:00,462.7419354856205
2045-08-02 02:00:00,463.52941176645413
2045-08-02 03:00:00,464.31688804728776
2045-08-02 04:00:00,465.1043643281214
2045-08-02 05:00:00,465.891840608955
2045-08-02 06:00:00,466.67931688978865
2045-08-02 07:00:00,467.4667931706223
2045-08-02 08:00:00,468.2542694514559
2045-08-02 09:00:00,469.04174573228954
2045-08-02 10:00:00,469.82922201312317
2045-08-02 11:00:00,470.6166982939568
2045-08-02 12:00:00,471.40417457479043
2045-08-02 13:00:00,472.19165085562406
2045-08-02 14:00:00,472.9791271364577
2045-08-02 15:00:00,473.7666034172913
2045-08-02 16:00:00,474.55407969812495
2045-08-02 17:00:00,475.3415559789586
2045-08-02 18:00:00,476.1290322597922
2045-08-02 19:00:00,476.91650854062584
2045-08-02 20:00:00,477.70398482145947
2045-08-02 21:00:00,478.4914611022931
2045-08-02 22:00:00,479.27893738312673
2045-08-02 23:00:00,480.06641366396036
2045-08-03 00:00:00,480.853889944794
2045-08-03 01:00:00,481.6413662256276
2045-08-03 02:00:00,482.42884250646125
2045-08-03 03:00:00,483.2163187872949
2045-08-03 04:00:00,484.0037950681285
2045-08-03 05:00:00,484.79127134896214
2045-08-03 06:00:00,485.57874762979577
2045-08-03 07:00:00,486.3662239106294
2045-08-03 08:00:00,487.15370019146303
2045-08-03 09:00:00,487.94117647229666
2045-08-03 10:00:00,488.7286527531303
2045-08-03 11:00:00,489.5161290339639
2045-08-03 12:00:00,490.30360531479755
2045-08-03 13:00:00,491.0910815956312
2045-08-03 14:00:00,491.8785578764648
2045-08-03 15:00:00,492.66603415729844
2045-08-03 16:00:00,493.45351043813207
2045-08-03 17:00:00,494.2409867189657
2045-08-03 18:00:00,495.02846299979933
2045-08-03 19:00:00,475.02846299979933
2045-08-03 20:00:00,455.02846299979933
2045-08-03 21:00:00,435.02846299979933
2045-08-03 22:00:00,415.02846299979933
2045-08-03 23:00:00,395.02846299979933
2045-08-04 00:00:00,395.81593928063296
2045-08-04 01:00:00,396.6034155614666
2045-08-04 02:00:00,397.3908918423002
2045-08-04 03:00:00,398.17836812313385
2045-08-04 04:00:00,398.9658444039675
2045-08-04 05:00:00,399.7533206848011
2045-08-04 06:00:00,400.54079696563474
2045-08-04 07:00:00,401.32827324646837
2045-08-04 08:00:00,402.115749527302
2045-08-04 09:00:00,402.90322580813563
2045-08-04 10:00:00,403.69070208896926
2045-08-04 11:00:00,404.4781783698029
2045-08-04 12:00:00,405.2656546506365
2045-08-04 13:00:00,406.05313093147015
2045-08-04 14:00:00,406.8406072123038
2045-08-04 15:00:00,407.6280834931374
2045-08-04 16:00:00,408.41555977397104
2045-08-04 17:00:00,409.20303605480467
2045-08-04 18:00:00,409.9905123356383
2045-08-04 19:00:00,410.77798861647193
2045-08-04 20:00:00,411.56546489730556
2045-08-04 21:00:00,412.3529411781392
2045-08-04 22:00:00,413.1404174589728
2045-08-04 23:00:00,413.92789373980645
2045-08-05 00:00:00,414.7153700206401
2045-08-05 01:00:00,415.5028463014737
2045-08-05 02:00:00,416.29032258230734
2045-08-05 03:00:00,417.07779886314097
2045-08-05 04:00:00,417.8652751439746
2045-08-05 05:00:00,418.65275142480823
2045-08-05 06:00:00,419.44022770564186
2045-08-05 07:00:00,420.2277039864755
2045-08-05 08:00:00,421.0151802673091
2045-08-05 09:00:00,421.80265654814275
2045-08-05 10:00:00,422.5901328289764
2045-08-05 11:00:00,423.37760910981
2045-08-05 12:00:00,424.16508539064364
2045-08-05 13:00:00,424.95256167147727
2045-08-05 14:00:00,425.7400379523109
2045-08-05 15:00:00,426.52751423314453
2045-08-05 16:00:00,427.31499051397816
2045-08-05 17:00:00,428.1024667948118
2045-08-05 18:00:00,428.8899430756454
2045-08-05 19:00:00,429.67741935647905
2045-08-05 20:00:00,430.4648956373127
2045-08-05 21:00:00,431.2523719181463
2045-08-05 22:00:00,432.03984819897994
2045-08-05 23:00:00,432.82732447981357
2045-08-06 00:00:00,433.6148007606472
2045-08-06 01:00:00,434.40227704148083
2045-08-06 02:00:00,435.18975332231446
2045-08-06 03:00:00,435.9772296031481
2045-08-06 04:00:00,436.7647058839817
2045-08-06 05:00:00,437.55218216481535
2045-08-06 06:00:00,438.339658445649
2045-08-06 07:00:00,439.1271347264826
2045-08-06 08:00:00,439.91461100731624
2045-08-06 09:00:00,440.70208728814987
2045-08-06 10:00:00,441.4895635689835
2045-08-06 11:00:00,442.27703984981713
2045-08-06 12:00:00,443.06451613065076
2045-08-06 13:00:00,443.8519924114844
2045-08-06 14:00:00,444.639468692318
2045-08-06 15:00:00,445.42694497315165
2045-08-06 16:00:00,446.2144212539853
2045-08-06 17:00:00,447.0018975348189
2045-08-06 18:00:00,447.78937381565254
2045-08-06 19:00:00,448.57685009648617
2045-08-06 20:00:00,449.3643263773198
2045-08-06 21:00:00,450.15180265815343
2045-08-06 22:00:00,450.93927893898706
2045-08-06 23:00:00,451.7267552198207
2045-08-07 00:00:00,452.5142315006543
2045-08-07 01:00:00,453.30170778148795
2045-08-07 02:00:00,454.0891840623216
2045-08-07 03:00:00,454.8766603431552
2045-08-07 04:00:00,455.66413662398884
2045-08-07 05:00:00,456.45161290482247
2045-08-07 06:00:00,457.2390891856561
2045-08-07 07:00:00,458.0265654664897
2045-08-07 08:00:00,458.81404174732336
2045-08-07 09:00:00,459.601518028157
2045-08-07 10:00:00,460.3889943089906
2045-08-07 11:00:00,461.17647058982425
2045-08-07 12:00:00,461.9639468706579
2045-08-07 13:00:00,462.7514231514915
2045-08-07 14:00:00,463.53889943232514
2045-08-07 15:00:00,464.32637571315877
2045-08-07 16:00:00,465.1138519939924
2045-08-07 17:00:00,465.901328274826
2045-08-07 18:00:00,466.68880455565966
2045-08-07 19:00:00,467.4762808364933
2045-08-07 20:00:00,468.2637571173269
2045-08-07 21:00:00,469.05123339816055
2045-08-07 22:00:00,469.8387096789942
2045-08-07 23:00:00,470.6261859598278
2045-08-08 00:00:00,471.41366224066144
2045-08-08 01:00:00,472.20113852149507
2045-08-08 02:00:00,472.9886148023287
2045-08-08 03:00:00,473.7760910831623
2045-08-08 04:00:00,474.56356736399596
2045-08-08 05:00:00,475.3510436448296
2045-08-08 06:00:00,476.1385199256632
2045-08-08 07:00:00,476.92599620649685
2045-08-08 08:00:00,477.7134724873305
2045-08-08 09:00:00,478.5009487681641
2045-08-08 10:00:00,479.28842504899774
2045-08-08 11:00:00,480.07590132983137
2045-08-08 12:00:00,480.863377610665
2045-08-08 13:00:00,481.6508538914986
2045-08-08 14:00:00,482.43833017233226
2045-08-08 15:00:00,483.2258064531659
2045-08-08 16:00:00,484.0132827339995
2045-08-08 17:00:00,484.80075901483315
2045-08-08 18:00:00,485.5882352956668
2045-08-08 19:00:00,486.3757115765004
2045-08-08 20:00:00,487.16318785733404
2045-08-08 21:00:00,487.95066413816767
2045-08-08 22:00:00,488.7381404190013
2045-08-08 23:00:00,489.5256166998349
2045-08-09 00:00:00,490.31309298066856
2045-08-09 01:00:00,491.1005692615022
2045-08-09 02:00:00,491.8880455423358
2045-08-09 03:00:00,492.67552182316945
2045-08-09 04:00:00,493.4629981040031
2045-08-09 05:00:00,494.2504743848367
2045-08-09 06:00:00,495.03795066567034
2045-08-09 07:00:00,495.82542694650397
2045-08-09 08:00:00,496.6129032273376
2045-08-09 09:00:00,497.4003795081712
2045-08-09 10:00:00,498.18785578900486
2045-08-09 11:00:00,498.9753320698385
2045-08-09 12:00:00,499.7628083506721
2045-08-09 13:00:00,500.55028463150575
2045-08-09 14:00:00,501.3377609123394
2045-08-09 15:00:00,502.125237193173
2045-08-09 16:00:00,502.91271347400664
2045-08-09 17:00:00,503.70018975484027
2045-08-09 18:00:00,504.4876660356739
2045-08-09 19:00:00,505.2751423165075
2045-08-09 20:00:00,506.06261859734116
2045-08-09 21:00:00,506.8500948781748
2045-08-09 22:00:00,507.6375711590084
2045-08-09 23:00:00,508.42504743984205
2045-08-10 00:00:00,509.2125237206757
2045-08-10 01:00:00,510.0000000015093
2045-08-10 02:00:00,510.78747628234294
2045-08-10 03:00:00,511.57495256317657
2045-08-10 04:00:00,512.3624288440102
2045-08-10 05:00:00,513.1499051248438
2045-08-10 06:00:00,513.9373814056775
2045-08-10 07:00:00,514.7248576865111
2045-08-10 08:00:00,515.5123339673447
2045-08-10 09:00:00,516.2998102481783
2045-08-10 10:00:00,517.087286529012
2045-08-10 11:00:00,517.8747628098456
2045-08-10 12:00:00,518.6622390906792
2045-08-10 13:00:00,519.4497153715129
2045-08-10 14:00:00,520.2371916523465
2045-08-10 15:00:00,521.0246679331801
2045-08-10 16:00:00,521.8121442140138
2045-08-10 17:00:00,522.5996204948474
2045-08-10 18:00:00,523.387096775681
2045-08-10 19:00:00,524.1745730565146
2045-08-10 20:00:00,524.9620493373483
2045-08-10 21:00:00,525.7495256181819
2045-08-10 22:00:00,526.5370018990155
2045-08-10 23:00:00,527.3244781798492
2045-08-11 00:00:00,528.1119544606828
2045-08-11 01:00:00,528.8994307415164
2045-08-11 02:00:00,529.68690702235
2045-08-11 03:00:00,530.4743833031837
2045-08-11 04:00:00,531.2618595840173
2045-08-11 05:00:00,532.049335864851
2045-08-11 06:00:00,532.8368121456846
2045-08-11 07:00:00,533.6242884265182
2045-08-11 08:00:00,534.4117647073518
2045-08-11 09:00:00,535.1992409881855
2045-08-11 10:00:00,535.9867172690191
2045-08-11 11:00:00,536.7741935498527
2045-08-11 12:00:00,537.5616698306864
2045-08-11 13:00:00,538.34914611152
2045-08-11 14:00:00,539.1366223923536
2045-08-11 15:00:00,539.9240986731872
2045-08-11 16:00:00,540.7115749540209
2045-08-11 17:00:00,541.4990512348545
2045-08-11 18:00:00,542.2865275156881
2045-08-11 19:00:00,543.0740037965218
2045-08-11 20:00:00,543.8614800773554
2045-08-11 21:00:00,544.648956358189
2045-08-11 22:00:00,545.4364326390227
2045-08-11 23:00:00,546.2239089198563
2045-08-12 00:00:00,547.0113852006899
2045-08-12 01:00:00,547.7988614815235
2045-08-12 02:00:00,548.5863377623572
2045-08-12 03:00:00,549.3738140431908
2045-08-12 04:00:00,550.1612903240244
2045-08-12 05:00:00,550.9487666048581
2045-08-12 06:00:00,551.7362428856917
2045-08-12 07:00:00,552.5237191665253
2045-08-12 08:00:00,553.311195447359
2045-08-12 09:00:00,554.0986717281926
2045-08-12 10:00:00,554.8861480090262
2045-08-12 11:00:00,555.6736242898598
2045-08-12 12:00:00,556.4611005706935
2045-08-12 13:00:00,557.2485768515271
2045-08-12 14:00:00,558.0360531323607
2045-08-12 15:00:00,558.8235294131944
2045-08-12 16:00:00,559.611005694028
2045-08-12 17:00:00,560.3984819748616
2045-08-12 18:00:00,561.1859582556953
2045-08-12 19:00:00,561.9734345365289
2045-08-12 20:00:00,562.7609108173625
2045-08-12 21:00:00,563.5483870981961
2045-08-12 22:00:00,564.3358633790298
2045-08-12 23:00:00,565.1233396598634
2045-08-13 00:00:00,565.910815940697
2045-08-13 01:00:00,566.6982922215307
2045-08-13 02:00:00,567.4857685023643
2045-08-13 03:00:00,568.2732447831979
2045-08-13 04:00:00,569.0607210640316
2045-08-13 05:00:00,569.8481973448652
2045-08-13 06:00:00,570.6356736256988
2045-08-13 07:00:00,571.4231499065324
2045-08-13 08:00:00,572.2106261873661
2045-08-13 09:00:00,572.9981024681997
2045-08-13 10:00:00,573.7855787490333
2045-08-13 11:00:00,574.573055029867
2045-08-13 12:00:00,575.3605313107006
2045-08-13 13:00:00,576.1480075915342
2045-08-13 14:00:00,576.9354838723679
2045-08-13 15:00:00,577.7229601532015
2045-08-13 16:00:00,578.5104364340351
2045-08-13 17:00:00,579.2979127148687
2045-08-13 18:00:00,580.0853889957024
2045-08-13 19:00:00,580.872865276536
2045-08-13 20:00:00,581.6603415573696
2045-08-13 21:00:00,582.4478178382033
2045-08-13 22:00:00,583.2352941190369
2045-08-13 23:00:00,584.0227703998705
2045-08-14 00:00:00,584.8102466807042
2045-08-14 01:00:00,585.5977229615378
2045-08-14 02:00:00,586.3851992423714
2045-08-14 03:00:00,587.172675523205
2045-08-14 04:00:00,587.9601518040387
2045-08-14 05:00:00,588.7476280848723
2045-08-14 06:00:00,589.5351043657059
2045-08-14 07:00:00,590.3225806465396
2045-08-14 08:00:00,591.1100569273732
2045-08-14 09:00:00,591.8975332082068
2045-08-14 10:00:00,592.6850094890405
2045-08-14 11:00:00,593.4724857698741
2045-08-14 12:00:00,594.2599620507077
2045-08-14 13:00:00,595.0474383315413
2045-08-14 14:00:00,595.834914612375
2045-08-14 15:00:00,596.6223908932086
2045-08-14 16:00:00,597.4098671740422
2045-08-14 17:00:00,598.1973434548759
2045-08-14 18:00:00,598.9848197357095
2045-08-14 19:00:00,599.7722960165431
2045-08-14 20:00:00,600.5597722973768
2045-08-14 21:00:00,601.3472485782104
2045-08-14 22:00:00,602.134724859044
2045-08-14 23:00:00,602.9222011398776
2045-08-15 00:00:00,603.7096774207113
2045-08-15 01:00:00,604.4971537015449
2045-08-15 02:00:00,605.2846299823785
2045-08-15 03:00:00,606.0721062632122
2045-08-15 04:00:00,606.8595825440458
2045-08-15 05:00:00,607.6470588248794
2045-08-15 06:00:00,608.434535105713
2045-08-15 07:00:00,609.2220113865467
2045-08-15 08:00:00,610.0094876673803
2045-08-15 09:00:00,610.7969639482139
2045-08-15 10:00:00,611.5844402290476
2045-08-15 11:00:00,612.3719165098812
2045-08-15 12:00:00,613.1593927907148
2045-08-15 13:00:00,613.9468690715485
2045-08-15 14:00:00,614.7343453523821
2045-08-15 15:00:00,615.5218216332157
2045-08-15 16:00:00,616.3092979140494
2045-08-15 17:00:00,617.096774194883
2045-08-15 18:00:00,617.8842504757166
2045-08-15 19:00:00,618.6717267565502
2045-08-15 20:00:00,619.4592030373839
2045-08-15 21:00:00,620.2466793182175
2045-08-15 22:00:00,621.0341555990511
2045-08-15 23:00:00,621.8216318798848
2045-08-16 00:00:00,622.6091081607184
2045-08-16 01:00:00,623.396584441552
2045-08-16 02:00:00,624.1840607223857
2045-08-16 03:00:00,624.9715370032193
2045-08-16 04:00:00,625.7590132840529
2045-08-16 05:00:00,626.5464895648865
2045-08-16 06:00:00,627.3339658457202
2045-08-16 07:00:00,628.1214421265538
2045-08-16 08:00:00,628.9089184073874
2045-08-16 09:00:00,629.6963946882211
2045-08-16 10:00:00,630.4838709690547
2045-08-16 11:00:00,631.2713472498883
2045-08-16 12:00:00,632.058823530722
2045-08-16 13:00:00,632.8462998115556
2045-08-16 14:00:00,633.6337760923892
2045-08-16 15:00:00,634.4212523732228
2045-08-16 16:00:00,635.2087286540565
2045-08-16 17:00:00,635.9962049348901
2045-08-16 18:00:00,636.7836812157237
2045-08-16 19:00:00,637.5711574965574
2045-08-16 20:00:00,638.358633777391
2045-08-16 21:00:00,639.1461100582246
2045-08-16 22:00:00,639.9335863390583
2045-08-16 23:00:00,640.7210626198919
2045-08-17 00:00:00,641.5085389007255
2045-08-17 01:00:00,642.2960151815591
2045-08-17 02:00:00,643.0834914623928
2045-08-17 03:00:00,643.8709677432264
2045-08-17 04:00:00,644.65844402406
2045-08-17 05:00:00,645.4459203048937
2045-08-17 06:00:00,646.2333965857273
2045-08-17 07:00:00,647.0208728665609
2045-08-17 08:00:00,647.8083491473946
2045-08-17 09:00:00,648.5958254282282
2045-08-17 10:00:00,649.3833017090618
2045-08-17 11:00:00,650.1707779898954
2045-08-17 12:00:00,650.9582542707291
2045-08-17 13:00:00,651.7457305515627
2045-08-17 14:00:00,652.5332068323963
2045-08-17 15:00:00,653.32068311323
2045-08-17 16:00:00,654.1081593940636
2045-08-17 17:00:00,654.8956356748972
2045-08-17 18:00:00,655.6831119557309
2045-08-17 19:00:00,656.4705882365645
2045-08-17 20:00:00,657.2580645173981
2045-08-17 21:00:00,658.0455407982317
2045-08-17 22:00:00,658.8330170790654
2045-08-17 23:00:00,659.620493359899
2045-08-18 00:00:00,660.4079696407326
2045-08-18 01:00:00,661.1954459215663
2045-08-18 02:00:00,661.9829222023999
2045-08-18 03:00:00,662.7703984832335
2045-08-18 04:00:00,663.5578747640672
2045-08-18 05:00:00,664.3453510449008
2045-08-18 06:00:00,665.1328273257344
2045-08-18 07:00:00,665.920303606568
2045-08-18 08:00:00,666.7077798874017
2045-08-18 09:00:00,667.4952561682353
2045-08-18 10:00:00,668.2827324490689
2045-08-18 11:00:00,669.0702087299026
2045-08-18 12:00:00,669.8576850107362
2045-08-18 13:00:00,670.6451612915698
2045-08-18 14:00:00,671.4326375724035
2045-08-18 15:00:00,672.2201138532371
2045-08-18 16:00:00,673.0075901340707
2045-08-18 17:00:00,673.7950664149043
2045-08-18 18:00:00,674.582542695738
2045-08-18 19:00:00,675.3700189765716
2045-08-18 20:00:00,676.1574952574052
2045-08-18 21:00:00,676.9449715382389
2045-08-18 22:00:00,677.7324478190725
2045-08-18 23:00:00,678.5199240999061
2045-08-19 00:00:00,679.3074003807398
2045-08-19 01:00:00,680.0948766615734
2045-08-19 02:00:00,680.882352942407
2045-08-19 03:00:00,681.6698292232406
2045-08-19 04:00:00,682.4573055040743
2045-08-19 05:00:00,683.2447817849079
2045-08-19 06:00:00,684.0322580657415
2045-08-19 07:00:00,684.8197343465752
2045-08-19 08:00:00,685.6072106274088
2045-08-19 09:00:00,686.3946869082424
2045-08-19 10:00:00,687.182163189076
2045-08-19 11:00:00,687.9696394699097
2045-08-19 12:00:00,688.7571157507433
2045-08-19 13:00:00,689.5445920315769
2045-08-19 14:00:00,690.3320683124106
2045-08-19 15:00:00,691.1195445932442
2045-08-19 16:00:00,691.9070208740778
2045-08-19 17:00:00,692.6944971549115
2045-08-19 18:00:00,693.4819734357451
2045-08-19 19:00:00,694.2694497165787
2045-08-19 20:00:00,695.0569259974123
2045-08-19 21:00:00,695.844402278246
2045-08-19 22:00:00,675.844402278246
2045-08-19 23:00:00,655.844402278246
2045-08-20 00:00:00,635.844402278246
2045-08-20 01:00:00,636.6318785590796
2045-08-20 02:00:00,637.4193548399132
2045-08-20 03:00:00,638.2068311207469
2045-08-20 04:00:00,638.9943074015805
2045-08-20 05:00:00,639.7817836824141
2045-08-20 06:00:00,640.5692599632478
2045-08-20 07:00:00,641.3567362440814
2045-08-20 08:00:00,642.144212524915
2045-08-20 09:00:00,642.9316888057486
2045-08-20 10:00:00,643.7191650865823
2045-08-20 11:00:00,644.5066413674159
2045-08-20 12:00:00,645.2941176482495
2045-08-20 13:00:00,646.0815939290832
2045-08-20 14:00:00,646.8690702099168
2045-08-20 15:00:00,647.6565464907504
2045-08-20 16:00:00,648.4440227715841
2045-08-20 17:00:00,649.2314990524177
2045-08-20 18:00:00,650.0189753332513
2045-08-20 19:00:00,650.806451614085
2045-08-20 20:00:00,651.5939278949186
2045-08-20 21:00:00,652.3814041757522
2045-08-20 22:00:00,653.1688804565858
2045-08-20 23:00:00,653.9563567374195
2045-08-21 00:00:00,654.7438330182531
2045-08-21 01:00:00,655.5313092990867
2045-08-21 02:00:00,656.3187855799204
2045-08-21 03:00:00,657.106261860754
2045-08-21 04:00:00,657.8937381415876
2045-08-21 05:00:00,658.6812144224212
2045-08-21 06:00:00,659.4686907032549
2045-08-21 07:00:00,660.2561669840885
2045-08-21 08:00:00,661.0436432649221
2045-08-21 09:00:00,661.8311195457558
2045-08-21 10:00:00,662.6185958265894
2045-08-21 11:00:00,663.406072107423
2045-08-21 12:00:00,664.1935483882567
2045-08-21 13:00:00,664.9810246690903
2045-08-21 14:00:00,665.7685009499239
2045-08-21 15:00:00,666.5559772307575
2045-08-21 16:00:00,667.3434535115912
2045-08-21 17:00:00,668.1309297924248
2045-08-21 18:00:00,668.9184060732584
2045-08-21 19:00:00,648.9184060732584
2045-08-21 20:00:00,628.9184060732584
2045-08-21 21:00:00,608.9184060732584
2045-08-21 22:00:00,609.7058823540921
2045-08-21 23:00:00,610.4933586349257
2045-08-22 00:00:00,611.2808349157593
2045-08-22 01:00:00,612.068311196593
2045-08-22 02:00:00,612.8557874774266
2045-08-22 03:00:00,613.6432637582602
2045-08-22 04:00:00,614.4307400390938
2045-08-22 05:00:00,615.2182163199275
2045-08-22 06:00:00,616.0056926007611
2045-08-22 07:00:00,616.7931688815947
2045-08-22 08:00:00,617.5806451624284
2045-08-22 09:00:00,618.368121443262
2045-08-22 10:00:00,619.1555977240956
2045-08-22 11:00:00,619.9430740049293
2045-08-22 12:00:00,620.7305502857629
2045-08-22 13:00:00,621.5180265665965
2045-08-22 14:00:00,622.3055028474301
2045-08-22 15:00:00,623.0929791282638
2045-08-22 16:00:00,623.8804554090974
2045-08-22 17:00:00,624.667931689931
2045-08-22 18:00:00,625.4554079707647
2045-08-22 19:00:00,626.2428842515983
2045-08-22 20:00:00,627.0303605324319
2045-08-22 21:00:00,627.8178368132656
2045-08-22 22:00:00,628.6053130940992
2045-08-22 23:00:00,629.3927893749328
2045-08-23 00:00:00,630.1802656557664
2045-08-23 01:00:00,630.9677419366001
2045-08-23 02:00:00,631.7552182174337
2045-08-23 03:00:00,632.5426944982673
2045-08-23 04:00:00,633.330170779101
2045-08-23 05:00:00,634.1176470599346
2045-08-23 06:00:00,634.9051233407682
2045-08-23 07:00:00,635.6925996216019
2045-08-23 08:00:00,636.4800759024355
2045-08-23 09:00:00,637.2675521832691
2045-08-23 10:00:00,638.0550284641027
2045-08-23 11:00:00,638.8425047449364
2045-08-23 12:00:00,639.62998102577
2045-08-23 13:00:00,640.4174573066036
2045-08-23 14:00:00,641.2049335874373
2045-08-23 15:00:00,641.9924098682709
2045-08-23 16:00:00,642.7798861491045
2045-08-23 17:00:00,643.5673624299382
2045-08-23 18:00:00,644.3548387107718
2045-08-23 19:00:00,645.1423149916054
2045-08-23 20:00:00,645.929791272439
2045-08-23 21:00:00,646.7172675532727
2045-08-23 22:00:00,647.5047438341063
2045-08-23 23:00:00,648.2922201149399
2045-08-24 00:00:00,649.0796963957736
2045-08-24 01:00:00,649.8671726766072
2045-08-24 02:00:00,650.6546489574408
2045-08-24 03:00:00,651.4421252382745
2045-08-24 04:00:00,652.2296015191081
2045-08-24 05:00:00,653.0170777999417
2045-08-24 06:00:00,653.8045540807753
2045-08-24 07:00:00,654.592030361609
2045-08-24 08:00:00,655.3795066424426
2045-08-24 09:00:00,656.1669829232762
2045-08-24 10:00:00,656.9544592041099
2045-08-24 11:00:00,657.7419354849435
2045-08-24 12:00:00,658.5294117657771
2045-08-24 13:00:00,659.3168880466108
2045-08-24 14:00:00,660.1043643274444
2045-08-24 15:00:00,660.891840608278
2045-08-24 16:00:00,661.6793168891116
2045-08-24 17:00:00,662.4667931699453
2045-08-24 18:00:00,663.2542694507789
2045-08-24 19:00:00,664.0417457316125
2045-08-24 20:00:00,664.8292220124462
2045-08-24 21:00:00,665.6166982932798
2045-08-24 22:00:00,666.4041745741134
2045-08-24 23:00:00,667.191650854947
2045-08-25 00:00:00,667.9791271357807
2045-08-25 01:00:00,668.7666034166143
2045-08-25 02:00:00,669.554079697448
2045-08-25 03:00:00,670.3415559782816
2045-08-25 04:00:00,671.1290322591152
2045-08-25 05:00:00,671.9165085399488
2045-08-25 06:00:00,672.7039848207825
2045-08-25 07:00:00,673.4914611016161
2045-08-25 08:00:00,674.2789373824497
2045-08-25 09:00:00,675.0664136632834
2045-08-25 10:00:00,675.853889944117
2045-08-25 11:00:00,676.6413662249506
2045-08-25 12:00:00,677.4288425057842
2045-08-25 13:00:00,678.2163187866179
2045-08-25 14:00:00,679.0037950674515
2045-08-25 15:00:00,679.7912713482851
2045-08-25 16:00:00,680.5787476291188
2045-08-25 17:00:00,681.3662239099524
2045-08-25 18:00:00,682.153700190786
2045-08-25 19:00:00,682.9411764716197
2045-08-25 20:00:00,683.7286527524533
2045-08-25 21:00:00,684.5161290332869
2045-08-25 22:00:00,685.3036053141205
2045-08-25 23:00:00,686.0910815949542
2045-08-26 00:00:00,686.8785578757878
2045-08-26 01:00:00,687.6660341566214
2045-08-26 02:00:00,688.4535104374551
2045-08-26 03:00:00,689.2409867182887
2045-08-26 04:00:00,690.0284629991223
2045-08-26 05:00:00,690.815939279956
2045-08-26 06:00:00,691.6034155607896
2045-08-26 07:00:00,692.3908918416232
2045-08-26 08:00:00,693.1783681224568
2045-08-26 09:00:00,693.9658444032905
2045-08-26 10:00:00,694.7533206841241
2045-08-26 11:00:00,695.5407969649577
2045-08-26 12:00:00,696.3282732457914
2045-08-26 13:00:00,697.115749526625
2045-08-26 14:00:00,697.9032258074586
2045-08-26 15:00:00,698.6907020882923
2045-08-26 16:00:00,699.4781783691259
2045-08-26 17:00:00,700.2656546499595
2045-08-26 18:00:00,701.0531309307931
2045-08-26 19:00:00,701.8406072116268
2045-08-26 20:00:00,681.8406072116268
2045-08-26 21:00:00,661.8406072116268
2045-08-26 22:00:00,641.8406072116268
2045-08-26 23:00:00,621.8406072116268
2045-08-27 00:00:00,622.6280834924601
2045-08-27 01:00:00,623.4155597732934
2045-08-27 02:00:00,624.2030360541266
2045-08-27 03:00:00,624.9905123349599
2045-08-27 04:00:00,625.7779886157932
2045-08-27 05:00:00,626.5654648966265
2045-08-27 06:00:00,627.3529411774598
2045-08-27 07:00:00,628.1404174582931
2045-08-27 08:00:00,628.9278937391264
2045-08-27 09:00:00,629.7153700199597
2045-08-27 10:00:00,630.502846300793
2045-08-27 11:00:00,631.2903225816262
2045-08-27 12:00:00,632.0777988624595
2045-08-27 13:00:00,632.8652751432928
2045-08-27 14:00:00,633.6527514241261
2045-08-27 15:00:00,634.4402277049594
2045-08-27 16:00:00,635.2277039857927
2045-08-27 17:00:00,636.015180266626
2045-08-27 18:00:00,616.015180266626
2045-08-27 19:00:00,616.8026565474593
2045-08-27 20:00:00,617.5901328282926
2045-08-27 21:00:00,618.3776091091258
2045-08-27 22:00:00,619.1650853899591
2045-08-27 23:00:00,619.9525616707924
2045-08-28 00:00:00,620.7400379516257
2045-08-28 01:00:00,621.527514232459
2045-08-28 02:00:00,622.3149905132923
2045-08-28 03:00:00,623.1024667941256
2045-08-28 04:00:00,623.8899430749589
2045-08-28 05:00:00,624.6774193557922
2045-08-28 06:00:00,625.4648956366254
2045-08-28 07:00:00,626.2523719174587
2045-08-28 08:00:00,627.039848198292
2045-08-28 09:00:00,627.8273244791253
2045-08-28 10:00:00,628.6148007599586
2045-08-28 11:00:00,629.4022770407919
2045-08-28 12:00:00,630.1897533216252
2045-08-28 13:00:00,630.9772296024585
2045-08-28 14:00:00,631.7647058832918
2045-08-28 15:00:00,632.552182164125
2045-08-28 16:00:00,633.3396584449583
2045-08-28 17:00:00,634.1271347257916
2045-08-28 18:00:00,634.9146110066249
2045-08-28 19:00:00,635.7020872874582
2045-08-28 20:00:00,636.4895635682915
2045-08-28 21:00:00,637.2770398491248
2045-08-28 22:00:00,638.0645161299581
2045-08-28 23:00:00,638.8519924107914
2045-08-29 00:00:00,639.6394686916246
2045-08-29 01:00:00,640.4269449724579
2045-08-29 02:00:00,641.2144212532912
2045-08-29 03:00:00,642.0018975341245
2045-08-29 04:00:00,642.7893738149578
2045-08-29 05:00:00,643.5768500957911
2045-08-29 06:00:00,644.3643263766244
2045-08-29 07:00:00,645.1518026574577
2045-08-29 08:00:00,645.939278938291
2045-08-29 09:00:00,646.7267552191242
2045-08-29 10:00:00,647.5142314999575
2045-08-29 11:00:00,648.3017077807908
2045-08-29 12:00:00,649.0891840616241
2045-08-29 13:00:00,649.8766603424574
2045-08-29 14:00:00,650.6641366232907
2045-08-29 15:00:00,630.6641366232907
2045-08-29 16:00:00,610.6641366232907
2045-08-29 17:00:00,590.6641366232907
2045-08-29 18:00:00,570.6641366232907
2045-08-29 19:00:00,550.6641366232907
2045-08-29 20:00:00,530.6641366232907
2045-08-29 21:00:00,510.6641366232907
2045-08-29 22:00:00,490.6641366232907
2045-08-29 23:00:00,470.6641366232907
2045-08-30 00:00:00,450.6641366232907
2045-08-30 01:00:00,451.451612904124
2045-08-30 02:00:00,452.23908918495727
2045-08-30 03:00:00,453.02656546579055
2045-08-30 04:00:00,453.81404174662384
2045-08-30 05:00:00,454.60151802745713
2045-08-30 06:00:00,455.3889943082904
2045-08-30 07:00:00,456.1764705891237
2045-08-30 08:00:00,456.963946869957
2045-08-30 09:00:00,457.7514231507903
2045-08-30 10:00:00,458.5388994316236
2045-08-30 11:00:00,459.32637571245687
2045-08-30 12:00:00,460.11385199329015
2045-08-30 13:00:00,460.90132827412344
2045-08-30 14:00:00,461.68880455495673
2045-08-30 15:00:00,462.47628083579
2045-08-30 16:00:00,463.2637571166233
2045-08-30 17:00:00,464.0512333974566
2045-08-30 18:00:00,464.8387096782899
2045-08-30 19:00:00,465.6261859591232
2045-08-30 20:00:00,466.41366223995647
2045-08-30 21:00:00,467.20113852078975
2045-08-30 22:00:00,467.98861480162304
2045-08-30 23:00:00,468.77609108245633
2045-08-31 00:00:00,469.5635673632896
2045-08-31 01:00:00,470.3510436441229
2045-08-31 02:00:00,471.1385199249562
2045-08-31 03:00:00,471.9259962057895
2045-08-31 04:00:00,472.7134724866228
2045-08-31 05:00:00,473.50094876745607
2045-08-31 06:00:00,474.28842504828935
2045-08-31 07:00:00,475.07590132912264
2045-08-31 08:00:00,475.86337760995593
2045-08-31 09:00:00,476.6508538907892
2045-08-31 10:00:00,477.4383301716225
2045-08-31 11:00:00,478.2258064524558
2045-08-31 12:00:00,479.0132827332891
2045-08-31 13:00:00,479.8007590141224
2045-08-31 14:00:00,480.58823529495567
2045-08-31 15:00:00,481.37571157578896
2045-08-31 16:00:00,482.16318785662224
2045-08-31 17:00:00,482.95066413745553
2045-08-31 18:00:00,483.7381404182888
2045-08-31 19:00:00,484.5256166991221
2045-08-31 20:00:00,485.3130929799554
2045-08-31 21:00:00,486.1005692607887
2045-08-31 22:00:00,486.888045541622
2045-08-31 23:00:00,487.67552182245527
2045-09-01 00:00:00,488.46299810328856
2045-09-01 01:00:00,489.25047438412184
2045-09-01 02:00:00,490.03795066495513
2045-09-01 03:00:00,490.8254269457884
2045-09-01 04:00:00,491.6129032266217
2045-09-01 05:00:00,492.400379507455
2045-09-01 06:00:00,493.1878557882883
2045-09-01 07:00:00,493.9753320691216
2045-09-01 08:00:00,494.76280834995487
2045-09-01 09:00:00,495.55028463078816
2045-09-01 10:00:00,496.33776091162144
2045-09-01 11:00:00,497.12523719245473
2045-09-01 12:00:00,497.912713473288
2045-09-01 13:00:00,498.7001897541213
2045-09-01 14:00:00,499.4876660349546
2045-09-01 15:00:00,500.2751423157879
2045-09-01 16:00:00,501.0626185966212
2045-09-01 17:00:00,501.85009487745447
2045-09-01 18:00:00,502.63757115828776
2045-09-01 19:00:00,503.42504743912104
2045-09-01 20:00:00,483.42504743912104
2045-09-01 21:00:00,463.42504743912104
2045-09-01 22:00:00,443.42504743912104
2045-09-01 23:00:00,423.42504743912104
2045-09-02 00:00:00,403.42504743912104
2045-09-02 01:00:00,404.21252371995433
2045-09-02 02:00:00,405.0000000007876
2045-09-02 03:00:00,405.7874762816209
2045-09-02 04:00:00,406.5749525624542
2045-09-02 05:00:00,407.3624288432875
2045-09-02 06:00:00,408.1499051241208
2045-09-02 07:00:00,408.93738140495407
2045-09-02 08:00:00,409.72485768578736
2045-09-02 09:00:00,410.51233396662064
2045-09-02 10:00:00,411.29981024745393
2045-09-02 11:00:00,412.0872865282872
2045-09-02 12:00:00,412.8747628091205
2045-09-02 13:00:00,413.6622390899538
2045-09-02 14:00:00,414.4497153707871
2045-09-02 15:00:00,415.2371916516204
2045-09-02 16:00:00,416.02466793245367
2045-09-02 17:00:00,416.81214421328696
2045-09-02 18:00:00,417.59962049412024
2045-09-02 19:00:00,418.38709677495353
2045-09-02 20:00:00,419.1745730557868
2045-09-02 21:00:00,399.1745730557868
2045-09-02 22:00:00,379.1745730557868
2045-09-02 23:00:00,359.1745730557868
2045-09-03 00:00:00,339.1745730557868
2045-09-03 01:00:00,339.9620493366201
2045-09-03 02:00:00,340.7495256174534
2045-09-03 03:00:00,341.5370018982867
2045-09-03 04:00:00,342.32447817912
2045-09-03 05:00:00,343.11195445995327
2045-09-03 06:00:00,343.89943074078656
2045-09-03 07:00:00,344.68690702161985
2045-09-03 08:00:00,345.47438330245313
2045-09-03 09:00:00,346.2618595832864
2045-09-03 10:00:00,347.0493358641197
2045-09-03 11:00:00,347.836812144953
2045-09-03 12:00:00,348.6242884257863
2045-09-03 13:00:00,349.4117647066196
2045-09-03 14:00:00,350.19924098745287
2045-09-03 15:00:00,350.98671726828616
2045-09-03 16:00:00,351.77419354911945
2045-09-03 17:00:00,352.56166982995273
2045-09-03 18:00:00,353.349146110786
2045-09-03 19:00:00,354.1366223916193
2045-09-03 20:00:00,354.9240986724526
2045-09-03 21:00:00,355.7115749532859
2045-09-03 22:00:00,356.4990512341192
2045-09-03 23:00:00,357.28652751495247
2045-09-04 00:00:00,358.07400379578576
2045-09-04 01:00:00,358.86148007661905
2045-09-04 02:00:00,359.64895635745233
2045-09-04 03:00:00,360.4364326382856
2045-09-04 04:00:00,361.2239089191189
2045-09-04 05:00:00,362.0113851999522
2045-09-04 06:00:00,362.7988614807855
2045-09-04 07:00:00,363.5863377616188
2045-09-04 08:00:00,364.37381404245207
2045-09-04 09:00:00,365.16129032328536
2045-09-04 10:00:00,365.94876660411865
2045-09-04 11:00:00,366.73624288495193
2045-09-04 12:00:00,367.5237191657852
2045-09-04 13:00:00,368.3111954466185
2045-09-04 14:00:00,369.0986717274518
2045-09-04 15:00:00,369.8861480082851
2045-09-04 16:00:00,370.6736242891184
2045-09-04 17:00:00,371.46110056995167
2045-09-04 18:00:00,372.24857685078496
2045-09-04 19:00:00,373.03605313161825
2045-09-04 20:00:00,373.82352941245153
2045-09-04 21:00:00,374.6110056932848
2045-09-04 22:00:00,375.3984819741181
2045-09-04 23:00:00,376.1859582549514
2045-09-05 00:00:00,376.9734345357847
2045-09-05 01:00:00,377.760910816618
2045-09-05 02:00:00,378.54838709745127
2045-09-05 03:00:00,379.33586337828456
2045-09-05 04:00:00,380.12333965911785
2045-09-05 05:00:00,380.91081593995114
2045-09-05 06:00:00,381.6982922207844
2045-09-05 07:00:00,382.4857685016177
2045-09-05 08:00:00,383.273244782451
2045-09-05 09:00:00,384.0607210632843
2045-09-05 10:00:00,384.8481973441176
2045-09-05 11:00:00,385.63567362495087
2045-09-05 12:00:00,386.42314990578416
2045-09-05 13:00:00,387.21062618661745
2045-09-05 14:00:00,387.99810246745074
2045-09-05 15:00:00,388.785578748284
2045-09-05 16:00:00,389.5730550291173
2045-09-05 17:00:00,390.3605313099506
2045-09-05 18:00:00,391.1480075907839
2045-09-05 19:00:00,391.9354838716172
2045-09-05 20:00:00,392.72296015244865
2045-09-05 21:00:00,393.51043643328194
2045-09-05 22:00:00,394.2979127141152
2045-09-05 23:00:00,395.0853889949485
2045-09-06 00:00:00,395.8728652757818
2045-09-06 01:00:00,396.6603415566151
2045-09-06 02:00:00,397.4478178374484
2045-09-06 03:00:00,398.2352941182817
2045-09-06 04:00:00,399.02277039911496
2045-09-06 05:00:00,399.81024667994825
2045-09-06 06:00:00,400.59772296078154
2045-09-06 07:00:00,401.3851992416148
2045-09-06 08:00:00,402.1726755224481
2045-09-06 09:00:00,402.9601518032814
2045-09-06 10:00:00,403.7476280841147
2045-09-06 11:00:00,404.535104364948
2045-09-06 12:00:00,405.3225806457813
2045-09-06 13:00:00,406.11005692661456
2045-09-06 14:00:00,406.89753320744785
2045-09-06 15:00:00,407.68500948828114
2045-09-06 16:00:00,387.68500948828114
2045-09-06 17:00:00,367.68500948828114
2045-09-06 18:00:00,347.68500948828114
2045-09-06 19:00:00,327.68500948828114
2045-09-06 20:00:00,307.68500948828114
2045-09-06 21:00:00,287.68500948828114
2045-09-06 22:00:00,288.4724857691144
2045-09-06 23:00:00,289.2599620499477
2045-09-07 00:00:00,290.047438330781
2045-09-07 01:00:00,290.8349146116143
2045-09-07 02:00:00,291.6223908924476
2045-09-07 03:00:00,292.4098671732809
2045-09-07 04:00:00,293.19734345411416
2045-09-07 05:00:00,293.98481973494745
2045-09-07 06:00:00,294.77229601578074
2045-09-07 07:00:00,295.559772296614
2045-09-07 08:00:00,296.3472485774473
2045-09-07 09:00:00,297.1347248582806
2045-09-07 10:00:00,297.9222011391139
2045-09-07 11:00:00,298.7096774199472
2045-09-07 12:00:00,299.4971537007805
2045-09-07 13:00:00,300.28462998161376
2045-09-07 14:00:00,301.07210626244705
2045-09-07 15:00:00,301.85958254328034
2045-09-07 16:00:00,302.6470588241136
2045-09-07 17:00:00,303.4345351049469
2045-09-07 18:00:00,304.2220113857802
2045-09-07 19:00:00,305.0094876666135
2045-09-07 20:00:00,305.7969639474468
2045-09-07 21:00:00,306.5844402282801
2045-09-07 22:00:00,307.37191650911336
2045-09-07 23:00:00,308.15939278994665
2045-09-08 00:00:00,308.94686907077994
2045-09-08 01:00:00,309.73434535161414
2045-09-08 02:00:00,310.5218216324474
2045-09-08 03:00:00,311.3092979132807
2045-09-08 04:00:00,312.096774194114
2045-09-08 05:00:00,312.8842504749473
2045-09-08 06:00:00,313.6717267557806
2045-09-08 07:00:00,314.45920303661387
2045-09-08 08:00:00,315.24667931744716
2045-09-08 09:00:00,316.03415559828045
2045-09-08 10:00:00,316.82163187911374
2045-09-08 11:00:00,317.609108159947
2045-09-08 12:00:00,318.3965844407803
2045-09-08 13:00:00,319.1840607216136
2045-09-08 14:00:00,319.9715370024469
2045-09-08 15:00:00,320.7590132832802
2045-09-08 16:00:00,321.5464895641135
2045-09-08 17:00:00,322.33396584494676
2045-09-08 18:00:00,323.12144212578005
2045-09-08 19:00:00,323.90891840661334
2045-09-08 20:00:00,324.6963946874466
2045-09-08 21:00:00,325.4838709682799
2045-09-08 22:00:00,326.2713472491132
2045-09-08 23:00:00,327.0588235299465
2045-09-09 00:00:00,327.8462998107798
2045-09-09 01:00:00,328.6337760916131
2045-09-09 02:00:00,329.42125237244636
2045-09-09 03:00:00,330.20872865327965
2045-09-09 04:00:00,330.99620493411294
2045-09-09 05:00:00,331.7836812149462
2045-09-09 06:00:00,332.5711574957795
2045-09-09 07:00:00,333.3586337766128
2045-09-09 08:00:00,334.1461100574461
2045-09-09 09:00:00,334.9335863382785
2045-09-09 10:00:00,335.72106261911176
2045-09-09 11:00:00,336.50853889994505
2045-09-09 12:00:00,337.29601518077834
2045-09-09 13:00:00,317.29601518077834
2045-09-09 14:00:00,297.29601518077834
2045-09-09 15:00:00,277.29601518077834
2045-09-09 16:00:00,278.08349146161163
2045-09-09 17:00:00,278.8709677424449
2045-09-09 18:00:00,258.8709677424449
2045-09-09 19:00:00,259.6584440232782
2045-09-09 20:00:00,260.4459203041115
2045-09-09 21:00:00,261.2333965849448
2045-09-09 22:00:00,262.0208728657781
2045-09-09 23:00:00,262.80834914661136
2045-09-10 00:00:00,263.59582542744465
2045-09-10 01:00:00,264.38330170827794
2045-09-10 02:00:00,265.17077798911123
2045-09-10 03:00:00,265.9582542699445
2045-09-10 04:00:00,266.7457305507778
2045-09-10 05:00:00,267.5332068316111
2045-09-10 06:00:00,268.3206831124444
2045-09-10 07:00:00,269.1081593932777
2045-09-10 08:00:00,269.89563567411096
2045-09-10 09:00:00,270.68311195494425
2045-09-10 10:00:00,271.47058823577754
2045-09-10 11:00:00,272.25806451661083
2045-09-10 12:00:00,273.0455407974441
2045-09-10 13:00:00,273.8330170782774
2045-09-10 14:00:00,274.6204933591107
2045-09-10 15:00:00,275.407969639944
2045-09-10 16:00:00,276.1954459207773
2045-09-10 17:00:00,256.1954459207773
2045-09-10 18:00:00,236.19544592077727
2045-09-10 19:00:00,216.19544592077727
2045-09-10 20:00:00,196.19544592077727
2045-09-10 21:00:00,176.19544592077727
2045-09-10 22:00:00,156.19544592077727
2045-09-10 23:00:00,136.19544592077727
2045-09-11 00:00:00,116.19544592077727
2045-09-11 01:00:00,116.98292220161056
2045-09-11 02:00:00,117.77039848244385
2045-09-11 03:00:00,118.55787476327714
2045-09-11 04:00:00,119.34535104411043
2045-09-11 05:00:00,120.13282732494372
2045-09-11 06:00:00,120.92030360577701
2045-09-11 07:00:00,121.7077798866103
2045-09-11 08:00:00,122.49525616744359
2045-09-11 09:00:00,123.28273244827687
2045-09-11 10:00:00,124.07020872911016
2045-09-11 11:00:00,124.85768500994345
2045-09-11 12:00:00,125.64516129077674
2045-09-11 13:00:00,126.43263757161003
2045-09-11 14:00:00,127.22011385244332
2045-09-11 15:00:00,128.0075901332766
2045-09-11 16:00:00,128.7950664141099
2045-09-11 17:00:00,129.58254269494319
2045-09-11 18:00:00,130.37001897577647
2045-09-11 19:00:00,131.15749525660976
2045-09-11 20:00:00,131.94497153744305
2045-09-11 21:00:00,132.73244781827634
2045-09-11 22:00:00,133.51992409910963
2045-09-11 23:00:00,113.51992409910963
2045-09-12 00:00:00,93.51992409910963
2045-09-12 01:00:00,94.30740037994292
2045-09-12 02:00:00,95.09487666077621
2045-09-12 03:00:00,95.8823529416095
2045-09-12 04:00:00,96.66982922244279
2045-09-12 05:00:00,97.45730550327607
2045-09-12 06:00:00,98.24478178410936
2045-09-12 07:00:00,99.03225806494265
2045-09-12 08:00:00,99.81973434577594
2045-09-12 09:00:00,100.60721062660923
2045-09-12 10:00:00,101.39468690744252
2045-09-12 11:00:00,102.18216318827581
2045-09-12 12:00:00,102.9696394691091
2045-09-12 13:00:00,82.9696394691091
2045-09-12 14:00:00,83.75711574994239
2045-09-12 15:00:00,84.54459203077568
2045-09-12 16:00:00,85.33206831160896
2045-09-12 17:00:00,86.11954459244225
2045-09-12 18:00:00,86.90702087327554
2045-09-12 19:00:00,87.69449715410883
2045-09-12 20:00:00,88.48197343494212
2045-09-12 21:00:00,89.26944971577541
2045-09-12 22:00:00,90.0569259966087
2045-09-12 23:00:00,90.84440227744199
2045-09-13 00:00:00,91.63187855827528
2045-09-13 01:00:00,92.41935483910856
2045-09-13 02:00:00,93.20683111994185
2045-09-13 03:00:00,93.99430740077514
2045-09-13 04:00:00,94.78178368160843
2045-09-13 05:00:00,95.56925996244172
2045-09-13 06:00:00,96.35673624327501
2045-09-13 07:00:00,97.1442125241083
2045-09-13 08:00:00,97.93168880494159
2045-09-13 09:00:00,98.71916508577488
2045-09-13 10:00:00,99.50664136660816
2045-09-13 11:00:00,100.29411764744145
2045-09-13 12:00:00,101.08159392827474
2045-09-13 13:00:00,81.08159392827474
2045-09-13 14:00:00,81.86907020910803
2045-09-13 15:00:00,82.65654648994132
2045-09-13 16:00:00,83.44402277077461
2045-09-13 17:00:00,84.2314990516079
2045-09-13 18:00:00,85.01897533244119
2045-09-13 19:00:00,85.80645161327448
2045-09-13 20:00:00,86.59392789410776
2045-09-13 21:00:00,87.38140417494105
2045-09-13 22:00:00,88.16888045577434
2045-09-13 23:00:00,88.95635673660763
2045-09-14 00:00:00,89.74383301744092
2045-09-14 01:00:00,90.53130929827421
2045-09-14 02:00:00,91.3187855791075
2045-09-14 03:00:00,92.10626185994079
2045-09-14 04:00:00,92.89373814077408
2045-09-14 05:00:00,93.68121442160736
2045-09-14 06:00:00,94.46869070244065
2045-09-14 07:00:00,95.25616698327394
2045-09-14 08:00:00,96.04364326410723
2045-09-14 09:00:00,96.83111954494052
2045-09-14 10:00:00,97.61859582577381
2045-09-14 11:00:00,98.4060721066071
2045-09-14 12:00:00,99.19354838744039
2045-09-14 13:00:00,99.98102466827368
2045-09-14 14:00:00,100.76850094910696
2045-09-14 15:00:00,101.55597722994025
2045-09-14 16:00:00,102.34345351077354
2045-09-14 17:00:00,103.13092979160683
2045-09-14 18:00:00,103.91840607244012
2045-09-14 19:00:00,104.70588235327341
2045-09-14 20:00:00,105.4933586341067
2045-09-14 21:00:00,106.28083491493999
2045-09-14 22:00:00,107.06831119577328
2045-09-14 23:00:00,107.85578747660657
2045-09-15 00:00:00,108.64326375743985
2045-09-15 01:00:00,109.43074003827314
2045-09-15 02:00:00,110.21821631910643
2045-09-15 03:00:00,111.00569259993972
2045-09-15 04:00:00,111.79316888077301
2045-09-15 05:00:00,112.5806451616063
2045-09-15 06:00:00,113.36812144243959
2045-09-15 07:00:00,114.15559772327288
2045-09-15 08:00:00,114.94307400410617
2045-09-15 09:00:00,115.73055028493945
2045-09-15 10:00:00,116.51802656577274
2045-09-15 11:00:00,117.30550284660603
2045-09-15 12:00:00,118.09297912743932
2045-09-15 13:00:00,118.88045540827261
2045-09-15 14:00:00,119.6679316891059
2045-09-15 15:00:00,120.45540796993919
2045-09-15 16:00:00,121.24288425077248
2045-09-15 17:00:00,122.03036053160577
2045-09-15 18:00:00,122.81783681243905
2045-09-15 19:00:00,123.60531309327234
2045-09-15 20:00:00,124.39278937410563
2045-09-15 21:00:00,125.18026565493892
2045-09-15 22:00:00,125.96774193577221
2045-09-15 23:00:00,126.7552182166055
2045-09-16 00:00:00,127.54269449743879
2045-09-16 01:00:00,128.33017077827208
2045-09-16 02:00:00,129.11764705910537
2045-09-16 03:00:00,129.90512333993865
2045-09-16 04:00:00,130.69259962077194
2045-09-16 05:00:00,131.48007590160523
2045-09-16 06:00:00,132.26755218243852
2045-09-16 07:00:00,133.0550284632718
2045-09-16 08:00:00,133.8425047441051
2045-09-16 09:00:00,134.6299810249384
2045-09-16 10:00:00,135.41745730577168
2045-09-16 11:00:00,136.20493358660497
2045-09-16 12:00:00,136.99240986743825
2045-09-16 13:00:00,137.77988614827154
2045-09-16 14:00:00,138.56736242910392
2045-09-16 15:00:00,139.3548387099372
2045-09-16 16:00:00,140.1423149907705
2045-09-16 17:00:00,140.9297912716038
2045-09-16 18:00:00,141.71726755243708
2045-09-16 19:00:00,142.50474383327037
2045-09-16 20:00:00,143.29222011410366
2045-09-16 21:00:00,144.07969639493695
2045-09-16 22:00:00,144.8671726757707
2045-09-16 23:00:00,145.65464895660398
2045-09-17 00:00:00,146.44212523743727
2045-09-17 01:00:00,147.22960151827056
2045-09-17 02:00:00,148.01707779910384
2045-09-17 03:00:00,148.80455407993713
2045-09-17 04:00:00,149.59203036077042
2045-09-17 05:00:00,150.3795066416037
2045-09-17 06:00:00,151.166982922437
2045-09-17 07:00:00,151.9544592032703
2045-09-17 08:00:00,152.74193548410358
2045-09-17 09:00:00,153.52941176493687
2045-09-17 10:00:00,154.31688804577016
2045-09-17 11:00:00,155.10436432660345
2045-09-17 12:00:00,155.89184060743673
2045-09-17 13:00:00,156.67931688827048
2045-09-17 14:00:00,157.46679316910422
2045-09-17 15:00:00,158.2542694499375
2045-09-17 16:00:00,159.04174573077125
2045-09-17 17:00:00,159.829222011605
2045-09-17 18:00:00,160.61669829243874
2045-09-17 19:00:00,161.40417457327248
2045-09-17 20:00:00,162.19165085410623
2045-09-17 21:00:00,162.97912713493997
2045-09-17 22:00:00,163.76660341577372
2045-09-17 23:00:00,164.55407969660746
2045-09-18 00:00:00,165.3415559774412
2045-09-18 01:00:00,166.12903225827495
2045-09-18 02:00:00,166.9165085391087
2045-09-18 03:00:00,167.70398481994198
2045-09-18 04:00:00,168.49146110077572
2045-09-18 05:00:00,169.27893738160947
2045-09-18 06:00:00,170.0664136624432
2045-09-18 07:00:00,170.85388994327695
2045-09-18 08:00:00,171.6413662241107
2045-09-18 09:00:00,172.42884250494444
2045-09-18 10:00:00,173.21631878577818
2045-09-18 11:00:00,174.00379506661193
2045-09-18 12:00:00,174.79127134744567
2045-09-18 13:00:00,175.57874762827942
2045-09-18 14:00:00,176.36622390911316
2045-09-18 15:00:00,177.15370018994645
2045-09-18 16:00:00,177.9411764707802
2045-09-18 17:00:00,178.72865275161394
2045-09-18 18:00:00,179.51612903244768
2045-09-18 19:00:00,180.30360531328142
2045-09-18 20:00:00,181.09108159411517
2045-09-18 21:00:00,181.8785578749489
2045-09-18 22:00:00,182.66603415578265
2045-09-18 23:00:00,183.4535104366164
2045-09-19 00:00:00,184.24098671745014
2045-09-19 01:00:00,185.02846299828389
2045-09-19 02:00:00,185.81593927911717
2045-09-19 03:00:00,186.60341555995092
2045-09-19 04:00:00,187.39089184078466
2045-09-19 05:00:00,188.1783681216184
2045-09-19 06:00:00,188.96584440245215
2045-09-19 07:00:00,189.7533206832859
2045-09-19 08:00:00,190.54079696411964
2045-09-19 09:00:00,191.32827324495338
2045-09-19 10:00:00,192.11574952578712
2045-09-19 11:00:00,192.90322580662087
2045-09-19 12:00:00,193.6907020874546
2045-09-19 13:00:00,194.47817836828835
2045-09-19 14:00:00,195.26565464912164
2045-09-19 15:00:00,196.0531309299554
2045-09-19 16:00:00,196.84060721078913
2045-09-19 17:00:00,197.62808349162287
2045-09-19 18:00:00,198.41555977245662
2045-09-19 19:00:00,199.20303605329036
2045-09-19 20:00:00,199.9905123341241
2045-09-19 21:00:00,200.77798861495785
2045-09-19 22:00:00,201.5654648957916
2045-09-19 23:00:00,202.35294117662534
2045-09-20 00:00:00,203.14041745745908
2045-09-20 01:00:00,203.92789373829282
2045-09-20 02:00:00,204.7153700191261
2045-09-20 03:00:00,205.50284629995986
2045-09-20 04:00:00,206.2903225807936
2045-09-20 05:00:00,207.07779886162734
2045-09-20 06:00:00,207.8652751424611
2045-09-20 07:00:00,208.65275142329483
2045-09-20 08:00:00,209.44022770412857
2045-09-20 09:00:00,210.22770398496232
2045-09-20 10:00:00,211.01518026579606
2045-09-20 11:00:00,211.8026565466298
2045-09-20 12:00:00,212.59013282746355
2045-09-20 13:00:00,213.3776091082973
2045-09-20 14:00:00,214.16508538913058
2045-09-20 15:00:00,214.95256166996433
2045-09-20 16:00:00,215.74003795079807
2045-09-20 17:00:00,216.5275142316318
2045-09-20 18:00:00,217.31499051246556
2045-09-20 19:00:00,218.1024667932993
2045-09-20 20:00:00,218.88994307413304
2045-09-20 21:00:00,219.6774193549668
2045-09-20 22:00:00,220.46489563580053
2045-09-20 23:00:00,221.25237191663427
2045-09-21 00:00:00,222.03984819746802
2045-09-21 01:00:00,222.82732447830153
2045-09-21 02:00:00,223.61480075913528
2045-09-21 03:00:00,224.40227703996902
2045-09-21 04:00:00,225.18975332080277
2045-09-21 05:00:00,225.97722960163628
2045-09-21 06:00:00,226.76470588247003
2045-09-21 07:00:00,227.55218216330377
2045-09-21 08:00:00,228.33965844413729
2045-09-21 09:00:00,229.12713472497103
2045-09-21 10:00:00,229.91461100580477
2045-09-21 11:00:00,230.7020872866383
2045-09-21 12:00:00,231.48956356747203
2045-09-21 13:00:00,232.27703984830578
2045-09-21 14:00:00,233.06451612913952
2045-09-21 15:00:00,233.85199240997326
2045-09-21 16:00:00,234.639468690807
2045-09-21 17:00:00,235.42694497164052
2045-09-21 18:00:00,236.21442125247427
2045-09-21 19:00:00,237.001897533308
2045-09-21 20:00:00,237.78937381414175
2045-09-21 21:00:00,238.5768500949755
2045-09-21 22:00:00,239.36432637580924
2045-09-21 23:00:00,240.15180265664276
2045-09-22 00:00:00,240.9392789374765
2045-09-22 01:00:00,241.72675521831025
2045-09-22 02:00:00,242.514231499144
2045-09-22 03:00:00,243.30170777997773
2045-09-22 04:00:00,244.08918406081148
2045-09-22 05:00:00,244.876660341645
2045-09-22 06:00:00,245.66413662247874
2045-09-22 07:00:00,246.45161290331248
2045-09-22 08:00:00,247.23908918414622
2045-09-22 09:00:00,248.02656546497997
2045-09-22 10:00:00,248.8140417458137
2045-09-22 11:00:00,249.60151802664723
2045-09-22 12:00:00,250.38899430748097
2045-09-22 13:00:00,251.17647058831471
2045-09-22 14:00:00,251.96394686914846
2045-09-22 15:00:00,252.7514231499822
2045-09-22 16:00:00,253.53889943081572
2045-09-22 17:00:00,254.32637571164946
2045-09-22 18:00:00,255.1138519924832
2045-09-22 19:00:00,255.90132827331695
2045-09-22 20:00:00,256.6888045541507
2045-09-22 21:00:00,257.47628083498444
2045-09-22 22:00:00,258.26375711581795
2045-09-22 23:00:00,259.0512333966517
2045-09-23 00:00:00,259.83870967748544
2045-09-23 01:00:00,260.6261859583192
2045-09-23 02:00:00,261.4136622391529
2045-09-23 03:00:00,262.20113851998656
2045-09-23 04:00:00,262.9886148008203
2045-09-23 05:00:00,263.77609108165404
2045-09-23 06:00:00,264.5635673624877
2045-09-23 07:00:00,265.3510436433213
2045-09-23 08:00:00,266.13851992415493
2045-09-23 09:00:00,266.92599620498845
2045-09-23 10:00:00,267.7134724858221
2045-09-23 11:00:00,268.5009487666557
2045-09-23 12:00:00,269.28842504748934
2045-09-23 13:00:00,249.28842504748934
2045-09-23 14:00:00,229.28842504748934
2045-09-23 15:00:00,209.28842504748934
2045-09-23 16:00:00,210.07590132832286
2045-09-23 17:00:00,210.8633776091565
2045-09-23 18:00:00,211.65085388999012
2045-09-23 19:00:00,212.43833017082375
2045-09-23 20:00:00,213.22580645165726
2045-09-23 21:00:00,214.0132827324909
2045-09-23 22:00:00,214.80075901332452
2045-09-23 23:00:00,215.58823529415804
2045-09-24 00:00:00,216.37571157499167
2045-09-24 01:00:00,217.1631878558253
2045-09-24 02:00:00,217.95066413665893
2045-09-24 03:00:00,218.73814041749245
2045-09-24 04:00:00,219.52561669832608
2045-09-24 05:00:00,220.3130929791597
2045-09-24 06:00:00,221.10056925999328
2045-09-24 07:00:00,221.8880455408269
2045-09-24 08:00:00,222.67552182166054
2045-09-24 09:00:00,223.46299810249417
2045-09-24 10:00:00,224.25047438332774
2045-09-24 11:00:00,225.03795066416137
2045-09-24 12:00:00,225.82542694499494
2045-09-24 13:00:00,205.82542694499494
2045-09-24 14:00:00,185.82542694499494
2045-09-24 15:00:00,165.82542694499494
2045-09-24 16:00:00,145.82542694499494
2045-09-24 17:00:00,125.82542694499494
2045-09-24 18:00:00,105.82542694499494
2045-09-24 19:00:00,106.61290322582852
2045-09-24 20:00:00,107.40037950666215
2045-09-24 21:00:00,108.18785578749572
2045-09-24 22:00:00,108.97533206832935
2045-09-24 23:00:00,109.76280834916292
2045-09-25 00:00:00,110.55028462999655
2045-09-25 01:00:00,111.33776091083013
2045-09-25 02:00:00,112.12523719166376
2045-09-25 03:00:00,112.91271347249739
2045-09-25 04:00:00,113.70018975333102
2045-09-25 05:00:00,114.48766603416465
2045-09-25 06:00:00,115.27514231499828
2045-09-25 07:00:00,116.06261859583189
2045-09-25 08:00:00,116.85009487666552
2045-09-25 09:00:00,117.63757115749914
2045-09-25 10:00:00,118.42504743833277
2045-09-25 11:00:00,119.21252371916638
2045-09-25 12:00:00,120.0
2045-09-25 13:00:00,100.0
2045-09-25 14:00:00,80.0
2045-09-25 15:00:00,60.0
2045-09-25 16:00:00,40.0
2045-09-25 17:00:00,20.0
2045-09-25 18:00:00,-0.0
2045-09-25 19:00:00,-0.0
2045-09-25 20:00:00,-0.0
2045-09-25 21:00:00,-0.0
2045-09-25 22:00:00,0.7874762808336193
2045-09-25 23:00:00,-0.0
2045-09-26 00:00:00,-0.0
2045-09-26 01:00:00,0.7874762808336193
2045-09-26 02:00:00,1.5749525616672386
2045-09-26 03:00:00,2.362428842500858
2045-09-26 04:00:00,3.1499051233344773
2045-09-26 05:00:00,3.9373814041680966
2045-09-26 06:00:00,4.724857685001716
2045-09-26 07:00:00,5.512333965835335
2045-09-26 08:00:00,6.2998102466689545
2045-09-26 09:00:00,7.087286527502574
2045-09-26 10:00:00,7.874762808336193
2045-09-26 11:00:00,8.662239089169812
2045-09-26 12:00:00,9.449715370003432
2045-09-26 13:00:00,-0.0
2045-09-26 14:00:00,-0.0
2045-09-26 15:00:00,-0.0
2045-09-26 16:00:00,-0.0
2045-09-26 17:00:00,-0.0
2045-09-26 18:00:00,-0.0
2045-09-26 19:00:00,-0.0
2045-09-26 20:00:00,-0.0
2045-09-26 21:00:00,-0.0
2045-09-26 22:00:00,-0.0
2045-09-26 23:00:00,-0.0
2045-09-27 00:00:00,-0.0
2045-09-27 01:00:00,0.7874762808336193
2045-09-27 02:00:00,1.5749525616672386
2045-09-27 03:00:00,2.362428842500858
2045-09-27 04:00:00,3.1499051233344773
2045-09-27 05:00:00,3.9373814041680966
2045-09-27 06:00:00,4.724857685001716
2045-09-27 07:00:00,5.512333965835335
2045-09-27 08:00:00,6.2998102466689545
2045-09-27 09:00:00,7.087286527502574
2045-09-27 10:00:00,7.874762808336193
2045-09-27 11:00:00,8.662239089169812
2045-09-27 12:00:00,9.449715370003432
2045-09-27 13:00:00,-0.0
2045-09-27 14:00:00,-0.0
2045-09-27 15:00:00,-0.0
2045-09-27 16:00:00,-0.0
2045-09-27 17:00:00,-0.0
2045-09-27 18:00:00,-0.0
2045-09-27 19:00:00,-0.0
2045-09-27 20:00:00,-0.0
2045-09-27 21:00:00,-0.0
2045-09-27 22:00:00,-0.0
2045-09-27 23:00:00,0.7874762808336193
2045-09-28 00:00:00,-0.0
2045-09-28 01:00:00,0.7874762808336193
2045-09-28 02:00:00,1.5749525616672386
2045-09-28 03:00:00,2.362428842500858
2045-09-28 04:00:00,3.1499051233344773
2045-09-28 05:00:00,3.9373814041680966
2045-09-28 06:00:00,4.724857685001716
2045-09-28 07:00:00,5.512333965835335
2045-09-28 08:00:00,6.2998102466689545
2045-09-28 09:00:00,7.087286527502574
2045-09-28 10:00:00,7.874762808336193
2045-09-28 11:00:00,8.662239089169812
2045-09-28 12:00:00,9.449715370003432
2045-09-28 13:00:00,10.237191650837051
2045-09-28 14:00:00,-0.0
2045-09-28 15:00:00,-0.0
2045-09-28 16:00:00,-0.0
2045-09-28 17:00:00,-0.0
2045-09-28 18:00:00,-0.0
2045-09-28 19:00:00,-0.0
2045-09-28 20:00:00,-0.0
2045-09-28 21:00:00,-0.0
2045-09-28 22:00:00,-0.0
2045-09-28 23:00:00,-0.0
2045-09-29 00:00:00,-0.0
2045-09-29 01:00:00,0.7874762808336193
2045-09-29 02:00:00,1.5749525616672386
2045-09-29 03:00:00,2.362428842500858
2045-09-29 04:00:00,3.1499051233344773
2045-09-29 05:00:00,3.9373814041680966
2045-09-29 06:00:00,4.724857685001716
2045-09-29 07:00:00,5.512333965835335
2045-09-29 08:00:00,6.2998102466689545
2045-09-29 09:00:00,7.087286527502574
2045-09-29 10:00:00,7.874762808336193
2045-09-29 11:00:00,8.662239089169812
2045-09-29 12:00:00,9.449715370003432
2045-09-29 13:00:00,-0.0
2045-09-29 14:00:00,-0.0
2045-09-29 15:00:00,-0.0
2045-09-29 16:00:00,-0.0
2045-09-29 17:00:00,-0.0
2045-09-29 18:00:00,0.7874762808336193
2045-09-29 19:00:00,-0.0
2045-09-29 20:00:00,-0.0
2045-09-29 21:00:00,0.7874762808336193
2045-09-29 22:00:00,-0.0
2045-09-29 23:00:00,-0.0
2045-09-30 00:00:00,-0.0
2045-09-30 01:00:00,0.7874762808336193
2045-09-30 02:00:00,1.5749525616672386
2045-09-30 03:00:00,2.362428842500858
2045-09-30 04:00:00,3.1499051233344773
2045-09-30 05:00:00,3.9373814041680966
2045-09-30 06:00:00,4.724857685001716
2045-09-30 07:00:00,5.512333965835335
2045-09-30 08:00:00,6.2998102466689545
2045-09-30 09:00:00,7.087286527502574
2045-09-30 10:00:00,7.874762808336193
2045-09-30 11:00:00,8.662239089169812
2045-09-30 12:00:00,9.449715370003432
2045-09-30 13:00:00,-0.0
2045-09-30 14:00:00,-0.0
2045-09-30 15:00:00,-0.0
2045-09-30 16:00:00,-0.0
2045-09-30 17:00:00,-0.0
2045-09-30 18:00:00,-0.0
2045-09-30 19:00:00,0.7874762808336193
2045-09-30 20:00:00,-0.0
2045-09-30 21:00:00,-0.0
2045-09-30 22:00:00,-0.0
2045-09-30 23:00:00,-0.0
2045-10-01 00:00:00,-0.0
2045-10-01 01:00:00,0.7874762808336193
2045-10-01 02:00:00,1.5749525616672386
2045-10-01 03:00:00,2.362428842500858
2045-10-01 04:00:00,3.1499051233344773
2045-10-01 05:00:00,3.9373814041680966
2045-10-01 06:00:00,4.724857685001716
2045-10-01 07:00:00,5.512333965835335
2045-10-01 08:00:00,6.2998102466689545
2045-10-01 09:00:00,7.087286527502574
2045-10-01 10:00:00,7.874762808336193
2045-10-01 11:00:00,8.662239089169812
2045-10-01 12:00:00,-0.0
2045-10-01 13:00:00,-0.0
2045-10-01 14:00:00,-0.0
2045-10-01 15:00:00,-0.0
2045-10-01 16:00:00,-0.0
2045-10-01 17:00:00,-0.0
2045-10-01 18:00:00,-0.0
2045-10-01 19:00:00,-0.0
2045-10-01 20:00:00,-0.0
2045-10-01 21:00:00,-0.0
2045-10-01 22:00:00,0.7874762808336193
2045-10-01 23:00:00,-0.0
2045-10-02 00:00:00,-0.0
2045-10-02 01:00:00,0.7874762808336193
2045-10-02 02:00:00,1.5749525616672386
2045-10-02 03:00:00,2.362428842500858
2045-10-02 04:00:00,3.1499051233344773
2045-10-02 05:00:00,3.9373814041680966
2045-10-02 06:00:00,4.724857685001716
2045-10-02 07:00:00,5.512333965835335
2045-10-02 08:00:00,6.2998102466689545
2045-10-02 09:00:00,7.087286527502574
2045-10-02 10:00:00,7.874762808336193
2045-10-02 11:00:00,8.662239089169812
2045-10-02 12:00:00,9.449715370003432
2045-10-02 13:00:00,10.237191650837051
2045-10-02 14:00:00,-0.0
2045-10-02 15:00:00,-0.0
2045-10-02 16:00:00,-0.0
2045-10-02 17:00:00,-0.0
2045-10-02 18:00:00,-0.0
2045-10-02 19:00:00,-0.0
2045-10-02 20:00:00,0.7874762808336193
2045-10-02 21:00:00,-0.0
2045-10-02 22:00:00,-0.0
2045-10-02 23:00:00,-0.0
2045-10-03 00:00:00,-0.0
2045-10-03 01:00:00,0.7874762808336193
2045-10-03 02:00:00,1.5749525616672386
2045-10-03 03:00:00,2.362428842500858
2045-10-03 04:00:00,3.1499051233344773
2045-10-03 05:00:00,3.9373814041680966
2045-10-03 06:00:00,4.724857685001716
2045-10-03 07:00:00,5.512333965835335
2045-10-03 08:00:00,6.2998102466689545
2045-10-03 09:00:00,7.087286527502574
2045-10-03 10:00:00,7.874762808336193
2045-10-03 11:00:00,8.662239089169812
2045-10-03 12:00:00,9.449715370003432
2045-10-03 13:00:00,1.1005692599931365
2045-10-03 14:00:00,1.8880455408267558
2045-10-03 15:00:00,2.675521821660375
2045-10-03 16:00:00,3.4629981024939944
2045-10-03 17:00:00,4.250474383327614
2045-10-03 18:00:00,5.037950664161233
2045-10-03 19:00:00,5.825426944994852
2045-10-03 20:00:00,6.612903225828472
2045-10-03 21:00:00,7.400379506662091
2045-10-03 22:00:00,8.18785578749571
2045-10-03 23:00:00,8.97533206832933
2045-10-04 00:00:00,9.762808349162949
2045-10-04 01:00:00,10.550284629996568
2045-10-04 02:00:00,11.337760910830188
2045-10-04 03:00:00,12.125237191663807
2045-10-04 04:00:00,12.912713472497426
2045-10-04 05:00:00,13.700189753331045
2045-10-04 06:00:00,14.487666034164665
2045-10-04 07:00:00,15.275142314998284
2045-10-04 08:00:00,16.062618595831903
2045-10-04 09:00:00,16.850094876665523
2045-10-04 10:00:00,17.637571157499142
2045-10-04 11:00:00,18.42504743833276
2045-10-04 12:00:00,19.21252371916638
2045-10-04 13:00:00,20.0
2045-10-04 14:00:00,-0.0
2045-10-04 15:00:00,0.7874762808336193
2045-10-04 16:00:00,-0.0
2045-10-04 17:00:00,-0.0
2045-10-04 18:00:00,0.7874762808336193
2045-10-04 19:00:00,-0.0
2045-10-04 20:00:00,-0.0
2045-10-04 21:00:00,-0.0
2045-10-04 22:00:00,-0.0
2045-10-04 23:00:00,-0.0
2045-10-05 00:00:00,-0.0
2045-10-05 01:00:00,0.7874762808336193
2045-10-05 02:00:00,1.5749525616672386
2045-10-05 03:00:00,2.362428842500858
2045-10-05 04:00:00,3.1499051233344773
2045-10-05 05:00:00,3.9373814041680966
2045-10-05 06:00:00,4.724857685001716
2045-10-05 07:00:00,5.512333965835335
2045-10-05 08:00:00,6.2998102466689545
2045-10-05 09:00:00,7.087286527502574
2045-10-05 10:00:00,7.874762808336193
2045-10-05 11:00:00,8.662239089169812
2045-10-05 12:00:00,9.449715370003432
2045-10-05 13:00:00,-0.0
2045-10-05 14:00:00,-0.0
2045-10-05 15:00:00,-0.0
2045-10-05 16:00:00,-0.0
2045-10-05 17:00:00,-0.0
2045-10-05 18:00:00,-0.0
2045-10-05 19:00:00,-0.0
2045-10-05 20:00:00,-0.0
2045-10-05 21:00:00,-0.0
2045-10-05 22:00:00,-0.0
2045-10-05 23:00:00,-0.0
2045-10-06 00:00:00,-0.0
2045-10-06 01:00:00,0.7874762808336193
2045-10-06 02:00:00,1.5749525616672386
2045-10-06 03:00:00,2.362428842500858
2045-10-06 04:00:00,3.1499051233344773
2045-10-06 05:00:00,3.9373814041680966
2045-10-06 06:00:00,4.724857685001716
2045-10-06 07:00:00,5.512333965835335
2045-10-06 08:00:00,6.2998102466689545
2045-10-06 09:00:00,7.087286527502574
2045-10-06 10:00:00,7.874762808336193
2045-10-06 11:00:00,8.662239089169812
2045-10-06 12:00:00,9.449715370003432
2045-10-06 13:00:00,10.237191650837051
2045-10-06 14:00:00,6.878557875636517
2045-10-06 15:00:00,7.666034156470136
2045-10-06 16:00:00,8.453510437303756
2045-10-06 17:00:00,9.240986718137375
2045-10-06 18:00:00,10.028462998970994
2045-10-06 19:00:00,10.815939279804613
2045-10-06 20:00:00,11.603415560638233
2045-10-06 21:00:00,12.390891841471852
2045-10-06 22:00:00,13.178368122305471
2045-10-06 23:00:00,13.96584440313909
2045-10-07 00:00:00,14.75332068397271
2045-10-07 01:00:00,15.54079696480633
2045-10-07 02:00:00,16.32827324563995
2045-10-07 03:00:00,17.115749526473568
2045-10-07 04:00:00,17.903225807307187
2045-10-07 05:00:00,18.690702088140807
2045-10-07 06:00:00,19.478178368974426
2045-10-07 07:00:00,20.265654649808045
2045-10-07 08:00:00,21.053130930641665
2045-10-07 09:00:00,21.840607211475284
2045-10-07 10:00:00,22.628083492308903
2045-10-07 11:00:00,23.415559773142522
2045-10-07 12:00:00,24.20303605397614
2045-10-07 13:00:00,24.99051233480976
2045-10-07 14:00:00,25.77798861564338
2045-10-07 15:00:00,26.565464896477
2045-10-07 16:00:00,27.35294117731062
2045-10-07 17:00:00,28.14041745814424
2045-10-07 18:00:00,28.927893738977858
2045-10-07 19:00:00,29.715370019811477
2045-10-07 20:00:00,30.502846300645096
2045-10-07 21:00:00,31.290322581478716
2045-10-07 22:00:00,32.077798862312335
2045-10-07 23:00:00,32.86527514314595
2045-10-08 00:00:00,33.652751423979566
2045-10-08 01:00:00,34.44022770481318
2045-10-08 02:00:00,35.2277039856468
2045-10-08 03:00:00,36.015180266480414
2045-10-08 04:00:00,36.80265654731403
2045-10-08 05:00:00,37.590132828147645
2045-10-08 06:00:00,38.37760910898126
2045-10-08 07:00:00,39.16508538981488
2045-10-08 08:00:00,39.95256167064849
2045-10-08 09:00:00,40.74003795148211
2045-10-08 10:00:00,41.527514232315724
2045-10-08 11:00:00,42.31499051314934
2045-10-08 12:00:00,43.102466793982956
2045-10-08 13:00:00,43.88994307481657
2045-10-08 14:00:00,44.67741935565019
2045-10-08 15:00:00,45.4648956364838
2045-10-08 16:00:00,46.25237191731742
2045-10-08 17:00:00,47.039848198151034
2045-10-08 18:00:00,47.82732447898465
2045-10-08 19:00:00,48.614800759818266
2045-10-08 20:00:00,49.40227704065188
2045-10-08 21:00:00,50.1897533214855
2045-10-08 22:00:00,50.97722960231911
2045-10-08 23:00:00,51.76470588315273
2045-10-09 00:00:00,52.552182163986345
2045-10-09 01:00:00,53.33965844481996
2045-10-09 02:00:00,54.127134725653576
2045-10-09 03:00:00,54.91461100648719
2045-10-09 04:00:00,55.70208728732081
2045-10-09 05:00:00,56.48956356815442
2045-10-09 06:00:00,57.27703984898804
2045-10-09 07:00:00,58.064516129821655
2045-10-09 08:00:00,58.85199241065527
2045-10-09 09:00:00,59.63946869148889
2045-10-09 10:00:00,60.4269449723225
2045-10-09 11:00:00,61.21442125315612
2045-10-09 12:00:00,62.001897533989734
2045-10-09 13:00:00,62.78937381482335
2045-10-09 14:00:00,63.576850095656965
2045-10-09 15:00:00,64.36432637649058
2045-10-09 16:00:00,65.1518026573242
2045-10-09 17:00:00,65.93927893815781
2045-10-09 18:00:00,66.72675521899143
2045-10-09 19:00:00,67.51423149982504
2045-10-09 20:00:00,68.30170778065866
2045-10-09 21:00:00,69.08918406149228
2045-10-09 22:00:00,69.87666034232589
2045-10-09 23:00:00,70.66413662315951
2045-10-10 00:00:00,71.45161290399312
2045-10-10 01:00:00,72.23908918482674
2045-10-10 02:00:00,73.02656546566035
2045-10-10 03:00:00,73.81404174649397
2045-10-10 04:00:00,74.60151802732759
2045-10-10 05:00:00,75.3889943081612
2045-10-10 06:00:00,76.17647058899482
2045-10-10 07:00:00,76.96394686982843
2045-10-10 08:00:00,77.75142315066205
2045-10-10 09:00:00,78.53889943149566
2045-10-10 10:00:00,79.32637571232928
2045-10-10 11:00:00,80.1138519931629
2045-10-10 12:00:00,80.90132827399651
2045-10-10 13:00:00,81.68880455483013
2045-10-10 14:00:00,82.47628083566374
2045-10-10 15:00:00,83.26375711649736
2045-10-10 16:00:00,84.05123339733098
2045-10-10 17:00:00,84.83870967816459
2045-10-10 18:00:00,85.6261859589982
2045-10-10 19:00:00,86.41366223983182
2045-10-10 20:00:00,87.20113852066544
2045-10-10 21:00:00,87.98861480149905
2045-10-10 22:00:00,88.77609108233267
2045-10-10 23:00:00,89.56356736316629
2045-10-11 00:00:00,90.3510436439999
2045-10-11 01:00:00,91.13851992483352
2045-10-11 02:00:00,91.92599620566713
2045-10-11 03:00:00,92.71347248650075
2045-10-11 04:00:00,93.50094876733436
2045-10-11 05:00:00,94.28842504816798
2045-10-11 06:00:00,95.0759013290016
2045-10-11 07:00:00,95.86337760983521
2045-10-11 08:00:00,96.65085389066883
2045-10-11 09:00:00,97.43833017150244
2045-10-11 10:00:00,98.22580645233606
2045-10-11 11:00:00,99.01328273316967
2045-10-11 12:00:00,99.80075901400329
2045-10-11 13:00:00,100.5882352948369
2045-10-11 14:00:00,101.37571157567052
2045-10-11 15:00:00,102.16318785650414
2045-10-11 16:00:00,102.95066413733775
2045-10-11 17:00:00,103.73814041817137
2045-10-11 18:00:00,104.52561669900498
2045-10-11 19:00:00,105.3130929798386
2045-10-11 20:00:00,106.10056926067222
2045-10-11 21:00:00,106.88804554150583
2045-10-11 22:00:00,107.67552182233945
2045-10-11 23:00:00,108.46299810317306
2045-10-12 00:00:00,109.25047438400668
2045-10-12 01:00:00,110.0379506648403
2045-10-12 02:00:00,110.82542694567391
2045-10-12 03:00:00,111.61290322650753
2045-10-12 04:00:00,112.40037950734114
2045-10-12 05:00:00,113.18785578817476
2045-10-12 06:00:00,113.97533206900837
2045-10-12 07:00:00,114.76280834984199
2045-10-12 08:00:00,115.5502846306756
2045-10-12 09:00:00,116.33776091150922
2045-10-12 10:00:00,117.12523719234284
2045-10-12 11:00:00,117.91271347317645
2045-10-12 12:00:00,118.70018975401007
2045-10-12 13:00:00,119.48766603484368
2045-10-12 14:00:00,120.2751423156773
2045-10-12 15:00:00,121.06261859651092
2045-10-12 16:00:00,121.85009487734453
2045-10-12 17:00:00,122.63757115817815
2045-10-12 18:00:00,123.42504743901176
2045-10-12 19:00:00,124.21252371984538
2045-10-12 20:00:00,125.000000000679
2045-10-12 21:00:00,125.78747628151261
2045-10-12 22:00:00,126.57495256234623
2045-10-12 23:00:00,127.36242884317984
2045-10-13 00:00:00,128.14990512401346
2045-10-13 01:00:00,128.9373814048471
2045-10-13 02:00:00,129.72485768568072
2045-10-13 03:00:00,130.51233396651435
2045-10-13 04:00:00,131.29981024734798
2045-10-13 05:00:00,132.0872865281816
2045-10-13 06:00:00,132.87476280901524
2045-10-13 07:00:00,133.66223908984887
2045-10-13 08:00:00,134.4497153706825
2045-10-13 09:00:00,135.23719165151613
2045-10-13 10:00:00,136.02466793234976
2045-10-13 11:00:00,136.8121442131834
2045-10-13 12:00:00,137.59962049401702
2045-10-13 13:00:00,138.38709677485065
2045-10-13 14:00:00,139.17457305568428
2045-10-13 15:00:00,139.9620493365179
2045-10-13 16:00:00,140.74952561735154
2045-10-13 17:00:00,141.53700189818517
2045-10-13 18:00:00,142.3244781790188
2045-10-13 19:00:00,143.11195445985243
2045-10-13 20:00:00,143.89943074068606
2045-10-13 21:00:00,144.6869070215197
2045-10-13 22:00:00,145.47438330235332
2045-10-13 23:00:00,146.26185958318695
2045-10-14 00:00:00,147.04933586402058
2045-10-14 01:00:00,147.8368121448542
2045-10-14 02:00:00,148.62428842568784
2045-10-14 03:00:00,149.41176470652147
2045-10-14 04:00:00,150.1992409873551
2045-10-14 05:00:00,150.98671726818873
2045-10-14 06:00:00,151.77419354902236
2045-10-14 07:00:00,152.561669829856
2045-10-14 08:00:00,153.34914611068962
2045-10-14 09:00:00,154.13662239152325
2045-10-14 10:00:00,154.92409867235688
2045-10-14 11:00:00,155.7115749531905
2045-10-14 12:00:00,156.49905123402414
2045-10-14 13:00:00,157.28652751485777
2045-10-14 14:00:00,158.0740037956914
2045-10-14 15:00:00,158.86148007652503
2045-10-14 16:00:00,159.64895635735866
2045-10-14 17:00:00,160.4364326381923
2045-10-14 18:00:00,161.22390891902592
2045-10-14 19:00:00,162.01138519985955
2045-10-14 20:00:00,162.79886148069318
2045-10-14 21:00:00,163.5863377615268
2045-10-14 22:00:00,164.37381404236044
2045-10-14 23:00:00,165.16129032319407
2045-10-15 00:00:00,165.9487666040277
2045-10-15 01:00:00,166.73624288486133
2045-10-15 02:00:00,167.52371916569496
2045-10-15 03:00:00,168.3111954465286
2045-10-15 04:00:00,169.09867172736222
2045-10-15 05:00:00,169.88614800819585
2045-10-15 06:00:00,170.67362428902948
2045-10-15 07:00:00,171.4611005698631
2045-10-15 08:00:00,172.24857685069674
2045-10-15 09:00:00,173.03605313153037
2045-10-15 10:00:00,173.823529412364
2045-10-15 11:00:00,174.61100569319763
2045-10-15 12:00:00,175.39848197403126
2045-10-15 13:00:00,176.1859582548649
2045-10-15 14:00:00,176.97343453569852
2045-10-15 15:00:00,177.76091081653215
2045-10-15 16:00:00,178.54838709736578
2045-10-15 17:00:00,179.3358633781994
2045-10-15 18:00:00,180.12333965903304
2045-10-15 19:00:00,180.91081593986667
2045-10-15 20:00:00,181.6982922207003
2045-10-15 21:00:00,182.48576850153393
2045-10-15 22:00:00,183.27324478236756
2045-10-15 23:00:00,184.06072106320119
2045-10-16 00:00:00,184.84819734403482
2045-10-16 01:00:00,185.63567362486845
2045-10-16 02:00:00,186.42314990570208
2045-10-16 03:00:00,187.2106261865357
2045-10-16 04:00:00,187.99810246736934
2045-10-16 05:00:00,188.78557874820297
2045-10-16 06:00:00,189.5730550290366
2045-10-16 07:00:00,190.36053130987023
2045-10-16 08:00:00,191.14800759070386
2045-10-16 09:00:00,191.93548387153749
2045-10-16 10:00:00,192.72296015237112
2045-10-16 11:00:00,193.51043643320475
2045-10-16 12:00:00,194.29791271403838
2045-10-16 13:00:00,195.085388994872
2045-10-16 14:00:00,195.87286527570564
2045-10-16 15:00:00,196.66034155653927
2045-10-16 16:00:00,197.4478178373729
2045-10-16 17:00:00,198.23529411820653
2045-10-16 18:00:00,199.02277039904016
2045-10-16 19:00:00,199.81024667987379
2045-10-16 20:00:00,200.59772296070742
2045-10-16 21:00:00,201.38519924154105
2045-10-16 22:00:00,202.17267552237467
2045-10-16 23:00:00,202.9601518032083
2045-10-17 00:00:00,203.74762808404193
2045-10-17 01:00:00,204.53510436487556
2045-10-17 02:00:00,205.3225806457092
2045-10-17 03:00:00,206.11005692654282
2045-10-17 04:00:00,206.89753320737645
2045-10-17 05:00:00,207.68500948821008
2045-10-17 06:00:00,208.47248576904371
2045-10-17 07:00:00,209.25996204987734
2045-10-17 08:00:00,210.04743833071097
2045-10-17 09:00:00,210.8349146115446
2045-10-17 10:00:00,211.62239089237823
2045-10-17 11:00:00,212.40986717321186
2045-10-17 12:00:00,213.1973434540455
2045-10-17 13:00:00,213.98481973487912
2045-10-17 14:00:00,214.77229601571275
2045-10-17 15:00:00,215.55977229654638
2045-10-17 16:00:00,216.34724857738001
2045-10-17 17:00:00,217.13472485821364
2045-10-17 18:00:00,217.92220113904727
2045-10-17 19:00:00,218.7096774198809
2045-10-17 20:00:00,219.49715370071453
2045-10-17 21:00:00,220.28462998154816
2045-10-17 22:00:00,221.0721062623818
2045-10-17 23:00:00,221.85958254321542
2045-10-18 00:00:00,222.64705882404905
2045-10-18 01:00:00,223.43453510488268
2045-10-18 02:00:00,224.2220113857163
2045-10-18 03:00:00,225.00948766654994
2045-10-18 04:00:00,225.79696394738357
2045-10-18 05:00:00,226.5844402282172
2045-10-18 06:00:00,227.37191650905083
2045-10-18 07:00:00,228.15939278988446
2045-10-18 08:00:00,228.9468690707181
2045-10-18 09:00:00,229.73434535155172
2045-10-18 10:00:00,230.52182163238535
2045-10-18 11:00:00,231.30929791321898
2045-10-18 12:00:00,232.0967741940526
2045-10-18 13:00:00,232.88425047488624
2045-10-18 14:00:00,233.67172675571987
2045-10-18 15:00:00,234.4592030365535
2045-10-18 16:00:00,235.24667931738713
2045-10-18 17:00:00,236.03415559822076
2045-10-18 18:00:00,236.8216318790544
2045-10-18 19:00:00,237.60910815988802
2045-10-18 20:00:00,238.39658444072165
2045-10-18 21:00:00,239.18406072155528
2045-10-18 22:00:00,239.9715370023889
2045-10-18 23:00:00,240.75901328322254
2045-10-19 00:00:00,241.54648956405617
2045-10-19 01:00:00,242.3339658448898
2045-10-19 02:00:00,243.12144212572343
2045-10-19 03:00:00,243.90891840655706
2045-10-19 04:00:00,244.6963946873907
2045-10-19 05:00:00,245.48387096822432
2045-10-19 06:00:00,246.27134724905795
2045-10-19 07:00:00,247.05882352989158
2045-10-19 08:00:00,247.8462998107252
2045-10-19 09:00:00,248.63377609155884
2045-10-19 10:00:00,249.42125237239247
2045-10-19 11:00:00,250.2087286532261
2045-10-19 12:00:00,250.99620493405973
2045-10-19 13:00:00,251.78368121489336
2045-10-19 14:00:00,252.571157495727
2045-10-19 15:00:00,253.35863377656062
2045-10-19 16:00:00,254.14611005739425
2045-10-19 17:00:00,254.93358633822788
2045-10-19 18:00:00,255.7210626190615
2045-10-19 19:00:00,256.50853889989514
2045-10-19 20:00:00,257.2960151807288
2045-10-19 21:00:00,258.0834914615624
2045-10-19 22:00:00,258.87096774239603
2045-10-19 23:00:00,259.65844402322966
2045-10-20 00:00:00,260.4459203040633
2045-10-20 01:00:00,261.2333965848969
2045-10-20 02:00:00,262.02087286573055
2045-10-20 03:00:00,262.8083491465642
2045-10-20 04:00:00,263.5958254273978
2045-10-20 05:00:00,264.38330170823144
2045-10-20 06:00:00,265.1707779890651
2045-10-20 07:00:00,265.9582542698987
2045-10-20 08:00:00,266.74573055073233
2045-10-20 09:00:00,267.53320683156596
2045-10-20 10:00:00,268.3206831123996
2045-10-20 11:00:00,269.1081593932332
2045-10-20 12:00:00,269.89563567406685
2045-10-20 13:00:00,270.6831119549005
2045-10-20 14:00:00,271.4705882357341
2045-10-20 15:00:00,272.25806451656774
2045-10-20 16:00:00,273.0455407974014
2045-10-20 17:00:00,273.833017078235
2045-10-20 18:00:00,274.62049335906863
2045-10-20 19:00:00,275.40796963990226
2045-10-20 20:00:00,276.1954459207359
2045-10-20 21:00:00,276.9829222015695
2045-10-20 22:00:00,277.77039848240315
2045-10-20 23:00:00,278.5578747632368
2045-10-21 00:00:00,279.3453510440704
2045-10-21 01:00:00,280.13282732490404
2045-10-21 02:00:00,280.9203036057377
2045-10-21 03:00:00,281.7077798865713
2045-10-21 04:00:00,282.49525616740493
2045-10-21 05:00:00,283.28273244823856
2045-10-21 06:00:00,284.0702087290722
2045-10-21 07:00:00,284.8576850099058
2045-10-21 08:00:00,285.64516129073945
2045-10-21 09:00:00,286.4326375715731
2045-10-21 10:00:00,287.2201138524067
2045-10-21 11:00:00,288.00759013324034
2045-10-21 12:00:00,288.795066414074
2045-10-21 13:00:00,289.5825426949076
2045-10-21 14:00:00,290.37001897574123
2045-10-21 15:00:00,291.15749525657486
2045-10-21 16:00:00,291.9449715374085
2045-10-21 17:00:00,292.7324478182421
2045-10-21 18:00:00,293.51992409907575
2045-10-21 19:00:00,294.3074003799094
2045-10-21 20:00:00,295.094876660743
2045-10-21 21:00:00,295.88235294157664
2045-10-21 22:00:00,296.66982922241027
2045-10-21 23:00:00,297.4573055032439
2045-10-22 00:00:00,298.24478178407753
2045-10-22 01:00:00,278.24478178407753
2045-10-22 02:00:00,279.03225806491116
2045-10-22 03:00:00,279.8197343457448
2045-10-22 04:00:00,280.6072106265784
2045-10-22 05:00:00,281.39468690741205
2045-10-22 06:00:00,282.1821631882457
2045-10-22 07:00:00,282.9696394690793
2045-10-22 08:00:00,283.75711574991294
2045-10-22 09:00:00,284.54459203074657
2045-10-22 10:00:00,285.3320683115802
2045-10-22 11:00:00,286.11954459241383
2045-10-22 12:00:00,286.90702087324746
2045-10-22 13:00:00,287.6944971540811
2045-10-22 14:00:00,288.4819734349147
2045-10-22 15:00:00,289.26944971574835
2045-10-22 16:00:00,290.056925996582
2045-10-22 17:00:00,290.8444022774156
2045-10-22 18:00:00,291.63187855824924
2045-10-22 19:00:00,292.41935483908287
2045-10-22 20:00:00,272.41935483908287
2045-10-22 21:00:00,252.41935483908284
2045-10-22 22:00:00,232.41935483908284
2045-10-22 23:00:00,212.41935483908284
2045-10-23 00:00:00,213.20683111991647
2045-10-23 01:00:00,213.9943074007501
2045-10-23 02:00:00,214.78178368158373
2045-10-23 03:00:00,215.56925996241736
2045-10-23 04:00:00,216.356736243251
2045-10-23 05:00:00,217.14421252408462
2045-10-23 06:00:00,217.93168880491825
2045-10-23 07:00:00,218.71916508575188
2045-10-23 08:00:00,219.5066413665855
2045-10-23 09:00:00,220.29411764741914
2045-10-23 10:00:00,221.08159392825277
2045-10-23 11:00:00,221.8690702090864
2045-10-23 12:00:00,201.8690702090864
2045-10-23 13:00:00,181.8690702090864
2045-10-23 14:00:00,161.8690702090864
2045-10-23 15:00:00,162.65654648992003
2045-10-23 16:00:00,163.44402277075366
2045-10-23 17:00:00,164.2314990515873
2045-10-23 18:00:00,165.01897533242092
2045-10-23 19:00:00,165.80645161325455
2045-10-23 20:00:00,166.59392789408818
2045-10-23 21:00:00,167.3814041749218
2045-10-23 22:00:00,168.16888045575544
2045-10-23 23:00:00,168.95635673658907
2045-10-24 00:00:00,169.7438330174227
2045-10-24 01:00:00,170.53130929825633
2045-10-24 02:00:00,171.31878557908996
2045-10-24 03:00:00,172.1062618599236
2045-10-24 04:00:00,172.89373814075722
2045-10-24 05:00:00,173.68121442159085
2045-10-24 06:00:00,174.46869070242448
2045-10-24 07:00:00,175.2561669832581
2045-10-24 08:00:00,176.04364326409174
2045-10-24 09:00:00,176.83111954492537
2045-10-24 10:00:00,177.618595825759
2045-10-24 11:00:00,178.40607210659263
2045-10-24 12:00:00,158.40607210659263
2045-10-24 13:00:00,138.40607210659263
2045-10-24 14:00:00,118.40607210659263
2045-10-24 15:00:00,98.40607210659263
2045-10-24 16:00:00,78.40607210659263
2045-10-24 17:00:00,58.40607210659263
2045-10-24 18:00:00,59.19354838742625
2045-10-24 19:00:00,39.19354838742625
2045-10-24 20:00:00,39.98102466825986
2045-10-24 21:00:00,40.76850094909348
2045-10-24 22:00:00,41.555977229927095
2045-10-24 23:00:00,42.34345351076071
2045-10-25 00:00:00,43.130929791594326
2045-10-25 01:00:00,43.91840607242794
2045-10-25 02:00:00,44.70588235326156
2045-10-25 03:00:00,45.49335863409517
2045-10-25 04:00:00,46.28083491492879
2045-10-25 05:00:00,47.068311195762405
2045-10-25 06:00:00,47.85578747659602
2045-10-25 07:00:00,48.64326375742964
2045-10-25 08:00:00,49.43074003826325
2045-10-25 09:00:00,50.21821631909687
2045-10-25 10:00:00,51.005692599930484
2045-10-25 11:00:00,51.7931688807641
2045-10-25 12:00:00,52.580645161597715
2045-10-25 13:00:00,53.36812144243133
2045-10-25 14:00:00,54.15559772326495
2045-10-25 15:00:00,54.94307400409856
2045-10-25 16:00:00,55.73055028493218
2045-10-25 17:00:00,56.518026565765794
2045-10-25 18:00:00,57.30550284659941
2045-10-25 19:00:00,58.092979127433026
2045-10-25 20:00:00,58.88045540826664
2045-10-25 21:00:00,59.66793168910026
2045-10-25 22:00:00,60.45540796993387
2045-10-25 23:00:00,61.24288425076749
2045-10-26 00:00:00,62.030360531601104
2045-10-26 01:00:00,62.81783681243472
2045-10-26 02:00:00,63.605313093268336
2045-10-26 03:00:00,64.39278937410195
2045-10-26 04:00:00,65.18026565493557
2045-10-26 05:00:00,65.96774193576918
2045-10-26 06:00:00,66.7552182166028
2045-10-26 07:00:00,67.54269449743641
2045-10-26 08:00:00,68.33017077827003
2045-10-26 09:00:00,69.11764705910365
2045-10-26 10:00:00,69.90512333993726
2045-10-26 11:00:00,70.69259962077088
2045-10-26 12:00:00,71.4800759016045
2045-10-26 13:00:00,72.26755218243811
2045-10-26 14:00:00,73.05502846327173
2045-10-26 15:00:00,73.84250474410534
2045-10-26 16:00:00,74.62998102493896
2045-10-26 17:00:00,75.41745730577257
2045-10-26 18:00:00,76.20493358660619
2045-10-26 19:00:00,76.9924098674398
2045-10-26 20:00:00,77.77988614827342
2045-10-26 21:00:00,78.56736242910704
2045-10-26 22:00:00,79.35483870994065
2045-10-26 23:00:00,80.14231499077427
2045-10-27 00:00:00,80.92979127160788
2045-10-27 01:00:00,81.7172675524415
2045-10-27 02:00:00,82.50474383327511
2045-10-27 03:00:00,83.29222011410873
2045-10-27 04:00:00,84.07969639494235
2045-10-27 05:00:00,84.86717267577596
2045-10-27 06:00:00,85.65464895660958
2045-10-27 07:00:00,86.4421252374432
2045-10-27 08:00:00,87.22960151827681
2045-10-27 09:00:00,88.01707779911042
2045-10-27 10:00:00,88.80455407994404
2045-10-27 11:00:00,89.59203036077766
2045-10-27 12:00:00,90.37950664161127
2045-10-27 13:00:00,91.16698292244489
2045-10-27 14:00:00,91.9544592032785
2045-10-27 15:00:00,92.74193548411212
2045-10-27 16:00:00,93.52941176494573
2045-10-27 17:00:00,94.31688804577935
2045-10-27 18:00:00,95.10436432661297
2045-10-27 19:00:00,95.89184060744658
2045-10-27 20:00:00,96.6793168882802
2045-10-27 21:00:00,97.46679316911381
2045-10-27 22:00:00,98.25426944994743
2045-10-27 23:00:00,99.04174573078105
2045-10-28 00:00:00,99.82922201161466
2045-10-28 01:00:00,100.61669829244828
2045-10-28 02:00:00,101.40417457328189
2045-10-28 03:00:00,102.19165085411551
2045-10-28 04:00:00,102.97912713494912
2045-10-28 05:00:00,103.76660341578274
2045-10-28 06:00:00,104.55407969661636
2045-10-28 07:00:00,105.34155597744997
2045-10-28 08:00:00,106.12903225828359
2045-10-28 09:00:00,106.9165085391172
2045-10-28 10:00:00,107.70398481995082
2045-10-28 11:00:00,108.49146110078443
2045-10-28 12:00:00,109.27893738161805
2045-10-28 13:00:00,110.06641366245167
2045-10-28 14:00:00,110.85388994328528
2045-10-28 15:00:00,111.6413662241189
2045-10-28 16:00:00,112.42884250495251
2045-10-28 17:00:00,113.21631878578613
2045-10-28 18:00:00,114.00379506661974
2045-10-28 19:00:00,114.79127134745336
2045-10-28 20:00:00,115.57874762828698
2045-10-28 21:00:00,116.36622390912059
2045-10-28 22:00:00,117.15370018995421
2045-10-28 23:00:00,117.94117647078782
2045-10-29 00:00:00,118.72865275162144
2045-10-29 01:00:00,119.51612903245505
2045-10-29 02:00:00,120.30360531328867
2045-10-29 03:00:00,121.09108159412229
2045-10-29 04:00:00,121.8785578749559
2045-10-29 05:00:00,122.66603415578952
2045-10-29 06:00:00,123.45351043662313
2045-10-29 07:00:00,124.24098671745675
2045-10-29 08:00:00,125.02846299829037
2045-10-29 09:00:00,125.81593927912398
2045-10-29 10:00:00,126.6034155599576
2045-10-29 11:00:00,127.39089184079121
2045-10-29 12:00:00,128.17836812162483
2045-10-29 13:00:00,128.96584440245846
2045-10-29 14:00:00,129.7533206832921
2045-10-29 15:00:00,130.54079696412572
2045-10-29 16:00:00,131.32827324495935
2045-10-29 17:00:00,132.11574952579298
2045-10-29 18:00:00,132.9032258066266
2045-10-29 19:00:00,133.69070208746024
2045-10-29 20:00:00,134.47817836829387
2045-10-29 21:00:00,135.2656546491275
2045-10-29 22:00:00,136.05313092996113
2045-10-29 23:00:00,136.84060721079476
2045-10-30 00:00:00,137.6280834916284
2045-10-30 01:00:00,138.41555977246202
2045-10-30 02:00:00,139.20303605329565
2045-10-30 03:00:00,139.99051233412928
2045-10-30 04:00:00,140.7779886149629
2045-10-30 05:00:00,141.56546489579654
2045-10-30 06:00:00,142.35294117663017
2045-10-30 07:00:00,143.1404174574638
2045-10-30 08:00:00,143.92789373829743
2045-10-30 09:00:00,144.71537001913106
2045-10-30 10:00:00,145.5028462999647
2045-10-30 11:00:00,146.29032258079832
2045-10-30 12:00:00,147.07779886163195
2045-10-30 13:00:00,147.86527514246558
2045-10-30 14:00:00,148.6527514232992
2045-10-30 15:00:00,149.44022770413284
2045-10-30 16:00:00,150.22770398496647
2045-10-30 17:00:00,151.0151802658001
2045-10-30 18:00:00,151.80265654663373
2045-10-30 19:00:00,152.59013282746736
2045-10-30 20:00:00,153.377609108301
2045-10-30 21:00:00,154.16508538913462
2045-10-30 22:00:00,154.95256166996825
2045-10-30 23:00:00,155.74003795080188
2045-10-31 00:00:00,156.5275142316355
2045-10-31 01:00:00,157.31499051246914
2045-10-31 02:00:00,158.10246679330277
2045-10-31 03:00:00,158.8899430741364
2045-10-31 04:00:00,159.67741935497003
2045-10-31 05:00:00,160.46489563580366
2045-10-31 06:00:00,161.2523719166373
2045-10-31 07:00:00,162.03984819747092
2045-10-31 08:00:00,162.82732447830455
2045-10-31 09:00:00,163.61480075913818
2045-10-31 10:00:00,164.4022770399718
2045-10-31 11:00:00,165.18975332080544
2045-10-31 12:00:00,165.97722960163907
2045-10-31 13:00:00,166.7647058824727
2045-10-31 14:00:00,167.55218216330633
2045-10-31 15:00:00,168.33965844413996
2045-10-31 16:00:00,169.1271347249736
2045-10-31 17:00:00,169.91461100580722
2045-10-31 18:00:00,170.70208728664085
2045-10-31 19:00:00,171.48956356747448
2045-10-31 20:00:00,172.2770398483081
2045-10-31 21:00:00,173.06451612914174
2045-10-31 22:00:00,173.85199240997537
2045-10-31 23:00:00,174.639468690809
2045-11-01 00:00:00,175.42694497164263
2045-11-01 01:00:00,176.21442125247626
2045-11-01 02:00:00,177.0018975333099
2045-11-01 03:00:00,177.78937381414352
2045-11-01 04:00:00,178.57685009497715
2045-11-01 05:00:00,179.36432637581078
2045-11-01 06:00:00,180.1518026566444
2045-11-01 07:00:00,180.93927893747804
2045-11-01 08:00:00,181.72675521831167
2045-11-01 09:00:00,182.5142314991453
2045-11-01 10:00:00,183.30170777997893
2045-11-01 11:00:00,184.08918406081256
2045-11-01 12:00:00,184.8766603416462
2045-11-01 13:00:00,185.66413662247982
2045-11-01 14:00:00,186.45161290331345
2045-11-01 15:00:00,187.23908918414708
2045-11-01 16:00:00,188.0265654649807
2045-11-01 17:00:00,188.81404174581434
2045-11-01 18:00:00,189.60151802664797
2045-11-01 19:00:00,190.3889943074816
2045-11-01 20:00:00,191.17647058831523
2045-11-01 21:00:00,191.96394686914886
2045-11-01 22:00:00,192.7514231499825
2045-11-01 23:00:00,193.53889943081612
2045-11-02 00:00:00,194.32637571164975
2045-11-02 01:00:00,195.11385199248338
2045-11-02 02:00:00,195.901328273317
2045-11-02 03:00:00,196.68880455415064
2045-11-02 04:00:00,197.47628083498427
2045-11-02 05:00:00,198.2637571158179
2045-11-02 06:00:00,199.05123339665153
2045-11-02 07:00:00,199.83870967748516
2045-11-02 08:00:00,200.62618595831879
2045-11-02 09:00:00,201.41366223915242
2045-11-02 10:00:00,202.20113851998605
2045-11-02 11:00:00,202.98861480081968
2045-11-02 12:00:00,203.7760910816533
2045-11-02 13:00:00,183.7760910816533
2045-11-02 14:00:00,163.7760910816533
2045-11-02 15:00:00,143.7760910816533
2045-11-02 16:00:00,144.56356736248694
2045-11-02 17:00:00,145.35104364332057
2045-11-02 18:00:00,146.1385199241542
2045-11-02 19:00:00,146.92599620498783
2045-11-02 20:00:00,147.71347248582146
2045-11-02 21:00:00,148.50094876665509
2045-11-02 22:00:00,149.28842504748872
2045-11-02 23:00:00,150.07590132832235
2045-11-03 00:00:00,150.86337760915598
2045-11-03 01:00:00,151.6508538899896
2045-11-03 02:00:00,152.43833017082324
2045-11-03 03:00:00,153.22580645165687
2045-11-03 04:00:00,154.0132827324905
2045-11-03 05:00:00,154.80075901332413
2045-11-03 06:00:00,155.58823529415776
2045-11-03 07:00:00,156.37571157499139
2045-11-03 08:00:00,157.16318785582502
2045-11-03 09:00:00,157.95066413665865
2045-11-03 10:00:00,158.73814041749227
2045-11-03 11:00:00,159.5256166983259
2045-11-03 12:00:00,160.31309297915953
2045-11-03 13:00:00,161.10056925999316
2045-11-03 14:00:00,161.8880455408268
2045-11-03 15:00:00,162.67552182166042
2045-11-03 16:00:00,163.46299810249405
2045-11-03 17:00:00,164.25047438332768
2045-11-03 18:00:00,165.03795066416131
2045-11-03 19:00:00,145.03795066416131
2045-11-03 20:00:00,125.0379506641613
2045-11-03 21:00:00,105.0379506641613
2045-11-03 22:00:00,85.0379506641613
2045-11-03 23:00:00,65.0379506641613
2045-11-04 00:00:00,65.82542694499492
2045-11-04 01:00:00,66.61290322582853
2045-11-04 02:00:00,67.40037950666215
2045-11-04 03:00:00,68.18785578749576
2045-11-04 04:00:00,68.97533206832938
2045-11-04 05:00:00,69.762808349163
2045-11-04 06:00:00,70.55028462999661
2045-11-04 07:00:00,71.33776091083023
2045-11-04 08:00:00,72.12523719166384
2045-11-04 09:00:00,72.91271347249746
2045-11-04 10:00:00,73.70018975333107
2045-11-04 11:00:00,74.48766603416469
2045-11-04 12:00:00,75.2751423149983
2045-11-04 13:00:00,55.275142314998305
2045-11-04 14:00:00,56.06261859583192
2045-11-04 15:00:00,56.85009487666554
2045-11-04 16:00:00,57.63757115749915
2045-11-04 17:00:00,58.42504743833277
2045-11-04 18:00:00,59.212523719166384
2045-11-04 19:00:00,60.0
2045-11-04 20:00:00,40.0
2045-11-04 21:00:00,20.0
2045-11-04 22:00:00,-0.0
2045-11-04 23:00:00,-0.0
2045-11-05 00:00:00,-0.0
2045-11-05 01:00:00,-0.0
2045-11-05 02:00:00,0.7874762808336193
2045-11-05 03:00:00,1.5749525616672386
2045-11-05 04:00:00,2.362428842500858
2045-11-05 05:00:00,3.1499051233344773
2045-11-05 06:00:00,3.9373814041680966
2045-11-05 07:00:00,4.724857685001716
2045-11-05 08:00:00,5.512333965835335
2045-11-05 09:00:00,6.2998102466689545
2045-11-05 10:00:00,7.087286527502574
2045-11-05 11:00:00,7.874762808336193
2045-11-05 12:00:00,1.4136622391526892
2045-11-05 13:00:00,2.2011385199863085
2045-11-05 14:00:00,2.988614800819928
2045-11-05 15:00:00,3.776091081653547
2045-11-05 16:00:00,4.563567362487166
2045-11-05 17:00:00,5.351043643320786
2045-11-05 18:00:00,6.138519924154405
2045-11-05 19:00:00,6.925996204988024
2045-11-05 20:00:00,7.713472485821644
2045-11-05 21:00:00,8.500948766655263
2045-11-05 22:00:00,9.288425047488882
2045-11-05 23:00:00,10.075901328322502
2045-11-06 00:00:00,10.863377609156121
2045-11-06 01:00:00,11.65085388998974
2045-11-06 02:00:00,12.43833017082336
2045-11-06 03:00:00,13.225806451656979
2045-11-06 04:00:00,14.013282732490598
2045-11-06 05:00:00,14.800759013324218
2045-11-06 06:00:00,15.588235294157837
2045-11-06 07:00:00,16.375711574991456
2045-11-06 08:00:00,17.163187855825075
2045-11-06 09:00:00,17.950664136658695
2045-11-06 10:00:00,18.738140417492314
2045-11-06 11:00:00,19.525616698325933
2045-11-06 12:00:00,20.313092979159553
2045-11-06 13:00:00,21.100569259993172
2045-11-06 14:00:00,21.88804554082679
2045-11-06 15:00:00,22.67552182166041
2045-11-06 16:00:00,23.46299810249403
2045-11-06 17:00:00,24.25047438332765
2045-11-06 18:00:00,25.03795066416127
2045-11-06 19:00:00,25.825426944994888
2045-11-06 20:00:00,26.612903225828507
2045-11-06 21:00:00,27.400379506662127
2045-11-06 22:00:00,28.187855787495746
2045-11-06 23:00:00,28.975332068329365
2045-11-07 00:00:00,29.762808349162984
2045-11-07 01:00:00,30.550284629996604
2045-11-07 02:00:00,31.337760910830223
2045-11-07 03:00:00,32.12523719166384
2045-11-07 04:00:00,32.91271347249746
2045-11-07 05:00:00,33.700189753331074
2045-11-07 06:00:00,34.48766603416469
2045-11-07 07:00:00,35.275142314998305
2045-11-07 08:00:00,36.06261859583192
2045-11-07 09:00:00,36.85009487666554
2045-11-07 10:00:00,37.63757115749915
2045-11-07 11:00:00,38.42504743833277
2045-11-07 12:00:00,39.212523719166384
2045-11-07 13:00:00,40.0
2045-11-07 14:00:00,20.0
2045-11-07 15:00:00,-0.0
2045-11-07 16:00:00,-0.0
2045-11-07 17:00:00,0.7874762808336193
2045-11-07 18:00:00,-0.0
2045-11-07 19:00:00,-0.0
2045-11-07 20:00:00,-0.0
2045-11-07 21:00:00,-0.0
2045-11-07 22:00:00,-0.0
2045-11-07 23:00:00,-0.0
2045-11-08 00:00:00,0.6166982924497759
2045-11-08 01:00:00,1.4041745732833952
2045-11-08 02:00:00,2.1916508541170145
2045-11-08 03:00:00,2.979127134950634
2045-11-08 04:00:00,3.766603415784253
2045-11-08 05:00:00,4.5540796966178725
2045-11-08 06:00:00,5.341555977451492
2045-11-08 07:00:00,6.129032258285111
2045-11-08 08:00:00,6.91650853911873
2045-11-08 09:00:00,7.70398481995235
2045-11-08 10:00:00,8.491461100785969
2045-11-08 11:00:00,9.278937381619588
2045-11-08 12:00:00,10.066413662453208
2045-11-08 13:00:00,10.853889943286827
2045-11-08 14:00:00,11.641366224120446
2045-11-08 15:00:00,12.428842504954066
2045-11-08 16:00:00,13.216318785787685
2045-11-08 17:00:00,14.003795066621304
2045-11-08 18:00:00,14.791271347454924
2045-11-08 19:00:00,15.578747628288543
2045-11-08 20:00:00,16.366223909122162
2045-11-08 21:00:00,17.15370018995578
2045-11-08 22:00:00,17.9411764707894
2045-11-08 23:00:00,18.72865275162302
2045-11-09 00:00:00,19.51612903245664
2045-11-09 01:00:00,20.30360531329026
2045-11-09 02:00:00,21.091081594123878
2045-11-09 03:00:00,21.878557874957497
2045-11-09 04:00:00,22.666034155791117
2045-11-09 05:00:00,23.453510436624736
2045-11-09 06:00:00,24.240986717458355
2045-11-09 07:00:00,25.028462998291975
2045-11-09 08:00:00,25.815939279125594
2045-11-09 09:00:00,26.603415559959213
2045-11-09 10:00:00,27.390891840792833
2045-11-09 11:00:00,28.178368121626452
2045-11-09 12:00:00,28.96584440246007
2045-11-09 13:00:00,29.75332068329369
2045-11-09 14:00:00,30.54079696412731
2045-11-09 15:00:00,31.32827324496093
2045-11-09 16:00:00,32.11574952579455
2045-11-09 17:00:00,12.115749525794548
2045-11-09 18:00:00,12.903225806628168
2045-11-09 19:00:00,13.690702087461787
2045-11-09 20:00:00,14.478178368295406
2045-11-09 21:00:00,15.265654649129026
2045-11-09 22:00:00,16.053130929962645
2045-11-09 23:00:00,16.840607210796264
2045-11-10 00:00:00,17.628083491629884
2045-11-10 01:00:00,18.415559772463503
2045-11-10 02:00:00,19.203036053297122
2045-11-10 03:00:00,19.99051233413074
2045-11-10 04:00:00,20.77798861496436
2045-11-10 05:00:00,21.56546489579798
2045-11-10 06:00:00,22.3529411766316
2045-11-10 07:00:00,23.14041745746522
2045-11-10 08:00:00,23.927893738298838
2045-11-10 09:00:00,24.715370019132457
2045-11-10 10:00:00,25.502846299966077
2045-11-10 11:00:00,26.290322580799696
2045-11-10 12:00:00,27.077798861633315
2045-11-10 13:00:00,27.865275142466935
2045-11-10 14:00:00,28.652751423300554
2045-11-10 15:00:00,29.440227704134173
2045-11-10 16:00:00,30.227703984967793
2045-11-10 17:00:00,31.015180265801412
2045-11-10 18:00:00,31.80265654663503
2045-11-10 19:00:00,32.59013282746865
2045-11-10 20:00:00,33.377609108302266
2045-11-10 21:00:00,34.16508538913588
2045-11-10 22:00:00,34.9525616699695
2045-11-10 23:00:00,35.740037950803114
2045-11-11 00:00:00,36.52751423163673
2045-11-11 01:00:00,37.314990512470345
2045-11-11 02:00:00,38.10246679330396
2045-11-11 03:00:00,38.88994307413758
2045-11-11 04:00:00,39.67741935497119
2045-11-11 05:00:00,40.46489563580481
2045-11-11 06:00:00,41.252371916638424
2045-11-11 07:00:00,42.03984819747204
2045-11-11 08:00:00,42.827324478305655
2045-11-11 09:00:00,43.61480075913927
2045-11-11 10:00:00,44.40227703997289
2045-11-11 11:00:00,45.1897533208065
2045-11-11 12:00:00,45.97722960164012
2045-11-11 13:00:00,46.764705882473734
2045-11-11 14:00:00,47.55218216330735
2045-11-11 15:00:00,48.339658444140966
2045-11-11 16:00:00,49.12713472497458
2045-11-11 17:00:00,49.9146110058082
2045-11-11 18:00:00,50.70208728664181
2045-11-11 19:00:00,51.48956356747543
2045-11-11 20:00:00,52.277039848309045
2045-11-11 21:00:00,53.06451612914266
2045-11-11 22:00:00,53.851992409976276
2045-11-11 23:00:00,54.63946869080989
2045-11-12 00:00:00,55.42694497164351
2045-11-12 01:00:00,56.21442125247712
2045-11-12 02:00:00,57.00189753331074
2045-11-12 03:00:00,57.789373814144355
2045-11-12 04:00:00,58.57685009497797
2045-11-12 05:00:00,59.364326375811586
2045-11-12 06:00:00,60.1518026566452
2045-11-12 07:00:00,60.93927893747882
2045-11-12 08:00:00,61.726755218312434
2045-11-12 09:00:00,62.51423149914605
2045-11-12 10:00:00,63.301707779979665
2045-11-12 11:00:00,64.08918406081328
2045-11-12 12:00:00,64.8766603416469
2045-11-12 13:00:00,65.66413662248051
2045-11-12 14:00:00,66.45161290331413
2045-11-12 15:00:00,67.23908918414774
2045-11-12 16:00:00,68.02656546498136
2045-11-12 17:00:00,68.81404174581498
2045-11-12 18:00:00,69.60151802664859
2045-11-12 19:00:00,70.3889943074822
2045-11-12 20:00:00,71.17647058831582
2045-11-12 21:00:00,71.96394686914944
2045-11-12 22:00:00,72.75142314998305
2045-11-12 23:00:00,73.53889943081667
2045-11-13 00:00:00,74.32637571165029
2045-11-13 01:00:00,75.1138519924839
2045-11-13 02:00:00,75.90132827331752
2045-11-13 03:00:00,76.68880455415113
2045-11-13 04:00:00,77.47628083498475
2045-11-13 05:00:00,78.26375711581836
2045-11-13 06:00:00,79.05123339665198
2045-11-13 07:00:00,79.8387096774856
2045-11-13 08:00:00,80.62618595831921
2045-11-13 09:00:00,81.41366223915283
2045-11-13 10:00:00,82.20113851998644
2045-11-13 11:00:00,62.20113851998644
2045-11-13 12:00:00,62.98861480082006
2045-11-13 13:00:00,63.776091081653675
2045-11-13 14:00:00,64.56356736248729
2045-11-13 15:00:00,65.3510436433209
2045-11-13 16:00:00,66.13851992415452
2045-11-13 17:00:00,66.92599620498814
2045-11-13 18:00:00,67.71347248582175
2045-11-13 19:00:00,68.50094876665537
2045-11-13 20:00:00,69.28842504748899
2045-11-13 21:00:00,70.0759013283226
2045-11-13 22:00:00,70.86337760915622
2045-11-13 23:00:00,71.65085388998983
2045-11-14 00:00:00,72.43833017082345
2045-11-14 01:00:00,73.22580645165706
2045-11-14 02:00:00,74.01328273249068
2045-11-14 03:00:00,74.8007590133243
2045-11-14 04:00:00,75.58823529415791
2045-11-14 05:00:00,76.37571157499153
2045-11-14 06:00:00,77.16318785582514
2045-11-14 07:00:00,77.95066413665876
2045-11-14 08:00:00,78.73814041749237
2045-11-14 09:00:00,79.52561669832599
2045-11-14 10:00:00,80.3130929791596
2045-11-14 11:00:00,81.10056925999322
2045-11-14 12:00:00,81.88804554082684
2045-11-14 13:00:00,82.67552182166045
2045-11-14 14:00:00,83.46299810249407
2045-11-14 15:00:00,84.25047438332768
2045-11-14 16:00:00,85.0379506641613
2045-11-14 17:00:00,85.82542694499492
2045-11-14 18:00:00,86.61290322582853
2045-11-14 19:00:00,87.40037950666215
2045-11-14 20:00:00,88.18785578749576
2045-11-14 21:00:00,88.97533206832938
2045-11-14 22:00:00,89.762808349163
2045-11-14 23:00:00,90.55028462999661
2045-11-15 00:00:00,91.33776091083023
2045-11-15 01:00:00,92.12523719166384
2045-11-15 02:00:00,92.91271347249746
2045-11-15 03:00:00,93.70018975333107
2045-11-15 04:00:00,94.48766603416469
2045-11-15 05:00:00,95.2751423149983
2045-11-15 06:00:00,96.06261859583192
2045-11-15 07:00:00,96.85009487666554
2045-11-15 08:00:00,97.63757115749915
2045-11-15 09:00:00,98.42504743833277
2045-11-15 10:00:00,99.21252371916638
2045-11-15 11:00:00,100.0
2045-11-15 12:00:00,80.0
2045-11-15 13:00:00,60.0
2045-11-15 14:00:00,40.0
2045-11-15 15:00:00,20.0
2045-11-15 16:00:00,-0.0
2045-11-15 17:00:00,-0.0
2045-11-15 18:00:00,-0.0
2045-11-15 19:00:00,-0.0
2045-11-15 20:00:00,-0.0
2045-11-15 21:00:00,-0.0
2045-11-15 22:00:00,-0.0
2045-11-15 23:00:00,-0.0
2045-11-16 00:00:00,-0.0
2045-11-16 01:00:00,-0.0
2045-11-16 02:00:00,0.7874762808336193
2045-11-16 03:00:00,1.5749525616672386
2045-11-16 04:00:00,2.362428842500858
2045-11-16 05:00:00,3.1499051233344773
2045-11-16 06:00:00,3.9373814041680966
2045-11-16 07:00:00,4.724857685001716
2045-11-16 08:00:00,5.512333965835335
2045-11-16 09:00:00,6.2998102466689545
2045-11-16 10:00:00,7.087286527502574
2045-11-16 11:00:00,7.874762808336193
2045-11-16 12:00:00,-0.0
2045-11-16 13:00:00,0.7874762808336193
2045-11-16 14:00:00,-0.0
2045-11-16 15:00:00,-0.0
2045-11-16 16:00:00,-0.0
2045-11-16 17:00:00,-0.0
2045-11-16 18:00:00,-0.0
2045-11-16 19:00:00,-0.0
2045-11-16 20:00:00,-0.0
2045-11-16 21:00:00,-0.0
2045-11-16 22:00:00,-0.0
2045-11-16 23:00:00,-0.0
2045-11-17 00:00:00,0.7874762808336193
2045-11-17 01:00:00,-0.0
2045-11-17 02:00:00,0.7874762808336193
2045-11-17 03:00:00,1.5749525616672386
2045-11-17 04:00:00,2.362428842500858
2045-11-17 05:00:00,3.1499051233344773
2045-11-17 06:00:00,3.9373814041680966
2045-11-17 07:00:00,4.724857685001716
2045-11-17 08:00:00,5.512333965835335
2045-11-17 09:00:00,6.2998102466689545
2045-11-17 10:00:00,7.087286527502574
2045-11-17 11:00:00,7.874762808336193
2045-11-17 12:00:00,-0.0
2045-11-17 13:00:00,-0.0
2045-11-17 14:00:00,-0.0
2045-11-17 15:00:00,0.028463000478506473
2045-11-17 16:00:00,0.8159392813121258
2045-11-17 17:00:00,1.603415562145745
2045-11-17 18:00:00,2.3908918429793644
2045-11-17 19:00:00,3.1783681238129837
2045-11-17 20:00:00,3.965844404646603
2045-11-17 21:00:00,4.753320685480222
2045-11-17 22:00:00,5.540796966313842
2045-11-17 23:00:00,6.328273247147461
2045-11-18 00:00:00,7.11574952798108
2045-11-18 01:00:00,7.9032258088147
2045-11-18 02:00:00,8.690702089648319
2045-11-18 03:00:00,9.478178370481938
2045-11-18 04:00:00,10.265654651315558
2045-11-18 05:00:00,11.053130932149177
2045-11-18 06:00:00,11.840607212982796
2045-11-18 07:00:00,12.628083493816415
2045-11-18 08:00:00,13.415559774650035
2045-11-18 09:00:00,14.203036055483654
2045-11-18 10:00:00,14.990512336317273
2045-11-18 11:00:00,15.777988617150893
2045-11-18 12:00:00,16.565464897984512
2045-11-18 13:00:00,17.35294117881813
2045-11-18 14:00:00,18.14041745965175
2045-11-18 15:00:00,18.92789374048537
2045-11-18 16:00:00,19.71537002131899
2045-11-18 17:00:00,20.50284630215261
2045-11-18 18:00:00,21.290322582986228
2045-11-18 19:00:00,22.077798863819847
2045-11-18 20:00:00,22.865275144653467
2045-11-18 21:00:00,23.652751425487086
2045-11-18 22:00:00,24.440227706320705
2045-11-18 23:00:00,25.227703987154324
2045-11-19 00:00:00,26.015180267987944
2045-11-19 01:00:00,26.802656548821563
2045-11-19 02:00:00,27.590132829655182
2045-11-19 03:00:00,28.3776091104888
2045-11-19 04:00:00,29.16508539132242
2045-11-19 05:00:00,29.95256167215604
2045-11-19 06:00:00,30.74003795298966
2045-11-19 07:00:00,31.52751423382328
2045-11-19 08:00:00,32.3149905146569
2045-11-19 09:00:00,33.102466795490514
2045-11-19 10:00:00,33.88994307632413
2045-11-19 11:00:00,34.677419357157746
2045-11-19 12:00:00,35.46489563799136
2045-11-19 13:00:00,36.25237191882498
2045-11-19 14:00:00,37.03984819965859
2045-11-19 15:00:00,37.82732448049221
2045-11-19 16:00:00,38.614800761325824
2045-11-19 17:00:00,39.40227704215944
2045-11-19 18:00:00,40.189753322993056
2045-11-19 19:00:00,40.97722960382667
2045-11-19 20:00:00,41.76470588466029
2045-11-19 21:00:00,42.5521821654939
2045-11-19 22:00:00,43.33965844632752
2045-11-19 23:00:00,44.127134727161135
2045-11-20 00:00:00,44.91461100799475
2045-11-20 01:00:00,45.702087288828366
2045-11-20 02:00:00,46.48956356966198
2045-11-20 03:00:00,47.2770398504956
2045-11-20 04:00:00,48.06451613132921
2045-11-20 05:00:00,48.85199241216283
2045-11-20 06:00:00,49.639468692996445
2045-11-20 07:00:00,50.42694497383006
2045-11-20 08:00:00,51.21442125466368
2045-11-20 09:00:00,52.00189753549729
2045-11-20 10:00:00,52.78937381633091
2045-11-20 11:00:00,53.576850097164524
2045-11-20 12:00:00,54.36432637799814
2045-11-20 13:00:00,55.151802658831755
2045-11-20 14:00:00,55.93927893966537
2045-11-20 15:00:00,56.72675522049899
2045-11-20 16:00:00,57.5142315013326
2045-11-20 17:00:00,58.30170778216622
2045-11-20 18:00:00,59.089184062999834
2045-11-20 19:00:00,59.87666034383345
2045-11-20 20:00:00,60.664136624667066
2045-11-20 21:00:00,61.45161290550068
2045-11-20 22:00:00,62.2390891863343
2045-11-20 23:00:00,63.02656546716791
2045-11-21 00:00:00,63.81404174800153
2045-11-21 01:00:00,64.60151802883514
2045-11-21 02:00:00,65.38899430966876
2045-11-21 03:00:00,66.17647059050238
2045-11-21 04:00:00,66.96394687133599
2045-11-21 05:00:00,67.75142315216961
2045-11-21 06:00:00,68.53889943300322
2045-11-21 07:00:00,69.32637571383684
2045-11-21 08:00:00,70.11385199467045
2045-11-21 09:00:00,70.90132827550407
2045-11-21 10:00:00,71.68880455633769
2045-11-21 11:00:00,72.4762808371713
2045-11-21 12:00:00,73.26375711800492
2045-11-21 13:00:00,74.05123339883853
2045-11-21 14:00:00,74.83870967967215
2045-11-21 15:00:00,75.62618596050577
2045-11-21 16:00:00,76.41366224133938
2045-11-21 17:00:00,77.201138522173
2045-11-21 18:00:00,77.98861480300661
2045-11-21 19:00:00,78.77609108384023
2045-11-21 20:00:00,79.56356736467384
2045-11-21 21:00:00,80.35104364550746
2045-11-21 22:00:00,81.13851992634108
2045-11-21 23:00:00,81.92599620717469
2045-11-22 00:00:00,82.7134724880083
2045-11-22 01:00:00,83.50094876884192
2045-11-22 02:00:00,84.28842504967554
2045-11-22 03:00:00,85.07590133050915
2045-11-22 04:00:00,85.86337761134277
2045-11-22 05:00:00,86.65085389217639
2045-11-22 06:00:00,87.43833017301
2045-11-22 07:00:00,88.22580645384362
2045-11-22 08:00:00,89.01328273467723
2045-11-22 09:00:00,89.80075901551085
2045-11-22 10:00:00,90.58823529634446
2045-11-22 11:00:00,91.37571157717808
2045-11-22 12:00:00,92.1631878580117
2045-11-22 13:00:00,92.95066413884531
2045-11-22 14:00:00,93.73814041967893
2045-11-22 15:00:00,94.52561670051254
2045-11-22 16:00:00,95.31309298134616
2045-11-22 17:00:00,96.10056926217977
2045-11-22 18:00:00,96.88804554301339
2045-11-22 19:00:00,97.675521823847
2045-11-22 20:00:00,98.46299810468062
2045-11-22 21:00:00,99.25047438551424
2045-11-22 22:00:00,100.03795066634785
2045-11-22 23:00:00,100.82542694718147
2045-11-23 00:00:00,101.61290322801509
2045-11-23 01:00:00,102.4003795088487
2045-11-23 02:00:00,103.18785578968232
2045-11-23 03:00:00,103.97533207051593
2045-11-23 04:00:00,104.76280835134955
2045-11-23 05:00:00,105.55028463218316
2045-11-23 06:00:00,106.33776091301678
2045-11-23 07:00:00,107.1252371938504
2045-11-23 08:00:00,107.91271347468401
2045-11-23 09:00:00,108.70018975551763
2045-11-23 10:00:00,109.48766603635124
2045-11-23 11:00:00,110.27514231718486
2045-11-23 12:00:00,111.06261859801847
2045-11-23 13:00:00,111.85009487885209
2045-11-23 14:00:00,112.6375711596857
2045-11-23 15:00:00,113.42504744051932
2045-11-23 16:00:00,114.21252372135294
2045-11-23 17:00:00,115.00000000218655
2045-11-23 18:00:00,115.78747628302017
2045-11-23 19:00:00,116.57495256385378
2045-11-23 20:00:00,117.3624288446874
2045-11-23 21:00:00,118.14990512552102
2045-11-23 22:00:00,118.93738140635463
2045-11-23 23:00:00,119.72485768718825
2045-11-24 00:00:00,120.51233396802186
2045-11-24 01:00:00,121.29981024885548
2045-11-24 02:00:00,122.0872865296891
2045-11-24 03:00:00,122.87476281052271
2045-11-24 04:00:00,123.66223909135633
2045-11-24 05:00:00,124.44971537218994
2045-11-24 06:00:00,125.23719165302356
2045-11-24 07:00:00,126.02466793385717
2045-11-24 08:00:00,126.81214421469079
2045-11-24 09:00:00,127.5996204955244
2045-11-24 10:00:00,128.38709677635802
2045-11-24 11:00:00,129.17457305719165
2045-11-24 12:00:00,129.96204933802528
2045-11-24 13:00:00,130.7495256188589
2045-11-24 14:00:00,131.53700189969254
2045-11-24 15:00:00,132.32447818052617
2045-11-24 16:00:00,133.1119544613598
2045-11-24 17:00:00,133.89943074219343
2045-11-24 18:00:00,134.68690702302706
2045-11-24 19:00:00,135.4743833038607
2045-11-24 20:00:00,136.26185958469432
2045-11-24 21:00:00,137.04933586552795
2045-11-24 22:00:00,137.83681214636158
2045-11-24 23:00:00,138.6242884271952
2045-11-25 00:00:00,139.41176470802884
2045-11-25 01:00:00,140.19924098886247
2045-11-25 02:00:00,140.9867172696961
2045-11-25 03:00:00,141.77419355052973
2045-11-25 04:00:00,142.56166983136336
2045-11-25 05:00:00,143.349146112197
2045-11-25 06:00:00,144.13662239303062
2045-11-25 07:00:00,144.92409867386425
2045-11-25 08:00:00,145.71157495469788
2045-11-25 09:00:00,146.4990512355315
2045-11-25 10:00:00,147.28652751636514
2045-11-25 11:00:00,148.07400379719877
2045-11-25 12:00:00,148.8614800780324
2045-11-25 13:00:00,149.64895635886603
2045-11-25 14:00:00,150.43643263969966
2045-11-25 15:00:00,151.2239089205333
2045-11-25 16:00:00,152.01138520136692
2045-11-25 17:00:00,152.79886148220055
2045-11-25 18:00:00,153.58633776303418
2045-11-25 19:00:00,154.3738140438678
2045-11-25 20:00:00,155.16129032470144
2045-11-25 21:00:00,155.94876660553507
2045-11-25 22:00:00,156.7362428863687
2045-11-25 23:00:00,157.52371916720233
2045-11-26 00:00:00,158.31119544803596
2045-11-26 01:00:00,159.0986717288696
2045-11-26 02:00:00,159.88614800970322
2045-11-26 03:00:00,160.67362429053685
2045-11-26 04:00:00,161.46110057137048
2045-11-26 05:00:00,162.2485768522041
2045-11-26 06:00:00,163.03605313303774
2045-11-26 07:00:00,163.82352941387137
2045-11-26 08:00:00,164.611005694705
2045-11-26 09:00:00,165.39848197553863
2045-11-26 10:00:00,166.18595825637226
2045-11-26 11:00:00,166.9734345372059
2045-11-26 12:00:00,167.76091081803952
2045-11-26 13:00:00,168.54838709887315
2045-11-26 14:00:00,169.33586337970678
2045-11-26 15:00:00,170.1233396605404
2045-11-26 16:00:00,170.91081594137404
2045-11-26 17:00:00,171.69829222220767
2045-11-26 18:00:00,172.4857685030413
2045-11-26 19:00:00,173.27324478387493
2045-11-26 20:00:00,174.06072106470856
2045-11-26 21:00:00,174.8481973455422
2045-11-26 22:00:00,175.63567362637582
2045-11-26 23:00:00,176.42314990720945
2045-11-27 00:00:00,177.21062618804308
2045-11-27 01:00:00,177.9981024688767
2045-11-27 02:00:00,178.78557874971034
2045-11-27 03:00:00,179.57305503054397
2045-11-27 04:00:00,180.3605313113776
2045-11-27 05:00:00,181.14800759221123
2045-11-27 06:00:00,181.93548387304486
2045-11-27 07:00:00,182.7229601538785
2045-11-27 08:00:00,183.51043643471212
2045-11-27 09:00:00,184.29791271554575
2045-11-27 10:00:00,185.08538899637938
2045-11-27 11:00:00,185.872865277213
2045-11-27 12:00:00,186.66034155804664
2045-11-27 13:00:00,187.44781783888027
2045-11-27 14:00:00,188.2352941197139
2045-11-27 15:00:00,189.02277040054753
2045-11-27 16:00:00,189.81024668138116
2045-11-27 17:00:00,190.5977229622148
2045-11-27 18:00:00,191.38519924304842
2045-11-27 19:00:00,192.17267552388205
2045-11-27 20:00:00,192.96015180471568
2045-11-27 21:00:00,193.7476280855493
2045-11-27 22:00:00,194.53510436638294
2045-11-27 23:00:00,195.32258064721657
2045-11-28 00:00:00,196.1100569280502
2045-11-28 01:00:00,196.89753320888383
2045-11-28 02:00:00,197.68500948971746
2045-11-28 03:00:00,198.4724857705511
2045-11-28 04:00:00,199.25996205138472
2045-11-28 05:00:00,200.04743833221835
2045-11-28 06:00:00,200.83491461305198
2045-11-28 07:00:00,201.6223908938856
2045-11-28 08:00:00,202.40986717471924
2045-11-28 09:00:00,203.19734345555287
2045-11-28 10:00:00,203.9848197363865
2045-11-28 11:00:00,204.77229601722013
2045-11-28 12:00:00,205.55977229805376
2045-11-28 13:00:00,206.3472485788874
2045-11-28 14:00:00,207.13472485972102
2045-11-28 15:00:00,207.92220114055465
2045-11-28 16:00:00,187.92220114055465
2045-11-28 17:00:00,188.70967742138828
2045-11-28 18:00:00,189.4971537022219
2045-11-28 19:00:00,190.28462998305554
2045-11-28 20:00:00,191.07210626388917
2045-11-28 21:00:00,191.8595825447228
2045-11-28 22:00:00,192.64705882555643
2045-11-28 23:00:00,193.43453510639006
2045-11-29 00:00:00,194.2220113872237
2045-11-29 01:00:00,195.00948766805732
2045-11-29 02:00:00,195.79696394889095
2045-11-29 03:00:00,196.58444022972458
2045-11-29 04:00:00,197.3719165105582
2045-11-29 05:00:00,198.15939279139184
2045-11-29 06:00:00,198.94686907222547
2045-11-29 07:00:00,199.7343453530591
2045-11-29 08:00:00,200.52182163389273
2045-11-29 09:00:00,201.30929791472636
2045-11-29 10:00:00,202.09677419556
2045-11-29 11:00:00,202.88425047639362
2045-11-29 12:00:00,203.67172675722725
2045-11-29 13:00:00,204.45920303806088
2045-11-29 14:00:00,205.2466793188945
2045-11-29 15:00:00,206.03415559972814
2045-11-29 16:00:00,206.82163188056177
2045-11-29 17:00:00,207.6091081613954
2045-11-29 18:00:00,208.39658444222903
2045-11-29 19:00:00,209.18406072306266
2045-11-29 20:00:00,209.9715370038963
2045-11-29 21:00:00,210.75901328472992
2045-11-29 22:00:00,211.54648956556355
2045-11-29 23:00:00,212.33396584639718
2045-11-30 00:00:00,213.1214421272308
2045-11-30 01:00:00,213.90891840806444
2045-11-30 02:00:00,214.69639468889807
2045-11-30 03:00:00,215.4838709697317
2045-11-30 04:00:00,216.27134725056533
2045-11-30 05:00:00,217.05882353139896
2045-11-30 06:00:00,217.8462998122326
2045-11-30 07:00:00,218.63377609306622
2045-11-30 08:00:00,219.42125237389985
2045-11-30 09:00:00,220.20872865473348
2045-11-30 10:00:00,220.9962049355671
2045-11-30 11:00:00,221.78368121640074
2045-11-30 12:00:00,222.57115749723437
2045-11-30 13:00:00,223.358633778068
2045-11-30 14:00:00,224.14611005890163
2045-11-30 15:00:00,224.93358633973526
2045-11-30 16:00:00,225.7210626205689
2045-11-30 17:00:00,226.50853890140252
2045-11-30 18:00:00,227.29601518223615
2045-11-30 19:00:00,228.08349146306978
2045-11-30 20:00:00,228.8709677439034
2045-11-30 21:00:00,229.65844402473704
2045-11-30 22:00:00,230.44592030557067
2045-11-30 23:00:00,231.2333965864043
2045-12-01 00:00:00,232.02087286723793
2045-12-01 01:00:00,232.80834914807156
2045-12-01 02:00:00,233.5958254289052
2045-12-01 03:00:00,234.38330170973882
2045-12-01 04:00:00,235.17077799057245
2045-12-01 05:00:00,235.95825427140608
2045-12-01 06:00:00,236.7457305522397
2045-12-01 07:00:00,237.53320683307334
2045-12-01 08:00:00,238.32068311390697
2045-12-01 09:00:00,239.1081593947406
2045-12-01 10:00:00,239.89563567557423
2045-12-01 11:00:00,240.68311195640786
2045-12-01 12:00:00,241.4705882372415
2045-12-01 13:00:00,242.25806451807512
2045-12-01 14:00:00,243.04554079890875
2045-12-01 15:00:00,243.83301707974238
2045-12-01 16:00:00,244.620493360576
2045-12-01 17:00:00,245.40796964140964
2045-12-01 18:00:00,246.19544592224327
2045-12-01 19:00:00,246.9829222030769
2045-12-01 20:00:00,247.77039848391053
2045-12-01 21:00:00,248.55787476474416
2045-12-01 22:00:00,249.3453510455778
2045-12-01 23:00:00,250.13282732641142
2045-12-02 00:00:00,250.92030360724505
2045-12-02 01:00:00,251.70777988807868
2045-12-02 02:00:00,252.4952561689123
2045-12-02 03:00:00,253.28273244974594
2045-12-02 04:00:00,254.07020873057957
2045-12-02 05:00:00,254.8576850114132
2045-12-02 06:00:00,255.64516129224683
2045-12-02 07:00:00,256.43263757308046
2045-12-02 08:00:00,257.2201138539141
2045-12-02 09:00:00,258.0075901347477
2045-12-02 10:00:00,258.79506641558135
2045-12-02 11:00:00,259.582542696415
2045-12-02 12:00:00,260.3700189772486
2045-12-02 13:00:00,261.15749525808224
2045-12-02 14:00:00,261.94497153891587
2045-12-02 15:00:00,262.7324478197495
2045-12-02 16:00:00,263.5199241005831
2045-12-02 17:00:00,264.30740038141676
2045-12-02 18:00:00,265.0948766622504
2045-12-02 19:00:00,265.882352943084
2045-12-02 20:00:00,266.66982922391765
2045-12-02 21:00:00,267.4573055047513
2045-12-02 22:00:00,268.2447817855849
2045-12-02 23:00:00,269.03225806641854
2045-12-03 00:00:00,269.81973434725217
2045-12-03 01:00:00,270.6072106280858
2045-12-03 02:00:00,271.3946869089194
2045-12-03 03:00:00,272.18216318975306
2045-12-03 04:00:00,272.9696394705867
2045-12-03 05:00:00,273.7571157514203
2045-12-03 06:00:00,274.54459203225395
2045-12-03 07:00:00,275.3320683130876
2045-12-03 08:00:00,276.1195445939212
2045-12-03 09:00:00,276.90702087475483
2045-12-03 10:00:00,277.69449715558846
2045-12-03 11:00:00,278.4819734364221
2045-12-03 12:00:00,279.2694497172557
2045-12-03 13:00:00,280.05692599808935
2045-12-03 14:00:00,280.844402278923
2045-12-03 15:00:00,281.6318785597566
2045-12-03 16:00:00,282.41935484059024
2045-12-03 17:00:00,283.2068311214239
2045-12-03 18:00:00,283.9943074022575
2045-12-03 19:00:00,284.78178368309113
2045-12-03 20:00:00,285.56925996392476
2045-12-03 21:00:00,286.3567362447584
2045-12-03 22:00:00,287.144212525592
2045-12-03 23:00:00,287.93168880642565
2045-12-04 00:00:00,288.7191650872593
2045-12-04 01:00:00,289.5066413680929
2045-12-04 02:00:00,290.29411764892654
2045-12-04 03:00:00,291.0815939297602
2045-12-04 04:00:00,291.8690702105938
2045-12-04 05:00:00,292.65654649142743
2045-12-04 06:00:00,293.44402277226106
2045-12-04 07:00:00,294.2314990530947
2045-12-04 08:00:00,295.0189753339283
2045-12-04 09:00:00,295.80645161476195
2045-12-04 10:00:00,296.5939278955956
2045-12-04 11:00:00,297.3814041764292
2045-12-04 12:00:00,298.16888045726284
2045-12-04 13:00:00,298.9563567380965
2045-12-04 14:00:00,299.7438330189301
2045-12-04 15:00:00,300.53130929976373
2045-12-04 16:00:00,301.31878558059736
2045-12-04 17:00:00,302.106261861431
2045-12-04 18:00:00,302.8937381422646
2045-12-04 19:00:00,303.68121442309825
2045-12-04 20:00:00,304.4686907039319
2045-12-04 21:00:00,305.2561669847655
2045-12-04 22:00:00,306.04364326559914
2045-12-04 23:00:00,306.8311195464328
2045-12-05 00:00:00,307.6185958272664
2045-12-05 01:00:00,308.40607210810003
2045-12-05 02:00:00,309.19354838893366
2045-12-05 03:00:00,309.9810246697673
2045-12-05 04:00:00,310.7685009506009
2045-12-05 05:00:00,311.55597723143455
2045-12-05 06:00:00,312.3434535122682
2045-12-05 07:00:00,313.1309297931018
2045-12-05 08:00:00,313.91840607393544
2045-12-05 09:00:00,314.7058823547691
2045-12-05 10:00:00,315.4933586356027
2045-12-05 11:00:00,316.28083491643633
2045-12-05 12:00:00,317.06831119726996
2045-12-05 13:00:00,317.8557874781036
2045-12-05 14:00:00,318.6432637589372
2045-12-05 15:00:00,319.43074003977085
2045-12-05 16:00:00,320.2182163206045
2045-12-05 17:00:00,321.0056926014381
2045-12-05 18:00:00,321.79316888227174
2045-12-05 19:00:00,322.5806451631054
2045-12-05 20:00:00,323.368121443939
2045-12-05 21:00:00,324.15559772477263
2045-12-05 22:00:00,324.94307400560626
2045-12-05 23:00:00,325.7305502864399
2045-12-06 00:00:00,326.5180265672735
2045-12-06 01:00:00,327.30550284810715
2045-12-06 02:00:00,328.0929791289408
2045-12-06 03:00:00,328.8804554097744
2045-12-06 04:00:00,329.66793169060804
2045-12-06 05:00:00,330.4554079714417
2045-12-06 06:00:00,331.2428842522753
2045-12-06 07:00:00,332.03036053310893
2045-12-06 08:00:00,332.81783681394256
2045-12-06 09:00:00,333.6053130947762
2045-12-06 10:00:00,334.3927893756098
2045-12-06 11:00:00,335.18026565644345
2045-12-06 12:00:00,335.9677419372771
2045-12-06 13:00:00,336.7552182181107
2045-12-06 14:00:00,337.54269449894434
2045-12-06 15:00:00,338.330170779778
2045-12-06 16:00:00,339.1176470606116
2045-12-06 17:00:00,339.90512334144523
2045-12-06 18:00:00,340.69259962227886
2045-12-06 19:00:00,341.4800759031125
2045-12-06 20:00:00,342.2675521839461
2045-12-06 21:00:00,343.05502846477975
2045-12-06 22:00:00,343.8425047456134
2045-12-06 23:00:00,344.629981026447
2045-12-07 00:00:00,345.41745730728064
2045-12-07 01:00:00,346.2049335881143
2045-12-07 02:00:00,346.9924098689479
2045-12-07 03:00:00,347.77988614978153
2045-12-07 04:00:00,348.56736243061516
2045-12-07 05:00:00,349.3548387114488
2045-12-07 06:00:00,350.1423149922824
2045-12-07 07:00:00,350.92979127311605
2045-12-07 08:00:00,351.7172675539497
2045-12-07 09:00:00,352.5047438347833
2045-12-07 10:00:00,353.29222011561694
2045-12-07 11:00:00,354.0796963964506
2045-12-07 12:00:00,354.8671726772842
2045-12-07 13:00:00,355.65464895811783
2045-12-07 14:00:00,356.44212523895146
2045-12-07 15:00:00,357.2296015197851
2045-12-07 16:00:00,358.0170778006187
2045-12-07 17:00:00,358.80455408145235
2045-12-07 18:00:00,359.592030362286
2045-12-07 19:00:00,360.3795066431196
2045-12-07 20:00:00,361.16698292395324
2045-12-07 21:00:00,361.9544592047869
2045-12-07 22:00:00,362.7419354856205
2045-12-07 23:00:00,363.52941176645413
2045-12-08 00:00:00,364.31688804728776
2045-12-08 01:00:00,365.1043643281214
2045-12-08 02:00:00,365.891840608955
2045-12-08 03:00:00,366.67931688978865
2045-12-08 04:00:00,367.4667931706223
2045-12-08 05:00:00,368.2542694514559
2045-12-08 06:00:00,369.04174573228954
2045-12-08 07:00:00,369.82922201312317
2045-12-08 08:00:00,370.6166982939568
2045-12-08 09:00:00,371.40417457479043
2045-12-08 10:00:00,372.19165085562406
2045-12-08 11:00:00,372.9791271364577
2045-12-08 12:00:00,373.7666034172913
2045-12-08 13:00:00,374.55407969812495
2045-12-08 14:00:00,375.3415559789586
2045-12-08 15:00:00,376.1290322597922
2045-12-08 16:00:00,376.91650854062584
2045-12-08 17:00:00,377.70398482145947
2045-12-08 18:00:00,378.4914611022931
2045-12-08 19:00:00,379.27893738312673
2045-12-08 20:00:00,380.06641366396036
2045-12-08 21:00:00,380.853889944794
2045-12-08 22:00:00,381.6413662256276
2045-12-08 23:00:00,382.42884250646125
2045-12-09 00:00:00,383.2163187872949
2045-12-09 01:00:00,384.0037950681285
2045-12-09 02:00:00,384.79127134896214
2045-12-09 03:00:00,385.57874762979577
2045-12-09 04:00:00,386.3662239106294
2045-12-09 05:00:00,387.15370019146303
2045-12-09 06:00:00,387.94117647229666
2045-12-09 07:00:00,388.7286527531303
2045-12-09 08:00:00,389.5161290339639
2045-12-09 09:00:00,390.30360531479755
2045-12-09 10:00:00,391.0910815956312
2045-12-09 11:00:00,391.8785578764648
2045-12-09 12:00:00,392.66603415729844
2045-12-09 13:00:00,393.45351043813207
2045-12-09 14:00:00,394.2409867189657
2045-12-09 15:00:00,395.02846299979933
2045-12-09 16:00:00,395.81593928063296
2045-12-09 17:00:00,396.6034155614666
2045-12-09 18:00:00,397.3908918423002
2045-12-09 19:00:00,398.17836812313385
2045-12-09 20:00:00,398.9658444039675
2045-12-09 21:00:00,399.7533206848011
2045-12-09 22:00:00,400.54079696563474
2045-12-09 23:00:00,401.32827324646837
2045-12-10 00:00:00,402.115749527302
2045-12-10 01:00:00,402.90322580813563
2045-12-10 02:00:00,403.69070208896926
2045-12-10 03:00:00,404.4781783698029
2045-12-10 04:00:00,405.2656546506365
2045-12-10 05:00:00,406.05313093147015
2045-12-10 06:00:00,406.8406072123038
2045-12-10 07:00:00,407.6280834931374
2045-12-10 08:00:00,408.41555977397104
2045-12-10 09:00:00,409.20303605480467
2045-12-10 10:00:00,409.9905123356383
2045-12-10 11:00:00,410.77798861647193
2045-12-10 12:00:00,411.56546489730556
2045-12-10 13:00:00,412.3529411781392
2045-12-10 14:00:00,413.1404174589728
2045-12-10 15:00:00,413.92789373980645
2045-12-10 16:00:00,414.7153700206401
2045-12-10 17:00:00,415.5028463014737
2045-12-10 18:00:00,416.29032258230734
2045-12-10 19:00:00,417.07779886314097
2045-12-10 20:00:00,417.8652751439746
2045-12-10 21:00:00,418.65275142480823
2045-12-10 22:00:00,419.44022770564186
2045-12-10 23:00:00,420.2277039864755
2045-12-11 00:00:00,421.0151802673091
2045-12-11 01:00:00,421.80265654814275
2045-12-11 02:00:00,422.5901328289764
2045-12-11 03:00:00,423.37760910981
2045-12-11 04:00:00,424.16508539064364
2045-12-11 05:00:00,424.95256167147727
2045-12-11 06:00:00,425.7400379523109
2045-12-11 07:00:00,426.52751423314453
2045-12-11 08:00:00,427.31499051397816
2045-12-11 09:00:00,428.1024667948118
2045-12-11 10:00:00,428.8899430756454
2045-12-11 11:00:00,429.67741935647905
2045-12-11 12:00:00,430.4648956373127
2045-12-11 13:00:00,431.2523719181463
2045-12-11 14:00:00,432.03984819897994
2045-12-11 15:00:00,432.82732447981357
2045-12-11 16:00:00,433.6148007606472
2045-12-11 17:00:00,434.40227704148083
2045-12-11 18:00:00,435.18975332231446
2045-12-11 19:00:00,435.9772296031481
2045-12-11 20:00:00,436.7647058839817
2045-12-11 21:00:00,437.55218216481535
2045-12-11 22:00:00,438.339658445649
2045-12-11 23:00:00,439.1271347264826
2045-12-12 00:00:00,439.91461100731624
2045-12-12 01:00:00,440.70208728814987
2045-12-12 02:00:00,441.4895635689835
2045-12-12 03:00:00,442.27703984981713
2045-12-12 04:00:00,443.06451613065076
2045-12-12 05:00:00,443.8519924114844
2045-12-12 06:00:00,444.639468692318
2045-12-12 07:00:00,445.42694497315165
2045-12-12 08:00:00,446.2144212539853
2045-12-12 09:00:00,447.0018975348189
2045-12-12 10:00:00,447.78937381565254
2045-12-12 11:00:00,448.57685009648617
2045-12-12 12:00:00,449.3643263773198
2045-12-12 13:00:00,450.15180265815343
2045-12-12 14:00:00,450.93927893898706
2045-12-12 15:00:00,451.7267552198207
2045-12-12 16:00:00,452.5142315006543
2045-12-12 17:00:00,453.30170778148795
2045-12-12 18:00:00,454.0891840623216
2045-12-12 19:00:00,454.8766603431552
2045-12-12 20:00:00,455.66413662398884
2045-12-12 21:00:00,456.45161290482247
2045-12-12 22:00:00,457.2390891856561
2045-12-12 23:00:00,458.0265654664897
2045-12-13 00:00:00,458.81404174732336
2045-12-13 01:00:00,459.601518028157
2045-12-13 02:00:00,460.3889943089906
2045-12-13 03:00:00,461.17647058982425
2045-12-13 04:00:00,461.9639468706579
2045-12-13 05:00:00,462.7514231514915
2045-12-13 06:00:00,463.53889943232514
2045-12-13 07:00:00,464.32637571315877
2045-12-13 08:00:00,465.1138519939924
2045-12-13 09:00:00,465.901328274826
2045-12-13 10:00:00,466.68880455565966
2045-12-13 11:00:00,467.4762808364933
2045-12-13 12:00:00,468.2637571173269
2045-12-13 13:00:00,469.05123339816055
2045-12-13 14:00:00,469.8387096789942
2045-12-13 15:00:00,470.6261859598278
2045-12-13 16:00:00,471.41366224066144
2045-12-13 17:00:00,472.20113852149507
2045-12-13 18:00:00,472.9886148023287
2045-12-13 19:00:00,473.7760910831623
2045-12-13 20:00:00,474.56356736399596
2045-12-13 21:00:00,475.3510436448296
2045-12-13 22:00:00,476.1385199256632
2045-12-13 23:00:00,476.92599620649685
2045-12-14 00:00:00,477.7134724873305
2045-12-14 01:00:00,478.5009487681641
2045-12-14 02:00:00,479.28842504899774
2045-12-14 03:00:00,480.07590132983137
2045-12-14 04:00:00,480.863377610665
2045-12-14 05:00:00,481.6508538914986
2045-12-14 06:00:00,482.43833017233226
2045-12-14 07:00:00,483.2258064531659
2045-12-14 08:00:00,484.0132827339995
2045-12-14 09:00:00,484.80075901483315
2045-12-14 10:00:00,485.5882352956668
2045-12-14 11:00:00,486.3757115765004
2045-12-14 12:00:00,487.16318785733404
2045-12-14 13:00:00,487.95066413816767
2045-12-14 14:00:00,488.7381404190013
2045-12-14 15:00:00,489.5256166998349
2045-12-14 16:00:00,490.31309298066856
2045-12-14 17:00:00,491.1005692615022
2045-12-14 18:00:00,491.8880455423358
2045-12-14 19:00:00,492.67552182316945
2045-12-14 20:00:00,493.4629981040031
2045-12-14 21:00:00,494.2504743848367
2045-12-14 22:00:00,495.03795066567034
2045-12-14 23:00:00,495.82542694650397
2045-12-15 00:00:00,496.6129032273376
2045-12-15 01:00:00,497.4003795081712
2045-12-15 02:00:00,498.18785578900486
2045-12-15 03:00:00,498.9753320698385
2045-12-15 04:00:00,499.7628083506721
2045-12-15 05:00:00,500.55028463150575
2045-12-15 06:00:00,501.3377609123394
2045-12-15 07:00:00,502.125237193173
2045-12-15 08:00:00,502.91271347400664
2045-12-15 09:00:00,503.70018975484027
2045-12-15 10:00:00,504.4876660356739
2045-12-15 11:00:00,505.2751423165075
2045-12-15 12:00:00,506.06261859734116
2045-12-15 13:00:00,506.8500948781748
2045-12-15 14:00:00,507.6375711590084
2045-12-15 15:00:00,508.42504743984205
2045-12-15 16:00:00,509.2125237206757
2045-12-15 17:00:00,510.0000000015093
2045-12-15 18:00:00,510.78747628234294
2045-12-15 19:00:00,511.57495256317657
2045-12-15 20:00:00,512.3624288440102
2045-12-15 21:00:00,513.1499051248438
2045-12-15 22:00:00,513.9373814056775
2045-12-15 23:00:00,514.7248576865111
2045-12-16 00:00:00,515.5123339673447
2045-12-16 01:00:00,516.2998102481783
2045-12-16 02:00:00,517.087286529012
2045-12-16 03:00:00,517.8747628098456
2045-12-16 04:00:00,518.6622390906792
2045-12-16 05:00:00,519.4497153715129
2045-12-16 06:00:00,520.2371916523465
2045-12-16 07:00:00,521.0246679331801
2045-12-16 08:00:00,521.8121442140138
2045-12-16 09:00:00,522.5996204948474
2045-12-16 10:00:00,523.387096775681
2045-12-16 11:00:00,524.1745730565146
2045-12-16 12:00:00,524.9620493373483
2045-12-16 13:00:00,525.7495256181819
2045-12-16 14:00:00,526.5370018990155
2045-12-16 15:00:00,527.3244781798492
2045-12-16 16:00:00,528.1119544606828
2045-12-16 17:00:00,528.8994307415164
2045-12-16 18:00:00,529.68690702235
2045-12-16 19:00:00,530.4743833031837
2045-12-16 20:00:00,531.2618595840173
2045-12-16 21:00:00,532.049335864851
2045-12-16 22:00:00,532.8368121456846
2045-12-16 23:00:00,533.6242884265182
2045-12-17 00:00:00,534.4117647073518
2045-12-17 01:00:00,535.1992409881855
2045-12-17 02:00:00,535.9867172690191
2045-12-17 03:00:00,536.7741935498527
2045-12-17 04:00:00,537.5616698306864
2045-12-17 05:00:00,538.34914611152
2045-12-17 06:00:00,539.1366223923536
2045-12-17 07:00:00,539.9240986731872
2045-12-17 08:00:00,540.7115749540209
2045-12-17 09:00:00,541.4990512348545
2045-12-17 10:00:00,542.2865275156881
2045-12-17 11:00:00,543.0740037965218
2045-12-17 12:00:00,543.8614800773554
2045-12-17 13:00:00,544.648956358189
2045-12-17 14:00:00,545.4364326390227
2045-12-17 15:00:00,546.2239089198563
2045-12-17 16:00:00,547.0113852006899
2045-12-17 17:00:00,547.7988614815235
2045-12-17 18:00:00,548.5863377623572
2045-12-17 19:00:00,549.3738140431908
2045-12-17 20:00:00,550.1612903240244
2045-12-17 21:00:00,550.9487666048581
2045-12-17 22:00:00,551.7362428856917
2045-12-17 23:00:00,552.5237191665253
2045-12-18 00:00:00,553.311195447359
2045-12-18 01:00:00,554.0986717281926
2045-12-18 02:00:00,554.8861480090262
2045-12-18 03:00:00,555.6736242898598
2045-12-18 04:00:00,556.4611005706935
2045-12-18 05:00:00,557.2485768515271
2045-12-18 06:00:00,558.0360531323607
2045-12-18 07:00:00,558.8235294131944
2045-12-18 08:00:00,559.611005694028
2045-12-18 09:00:00,560.3984819748616
2045-12-18 10:00:00,561.1859582556953
2045-12-18 11:00:00,561.9734345365289
2045-12-18 12:00:00,562.7609108173625
2045-12-18 13:00:00,563.5483870981961
2045-12-18 14:00:00,564.3358633790298
2045-12-18 15:00:00,565.1233396598634
2045-12-18 16:00:00,565.910815940697
2045-12-18 17:00:00,566.6982922215307
2045-12-18 18:00:00,567.4857685023643
2045-12-18 19:00:00,568.2732447831979
2045-12-18 20:00:00,569.0607210640316
2045-12-18 21:00:00,569.8481973448652
2045-12-18 22:00:00,549.8481973448652
2045-12-18 23:00:00,529.8481973448652
2045-12-19 00:00:00,530.6356736256988
2045-12-19 01:00:00,531.4231499065324
2045-12-19 02:00:00,532.2106261873661
2045-12-19 03:00:00,532.9981024681997
2045-12-19 04:00:00,533.7855787490333
2045-12-19 05:00:00,534.573055029867
2045-12-19 06:00:00,535.3605313107006
2045-12-19 07:00:00,536.1480075915342
2045-12-19 08:00:00,536.9354838723679
2045-12-19 09:00:00,537.7229601532015
2045-12-19 10:00:00,538.5104364340351
2045-12-19 11:00:00,539.2979127148687
2045-12-19 12:00:00,540.0853889957024
2045-12-19 13:00:00,540.872865276536
2045-12-19 14:00:00,541.6603415573696
2045-12-19 15:00:00,542.4478178382033
2045-12-19 16:00:00,543.2352941190369
2045-12-19 17:00:00,544.0227703998705
2045-12-19 18:00:00,544.8102466807042
2045-12-19 19:00:00,545.5977229615378
2045-12-19 20:00:00,546.3851992423714
2045-12-19 21:00:00,547.172675523205
2045-12-19 22:00:00,547.9601518040387
2045-12-19 23:00:00,548.7476280848723
2045-12-20 00:00:00,549.5351043657059
2045-12-20 01:00:00,550.3225806465396
2045-12-20 02:00:00,551.1100569273732
2045-12-20 03:00:00,551.8975332082068
2045-12-20 04:00:00,552.6850094890405
2045-12-20 05:00:00,553.4724857698741
2045-12-20 06:00:00,554.2599620507077
2045-12-20 07:00:00,555.0474383315413
2045-12-20 08:00:00,555.834914612375
2045-12-20 09:00:00,556.6223908932086
2045-12-20 10:00:00,557.4098671740422
2045-12-20 11:00:00,558.1973434548759
2045-12-20 12:00:00,538.1973434548759
2045-12-20 13:00:00,518.1973434548759
2045-12-20 14:00:00,498.19734345487586
2045-12-20 15:00:00,478.19734345487586
2045-12-20 16:00:00,478.9848197357095
2045-12-20 17:00:00,479.7722960165431
2045-12-20 18:00:00,480.55977229737675
2045-12-20 19:00:00,481.3472485782104
2045-12-20 20:00:00,482.134724859044
2045-12-20 21:00:00,482.92220113987764
2045-12-20 22:00:00,483.7096774207113
2045-12-20 23:00:00,484.4971537015449
2045-12-21 00:00:00,485.28462998237853
2045-12-21 01:00:00,486.07210626321216
2045-12-21 02:00:00,486.8595825440458
2045-12-21 03:00:00,487.6470588248794
2045-12-21 04:00:00,488.43453510571305
2045-12-21 05:00:00,489.2220113865467
2045-12-21 06:00:00,490.0094876673803
2045-12-21 07:00:00,490.79696394821394
2045-12-21 08:00:00,491.5844402290476
2045-12-21 09:00:00,492.3719165098812
2045-12-21 10:00:00,493.15939279071483
2045-12-21 11:00:00,493.94686907154846
2045-12-21 12:00:00,494.7343453523821
2045-12-21 13:00:00,495.5218216332157
2045-12-21 14:00:00,496.30929791404935
2045-12-21 15:00:00,497.096774194883
2045-12-21 16:00:00,497.8842504757166
2045-12-21 17:00:00,498.67172675655024
2045-12-21 18:00:00,499.4592030373839
2045-12-21 19:00:00,500.2466793182175
2045-12-21 20:00:00,501.03415559905113
2045-12-21 21:00:00,501.82163187988476
2045-12-21 22:00:00,502.6091081607184
2045-12-21 23:00:00,503.396584441552
2045-12-22 00:00:00,504.18406072238565
2045-12-22 01:00:00,504.9715370032193
2045-12-22 02:00:00,505.7590132840529
2045-12-22 03:00:00,506.54648956488654
2045-12-22 04:00:00,507.3339658457202
2045-12-22 05:00:00,508.1214421265538
2045-12-22 06:00:00,508.90891840738743
2045-12-22 07:00:00,509.69639468822106
2045-12-22 08:00:00,510.4838709690547
2045-12-22 09:00:00,511.2713472498883
2045-12-22 10:00:00,512.058823530722
2045-12-22 11:00:00,512.8462998115556
2045-12-22 12:00:00,513.6337760923892
2045-12-22 13:00:00,514.4212523732228
2045-12-22 14:00:00,515.2087286540565
2045-12-22 15:00:00,515.9962049348901
2045-12-22 16:00:00,516.7836812157237
2045-12-22 17:00:00,517.5711574965574
2045-12-22 18:00:00,518.358633777391
2045-12-22 19:00:00,519.1461100582246
2045-12-22 20:00:00,519.9335863390583
2045-12-22 21:00:00,520.7210626198919
2045-12-22 22:00:00,521.5085389007255
2045-12-22 23:00:00,522.2960151815591
2045-12-23 00:00:00,523.0834914623928
2045-12-23 01:00:00,523.8709677432264
2045-12-23 02:00:00,524.65844402406
2045-12-23 03:00:00,525.4459203048937
2045-12-23 04:00:00,526.2333965857273
2045-12-23 05:00:00,527.0208728665609
2045-12-23 06:00:00,527.8083491473946
2045-12-23 07:00:00,528.5958254282282
2045-12-23 08:00:00,529.3833017090618
2045-12-23 09:00:00,530.1707779898954
2045-12-23 10:00:00,530.9582542707291
2045-12-23 11:00:00,531.7457305515627
2045-12-23 12:00:00,532.5332068323963
2045-12-23 13:00:00,533.32068311323
2045-12-23 14:00:00,534.1081593940636
2045-12-23 15:00:00,534.8956356748972
2045-12-23 16:00:00,535.6831119557309
2045-12-23 17:00:00,536.4705882365645
2045-12-23 18:00:00,537.2580645173981
2045-12-23 19:00:00,538.0455407982317
2045-12-23 20:00:00,538.8330170790654
2045-12-23 21:00:00,539.620493359899
2045-12-23 22:00:00,540.4079696407326
2045-12-23 23:00:00,541.1954459215663
2045-12-24 00:00:00,541.9829222023999
2045-12-24 01:00:00,542.7703984832335
2045-12-24 02:00:00,543.5578747640672
2045-12-24 03:00:00,544.3453510449008
2045-12-24 04:00:00,545.1328273257344
2045-12-24 05:00:00,545.920303606568
2045-12-24 06:00:00,546.7077798874017
2045-12-24 07:00:00,547.4952561682353
2045-12-24 08:00:00,548.2827324490689
2045-12-24 09:00:00,549.0702087299026
2045-12-24 10:00:00,549.8576850107362
2045-12-24 11:00:00,550.6451612915698
2045-12-24 12:00:00,551.4326375724035
2045-12-24 13:00:00,552.2201138532371
2045-12-24 14:00:00,553.0075901340707
2045-12-24 15:00:00,553.7950664149043
2045-12-24 16:00:00,554.582542695738
2045-12-24 17:00:00,555.3700189765716
2045-12-24 18:00:00,556.1574952574052
2045-12-24 19:00:00,556.9449715382389
2045-12-24 20:00:00,557.7324478190725
2045-12-24 21:00:00,558.5199240999061
2045-12-24 22:00:00,559.3074003807398
2045-12-24 23:00:00,560.0948766615734
2045-12-25 00:00:00,560.882352942407
2045-12-25 01:00:00,561.6698292232406
2045-12-25 02:00:00,562.4573055040743
2045-12-25 03:00:00,563.2447817849079
2045-12-25 04:00:00,564.0322580657415
2045-12-25 05:00:00,564.8197343465752
2045-12-25 06:00:00,565.6072106274088
2045-12-25 07:00:00,566.3946869082424
2045-12-25 08:00:00,567.182163189076
2045-12-25 09:00:00,567.9696394699097
2045-12-25 10:00:00,568.7571157507433
2045-12-25 11:00:00,569.5445920315769
2045-12-25 12:00:00,570.3320683124106
2045-12-25 13:00:00,571.1195445932442
2045-12-25 14:00:00,571.9070208740778
2045-12-25 15:00:00,572.6944971549115
2045-12-25 16:00:00,573.4819734357451
2045-12-25 17:00:00,574.2694497165787
2045-12-25 18:00:00,575.0569259974123
2045-12-25 19:00:00,575.844402278246
2045-12-25 20:00:00,576.6318785590796
2045-12-25 21:00:00,577.4193548399132
2045-12-25 22:00:00,578.2068311207469
2045-12-25 23:00:00,578.9943074015805
2045-12-26 00:00:00,579.7817836824141
2045-12-26 01:00:00,580.5692599632478
2045-12-26 02:00:00,581.3567362440814
2045-12-26 03:00:00,582.144212524915
2045-12-26 04:00:00,582.9316888057486
2045-12-26 05:00:00,583.7191650865823
2045-12-26 06:00:00,584.5066413674159
2045-12-26 07:00:00,585.2941176482495
2045-12-26 08:00:00,586.0815939290832
2045-12-26 09:00:00,586.8690702099168
2045-12-26 10:00:00,587.6565464907504
2045-12-26 11:00:00,588.4440227715841
2045-12-26 12:00:00,589.2314990524177
2045-12-26 13:00:00,590.0189753332513
2045-12-26 14:00:00,590.806451614085
2045-12-26 15:00:00,591.5939278949186
2045-12-26 16:00:00,592.3814041757522
2045-12-26 17:00:00,593.1688804565858
2045-12-26 18:00:00,593.9563567374195
2045-12-26 19:00:00,594.7438330182531
2045-12-26 20:00:00,595.5313092990867
2045-12-26 21:00:00,596.3187855799204
2045-12-26 22:00:00,597.106261860754
2045-12-26 23:00:00,597.8937381415876
2045-12-27 00:00:00,598.6812144224212
2045-12-27 01:00:00,599.4686907032549
2045-12-27 02:00:00,600.2561669840885
2045-12-27 03:00:00,601.0436432649221
2045-12-27 04:00:00,601.8311195457558
2045-12-27 05:00:00,602.6185958265894
2045-12-27 06:00:00,603.406072107423
2045-12-27 07:00:00,604.1935483882567
2045-12-27 08:00:00,604.9810246690903
2045-12-27 09:00:00,605.7685009499239
2045-12-27 10:00:00,606.5559772307575
2045-12-27 11:00:00,607.3434535115912
2045-12-27 12:00:00,608.1309297924248
2045-12-27 13:00:00,608.9184060732584
2045-12-27 14:00:00,609.7058823540921
2045-12-27 15:00:00,610.4933586349257
2045-12-27 16:00:00,611.2808349157593
2045-12-27 17:00:00,612.068311196593
2045-12-27 18:00:00,612.8557874774266
2045-12-27 19:00:00,613.6432637582602
2045-12-27 20:00:00,614.4307400390938
2045-12-27 21:00:00,615.2182163199275
2045-12-27 22:00:00,616.0056926007611
2045-12-27 23:00:00,616.7931688815947
2045-12-28 00:00:00,617.5806451624284
2045-12-28 01:00:00,618.368121443262
2045-12-28 02:00:00,619.1555977240956
2045-12-28 03:00:00,619.9430740049293
2045-12-28 04:00:00,620.7305502857629
2045-12-28 05:00:00,621.5180265665965
2045-12-28 06:00:00,622.3055028474301
2045-12-28 07:00:00,623.0929791282638
2045-12-28 08:00:00,623.8804554090974
2045-12-28 09:00:00,624.667931689931
2045-12-28 10:00:00,625.4554079707647
2045-12-28 11:00:00,626.2428842515983
2045-12-28 12:00:00,627.0303605324319
2045-12-28 13:00:00,627.8178368132656
2045-12-28 14:00:00,628.6053130940992
2045-12-28 15:00:00,629.3927893749328
2045-12-28 16:00:00,630.1802656557664
2045-12-28 17:00:00,630.9677419366001
2045-12-28 18:00:00,631.7552182174337
2045-12-28 19:00:00,632.5426944982673
2045-12-28 20:00:00,633.330170779101
2045-12-28 21:00:00,634.1176470599346
2045-12-28 22:00:00,634.9051233407682
2045-12-28 23:00:00,635.6925996216019
2045-12-29 00:00:00,636.4800759024355
2045-12-29 01:00:00,637.2675521832691
2045-12-29 02:00:00,638.0550284641027
2045-12-29 03:00:00,638.8425047449364
2045-12-29 04:00:00,639.62998102577
2045-12-29 05:00:00,640.4174573066036
2045-12-29 06:00:00,641.2049335874373
2045-12-29 07:00:00,641.9924098682709
2045-12-29 08:00:00,642.7798861491045
2045-12-29 09:00:00,643.5673624299382
2045-12-29 10:00:00,644.3548387107718
2045-12-29 11:00:00,645.1423149916054
2045-12-29 12:00:00,645.929791272439
2045-12-29 13:00:00,646.7172675532727
2045-12-29 14:00:00,647.5047438341063
2045-12-29 15:00:00,648.2922201149399
2045-12-29 16:00:00,649.0796963957736
2045-12-29 17:00:00,649.8671726766072
2045-12-29 18:00:00,650.6546489574408
2045-12-29 19:00:00,651.4421252382745
2045-12-29 20:00:00,652.2296015191081
2045-12-29 21:00:00,653.0170777999417
2045-12-29 22:00:00,653.8045540807753
2045-12-29 23:00:00,654.592030361609
2045-12-30 00:00:00,655.3795066424426
2045-12-30 01:00:00,656.1669829232762
2045-12-30 02:00:00,656.9544592041099
2045-12-30 03:00:00,657.7419354849435
2045-12-30 04:00:00,658.5294117657771
2045-12-30 05:00:00,659.3168880466108
2045-12-30 06:00:00,660.1043643274444
2045-12-30 07:00:00,660.891840608278
2045-12-30 08:00:00,661.6793168891116
2045-12-30 09:00:00,662.4667931699453
2045-12-30 10:00:00,663.2542694507789
2045-12-30 11:00:00,664.0417457316125
2045-12-30 12:00:00,664.8292220124462
2045-12-30 13:00:00,665.6166982932798
2045-12-30 14:00:00,666.4041745741134
2045-12-30 15:00:00,667.191650854947
2045-12-30 16:00:00,667.9791271357807
2045-12-30 17:00:00,668.7666034166143
2045-12-30 18:00:00,669.554079697448
2045-12-30 19:00:00,670.3415559782816
2045-12-30 20:00:00,671.1290322591152
2045-12-30 21:00:00,671.9165085399488
2045-12-30 22:00:00,672.7039848207825
2045-12-30 23:00:00,673.4914611016161
2045-12-31 00:00:00,674.2789373824497
2045-12-31 01:00:00,675.0664136632834
2045-12-31 02:00:00,675.853889944117
2045-12-31 03:00:00,676.6413662249506
2045-12-31 04:00:00,677.4288425057842
2045-12-31 05:00:00,678.2163187866179
2045-12-31 06:00:00,679.0037950674515
2045-12-31 07:00:00,679.7912713482851
2045-12-31 08:00:00,680.5787476291188
2045-12-31 09:00:00,681.3662239099524
2045-12-31 10:00:00,682.153700190786
2045-12-31 11:00:00,682.9411764716197
2045-12-31 12:00:00,683.7286527524533
2045-12-31 13:00:00,684.5161290332869
2045-12-31 14:00:00,685.3036053141205
2045-12-31 15:00:00,686.0910815949542
2045-12-31 16:00:00,686.8785578757878
2045-12-31 17:00:00,687.6660341566214
2045-12-31 18:00:00,688.4535104374551
2045-12-31 19:00:00,689.2409867182887
2045-12-31 20:00:00,690.0284629991223
2045-12-31 21:00:00,690.815939279956
2045-12-31 22:00:00,691.6034155607896
2045-12-31 23:00:00,692.3908918416232
